Date,HomeTeam,AwayTeam,FTHG,FTAG,B365H,B365D,B365A,Home_Elo_PreMatch,Away_Elo_PreMatch,Home_xG_Created_ewma,Home_xG_Conceded_ewma,Home_Luck_Factor_ewma,Home_Rest_Days,Away_xG_Created_ewma,Away_xG_Conceded_ewma,Away_Luck_Factor_ewma,Away_Rest_Days,Elo_Diff,Rest_Diff
2022-09-03,Everton,Liverpool,0,0,7.0,4.75,1.4,1483.75404423761,1507.6207578378871,1.2923375514576498,1.6664407459892636,-0.4118523567010396,4.0,2.5975935132618027,1.019079691671541,0.7353166136762905,3.0,-23.86671360027708,1.0
2022-09-03,Brentford,Leeds,5,2,2.1,3.5,3.4,1500.2418721647455,1507.1358308590375,1.6557975347872371,1.369063549114433,0.10517285472598334,4.0,1.4156352795530305,1.212890580079969,-0.005135010757923989,4.0,-6.893958694291996,0.0
2022-09-03,Chelsea,West Ham,2,1,1.55,4.5,5.5,1500.4315226746664,1481.1901743641745,1.5094601238454786,1.625458021204875,-0.30956922202759735,4.0,1.0279478048015405,1.2432598103592354,-0.48775975651429476,3.0,19.241348310491958,1.0
2022-09-03,Newcastle,Crystal Palace,0,0,2.0,3.5,3.75,1501.04250837345,1489.7581604092738,1.3256799246775246,1.7684516646806099,0.022691516803895362,3.0,1.2002672022672616,1.7182699229820586,0.2986834581143913,4.0,11.28434796417605,-1.0
2022-09-03,Nott'm Forest,Bournemouth,2,3,1.95,3.5,3.8,1482.5984915855358,1479.0095120030348,0.9106243357357046,2.5485055765206734,-0.5703271892663402,3.0,0.2813652933810364,2.260857595936625,-0.042335682894256654,3.0,3.588979582500997,0.0
2022-09-03,Tottenham,Fulham,2,1,1.5,4.5,6.5,1529.4316604110563,1509.798626695288,1.5125885093521991,1.103466586142976,0.2355647357649832,3.0,1.4093403061976526,1.8485200425597734,0.24018957308423328,4.0,19.633033715768306,-1.0
2022-09-03,Wolves,Southampton,1,0,2.2,3.4,3.25,1483.1636405613185,1498.9340079949718,1.1408590605140687,1.1194827345492666,-0.7823146447838993,3.0,1.2526547305559788,1.3143794952096004,0.14977124322707228,4.0,-15.770367433653291,-1.0
2022-09-03,Aston Villa,Man City,1,1,8.0,5.5,1.33,1472.3347918111756,1536.230959781277,0.7748118402957626,1.752844477589291,0.01722296287430109,3.0,2.986676118455017,0.709631620827183,1.186893219090004,3.0,-63.89616797010149,0.0
2022-09-04,Brighton,Leicester,5,2,1.83,3.5,4.5,1519.8901828989785,1460.154128146405,1.7082361759928928,0.9404596022535581,-0.5495826620806046,5.0,0.8584013553294876,1.549451394433784,0.11053423101366948,3.0,59.73605475257364,2.0
2022-09-04,Man United,Arsenal,3,1,2.5,3.5,2.7,1512.1285176490767,1545.150609541037,1.3398800220392508,1.2146555307969602,-0.3007413133703521,3.0,2.384124721718505,0.5991127613174049,0.10675164365109302,4.0,-33.02209189196037,-1.0
2022-09-16,Aston Villa,Southampton,1,0,2.1,3.5,3.5,1472.4469278392405,1490.2002064918674,0.6385387036690198,1.799216617055991,0.21070024712721594,8.0,1.2404762590547866,1.2555182681340424,-0.22380993958864237,8.0,-17.753278652626932,0.0
2022-09-16,Nott'm Forest,Fulham,2,3,2.75,3.3,2.62,1470.7884197254857,1502.0513393467415,1.0256914884091395,2.0964444062540344,-0.22886657433169671,8.0,1.1266318238371558,2.0767450129673386,0.3442344921734446,8.0,-31.262919621255833,0.0
2022-09-17,Wolves,Man City,0,3,9.5,5.0,1.33,1491.8974420644229,1536.1188237532122,1.1297273993167753,1.1439353466878508,-0.5947403840673686,8.0,2.693663166542018,0.5912873441905855,0.6069652575516341,8.0,-44.22138168878928,0.0
2022-09-17,Newcastle,Bournemouth,1,1,1.44,4.4,7.5,1499.019093043065,1490.819583863085,1.760570239260306,1.5352351527279628,-0.7830898899864568,8.0,0.4529172536903525,2.0045215334390947,0.545561342303164,8.0,8.199509179979941,0.0
2022-09-17,Tottenham,Leicester,6,2,1.45,4.5,7.0,1537.1789477596028,1453.470156752032,1.8332168112345342,0.9048935538659011,-0.015789095364102914,8.0,0.9153643932897441,1.8746367457742923,0.33718192133863867,8.0,83.70879100757088,0.0
2022-09-18,Brentford,Arsenal,0,3,4.2,3.8,1.8,1508.725151077284,1535.9255393479486,1.9563627932262644,1.48649923612231,0.6955544029074211,8.0,2.119581481414377,0.9924370776123755,-0.038794462709425964,8.0,-27.20038827066469,0.0
2022-09-18,Everton,West Ham,1,0,2.9,3.25,2.5,1482.7177780456557,1473.4321827931133,1.3196660286262882,1.5893478026830914,-0.6813723439457794,8.0,1.135677993957027,1.0958445849083962,-0.4690113272903603,8.0,9.285595252542407,0.0
2022-10-01,Arsenal,Tottenham,3,1,2.05,3.75,3.3,1546.8667934806908,1543.263466696737,1.9138490880487045,0.8760227015370113,0.40351365427352914,8.0,1.8725871677924308,1.0823733997425724,1.0212995242180858,8.0,3.6033267839538894,0.0
2022-10-01,Bournemouth,Brentford,0,0,3.3,3.4,2.2,1492.757694581715,1497.7838969445418,0.5877858374991322,1.8869195455169439,0.4110843187324055,8.0,1.5918650802909455,1.4437017591872303,0.3775343072228616,8.0,-5.02620236282678,0.0
2022-10-01,Crystal Palace,Chelsea,1,2,4.2,3.6,1.85,1491.7815757396588,1508.1895142457277,1.123338897967789,2.0451720906926685,-0.03669854800283108,8.0,1.2888222521878665,1.568833485876182,0.13115143111042463,8.0,-16.40793850606883,0.0
2022-10-01,Fulham,Newcastle,1,4,3.0,3.4,2.37,1512.8765779724527,1497.080982324435,1.184016628765644,1.9065387469224795,0.6803992945271418,8.0,1.7057534329251358,1.3915500766569406,-0.7224772531152103,8.0,15.795595648017752,0.0
2022-10-01,Liverpool,Brighton,3,3,1.33,5.25,8.5,1508.6570240298415,1526.5741542933515,2.264372135133264,1.121572105832959,0.15176785029870113,8.0,1.989745238110236,0.9748512093083445,0.22553195525901415,8.0,-17.91713026350999,0.0
2022-10-01,Southampton,Everton,1,2,2.15,3.4,3.4,1481.4102072388625,1490.7495997851422,0.9774016289966347,1.2782005285721605,-0.22239237388804975,8.0,1.0823894806016692,1.3489672010735754,-0.35100427630065667,8.0,-9.339392546279669,0.0
2022-10-01,West Ham,Wolves,2,0,1.95,3.5,4.2,1465.4003610536267,1481.4436088871335,1.0120573440308227,0.9161724453137197,-0.5169691388171112,8.0,0.9190121311920872,1.2160664137102672,-0.5217134894033832,8.0,-16.04324783350671,0.0
2022-10-02,Man City,Man United,6,3,1.33,5.75,7.5,1546.5726569305016,1521.353587842165,2.366944361062304,0.5191491504306913,0.8563120193188251,8.0,1.5294444766607334,1.2717934624460523,0.049060436034492054,8.0,25.219069088336482,0.0
2022-10-02,Leeds,Aston Villa,0,0,2.35,3.4,3.0,1498.652551946499,1481.2369270922454,1.5202606685695834,1.6352844675777878,0.052390912865635145,8.0,0.8200115707353722,1.392340270531559,0.06802840336498622,8.0,17.415624854253565,0.0
2022-10-03,Leicester,Nott'm Forest,4,0,1.75,4.0,4.33,1447.3856378148978,1459.9631810997746,1.0901493833887197,1.9033469493694681,0.354767361254768,8.0,1.1259924423368826,1.9042307849993148,-0.01950913310776086,8.0,-12.57754328487681,0.0
2022-10-08,Bournemouth,Leicester,2,1,3.6,3.4,2.05,1491.1884951202878,1456.029123429984,0.6294963263961347,1.6810094827843647,0.12478751045701379,7.0,1.1292174222404678,1.7364343999406386,0.9413446129688355,5.0,35.159371690303715,2.0
2022-10-08,Chelsea,Wolves,3,0,1.4,4.5,8.0,1519.43765200608,1472.7020784097251,1.2801329392594953,1.3477640358498284,0.2891207785716513,7.0,0.8350182214903796,1.172792658060772,-0.5350033076045517,7.0,46.735573596354925,0.0
2022-10-08,Man City,Southampton,4,0,1.11,10.0,17.0,1554.1678881651537,1469.962324574791,2.5246570875958345,0.8115647247398284,1.3785209998690913,6.0,1.217908094053811,1.45489107420282,-0.40290967598852295,7.0,84.20556359036277,-1.0
2022-10-08,Newcastle,Brentford,5,1,1.83,3.8,4.2,1509.22859243447,1499.353096405969,2.4320724984785023,1.2182240449852317,-0.7101123454231385,7.0,1.458202932080159,1.2758301280488762,0.028963459910653452,7.0,9.875496028501175,0.0
2022-10-08,Brighton,Tottenham,0,1,2.8,3.4,2.5,1527.7795077945,1535.073937969867,2.0864961265109074,1.277682593074376,0.3307433646014661,7.0,1.782015494996676,1.4255872066129054,0.6481284648591807,7.0,-7.294430175367097,0.0
2022-10-09,West Ham,Fulham,3,1,1.72,3.8,4.75,1474.141891531035,1500.7289678624174,1.0187378563724299,0.8328738695479072,-0.15515247003903035,8.0,1.0615078548235501,2.5836929228958825,0.591244612742517,8.0,-26.587076331382377,0.0
2022-10-09,Crystal Palace,Leeds,2,1,2.05,3.5,3.6,1480.5334379793064,1496.4605090632647,1.0169253619098457,1.8418227653480297,0.04741656113501247,8.0,1.2058513732334437,1.7025000379341053,-0.03794949991454236,7.0,-15.927071083958253,1.0
2022-10-09,Everton,Man United,1,2,3.6,3.5,2.05,1502.1974824492138,1513.758356607513,1.3070269022281176,1.49849101426648,-0.2650049032914483,8.0,1.5767758167816113,1.7194167562704588,0.36757600597764517,7.0,-11.560874158299157,1.0
2022-10-09,Arsenal,Liverpool,3,2,2.5,3.6,2.62,1555.0563222075607,1507.451670528693,2.0534652831707203,1.0294727700097,0.4310500497903909,8.0,2.2353224942026504,1.4417627097000225,0.3310841957345394,8.0,47.60465167886764,0.0
2022-10-10,Nott'm Forest,Aston Villa,1,1,3.3,3.4,2.2,1451.3196954846883,1483.4289699754797,1.1494252311296007,1.7439604289133916,-0.31387871820940677,7.0,1.08359148831403,1.1245301390424312,-0.41299962533307055,8.0,-32.10927449079145,-1.0
2022-10-14,Brentford,Brighton,2,0,3.1,3.4,2.3,1491.3375901991712,1516.2740500064865,1.3819209472690748,1.5517951359685507,-0.009614178622180315,6.0,1.795902264932596,1.153771742469537,0.029444769989284893,6.0,-24.93645980731526,0.0
2022-10-15,Leicester,Crystal Palace,0,0,2.3,3.4,3.1,1448.7015374389528,1489.2716777175176,1.1414851861530197,1.5979132860214833,0.6766695521819169,7.0,1.1724169361779517,1.651764343282801,0.12103300837643359,6.0,-40.57014027856485,1.0
2022-10-15,Fulham,Bournemouth,2,2,1.85,3.75,4.0,1491.6877152127117,1498.5160811113192,0.9408733874805214,2.784821253532295,0.557979090689591,6.0,0.7519589180088707,1.5631807760039387,0.29602844939319317,7.0,-6.828365898607444,-1.0
2022-10-15,Wolves,Nott'm Forest,1,0,1.7,3.75,5.0,1465.6810435221162,1450.518655830593,0.8146077245081725,1.4694223825031554,-0.5853275751155697,7.0,0.9306112228700377,1.4877309583313472,-0.05629137522453553,5.0,15.162387691523236,2.0
2022-10-15,Tottenham,Everton,2,0,1.5,4.5,6.5,1546.5793957578805,1490.8122559145522,1.5437986642802246,1.3016065967450852,0.5491590707924552,7.0,1.0851234305910673,1.5757363713284094,-0.05300899311466261,6.0,55.76713984332832,1.0
2022-10-16,Man United,Newcastle,0,0,1.95,3.8,3.5,1525.1435831421745,1517.2440986412678,1.6378309756041358,1.38797690255006,0.32014702545919516,7.0,2.435429285993,1.198522080954267,0.059397034179895766,8.0,7.899484500906738,-1.0
2022-10-16,Leeds,Arsenal,0,1,6.0,4.2,1.55,1487.7222693250535,1562.0545798450153,1.171518799074317,1.6901197565644133,-0.044729878180322806,7.0,2.234116360959432,0.9671534075823254,0.3719352184855474,7.0,-74.33231051996177,0.0
2022-10-16,Liverpool,Man City,1,0,3.6,4.0,1.9,1500.4534128912385,1560.2403076857931,1.8753319264809518,1.779163638479192,0.5523827355697614,7.0,2.5743346875988036,0.644069185715914,1.3516711822994931,8.0,-59.786894794554655,-1.0
2022-10-16,Southampton,West Ham,1,1,2.9,3.4,2.4,1463.8899050541515,1483.1831441807408,0.9546086426192413,1.7567882923578637,-0.3317630759489929,8.0,1.5888369379600498,0.7661446260957633,-0.22154731039316172,7.0,-19.293239126589242,1.0
2022-10-16,Aston Villa,Chelsea,0,2,4.33,3.75,1.8,1484.230009629575,1526.458686893689,0.9830577492772261,0.911585667243623,-0.2348010572635973,6.0,1.5619180840241478,1.2010139724385247,0.3576724267693846,8.0,-42.22867726411391,-2.0
2022-10-18,Brighton,Nott'm Forest,0,0,1.4,4.75,7.0,1507.2798474375907,1442.6488745503045,1.8809631300538,1.331210098674197,-0.4859796759329098,4.0,1.0032106825193612,1.4272576749064,-0.3291286688315558,3.0,64.63097288728613,1.0
2022-10-18,Crystal Palace,Wolves,2,1,2.25,3.1,3.4,1489.8303317678094,1473.5508248024046,0.9777624341478507,1.4918319507981623,0.010729746718003166,3.0,0.9082939728499136,1.4186226309739687,-0.5025025914528902,3.0,16.279506965404835,0.0
2022-10-19,Bournemouth,Southampton,0,1,2.62,3.3,2.62,1500.0346466280178,1462.7236021392407,0.9526573673924145,1.5755935506245597,0.31336113354176487,4.0,0.8560998095062634,1.7454475506033167,-0.14687785895217087,3.0,37.31104448877704,1.0
2022-10-19,Brentford,Chelsea,0,0,4.75,3.8,1.72,1500.331792768067,1536.9697410627891,1.502028640402726,1.6903266302422144,0.014033223561430462,5.0,1.4851774891297196,1.4944086112364086,0.45337123346859187,3.0,-36.63794829472204,2.0
2022-10-19,Liverpool,West Ham,1,0,1.4,5.0,7.0,1510.4472792311415,1484.3494470956516,1.904536404668772,1.5745922140937092,0.1865647901523975,3.0,1.6159606271634,0.7107980596855878,-0.33278813322578554,3.0,26.097832135489853,0.0
2022-10-19,Newcastle,Everton,1,0,1.6,3.8,5.75,1519.1738969357248,1484.0262290982432,2.0581673068226976,1.2483428894726658,-0.13470925627945401,3.0,0.9648679322061144,1.786058877339904,-0.1691296446172927,4.0,35.14766783748155,-1.0
2022-10-19,Man United,Tottenham,2,0,2.45,3.5,2.75,1523.2137848477175,1553.3654225741896,1.5855438491822775,1.2465552174110155,-0.08919994155216791,3.0,1.7614355842308809,1.131771850678956,0.3102328531429162,4.0,-30.151637726472018,-1.0
2022-10-20,Fulham,Aston Villa,3,0,2.9,3.3,2.5,1490.1691496960132,1473.718955460475,1.0958077849024166,2.5199510075515787,0.5178181306255664,5.0,1.317969795863816,0.9859819259351489,-0.7410797949491514,4.0,16.45019423553822,1.0
2022-10-20,Leicester,Leeds,2,0,2.25,3.6,3.0,1448.142883388661,1478.1345525472436,1.1029960594305777,1.3113835758695291,0.29876258817793405,5.0,1.3721129022092482,1.485385150925287,-0.5109879375522537,4.0,-29.99166915858268,1.0
2022-10-22,Everton,Crystal Palace,3,0,2.6,3.2,2.87,1476.698330298572,1497.6694399471878,0.7624522871964456,1.640025635763713,-0.14490614171439742,3.0,1.0415236859297872,1.346633627747611,0.17862529110754846,4.0,-20.971109648615766,-1.0
2022-10-22,Nott'm Forest,Liverpool,1,0,11.0,6.0,1.25,1446.089706896081,1518.0186948309222,0.8222262301416053,1.5783279439841116,-0.2990934919230539,4.0,1.9815158542974707,1.7834361948547748,-0.14030003090873575,3.0,-71.92898793484119,1.0
2022-10-22,Chelsea,Man United,1,1,2.05,3.5,3.5,1537.6411433738324,1532.3567872748306,1.2726978638196473,1.4847602635701154,0.22188198596870845,3.0,1.6139851180317146,1.1118840245800345,-0.002293257055548643,3.0,5.284356099001798,0.0
2022-10-22,Man City,Brighton,3,1,1.2,7.0,13.0,1550.2464413458902,1503.8390150918142,2.193508587589751,0.954422953518741,0.8333584675937037,6.0,1.9315577901680205,1.0709945162662746,-0.8560552056764886,4.0,46.40742625407597,2.0
2022-10-23,Aston Villa,Brentford,4,0,2.1,3.5,3.5,1465.8845301584129,1499.6603904570238,1.182158222848592,1.4128024633017535,-0.7344529886170165,3.0,1.4908882731004027,1.4366279767016503,-0.3143228432273432,4.0,-33.77586029861095,-1.0
2022-10-23,Leeds,Fulham,2,3,2.05,3.5,3.6,1468.9961203891787,1498.0035749980752,1.3314678343656383,1.295266322902689,-0.6675587949265823,3.0,1.4980346771305002,2.1149760547877965,0.42604628590053567,3.0,-29.007454608896523,0.0
2022-10-23,Southampton,Arsenal,1,1,6.0,4.0,1.57,1475.4534275946733,1571.6422966228251,0.9417945711502361,1.5360710977909844,-0.16745779036044003,4.0,1.910656039236232,1.2088089910615483,0.32757558237703216,7.0,-96.18886902815188,-3.0
2022-10-23,Wolves,Leicester,0,4,2.25,3.25,3.25,1465.7117166230262,1457.2813155467259,0.8969949864663462,1.3822441095987466,-0.3581406266269887,5.0,1.002730672070996,1.2852408249351348,0.5329940165615169,3.0,8.430401076300313,2.0
2022-10-23,Tottenham,Newcastle,1,2,2.05,3.5,3.5,1544.2224201470765,1526.501795735396,1.5144576212127892,1.2611958111467219,0.09329567930211534,4.0,1.8511999808985338,0.98244781830391,-0.1345347550045351,4.0,17.720624411680546,0.0
2022-10-24,West Ham,Bournemouth,2,0,1.55,4.0,6.0,1476.778031495871,1487.3048211725852,1.8109009688964284,1.0533847876640638,-0.8150732702935639,5.0,0.9208128785322418,1.5001698478664098,0.06170217391029208,5.0,-10.526789676714316,0.0
2022-10-29,Bournemouth,Tottenham,2,3,5.0,3.8,1.7,1478.7192278196394,1532.022022096804,0.8789214590019246,1.6051306526676723,-0.11261156765976343,5.0,1.5256082186431208,1.2321937775285163,-0.051592716771045384,6.0,-53.302794277164594,-1.0
2022-10-29,Leicester,Man City,0,1,10.0,6.5,1.25,1469.2258214167055,1557.2760853358184,0.9997257035743773,1.3584323959951285,1.078269598994649,6.0,2.11936017556251,0.8590738171696807,0.9014904566463164,7.0,-88.05026391911292,-1.0
2022-10-29,Brighton,Chelsea,4,1,3.0,3.3,2.4,1496.809371101886,1535.7839154412054,1.6173958200199432,1.2482141608399282,-0.5588007633864848,7.0,1.2569513665380312,1.3159538348926862,0.12687568393023904,7.0,-38.974544339319436,0.0
2022-10-29,Brentford,Wolves,1,1,2.2,3.4,3.3,1490.4137517560976,1453.7672107530466,1.3838835915310872,1.8810337976717373,-0.4662246462746718,6.0,1.0556211306089782,1.295726157055257,-0.6353431665093903,6.0,36.64654100305097,0.0
2022-10-29,Fulham,Everton,0,0,2.37,3.4,3.0,1508.8932535975598,1485.5796899428606,1.7130450111855762,2.0817181469397315,0.4477949186832102,6.0,1.0202458071505187,1.4105417018639868,0.12156591385601749,7.0,23.313563654699237,-1.0
2022-10-29,Liverpool,Leeds,1,2,1.3,6.0,9.0,1507.6754858119093,1458.1064417896941,2.0298863324144745,1.9442635605637013,-0.6009796774643683,7.0,1.4730768942294423,1.559474615218969,-0.5099728631389682,6.0,49.56904402221517,1.0
2022-10-29,Crystal Palace,Southampton,1,0,1.9,3.6,4.0,1488.7880803028993,1476.4912763776451,0.9420175154208593,1.4781554434246924,0.004899717839911698,7.0,0.8715665836676741,1.5455111201500022,-0.04757198588822502,6.0,12.296803925254153,1.0
2022-10-29,Newcastle,Aston Villa,4,0,1.8,3.75,4.5,1538.7021937856684,1475.1311688593391,1.6923658940675423,1.1106686477464065,0.08664793435283699,6.0,1.6825608186163765,1.3229807806546428,-0.4531632732088421,6.0,63.5710249263293,0.0
2022-10-30,Arsenal,Nott'm Forest,5,0,1.2,7.0,12.0,1570.6044478398533,1456.4329159150939,1.8363805560022821,1.077549262473564,0.12457001916518969,7.0,1.1917836854825192,1.7145828724864065,-0.563714984297658,8.0,114.17153192475939,-1.0
2022-10-30,Man United,West Ham,1,0,1.66,4.0,4.8,1534.2140152074576,1485.3636248488167,1.4162409670037344,1.1321490689591207,0.05847283885471174,8.0,1.847484529080236,0.982320552002356,-0.6306859317045023,6.0,48.85039035864088,2.0
2022-11-05,Leeds,Bournemouth,4,3,1.72,3.8,4.75,1471.1595417080875,1468.5264906149516,1.5038035462568262,1.6363644393185848,-0.31252768263809366,7.0,0.8807907436429697,1.733085219403338,0.1533130271498809,7.0,2.6330510931359186,0.0
2022-11-05,Everton,Leicester,0,2,2.4,3.3,3.0,1487.9327177613475,1460.0314233227284,1.0574542368638855,1.487348454135965,-0.16349259443442682,7.0,0.9332751479882748,1.2163389178415243,0.6936551588820581,7.0,27.90129443861906,0.0
2022-11-05,Man City,Fulham,2,1,1.11,9.5,19.0,1566.4704834297954,1506.540225779073,1.8078681760205335,0.8226601848028214,0.7682886721996203,7.0,1.7241881627028792,1.8885155570567735,-0.03239609471656802,7.0,59.930257650722524,0.0
2022-11-05,Wolves,Brighton,2,3,3.3,3.3,2.25,1456.4793262913747,1506.2049475024244,0.9475180740075996,1.2950410583128324,-0.4014013665255919,7.0,1.8954554228937335,1.2102167330453528,-0.18959605406370317,7.0,-49.725621211049656,0.0
2022-11-05,Nott'm Forest,Brentford,2,2,2.75,3.3,2.6,1451.0643520294102,1487.7016362177694,0.9778297713192352,1.995122301373549,-0.48609429747525856,6.0,1.3640623894714479,1.5937605761243563,-0.4285298872065911,7.0,-36.63728418835922,-1.0
2022-11-06,Chelsea,Arsenal,0,1,2.55,3.4,2.7,1526.388339040667,1575.973011725537,1.2170312924075761,1.6603465822764094,0.08233355152770357,8.0,2.093976409415375,0.8857903777865858,0.5357254167934564,7.0,-49.58467268486993,1.0
2022-11-06,Aston Villa,Man United,3,1,3.3,3.8,2.1,1468.5450771841722,1541.1796835396133,1.3761166356677546,1.944900361248793,-0.4135811942532647,8.0,1.489993641370462,1.1031419173948194,-0.11974192453247862,7.0,-72.63460635544106,1.0
2022-11-06,Southampton,Newcastle,1,4,4.0,3.6,1.9,1468.5426228982078,1545.2882854608354,0.9771619228507007,1.427931989350956,-0.33202967343345996,8.0,2.234104015932328,0.928363599893356,0.02701346146737334,8.0,-76.74566256262756,0.0
2022-11-06,West Ham,Crystal Palace,1,2,1.9,3.4,4.2,1478.397956516661,1496.7367337823368,1.6635949151127318,1.14926261268658,-0.7109236010917349,7.0,0.9556217245419609,1.4517215065772888,0.0029765187002624427,8.0,-18.338777265675844,-1.0
2022-11-06,Tottenham,Liverpool,1,2,3.3,3.6,2.1,1542.2147593014918,1494.622385893516,1.6708245117729164,1.1573791656084567,0.13443244682111463,8.0,2.0032607540305176,1.871304280401151,-0.6687361975530797,8.0,47.592373407975856,0.0
2022-11-12,Nott'm Forest,Crystal Palace,1,0,3.1,3.1,2.45,1450.3929306900163,1507.9301258841717,1.0463645577666234,1.8287468762057313,-0.2307218576044636,7.0,0.972513533701185,1.1784027417989644,0.2121390602663834,6.0,-57.5371951941554,1.0
2022-11-12,Man City,Brentford,1,2,1.14,8.0,17.0,1573.149480773844,1488.3730575571633,1.9349506694884502,0.8272671827583942,0.5161413212977615,7.0,1.333210184640685,1.5300211924055789,-0.1690780509995081,7.0,84.77642321668077,0.0
2022-11-12,Bournemouth,Everton,3,0,2.8,3.25,2.6,1460.3099369007728,1475.4553490149717,1.0257823675822624,1.838795059895808,0.43050728890183065,7.0,1.1251977662112516,1.6549757382328372,-0.42321878399336055,7.0,-15.145412114198962,0.0
2022-11-12,Liverpool,Southampton,3,1,1.25,6.5,11.0,1507.6238066982958,1459.0242289388075,1.8865260948117402,1.8595947367958157,-0.40754852744491915,6.0,1.1221468509017591,1.426445458087779,-0.40080500641170824,6.0,48.599577759488284,0.0
2022-11-12,Wolves,Arsenal,0,2,6.0,4.2,1.55,1446.1836920712788,1586.2726991758411,1.0216089347185076,1.4193216502758041,-0.16326363834960886,7.0,2.1557285170379283,0.7540358228883922,0.12021820379591358,6.0,-140.08900710456237,1.0
2022-11-12,Newcastle,Chelsea,1,0,2.35,3.4,3.0,1554.8066794202357,1516.0886515903628,2.0594880763081482,1.0838282078440513,0.5750629765825173,6.0,1.0133751400687958,1.816225580306967,0.003939981705847962,6.0,38.71802782987288,0.0
2022-11-12,Tottenham,Leeds,4,3,1.65,4.2,4.75,1529.213338496712,1479.3760954222664,1.7022937286945545,1.223545335377379,-0.06996966310992042,6.0,1.660421232399738,1.6189069169986554,0.14053702026450493,7.0,49.837243074445496,-1.0
2022-11-12,West Ham,Leicester,0,2,2.05,3.4,3.75,1467.204564414826,1472.5087920691042,1.3476870112462853,1.1243891368674224,-0.38485162909606324,6.0,1.2198924001304994,1.2499611803769752,0.48715645851203526,7.0,-5.3042276542780655,-1.0
2022-11-13,Brighton,Aston Villa,1,2,1.83,3.75,4.2,1516.5005817225203,1478.9085701692875,1.8907438836173471,1.2280820875574587,0.09603120119650022,8.0,1.2048380691503044,1.6382923233446942,0.19525290874225085,7.0,37.59201155323285,1.0
2022-11-13,Fulham,Man United,1,2,3.8,3.8,1.9,1499.8612284350243,1530.816190554498,1.5351385134453035,1.9969247943697792,0.00808780493642808,8.0,1.2788294867484808,0.9892729462639478,0.011052660025274146,7.0,-30.95496211947375,1.0
2022-12-26,Everton,Wolves,1,2,2.3,3.25,3.2,1466.7392427338452,1438.4488589986963,1.0492919609088724,1.8256467365870328,-0.49680241848635487,8.0,0.9131577144196276,1.6025982839439477,-0.23760073615645874,8.0,28.290383735148907,0.0
2022-12-26,Brentford,Tottenham,2,2,4.0,3.6,1.91,1502.3145251477097,1536.1532403964238,1.749942536233128,1.5459882515736496,-0.4078087497644744,8.0,1.8893030085591405,1.3286946418024466,0.24722781822290782,8.0,-33.83871524871415,0.0
2022-12-26,Southampton,Brighton,1,3,3.3,3.5,2.15,1452.0520048673325,1503.763273668558,1.188614816307853,1.7070626894571461,-0.40793152055386056,8.0,1.6627521405469394,1.2122520541562822,0.11210814074332551,8.0,-51.711268801225515,0.0
2022-12-26,Crystal Palace,Fulham,0,3,2.05,3.6,3.5,1498.0010099173467,1489.027187089762,1.0096675233775043,1.1910984638022097,-0.0794249014064408,8.0,1.5707107155769864,2.2907410743318484,-0.1431667752636371,8.0,8.973822827584627,0.0
2022-12-26,Aston Villa,Liverpool,1,3,4.75,4.0,1.7,1491.6458782232498,1514.5960307697708,1.1940906770261177,1.4659728326738333,0.33375350418840805,8.0,2.0707114898488377,1.7682541573477564,-0.26508687299025896,8.0,-22.95015254652094,0.0
2022-12-26,Arsenal,West Ham,3,1,1.5,4.33,6.5,1594.0075322484236,1455.6431710976972,2.1824078391129453,0.7021302412387197,0.0342779660082629,8.0,1.2141719058569118,1.226877834594833,-0.45637645444371067,8.0,138.36436115072638,0.0
2022-12-26,Leicester,Newcastle,0,3,3.25,3.5,2.2,1484.070185386233,1562.0394170772502,1.3020432676870974,1.137257210477775,0.46739079495482083,8.0,1.9105503810561604,0.92949528749789,0.37591600348510623,8.0,-77.96923169101706,0.0
2022-12-27,Chelsea,Bournemouth,2,0,1.3,5.5,10.0,1508.8559139333483,1469.0260431818992,0.8728674090591692,1.7182703682020064,-0.07402571397538313,8.0,1.3304427970791728,1.6109256454617706,0.4545866084632285,8.0,39.82987075144911,0.0
2022-12-27,Man United,Nott'm Forest,3,0,1.29,5.5,11.0,1541.6502318997602,1460.3220466568414,1.7293446138397435,1.142373242925321,-0.2869611649344934,8.0,1.0870719303478078,1.6832507779401635,-0.23216955123077002,8.0,81.32818524291883,0.0
2022-12-28,Leeds,Man City,1,3,9.5,6.0,1.29,1472.4361935225545,1559.2080131832977,1.6726383750842664,1.8254051715630837,0.38581999104419584,8.0,1.8640921401506227,1.3561769403164854,0.2753707075263315,8.0,-86.77181966074318,0.0
2022-12-30,West Ham,Brentford,0,2,2.0,3.6,3.6,1450.8036531252324,1501.562962716355,1.1744748035370716,1.3667951422009352,-0.36544182962882904,4.0,1.8562843055475884,1.4059019000921453,-0.37498122968608805,4.0,-50.7593095911227,0.0
2022-12-30,Liverpool,Leicester,2,1,1.29,6.0,9.5,1525.6583872274884,1474.5869207896244,2.3765625207761407,1.7519196775380272,-0.3165905353295729,4.0,1.0923894259521472,1.2698043703474662,0.30272706867920496,4.0,51.071466437864046,0.0
2022-12-31,Fulham,Southampton,2,1,1.95,3.6,3.75,1500.9867379071297,1441.813481256374,1.8094534727217364,1.8953634159733754,-0.04926196983882868,5.0,1.2982964223823432,1.5589965001345358,-0.47121744730312953,5.0,59.173256650755775,0.0
2022-12-31,Bournemouth,Crystal Palace,0,2,2.8,3.3,2.5,1461.8228301047498,1486.041459099979,1.1427221951453164,1.6749934216200402,0.2646905023111412,4.0,0.8844688130398384,1.5122700711759969,-0.1523253535150225,5.0,-24.21862899522921,-1.0
2022-12-31,Wolves,Man United,0,1,4.0,3.6,1.91,1450.936736399609,1547.792920635135,0.9782298987320632,1.523042357886084,-0.022491645940427234,5.0,1.8160884341369559,1.0006953370881884,-0.042003849531775536,4.0,-96.85618423552614,1.0
2022-12-31,Man City,Everton,1,1,1.13,9.0,19.0,1568.4389797282279,1454.2513653329327,2.3535458377673426,1.195944604086075,-0.030827906843539303,3.0,1.0867860462507677,1.6976850696667962,-0.43962723658831104,5.0,114.18761439529521,-2.0
2022-12-31,Brighton,Arsenal,2,4,3.4,3.5,2.1,1514.0017972795165,1598.8470502208884,1.5231367188661424,1.317629920427939,0.5126223284275354,5.0,2.119772052271723,0.7712104338669488,0.263723875577416,5.0,-84.84525294137188,0.0
2022-12-31,Newcastle,Leeds,0,0,1.45,4.5,7.0,1571.5226816738589,1463.2052269776243,1.87951008373748,0.7986526639122387,0.557901833769007,5.0,1.4450142168782067,2.3230974253303884,0.3880408933018366,3.0,108.31745469623456,2.0
2023-01-01,Tottenham,Aston Villa,0,2,1.67,4.0,5.0,1536.9048028277784,1480.5835217655322,1.6765896247342706,1.5241499252635906,0.4310585846513303,6.0,1.2993264514984042,1.8977322763245745,0.11685414508627452,6.0,56.32128106224627,0.0
2023-01-01,Nott'm Forest,Chelsea,1,1,5.0,3.8,1.7,1454.1793579214666,1516.0591270104978,0.9580294314127447,1.7791721390407544,-0.2839786512299681,5.0,1.0945342168089718,1.4467109718407611,-0.03990070080746166,5.0,-61.87976908903124,0.0
2023-01-02,Brentford,Liverpool,3,1,5.5,4.33,1.55,1511.8288684692354,1532.566126941033,1.784328969240086,1.349900700540411,-0.1938701211433242,3.0,2.3021124307377123,1.563937840975596,-0.25482730840465695,3.0,-20.73725847179753,0.0
2023-01-03,Arsenal,Newcastle,0,0,1.8,3.8,4.33,1608.1331628201362,1567.024625402465,2.352745653818366,0.8527445908635676,0.37271603909762235,3.0,2.070791592101157,0.7394018641103074,-0.14631423759163406,3.0,41.10853741767119,0.0
2023-01-03,Everton,Brighton,1,4,3.5,3.5,2.1,1458.8831650391796,1504.7156846802686,0.8740743086008606,1.8377649178858437,-0.15266278831808877,3.0,1.4456035083543755,1.7202938757039932,0.582590837942556,3.0,-45.83251964108899,0.0
2023-01-03,Leicester,Fulham,0,1,2.2,3.6,3.1,1467.6791810760799,1507.6851344599486,1.0441818462118133,1.428651609791843,0.2677854256513337,4.0,1.7428687990990375,1.6435371326775683,0.06778855479092992,3.0,-40.0059533838687,1.0
2023-01-03,Man United,Bournemouth,3,0,1.29,5.5,11.0,1556.7360756696169,1450.7965851311299,1.9496147954017946,0.9133216991919986,-0.33928508884573094,3.0,1.090763319587681,1.6913335459393954,0.020470216791754706,3.0,105.93949053848701,0.0
2023-01-04,Southampton,Nott'm Forest,0,1,2.0,3.5,3.8,1435.115084703555,1454.2334614970846,1.172118288764426,1.5451185671578676,-0.30864941597704426,4.0,0.9637512666844976,1.6937068631815264,-0.22110698393232872,3.0,-19.118376793529478,1.0
2023-01-04,Leeds,West Ham,2,2,2.6,3.5,2.6,1467.703283249018,1440.537747372352,1.248717008276239,2.421543245308206,0.19656172449674725,4.0,1.1671756538048736,1.3978490298533373,-0.528397437388049,5.0,27.165535876666127,-1.0
2023-01-04,Aston Villa,Wolves,1,1,1.95,3.6,4.0,1493.8117895560504,1441.993581365127,1.2820709298877349,1.618191403210309,0.2569699630666848,3.0,0.8960399973566382,1.7175410503959785,-0.1414294979472351,4.0,51.818208190923315,-1.0
2023-01-04,Crystal Palace,Tottenham,0,4,3.4,3.5,2.15,1497.0677040735989,1523.6765350372602,1.0681273817205856,1.3818620098461611,-0.06777331924831062,4.0,1.4435865192163435,1.459582035382736,0.22052335942272272,3.0,-26.608830963661376,1.0
2023-01-05,Chelsea,Man City,0,1,5.0,4.0,1.67,1516.0050234348798,1563.807180021981,1.1534532535889943,1.3490839643116352,-0.11037726621955855,4.0,2.355615642960581,0.9590246542809074,-0.31271404965611477,5.0,-47.80215658710108,-1.0
2023-01-12,Fulham,Chelsea,2,1,3.3,3.5,2.15,1518.259974952019,1505.6540854550913,1.657375405133517,1.6034399270025435,-0.01661081133459371,8.0,1.0145871685131602,1.4270814630648316,-0.1910184880175305,7.0,12.60588949692783,1.0
2023-01-13,Aston Villa,Leeds,2,1,1.91,3.6,4.0,1490.7001044264746,1465.2458020425343,1.2297170368700714,1.453535469615213,0.19635486287590861,8.0,1.2506074096897788,2.183934269080064,0.3114081408309829,8.0,25.45430238394033,0.0
2023-01-14,Wolves,West Ham,1,0,2.63,3.3,2.7,1445.1052664947028,1442.9952285788358,0.8827282722059409,1.5739239123644826,-0.07669049670677047,8.0,1.1934299082584512,1.3684774274227778,-0.2693749040603495,8.0,2.1100379158669966,0.0
2023-01-14,Brentford,Bournemouth,2,0,1.65,4.0,5.25,1520.7035820630183,1445.239878151963,1.85029681490989,1.5080681992207126,0.03556530759083824,8.0,1.004473015931502,1.9601115460917358,-0.12612521320428852,8.0,75.46370391105529,0.0
2023-01-14,Man United,Man City,2,1,4.2,3.6,1.85,1562.2927826487837,1574.1581180017695,2.16515299582336,0.8640151322747766,-0.2623778804474595,8.0,2.221796303114512,0.8610745702732185,-0.39836531679621195,8.0,-11.865335352985767,0.0
2023-01-14,Brighton,Liverpool,3,0,3.4,3.6,2.1,1515.1232316808387,1523.69141334725,1.6690314613449428,1.6042699084096352,0.7741141962312954,8.0,2.2605495655224948,1.6765585950632003,-0.43365753009396285,8.0,-8.56818166641142,0.0
2023-01-14,Everton,Southampton,1,2,2.25,3.25,3.3,1448.4756180386096,1423.9438175991695,0.9358747027905319,1.978084205017357,-0.15607826128103894,8.0,1.058372321531277,1.4776611661657055,-0.37586413373197314,8.0,24.531800439440076,0.0
2023-01-14,Nott'm Forest,Leicester,2,0,2.7,3.3,2.63,1465.4047286014702,1457.1043405840094,1.0181333763439673,1.4706494561465226,-0.22155400878853504,8.0,1.1296939666031092,1.4090099906893865,-0.09268101409126903,8.0,8.300388017460818,0.0
2023-01-15,Newcastle,Fulham,1,0,1.5,4.33,6.5,1569.8553015393813,1526.200108144727,1.8378985116786974,0.787862752397839,-0.3167417067471562,8.0,1.4597425749734485,1.7696474792654493,0.25606271669402775,3.0,43.65519339465436,5.0
2023-01-15,Tottenham,Arsenal,0,2,3.1,3.6,2.2,1534.6346619907176,1605.30248668322,1.4900183836501826,1.318736307983987,0.6636334920892754,8.0,2.0618915338114796,0.8752152845672144,0.09001773967965014,8.0,-70.66782469250234,0.0
2023-01-15,Chelsea,Crystal Palace,1,0,1.62,4.0,5.25,1497.7139522623834,1486.1095771201415,1.3047472517118803,1.277065103930637,-0.4442031417166361,3.0,1.0090767719282945,1.4414756808233937,-0.21923951631621583,8.0,11.604375142241906,-5.0
2023-01-18,Crystal Palace,Man United,1,1,4.5,3.6,1.8,1478.1418248018144,1570.9161521020596,0.9730906467913586,1.5857452792606435,-0.3487827985605461,3.0,2.1268275580074154,0.837385575496062,-0.20367662796819158,4.0,-92.7743273002452,-1.0
2023-01-19,Man City,Tottenham,4,2,1.36,5.0,8.5,1565.5347485484936,1524.9416102132295,1.9106110217664714,1.0960501541882983,-0.25974981766110744,5.0,1.536037196793582,1.4698857333409996,0.16773825548736157,4.0,40.59313833526403,1.0
2023-01-21,Liverpool,Chelsea,0,0,1.85,3.75,4.0,1515.1610208920708,1505.6817045807104,2.0568394701823505,1.8283030897869341,-0.6128166319527961,7.0,1.4771071744531852,1.1852163411372956,-0.5874321182115694,6.0,9.479316311360435,1.0
2023-01-21,Bournemouth,Nott'm Forest,1,1,2.75,3.1,2.75,1438.9525827999269,1473.4638235782024,0.8508991451237555,1.8218343731755846,-0.15602944881422354,7.0,1.1716668494318256,1.3312720781857135,-0.123704899510588,7.0,-34.51124077827558,0.0
2023-01-21,Leicester,Brighton,2,2,3.6,3.5,2.05,1449.0452456072771,1523.653624136018,1.0615387940145922,1.480893232718006,-0.24114751718373847,7.0,1.8223534481087265,1.53809901110857,0.7374944397613452,7.0,-74.60837852874079,0.0
2023-01-21,Southampton,Aston Villa,0,1,2.88,3.25,2.55,1436.3299402657194,1498.2889576775378,1.0637507550805207,1.4158816936487608,-0.10603165177277663,7.0,1.3166723122072568,1.6643921098327246,0.22928745055556582,8.0,-61.95901741181842,-1.0
2023-01-21,West Ham,Everton,2,0,1.8,3.75,4.75,1434.7640962370986,1436.0894953720597,1.097690400480079,1.251029958384628,-0.3666612817793026,7.0,0.9872690255220755,1.791343987722463,-0.16147425417919986,7.0,-1.325399134961117,0.0
2023-01-21,Crystal Palace,Newcastle,0,0,4.4,3.5,1.85,1479.0823576327673,1576.9573407827556,0.856164103685571,1.5457688897884165,-0.15337790736921939,3.0,1.8639390547863188,0.8300604719274182,-0.4516467149546293,6.0,-97.87498314998834,-3.0
2023-01-22,Leeds,Brentford,0,0,2.38,3.6,2.88,1457.656948791471,1526.9908774150545,1.5046829791709955,2.0711950997989614,-0.060451314325093194,8.0,1.734958845429384,1.2492983111358948,0.17474554270811885,8.0,-69.33392862358346,0.0
2023-01-22,Man City,Wolves,3,0,1.2,8.0,11.0,1572.7177238737702,1453.3363988364401,2.0006528594690316,1.1104510012411215,0.14092003839225054,3.0,0.8667489629519317,1.3987029973805667,-0.020194410889450603,8.0,119.38132503733004,-5.0
2023-01-22,Arsenal,Man United,3,2,1.8,3.8,4.2,1614.995538460708,1569.9756192711068,2.0577898478371384,1.0502315776892277,0.06228318111369207,7.0,1.9738244704409098,0.7488064699716379,-0.2435105738130642,4.0,45.019919189601296,3.0
2023-01-23,Fulham,Tottenham,0,1,3.3,3.6,2.1,1519.0980689013527,1517.758634887953,1.361844902672221,1.8098408596207567,-0.0035281474721890384,8.0,1.4587294043615067,1.6515201578478937,0.3067645194407024,4.0,1.3394340133997957,4.0
2023-02-03,Chelsea,Fulham,0,0,1.62,4.0,5.25,1507.655242003947,1507.3506954228867,1.553688997112603,1.2093919880415422,-0.8493780001450535,8.0,1.3060267178853044,1.6401675180216386,-0.23013645177604497,8.0,0.30454658106032184,0.0
2023-02-04,Everton,Arsenal,1,0,8.5,4.5,1.4,1427.7624123515643,1622.061637635141,0.841331515427694,1.9324900633529007,-0.18759132723797758,8.0,2.2342894288388297,0.887718140333915,0.06959157906141458,8.0,-194.2992252835768,0.0
2023-02-04,Aston Villa,Leicester,2,4,1.95,3.6,3.8,1508.2325732214583,1449.465460937769,1.2849296632115346,1.457719429804371,0.1472792226260177,8.0,1.1236003472692915,1.5775712624673992,-0.05743724650371267,8.0,58.76711228368936,0.0
2023-02-04,Brentford,Southampton,3,0,1.85,3.6,4.2,1526.7222899673045,1426.386324721799,1.409136729675528,1.0670829967433642,0.10268018829496989,8.0,0.9822218777289347,1.3634687408909512,-0.22404383088667598,8.0,100.33596524550558,0.0
2023-02-04,Brighton,Bournemouth,1,0,1.33,5.25,8.5,1523.233408805526,1438.220270649416,1.8479542909642244,1.5007726566803452,0.5949469499974124,8.0,1.0497884301097413,1.7704980331560531,-0.29134474540659383,8.0,85.01313815611002,0.0
2023-02-04,Man United,Crystal Palace,2,1,1.4,4.75,8.0,1562.9095200966738,1480.168189402845,1.619300096354575,1.1975770700811155,0.16720297912026283,8.0,0.7471947949695819,1.524531975663504,-0.19083430907081095,8.0,82.74133069382879,0.0
2023-02-04,Wolves,Liverpool,3,0,4.0,3.8,1.85,1448.0847992323522,1513.1874834688342,0.7839355627295563,1.800583003903126,-0.11376090023051158,8.0,1.8990043565886845,1.831721974293137,-0.7566235047790908,8.0,-65.10268423648199,0.0
2023-02-04,Newcastle,West Ham,1,1,1.6,3.8,6.0,1575.871509012678,1443.091179257594,1.7764112933344542,0.726529862555128,-0.6583704773105481,8.0,1.3833594047452011,1.0501377804592096,-0.38793983021677214,8.0,132.78032975508404,0.0
2023-02-05,Nott'm Forest,Leeds,1,0,2.63,3.3,2.7,1474.1961357287132,1457.925536239221,1.2557931039447647,1.4300755214780871,-0.2178240403765031,8.0,1.2686483110737377,1.6742925166560036,-0.1261022544477462,8.0,16.27059948949227,0.0
2023-02-05,Tottenham,Man City,1,0,4.33,4.2,1.73,1529.5060083664189,1577.969323477858,1.362060518614675,1.535471570260939,0.244268938952308,8.0,2.277116435426992,0.9768622097635596,0.04331000129319248,8.0,-48.463315111439215,0.0
2023-02-08,Man United,Leeds,2,2,1.45,5.0,6.0,1569.017641423466,1450.0861836521633,1.7130841420888478,1.2354655685714735,0.11781004215681556,4.0,1.2383670312742638,1.3947296517133507,-0.33387078112306945,3.0,118.9314577713028,1.0
2023-02-11,West Ham,Chelsea,1,1,3.3,3.3,2.25,1448.1327650720345,1505.9367604583958,1.3615171249899953,1.087292159950988,-0.36514517062856683,7.0,1.5247919448885152,1.0605078888147976,-0.9669240226603871,8.0,-57.803995386361294,-1.0
2023-02-11,Arsenal,Brentford,1,1,1.44,4.75,7.0,1608.3778653123113,1532.4093605325984,1.9125575244975517,1.1386118679780812,-0.08869080126534595,7.0,1.608397100925797,0.9791939894783758,0.21284861660330023,7.0,75.96850477971293,0.0
2023-02-11,Crystal Palace,Brighton,1,1,3.8,3.5,2.0,1474.0600680760526,1529.2861879997513,0.8787285232794991,1.6380205766880254,-0.23012478858778015,7.0,1.995675838683628,1.3773303879454872,0.14659650492967216,7.0,-55.22611992369866,0.0
2023-02-11,Fulham,Nott'm Forest,2,0,1.91,3.5,4.33,1509.069176968438,1482.0354883157709,1.1373239923547964,1.5933655416308563,-0.2847742086360393,8.0,1.063818420020292,1.3662916442097859,-0.03374403144340911,6.0,27.033688652667024,2.0
2023-02-11,Leicester,Tottenham,4,1,3.4,3.6,2.1,1462.7566448475611,1539.174077868617,1.409337586984707,1.5612136283839309,0.26684026317098314,7.0,1.3744367284865449,1.3773476998907803,0.10602681337669906,6.0,-76.41743302105579,1.0
2023-02-11,Southampton,Wolves,1,2,2.9,3.2,2.55,1420.699254156505,1458.2316557317695,0.9119775235331269,1.5722245775301937,-0.3114427974079306,7.0,1.1684584323314449,1.6969011368954654,-0.013857447513922472,7.0,-37.53240157526443,0.0
2023-02-11,Bournemouth,Newcastle,1,1,6.5,4.0,1.53,1432.1674914551909,1570.8299231982373,1.0203691909942285,1.9340222562423315,-0.4196240594626745,7.0,1.6625560665795878,0.8412581292661059,-0.5690587549418378,7.0,-138.66243174304645,0.0
2023-02-12,Leeds,Man United,0,2,3.75,3.8,1.91,1454.8245491381258,1564.2792759375036,1.0962367065065775,1.5205943652399148,0.03604093312619698,4.0,1.772658581940337,1.0941680516210923,0.09333971622411276,4.0,-109.4547267993778,0.0
2023-02-12,Man City,Aston Villa,3,1,1.25,6.5,11.0,1568.30125397566,1494.9413893116662,1.9645300303572155,1.0693504503014548,-0.12657566004379708,7.0,1.3294192056966652,1.6739853337232136,0.2208470112427353,8.0,73.3598646639939,-1.0
2023-02-13,Liverpool,Everton,2,0,1.5,4.33,6.5,1503.040626969417,1441.446184674394,1.774603739026948,1.9987268243744676,-0.8702382732201324,8.0,1.1013566453379866,1.6741679175958375,-0.3756207738229852,8.0,61.59444229502287,0.0
2023-02-15,Arsenal,Man City,1,3,2.9,3.5,2.35,1604.6526408391514,1574.6408728996864,1.79920209868425,1.3541807199466551,-0.14663694059170496,4.0,2.3060806829579485,0.9045261221561168,-0.22690112484492225,3.0,30.011767939465017,1.0
2023-02-18,Aston Villa,Arsenal,2,4,4.5,3.6,1.5,1488.6017703876398,1592.1183422487,1.1106080694963454,2.0758491936707357,0.3254302134188226,6.0,1.7788976103996155,1.489990000506004,-0.2617962833227352,3.0,-103.51657186106013,3.0
2023-02-18,Brentford,Crystal Palace,1,1,1.83,3.5,4.5,1536.1345850057583,1473.9226734087545,1.7260951954018542,1.059776232461825,-0.07532914526242007,7.0,0.8890145419582034,1.8480545782942415,-0.167465625144907,7.0,62.21191159700379,0.0
2023-02-18,Brighton,Fulham,0,1,1.65,3.8,5.5,1529.4235826670495,1516.6152617822956,2.1316859511022987,1.283961881348434,-0.22691930441657848,7.0,1.2533642099897842,1.4054215193961308,-0.16292526283121445,7.0,12.808320884753812,0.0
2023-02-18,Chelsea,Southampton,0,1,1.4,4.75,8.5,1505.9999657103065,1410.053484603262,1.3951899906436487,1.0637549826567585,-0.7455413407331521,7.0,0.9929472199750824,1.3736526497255173,-0.3094888260969588,7.0,95.94648110704452,0.0
2023-02-18,Everton,Leeds,1,0,2.4,3.3,3.0,1434.809735588478,1446.238434425552,0.956248236282761,1.7901553283447946,-0.3811654608482771,5.0,1.261349755164786,1.4755803645914263,-0.3641178652719597,6.0,-11.42869883707408,-1.0
2023-02-18,Nott'm Forest,Man City,1,1,8.5,5.5,1.3,1474.489403501913,1587.175171490138,0.9855594020905684,1.4349505954606288,-0.16931473025126562,7.0,2.2443676528459147,1.069731791723243,0.02571622642249701,3.0,-112.68576798822482,4.0
2023-02-18,Wolves,Bournemouth,0,1,1.67,3.6,6.0,1468.8774252850126,1434.3936689869606,1.0537029758549739,1.6149311507599433,0.27639157908853346,7.0,1.129188369534668,1.8539992007514454,-0.445563247608774,7.0,34.48375629805196,0.0
2023-02-18,Newcastle,Liverpool,0,2,2.5,3.5,2.7,1568.6037456664676,1509.6770760553331,1.6388857746202863,0.9872583774638588,-0.5647972589733253,7.0,1.8698965547265356,1.6667980116353107,-0.7377225062499023,5.0,58.92666961113446,2.0
2023-02-19,Man United,Leicester,3,0,1.62,4.33,5.25,1572.8653906500774,1473.2288251687542,1.6754445427560916,1.2594977130592697,0.21833496307807462,7.0,1.4099068753824582,1.469019481333051,0.7486654868202959,8.0,99.63656548132326,-1.0
2023-02-19,Tottenham,West Ham,2,0,1.75,3.6,4.75,1528.7018975474239,1448.069559820124,1.3210836530459005,1.3845483938294685,0.059770277510980574,8.0,1.3022787125223954,1.048509331124034,-0.3051536242321846,8.0,80.63233772729996,0.0
2023-02-24,Fulham,Wolves,1,1,2.5,3.2,3.0,1528.6807071441417,1456.2230776383394,1.0402184624090511,1.6763874574803728,0.03148981082513669,6.0,1.0242038594110516,1.5191097681470194,0.030135742087218833,6.0,72.45762950580229,0.0
2023-02-25,Everton,Aston Villa,0,2,2.5,3.2,3.0,1443.4207779381954,1479.8477691721205,1.0768797079093968,1.542874139536089,-0.41370317324354783,7.0,0.9499650546245197,2.238379800873618,0.6029936656096541,7.0,-36.42699123392504,0.0
2023-02-25,Leeds,Southampton,1,0,1.95,3.5,4.0,1437.6273920758345,1424.263017496308,1.1237004385202578,1.4885439968662542,-0.4124824956114386,7.0,0.9155308466674379,1.4241510602600274,-0.166447106429389,7.0,13.364374579526384,0.0
2023-02-25,Leicester,Arsenal,0,1,4.75,4.0,1.7,1467.52535456129,1600.8723434642193,1.4071854140423468,2.044873172649407,0.303872131236225,6.0,2.0029921641024484,1.250693594914918,0.028863249754551547,7.0,-133.3469889029293,-1.0
2023-02-25,West Ham,Nott'm Forest,4,0,1.75,3.6,5.0,1441.9098097766687,1475.9943042596797,1.1079981321159489,1.127686979303042,-0.31759682994951727,6.0,1.0149554022321885,1.71995509114897,-0.1606146102532019,7.0,-34.084494483010985,-1.0
2023-02-25,Bournemouth,Man City,1,4,10.0,5.75,1.29,1447.0480166336338,1585.6702707323714,1.1340710891416232,1.6585828211937752,-0.38485518688336934,7.0,2.361444498156009,1.0816650119258933,-0.35440577527889805,7.0,-138.62225409873759,0.0
2023-02-25,Crystal Palace,Liverpool,0,0,4.75,3.8,1.73,1477.3019764323258,1522.9723543281068,0.9373211897795912,1.5914031041104544,-0.1580438466709279,7.0,1.931257815013411,1.6837624074275366,-0.6189346632781911,7.0,-45.67037789578103,0.0
2023-02-26,Tottenham,Chelsea,2,0,2.55,3.25,2.9,1534.861647590879,1491.7904328172604,1.343728138936361,1.1734270936789852,0.1653562001188443,7.0,1.4412232837020065,0.9716587572819982,-0.9262596699387624,8.0,43.07121477361875,-1.0
2023-03-01,Arsenal,Everton,4,0,1.36,4.75,10.0,1608.7920601693577,1432.743331412673,1.7377000286946538,0.995878222568858,0.08044936688930898,4.0,1.173021601271401,1.6500519265858626,-0.6471945583388875,4.0,176.0487287566848,0.0
2023-03-01,Liverpool,Wolves,2,0,1.5,4.75,6.0,1523.3845603029736,1459.860948301942,1.8110065572877831,1.5397422250444723,-0.77075399502071,4.0,1.018589798647471,1.3936068337750438,0.02449560995246353,5.0,63.52361200103155,-1.0
2023-03-04,Brighton,West Ham,4,0,1.8,3.6,4.5,1517.3581373052034,1451.1652818554032,2.2525146913167586,1.06397234292776,-0.7431522183768821,8.0,1.5102694842994766,0.9667972372222466,-0.055133037308390045,7.0,66.19285544980016,1.0
2023-03-04,Man City,Newcastle,2,0,1.45,4.5,7.0,1593.4451923245383,1555.308467393694,2.48987533578135,1.0824110320246683,-0.07041106856115853,7.0,1.6616151216454467,1.2315291362701444,-0.8102064354342744,8.0,38.136724930844366,-1.0
2023-03-04,Aston Villa,Crystal Palace,1,0,2.05,3.3,3.8,1490.525215697643,1476.889770457459,1.1799393478831774,2.0939651620337707,0.46560541746882284,7.0,0.9480421215402848,1.5416612148046007,-0.3301597334705677,7.0,13.635445240184026,0.0
2023-03-04,Wolves,Tottenham,1,0,3.3,3.4,2.2,1453.273650964175,1541.9790909919034,0.9706250385077694,1.6643484942828974,-0.1433968431795336,3.0,1.2573478023643443,0.9848735437554681,0.35332715012414734,6.0,-88.7054400277284,-3.0
2023-03-04,Chelsea,Leeds,1,0,1.62,4.0,5.5,1484.672989416236,1445.5466300411629,1.1970543256869322,0.9622672658926298,-0.7887440491790261,6.0,1.0401005908633834,1.2612598251403067,-0.2690734317205098,7.0,39.12635937507321,-1.0
2023-03-04,Southampton,Leicester,1,0,2.75,3.3,2.6,1416.3437795309796,1459.6056378561516,0.8069225641238188,1.2783253375460466,-0.21298042737938946,7.0,1.1199592570951589,1.7709071247363963,0.236723741006597,7.0,-43.26185832517194,0.0
2023-03-04,Arsenal,Bournemouth,3,2,1.22,7.0,12.0,1612.8807496541842,1439.2730950414668,2.0132399915160684,1.121723595463404,0.25642390840418566,3.0,1.123963969182965,1.9326861833118205,-0.3228085507339163,7.0,173.6076546127174,-4.0
2023-03-05,Nott'm Forest,Everton,2,2,2.7,3.0,2.88,1466.738832180945,1428.6546419278463,0.8774133270298371,1.995484960646875,-0.20001376775670016,8.0,1.26220873337281,1.943729881669245,-0.8451969027081573,4.0,38.08419025309877,4.0
2023-03-05,Liverpool,Man United,7,0,2.38,3.6,2.88,1529.9718576407406,1578.5688612575416,1.9955202254344664,1.3838035676677989,-0.7564958190589336,4.0,2.207958884329613,1.2879300404256173,-0.08507172061483023,8.0,-48.597003616800976,-4.0
2023-03-06,Brentford,Fulham,3,2,1.95,3.6,3.75,1532.755281982187,1525.042836480539,1.4947283175850739,1.0726805986634251,0.021121037201402907,8.0,1.013919260505936,1.535814361600734,0.04294962575069506,8.0,7.712445501647835,0.0
2023-03-11,Leeds,Brighton,2,2,3.75,3.6,1.95,1438.3247415839437,1523.8777341622324,0.9560606643002383,1.3867778995022861,-0.3445906924760579,7.0,2.511128598947884,0.8952290789826021,-0.4854076214409433,7.0,-85.5529925782887,0.0
2023-03-11,Bournemouth,Liverpool,1,0,7.5,5.0,1.4,1435.1385072063038,1539.6437708168412,1.2519996588258844,2.0423864357279573,-0.20275405678697345,7.0,2.294999090820992,1.2707596129330954,0.1362077841360752,6.0,-104.50526361053744,1.0
2023-03-11,Everton,Brentford,1,0,2.7,3.25,2.7,1431.40504949417,1540.83066715596,1.3545613475646414,1.7071417345434885,-0.610174290703066,6.0,1.691243558245204,1.1974902649445882,0.1319859979208207,5.0,-109.42561766179006,1.0
2023-03-11,Tottenham,Nott'm Forest,3,1,1.44,4.75,7.0,1531.1547568535757,1463.9884246146214,1.2570442485284103,0.8975183968658956,0.020529618863510835,7.0,0.8613380768341689,1.936151859159424,0.08976183626753882,6.0,67.16633223895428,1.0
2023-03-11,Crystal Palace,Man City,0,1,9.0,4.75,1.36,1468.9779955249658,1600.6933871309357,0.7834657932282104,1.4069309433884059,-0.2934486492878415,7.0,2.252369279130391,0.9329708730475121,0.08034626057379195,7.0,-131.7153916059699,0.0
2023-03-11,Leicester,Chelsea,1,3,3.75,3.5,1.95,1450.0870279300611,1491.8948778734552,1.2338908183539958,1.682421786512423,-0.15796125506100767,7.0,1.335859154972773,0.8943342510831523,-0.8051039724375297,7.0,-41.8078499433941,0.0
2023-03-12,Fulham,Arsenal,0,3,6.0,4.0,1.57,1516.967451306766,1617.0153374893473,1.1507004109534034,1.7235479069054542,0.10121589743571886,6.0,2.106210702583384,1.250140518330671,0.31449282643515564,8.0,-100.04788618258135,-2.0
2023-03-12,Man United,Southampton,0,0,1.36,5.0,9.0,1568.896948081441,1425.86238945707,1.924363344373852,1.733838377660883,-0.2407887273323083,7.0,0.9179252248452723,1.3594844522525213,-0.23995303834005147,8.0,143.0345586243709,-1.0
2023-03-12,West Ham,Aston Villa,1,1,2.2,3.3,3.4,1444.6456849983742,1498.4369906301363,1.2494772777985967,1.4910064481960366,-0.0954683279308524,8.0,1.1200641875914847,1.6922502906020438,0.39189085160563647,8.0,-53.79130563176204,0.0
2023-03-12,Newcastle,Wolves,2,1,1.65,3.75,5.5,1548.0602725872966,1464.0979851025027,1.3920000194865036,1.2542926094634081,-0.7169253019785117,8.0,0.8862166019719401,1.5798737848058668,-0.023257748809023305,8.0,83.96228748479393,0.0
2023-03-15,Brighton,Crystal Palace,1,0,1.44,4.2,8.0,1523.1435831667045,1461.0133063509948,2.3045899459084067,0.8334090418700821,-0.28419600125440436,4.0,0.6598010398467912,1.5685452966286666,-0.2711235498882988,4.0,62.13027681570975,0.0
2023-03-15,Southampton,Brentford,0,2,2.88,3.25,2.5,1431.1208087400632,1529.4176029577986,0.9722340941925192,1.266715701201929,-0.4344722404060578,3.0,1.7449730019886407,1.3047891562610727,-0.2990445257762132,4.0,-98.2967942177354,-1.0
2023-03-17,Nott'm Forest,Newcastle,1,2,5.5,3.8,1.62,1457.4934286286261,1554.1386156568935,1.0199005311446647,1.894514742591056,-0.05868767006299887,6.0,1.6120342497200175,1.1416343842388077,-0.6627780731349446,5.0,-96.6451870282674,1.0
2023-03-18,Southampton,Tottenham,3,3,4.75,3.6,1.75,1422.2186364787522,1537.649752839571,0.8454718958053583,1.3492304366668222,-0.41886713329475744,3.0,1.355802021028966,1.0485216104960753,0.2778028245555256,7.0,-115.4311163608188,-4.0
2023-03-18,Aston Villa,Bournemouth,3,0,1.7,3.8,5.0,1498.6156721992838,1446.4125110253722,1.300261671346669,1.786159849882116,0.1058167731882299,6.0,1.2208295696513303,2.061467314415747,-0.1817683710204759,7.0,52.20316117391167,-1.0
2023-03-18,Wolves,Leeds,2,4,2.25,3.2,3.3,1458.0196420329057,1439.0588925794716,0.8497703641692798,1.7608209760388034,0.04151533136867693,6.0,0.8817497245334792,1.413063679589963,0.01687989943525254,7.0,18.96074945343412,-1.0
2023-03-18,Chelsea,Everton,2,2,1.5,4.2,7.5,1502.4180120381448,1442.8181136923315,1.3687253182177195,1.1977336806864727,-0.3273096037136773,7.0,1.429269803409153,1.7575232118275355,-0.632046735492372,7.0,59.599898345813244,0.0
2023-03-18,Brentford,Leicester,1,1,1.91,3.6,3.75,1538.3197752191097,1439.5638937653716,1.7286221102629578,1.109187272056357,-0.16810699724364236,3.0,1.4670671027877493,1.64361589175372,-0.40684040982544256,7.0,98.75588145373808,-4.0
2023-03-19,Arsenal,Crystal Palace,4,1,1.25,5.5,15.0,1625.8677446689296,1454.3905278927878,2.2172804501091417,1.1195412009348116,0.3231655081041617,7.0,0.774463219121942,1.3660137279329085,-0.46612660668010675,4.0,171.47721677614186,3.0
2023-04-01,Arsenal,Leeds,4,1,1.29,6.0,9.0,1630.0427005279412,1451.2932292992898,2.076448318307378,1.1345002245249594,0.7655703679635246,8.0,1.0415623537388876,1.6922197127677432,0.4981304240058082,8.0,178.74947122865137,0.0
2023-04-01,Man City,Liverpool,4,1,1.62,4.2,5.0,1608.6580763049067,1528.3697669977728,2.2391466249962595,0.7784658448634847,-0.18190764029235088,8.0,2.2618375543705747,1.235709807953798,-0.3334246459374437,8.0,80.28830930713389,0.0
2023-04-01,Chelsea,Aston Villa,0,2,1.67,3.8,5.25,1499.1054718584323,1505.4939834998386,1.4785973002001627,1.290546786783254,-0.23903915486317603,8.0,1.7455992172207928,1.5203354429827032,-0.010052100670808174,8.0,-6.3885116414062395,0.0
2023-04-01,Bournemouth,Fulham,2,1,2.55,3.3,2.8,1439.5341997248174,1508.1150441271836,1.0718607357498016,2.3494612247185596,-0.2475768027136879,8.0,1.040655681084322,1.9137152754460673,-0.04751446873726028,8.0,-68.58084440236621,0.0
2023-04-01,Nott'm Forest,Wolves,1,1,3.0,3.1,2.55,1448.5442680521264,1445.7853053130875,0.9190468338277599,2.0197262873752946,0.0501834526453077,8.0,1.2452012809675885,1.7389356077769726,-0.12483328504163024,8.0,2.758962739038907,0.0
2023-04-01,Crystal Palace,Leicester,2,1,2.5,3.25,2.9,1450.2155720337762,1443.8397318490693,0.8607221777528824,1.4010701349324057,-0.4094742316353601,8.0,1.457613097685911,1.402362491238806,-0.40983545435350366,8.0,6.375840184706931,0.0
2023-04-01,Brighton,Brentford,3,3,1.67,4.0,5.0,1529.7663616249115,1534.043937135412,1.9495074274432167,0.912276552326058,-0.14027490017302094,8.0,1.4697976531115142,1.1737081700278695,-0.025142802661376765,8.0,-4.277575510500583,0.0
2023-04-02,West Ham,Southampton,1,0,1.73,3.6,5.0,1444.4670034292267,1423.800671856086,1.4349560086166238,1.594489962242653,-0.31279740089039565,8.0,1.1916216135460167,1.4598752360812726,-0.23330250547401474,8.0,20.666331573140724,0.0
2023-04-02,Newcastle,Man United,2,0,2.4,3.4,2.9,1563.0877762333932,1563.6385287984479,1.7957288504106819,1.0155537798905174,-0.629170041039723,8.0,1.714772902129109,1.619409565871696,-0.3793756320508026,8.0,-0.5507525650546086,0.0
2023-04-03,Everton,Tottenham,1,1,3.4,3.3,2.2,1446.130653872044,1536.0677174622372,1.4742055127468614,1.7870175211152772,-0.42846494546495906,8.0,1.4650890011595712,1.3527172418257656,0.450840104112723,8.0,-89.93706359019325,0.0
2023-04-04,Bournemouth,Brighton,0,2,6.0,4.2,1.53,1449.7811260757028,1528.1761526625833,1.4992907803629023,1.98820468382873,-0.43208065783029376,3.0,2.3362375706535627,0.988076674470441,-0.28074434587194114,3.0,-78.39502658688048,0.0
2023-04-04,Leeds,Nott'm Forest,2,1,1.7,3.75,5.0,1447.2548781909175,1446.7573132335112,0.9291708340509239,2.0234849929591987,0.49901074326010064,3.0,0.9594127273115057,1.6816989617701623,0.01617519045454825,3.0,0.49756495740621176,0.0
2023-04-04,Leicester,Aston Villa,1,2,2.55,3.3,2.75,1435.727273821071,1517.024914710459,1.1975502709231811,1.512356013846064,-0.15964443351738344,3.0,1.5431520834643535,1.6980087292773436,0.24703622842437453,3.0,-81.29764088938782,0.0
2023-04-04,Chelsea,Liverpool,0,0,2.2,3.4,3.25,1487.574540647812,1522.2015721016035,1.6648945121752665,1.1821224839240518,-0.6814535922187729,3.0,1.860075474980319,1.602963541494681,-0.12356847745876415,3.0,-34.62703145379146,0.0
2023-04-05,Man United,Brentford,1,0,1.65,4.0,5.0,1555.3331097913754,1535.6341460977403,1.429388988260892,1.9733289265883012,-0.3700225954090922,3.0,1.430333760955162,1.7203810832558468,0.335686154708131,4.0,19.69896369363505,-1.0
2023-04-05,West Ham,Newcastle,1,5,3.6,3.25,2.15,1452.1860783151994,1571.3931952404657,1.4284808226684418,1.3306893630628625,-0.3315727889900864,3.0,2.1132024523454134,0.8747006899274209,-0.7743686892054175,3.0,-119.20711692526629,0.0
2023-04-08,Fulham,West Ham,0,1,2.8,3.25,2.63,1497.8681177762983,1443.873889557786,0.9498242474467858,2.1672015242863907,0.04473412606351188,7.0,1.3055294892374134,1.6427308116223784,-0.22864457169616537,3.0,53.99422821851226,4.0
2023-04-08,Man United,Everton,2,0,1.5,4.33,6.5,1563.0785958982965,1446.9901856679564,1.3705252895394422,1.698867836140456,-0.32342516743520605,3.0,1.3397720514906961,1.7053777164691393,-0.3034793637723671,5.0,116.08841023034006,-2.0
2023-04-08,Aston Villa,Nott'm Forest,2,0,1.6,4.2,5.25,1526.4126859817773,1438.4811857149773,1.4312904769120125,1.4859996752337965,0.40223519780582945,4.0,0.8880493355710676,1.836775499935804,0.09258098605108434,4.0,87.93150026679996,0.0
2023-04-08,Brentford,Newcastle,1,2,3.6,3.4,2.05,1527.8886599908192,1579.7053839978792,1.2681181674366315,1.6014307632038678,0.13312394896529808,3.0,2.263561222278765,0.8661712830530631,-0.16825811418004152,3.0,-51.816724007059975,0.0
2023-04-08,Tottenham,Brighton,2,1,2.55,3.5,2.7,1535.2081856663247,1537.6471954007595,1.4499446963588043,1.2433776222129553,0.2767959403479077,5.0,2.397769478759528,1.0222123268605001,-0.3537468806294795,4.0,-2.439009734434876,1.0
2023-04-08,Wolves,Chelsea,1,0,4.2,3.5,1.91,1447.5722601317027,1486.8455434288585,1.0672631319065649,1.609937585293355,0.02824241922704184,7.0,1.7731565923861106,0.9797194630183084,-0.9928489504315038,4.0,-39.273283297155785,3.0
2023-04-08,Southampton,Man City,1,4,11.0,6.0,1.25,1416.0815969701132,1614.826271201076,1.0112258208682117,1.4482575791937755,-0.2508509897163953,6.0,2.3989222621326514,0.683359827475869,0.059729566887449966,7.0,-198.7446742309628,-1.0
2023-04-08,Leicester,Bournemouth,0,1,1.83,3.75,4.2,1426.3395025497528,1440.3100833375265,1.0889127210405032,1.406855446827663,-0.05883647141308152,4.0,1.4278086093353866,2.1215795172002125,-0.5810345964944864,4.0,-13.97058078777377,0.0
2023-04-09,Leeds,Crystal Palace,1,5,2.1,3.4,3.6,1455.5310057094514,1458.3280300617744,1.239684778033474,1.7323336272126835,0.30660796209942964,5.0,1.082558245827837,1.1527697333463187,-0.311409962909991,8.0,-2.7970243523229783,-3.0
2023-04-09,Liverpool,Arsenal,2,2,2.88,3.6,2.38,1522.930569320557,1634.0810516363135,1.5175291295081095,1.7240564614239415,-0.13981881750881509,5.0,2.328243720009119,1.002948039189704,0.7529601937110634,8.0,-111.15048231575656,-3.0
2023-04-15,Aston Villa,Newcastle,3,0,3.6,3.4,2.05,1532.3947911776763,1589.9408740690144,1.4304416587631363,1.2271406571693813,0.4374611531205803,7.0,2.0073952409590152,1.1138370655948175,0.06822266555920177,7.0,-57.546082891338074,0.0
2023-04-15,Everton,Fulham,1,3,2.05,3.4,3.7,1441.6648485345816,1484.699976808215,1.2591149689296077,2.2588838310275725,-0.43681789770832885,7.0,0.847931297631925,1.9741582655927488,-0.058802552354210155,7.0,-43.03512827363352,0.0
2023-04-15,Tottenham,Bournemouth,2,3,1.45,4.5,7.0,1543.5664405524603,1451.6272194713092,1.273219848480916,1.2913090917387116,0.5099491569719748,7.0,1.5302644347787884,1.834622541795656,-0.6518490816350093,7.0,91.93922108115112,0.0
2023-04-15,Chelsea,Brighton,1,2,2.63,3.4,2.63,1477.4413995991354,1529.2889405146238,1.5753597706312408,0.9015450586257822,-0.9561865426085621,7.0,2.207208300154194,0.933763912280398,-0.3789014165902489,7.0,-51.84754091548848,0.0
2023-04-15,Man City,Leicester,3,1,1.14,8.5,15.0,1621.0324364314752,1415.02236641597,2.5354681937176693,0.6439992126266499,0.24155467331782254,7.0,1.0152026114097368,1.5136381241166332,-0.19783827675619006,7.0,206.0100700155051,0.0
2023-04-15,Wolves,Brentford,2,0,2.45,3.1,3.0,1456.9764039614258,1517.653169919684,0.9710108605019652,1.4458456738025478,0.10477268589693114,7.0,1.4327185357840388,1.4820605593409704,-0.1143333719415877,7.0,-60.6767659582581,0.0
2023-04-15,Southampton,Crystal Palace,0,2,2.8,3.1,2.7,1409.875431739714,1469.959746733291,0.9041705068011688,1.7810821538591701,-0.09431280624034355,7.0,1.5253610574604017,1.1255075085308326,0.11904990596916665,6.0,-60.08431499357698,1.0
2023-04-16,West Ham,Arsenal,2,2,6.0,4.2,1.55,1457.0420305258692,1632.6193676486937,1.2904677050687474,1.397715505523787,-0.22946364525075677,8.0,2.164708507760071,1.7540281783086071,0.6932255703068253,7.0,-175.57733712282447,1.0
2023-04-16,Nott'm Forest,Man United,0,2,5.5,4.0,1.62,1432.4990805190782,1568.4039330316714,0.7526677414885595,1.7521935641931445,0.025461305427819544,8.0,1.9933370527245449,1.5440177224800895,-0.7494120152882038,8.0,-135.90485251259315,0.0
2023-04-17,Leeds,Liverpool,1,6,4.2,4.2,1.73,1443.8992890379348,1524.3922533081768,1.1944744978171067,2.0409570849117475,0.23900817128268084,8.0,2.162511564660232,1.6852767509518705,-0.6562650674918816,8.0,-80.49296427024206,0.0
2023-04-21,Arsenal,Southampton,3,3,1.2,7.0,13.0,1629.4102939828438,1399.8778585202579,2.278903630111665,1.7967491542362117,0.4019018068241356,5.0,0.8575681572781828,1.5915477586201956,-0.21491327296766088,6.0,229.5324354625859,-1.0
2023-04-22,Fulham,Leeds,2,1,2.3,3.4,3.1,1495.187877369446,1434.4884408917917,1.069746289142708,2.029595918527305,0.17592988019489608,7.0,1.188901227284324,2.167682528102979,0.15508482652244254,5.0,60.69943647765422,2.0
2023-04-22,Crystal Palace,Everton,0,0,2.05,3.2,3.75,1479.9573199527472,1431.1769479733507,1.3886227120248433,1.0332080322114106,0.32920298624164224,7.0,1.4621689262821576,2.18934954493689,-0.6031833971661726,7.0,48.78037197939648,0.0
2023-04-22,Liverpool,Nott'm Forest,3,2,1.17,7.5,17.0,1533.8031014543199,1424.6496900526213,2.264161425398103,1.5783511340355878,0.17005027177715787,5.0,0.8146514789888358,2.079488945120676,-0.19717456634306418,6.0,109.15341140169858,-1.0
2023-04-22,Leicester,Wolves,2,1,2.38,3.3,3.0,1411.466228129949,1466.9958828268764,1.2034353279611738,1.5329176995576308,-0.3483641250855579,7.0,0.9644266893755048,1.4597722602888779,0.3021701242923939,7.0,-55.52965469692731,0.0
2023-04-22,Brentford,Aston Villa,1,1,2.5,3.25,2.88,1507.6336910542334,1542.3241629401825,1.4493553446273104,1.369965322714265,-0.4031633230423481,7.0,1.5311068394992082,1.06154885335925,0.5705281922436383,7.0,-34.69047188594914,0.0
2023-04-23,Bournemouth,West Ham,0,4,2.88,3.2,2.55,1465.741393516051,1460.2511041917192,1.4633128323878954,1.9319511546948627,-0.14687617300462227,8.0,1.4289230601577427,1.670318582322442,-0.17401527266808337,7.0,5.490289324331798,1.0
2023-04-23,Newcastle,Tottenham,6,1,1.83,3.75,4.2,1580.0115023065082,1529.4522665077186,1.6806465863356417,1.2799017545229514,-0.03364613392264119,8.0,1.4864553809633116,1.273692090089023,0.34148044329432065,8.0,50.55923579878959,0.0
2023-04-25,Aston Villa,Fulham,1,0,1.75,4.0,4.2,1543.051343876401,1501.8471921658659,1.5589564865349321,1.2617972126238495,0.3152719179942033,3.0,1.145699376290432,1.8324733593972453,0.2557141142631442,3.0,41.20415171053514,0.0
2023-04-25,Leeds,Leicester,1,1,2.3,3.5,3.0,1427.8291260953717,1421.3375683491251,1.1653518426173477,2.0169803642092883,0.10762638550236243,3.0,1.5060265286299102,1.3395667601152157,-0.414611719522023,3.0,6.491557746246599,0.0
2023-04-25,Wolves,Crystal Palace,2,0,2.45,3.2,3.0,1457.1245426077003,1476.9248181364908,0.8884273405250364,1.7094487337282793,0.3231368348595413,3.0,1.1779674521569612,0.9094561844714939,0.1852535567817007,3.0,-19.800275528790507,0.0
2023-04-26,Nott'm Forest,Brighton,3,1,6.0,4.2,1.53,1419.1669182086614,1539.5235440938661,0.7960760945053854,2.337101136279115,0.1067901742168007,4.0,2.2720375691373715,0.8365899556033086,-0.40826685155525416,8.0,-120.35662588520472,-4.0
2023-04-26,Chelsea,Brentford,0,2,1.7,4.0,4.75,1467.206796019893,1506.906510118015,1.3457665305703195,1.2359113689020884,-0.64796799746747,8.0,1.5695501801297507,1.43107884370123,-0.5328934143510609,4.0,-39.69971409812183,4.0
2023-04-26,West Ham,Liverpool,1,2,3.9,3.9,1.85,1472.1140542806083,1539.2858732982797,1.6548510596433417,1.526698833375903,0.16680709458439746,3.0,2.4836874532880553,1.4020997277664102,0.06733661421876493,4.0,-67.1718190176714,-1.0
2023-04-26,Man City,Arsenal,4,1,1.55,4.5,5.25,1624.5885747174962,1622.5876332980224,2.3437425876655413,0.908923811694614,0.4793253104687846,8.0,2.303093998395038,1.7211724708300251,0.44360164438919797,5.0,2.0009414194737474,3.0
2023-04-27,Everton,Newcastle,1,4,4.75,3.6,1.73,1434.209449789607,1586.9325815207417,1.2498681968196985,1.8134030741459422,-0.5682000154396639,5.0,2.1564683078986135,1.197957823037023,0.3892502563367722,4.0,-152.72313173113457,1.0
2023-04-27,Southampton,Bournemouth,0,1,2.25,3.4,3.2,1406.7005192050792,1453.8784434271618,0.9758632886812502,1.7576265708323404,0.15341001869226897,6.0,1.3624475282616908,2.0540046933107017,-0.31775823713087853,4.0,-47.17792422208254,2.0
2023-04-27,Tottenham,Man United,2,2,2.8,3.6,2.4,1522.5311872934851,1576.2533234981283,1.3618864252765086,1.8334438585815858,0.2951415321116708,4.0,2.270902032305285,1.4425992902200662,-0.8708466567421426,8.0,-53.72213620464322,-4.0
2023-04-29,Crystal Palace,West Ham,4,3,2.63,3.25,2.75,1468.0767234426546,1462.3204465114618,1.0546074989915812,0.9546235398846775,0.02724434554830576,4.0,1.5071522911163762,1.5634016999801732,0.14489387348539257,3.0,5.756276931192815,1.0
2023-04-29,Brentford,Nott'm Forest,2,1,1.65,3.8,5.5,1517.490135311854,1430.886854412544,1.3891138012869269,1.3857040502165214,-0.1536227459361495,3.0,1.1350645520488891,2.335767556100992,0.20065065439728508,3.0,86.60328089931,0.0
2023-04-29,Brighton,Wolves,6,0,1.5,4.33,6.5,1527.8036078899836,1465.9726373015365,2.2841390376407205,1.1673779383435676,-0.5987379538616412,3.0,0.937935054699338,1.4763909083112543,0.4363624762449632,4.0,61.830970588447144,-1.0
2023-04-30,Bournemouth,Leeds,4,1,2.55,3.5,2.7,1464.2473249804643,1425.9383723700375,1.2852758085395843,1.7285175394678767,-0.24981039851139666,3.0,1.3575307400948464,2.031213650648134,-0.1408952879751189,5.0,38.308952610426786,-2.0
2023-04-30,Fulham,Man City,1,2,12.0,6.0,1.25,1494.6803995957946,1632.8227490288882,0.9256827454614284,1.6274269858481842,0.18644190982844314,5.0,2.2751851117156394,0.803515539725454,0.7908716001708502,4.0,-138.1423494330936,1.0
2023-04-30,Man United,Aston Villa,1,0,1.73,3.9,4.6,1576.4339952806943,1550.2181364464723,2.2077621683051967,1.6345634156348339,-0.6838425253150641,3.0,1.410390101484608,1.0178458956836514,0.2833973370799945,5.0,26.21585883422199,-2.0
2023-04-30,Newcastle,Southampton,3,1,1.3,5.25,10.0,1594.3254014357262,1396.3316376517766,2.3024555187196456,1.1110626384025866,0.5434652239119163,3.0,0.8729047961011275,1.5988897957986379,0.023286212224706764,3.0,197.9937637839496,0.0
2023-04-30,Liverpool,Tottenham,4,3,1.53,4.5,5.75,1549.0794810674263,1522.3505155109192,2.3228425403960338,1.3065755236366698,0.11443557577964153,4.0,1.570454621172554,1.86061359178898,0.1573628534025416,3.0,26.72896555650709,1.0
2023-05-01,Leicester,Everton,2,2,2.0,3.5,3.75,1423.2283220744594,1426.8166298746225,1.6257208172251474,1.4957876541283017,-0.5531740480636115,6.0,1.152269731432062,2.030180499873077,-0.40489778138991156,4.0,-3.588307800163193,2.0
2023-05-02,Arsenal,Chelsea,3,1,1.6,4.0,5.5,1614.3534589866304,1456.623170826054,1.9099588914782026,1.7811332990436006,0.47621832454571367,6.0,1.3179966941850694,1.1243239569174368,-0.7642422467505444,6.0,157.73028816057626,0.0
2023-05-03,Liverpool,Fulham,1,0,1.25,5.75,11.0,1556.6338101479184,1486.8923450754999,2.344776171198003,1.3360277000008893,0.4150481409034966,3.0,0.8237479038684976,1.7710718657089783,0.2652341939339611,3.0,69.74146507241858,0.0
2023-05-03,Man City,West Ham,3,0,1.2,7.0,13.0,1640.610803549183,1454.1907855850327,2.2851338122179725,0.7267862977804075,0.5608605793144606,3.0,1.6052889476599408,1.7193326140463236,0.32497523282276514,4.0,186.42001796415025,-1.0
2023-05-04,Brighton,Man United,1,0,1.95,3.5,3.75,1534.4340207298114,1584.0022144234638,2.556783458767962,1.0510601137660596,0.0194075616667393,5.0,2.0215320194967275,1.3868876944087707,-0.605763257252378,4.0,-49.56819369365235,1.0
2023-05-06,Bournemouth,Chelsea,1,3,3.3,3.5,2.15,1471.4909386749096,1452.1807770298706,1.5395258446183835,1.6476977884344337,0.10775860193069219,6.0,1.2080277332345128,1.46671639587103,-0.5621680897835534,4.0,19.31016164503899,2.0
2023-05-06,Man City,Leeds,2,1,1.17,8.5,15.0,1644.5087164213676,1418.6947586755923,2.43249248771133,0.6783418259754715,0.44528870074039384,3.0,1.3532750429679337,2.131517440524536,-0.18134869764713166,6.0,225.81395774577527,-3.0
2023-05-06,Tottenham,Crystal Palace,1,0,1.8,3.8,4.2,1514.796186430427,1476.2063843690837,1.545444604956941,1.9779395713588654,0.44492520738378544,6.0,1.3155273702197254,1.1667808902836891,0.36857030371215016,7.0,38.589802061343335,-1.0
2023-05-06,Wolves,Aston Villa,1,0,2.88,3.3,2.5,1459.3422244617086,1542.6499173037028,0.8690146240174382,1.9156322450427647,0.2216561298537805,7.0,1.2090355513541715,1.077232431247547,0.13518895674597958,6.0,-83.30769284199414,1.0
2023-05-06,Liverpool,Brentford,1,0,1.44,5.0,6.0,1563.0639629633108,1523.5043473672379,2.206283963516371,1.213045624835355,0.19034876407195508,3.0,1.3749718964415816,1.2936565322202023,0.018298099154698533,7.0,39.559615596072945,-4.0
2023-05-07,Newcastle,Arsenal,0,2,2.45,3.75,2.63,1598.0184732241246,1618.7958527828139,2.6351963593747993,1.0669161752113996,0.24252638132800222,7.0,2.090177916573578,1.575593539149065,0.4226797118014682,5.0,-20.77737955868929,2.0
2023-05-07,West Ham,Man United,1,0,3.4,3.75,2.05,1450.292872712848,1574.3023757506041,1.3755444585239933,1.9834461836140003,0.15635285009673178,4.0,1.8769523517760778,1.533977248284948,-0.7533986236329995,3.0,-124.00950303775608,1.0
2023-05-08,Brighton,Everton,1,5,1.33,5.25,9.0,1544.133859402671,1428.4261697580607,2.462394242880628,1.1067931720305009,-0.21157076566441582,4.0,1.5927268860441917,2.2973757510435244,-0.5868382402492901,7.0,115.70768964461035,-3.0
2023-05-08,Nott'm Forest,Southampton,4,3,2.1,3.6,3.4,1424.87264235716,1392.6385658633783,1.0947438773829616,2.1262557641413493,0.17168660732371596,8.0,0.877913667583283,2.0767986170407746,0.039701383991409614,8.0,32.234076493781686,0.0
2023-05-08,Fulham,Leicester,5,3,2.63,3.5,2.6,1480.4621922601075,1421.6187821910212,0.8064898544434816,1.750980440605335,0.057748710218980676,5.0,1.9763882377493531,1.8653497666644783,-0.7124341751700773,7.0,58.8434100690863,-2.0
2023-05-13,Leeds,Newcastle,2,2,4.33,4.2,1.7,1415.4597937767878,1586.894326987828,1.1030907043006888,2.2766323957282624,0.03335641307450011,7.0,2.3745481127412646,1.1130819851232803,-0.09072822631677234,6.0,-171.43453321104016,1.0
2023-05-13,Aston Villa,Tottenham,2,1,2.25,3.6,2.9,1531.9800725300588,1522.0323324504602,1.269405887025311,1.0212704245223732,-0.20257951499310928,7.0,1.4652118030117063,1.633051244619903,0.32078237244261576,7.0,9.947740079598589,0.0
2023-05-13,Chelsea,Nott'm Forest,2,2,1.5,4.5,6.0,1464.424666425013,1432.2785864112138,1.323701822445639,1.4152935705915162,-0.19199597242622515,7.0,1.2636552797471676,2.370734826112528,0.5668826764311126,5.0,32.146080013799065,2.0
2023-05-13,Crystal Palace,Bournemouth,2,0,1.83,3.6,4.2,1468.9702383490505,1459.2470492797672,1.1073363799728415,1.1646902498702243,0.22922592848252157,7.0,1.4730819592273363,1.6726310165387663,0.04062695890628071,7.0,9.723189069283308,0.0
2023-05-13,Man United,Wolves,2,0,1.36,5.0,7.5,1562.4805993813256,1470.0120692353526,1.7360462927072977,1.5818991259086304,-0.844370971973352,6.0,0.8560210584073734,1.8301872019584475,0.21593861114110824,7.0,92.46853014597309,-1.0
2023-05-13,Southampton,Fulham,0,2,2.75,3.3,2.5,1385.2326218093244,1487.1690503363118,1.380004288244004,2.0430503054537783,-0.03266213395077121,5.0,1.00176495396173,1.9933907807603015,0.7159415444209705,5.0,-101.93642852698736,0.0
2023-05-14,Brentford,West Ham,2,0,2.0,3.5,3.6,1516.293962603653,1462.1146490821266,1.1291771343390264,1.4377687509232635,-0.0234264463352342,8.0,1.456157161561591,1.8205750122330404,-0.0340237510857396,7.0,54.17931352152641,1.0
2023-05-14,Everton,Man City,0,3,9.0,4.75,1.36,1443.0922648181395,1647.743681320172,1.8712143307927764,2.4913144654301256,-0.041089080005267106,6.0,2.515503982960231,0.5674298273063686,0.18112120116914157,8.0,-204.6514165020326,-2.0
2023-05-14,Arsenal,Brighton,0,3,1.73,4.2,4.2,1629.9199990191105,1529.4677643425923,1.9251767219214129,1.5336289027487824,0.481846092907095,7.0,2.622308157020514,1.485627802076723,-0.6296549649502895,6.0,100.45223467651817,1.0
2023-05-15,Leicester,Liverpool,0,3,5.25,4.33,1.57,1414.9119241148169,1570.2743477268957,2.1722827597458587,1.8421154101824697,-0.5500731347460792,7.0,2.1620636924898404,1.0006664459581678,-0.053644215790726923,8.0,-155.36242361207883,-1.0
2023-05-18,Newcastle,Brighton,4,1,2.0,3.8,3.5,1583.7926190832557,1543.7834173921997,2.369725800040677,1.2993427112559557,-0.14447582288263985,5.0,2.537785831092929,1.3768706162418616,-0.33723695261216186,4.0,40.00920169105598,1.0
2023-05-20,Tottenham,Brentford,1,3,1.83,3.9,4.0,1514.0188236228282,1523.1210299571073,1.4074004563127298,1.6674742701697762,0.2164039370510362,7.0,1.8094162045927744,1.1830387825787394,-0.5191373030517009,6.0,-9.102206334279117,1.0
2023-05-20,Bournemouth,Man United,0,1,6.0,4.75,1.5,1451.2273316015844,1568.353777231695,1.2231799153958494,1.6168626956671035,-0.021824609092388217,7.0,2.0177593128200892,1.3109218455629386,-0.8973668407964088,7.0,-117.12644563011054,0.0
2023-05-20,Fulham,Crystal Palace,2,2,2.45,3.4,2.9,1495.9678507252195,1476.9899560272333,1.057290613494191,1.612934936440695,0.7186671072801065,7.0,1.168216523917844,0.978424789745293,0.30524605426291407,7.0,18.97789469798613,0.0
2023-05-20,Liverpool,Aston Villa,1,1,1.45,5.0,6.25,1577.5965076502212,1539.9935813576908,2.0813368047885508,0.9030277942756829,0.21106018129448384,5.0,1.3788670784399857,1.0550663157479612,-0.11948046601507818,7.0,37.602926292530356,-2.0
2023-05-20,Wolves,Everton,1,1,2.75,3.3,2.6,1464.1388913849833,1437.0306929478872,0.7348458098317361,2.092456378233031,0.11591514012898624,7.0,1.729814264277235,2.1925334022068834,-0.27733508885927577,6.0,27.108198437096007,1.0
2023-05-20,Nott'm Forest,Arsenal,1,0,5.25,4.33,1.57,1434.870279891133,1615.6043459695031,1.4089905183129607,2.0877148965385244,0.4565159055949664,7.0,1.72573428186422,1.6737675044253497,0.18459973040620806,6.0,-180.73406607837023,1.0
2023-05-21,West Ham,Leeds,3,1,2.4,3.5,2.88,1455.2875817286722,1418.5615016813601,1.197632747396017,2.358144232435184,-0.06895635626188489,7.0,1.2914013072695603,2.2920152828663474,0.023239819972981794,8.0,36.72608004731205,-1.0
2023-05-21,Brighton,Southampton,3,1,1.22,7.0,11.0,1536.5849614491965,1376.4338214204167,2.1365558251932963,1.9416281038645862,-0.18375575589003548,3.0,1.1261206561179602,1.8837068864018296,-0.056802356492514666,8.0,160.15114002877976,-5.0
2023-05-21,Man City,Chelsea,1,0,1.25,6.0,11.0,1653.8052531904243,1461.8329729450938,2.2117121338507006,0.6950736025495865,0.5475183724888805,7.0,1.2567327479203654,1.52934550941778,0.05415684507643312,8.0,191.97228024533047,-1.0
2023-05-22,Newcastle,Leicester,0,0,1.36,5.5,7.0,1590.9910750262588,1407.5897641914914,2.7295719203041493,1.153690727523236,-0.13810253788962154,4.0,1.8328812546463902,1.827409803310246,-0.5454143463236598,7.0,183.4013108347674,-3.0
2023-05-24,Brighton,Man City,1,1,4.0,4.33,1.75,1540.9793854103484,1657.6038410037966,2.1938435326867296,1.7191893383927042,-0.024953912253175697,3.0,2.0040948530393674,0.7902847445588953,0.3921186979832755,3.0,-116.62445559344815,0.0
2023-05-25,Man United,Chelsea,4,1,1.6,4.33,5.0,1576.7242047010145,1458.0343851317216,1.9558689433898804,1.2087376368734488,-0.8603194401980966,5.0,1.2360456081845208,1.4625344808393879,-0.19565788921246738,4.0,118.68981956929292,1.0
2023-05-28,Arsenal,Wolves,5,0,1.36,5.25,8.0,1602.2627753111053,1461.6829608801472,1.4707948086072289,1.5635683053740381,0.04536192021437071,8.0,0.8493465027067832,2.170309002804558,0.03220835185444968,8.0,140.5798144309581,0.0
2023-05-28,Aston Villa,Brighton,2,1,2.0,3.6,3.5,1542.73118002169,1542.594889882977,1.3975640995035628,1.0268889469799185,-0.19169917993022487,8.0,2.177546113412576,1.7626321842588304,-0.24984454296114586,4.0,0.13629013871309326,4.0
2023-05-28,Brentford,Man City,1,0,3.8,4.0,1.83,1534.5755956136002,1655.988336531168,1.6740624305026917,1.272514012671394,-0.03100060528602579,8.0,1.9887504496173236,1.0635968839856427,0.11936915494280986,4.0,-121.41274091756782,4.0
2023-05-28,Chelsea,Newcastle,1,1,2.9,3.5,2.38,1452.7673554571493,1584.9438103777852,1.3284019921045598,2.17642268401526,-0.29634785314879786,3.0,2.5895330611554415,0.9329521749722905,-0.5327860648470605,6.0,-132.17645492063593,-3.0
2023-05-28,Crystal Palace,Nott'm Forest,1,1,1.67,4.0,5.0,1479.2247615858905,1448.2118505495307,1.2795642025404457,1.1799699931874545,0.3025438215328803,8.0,1.3534252588948064,1.7580845396784746,0.3334930391711558,8.0,31.01291103635981,0.0
2023-05-28,Everton,Bournemouth,1,0,1.5,4.5,6.5,1439.4866234527233,1442.8569041322648,1.8824942658546007,2.0062556282856434,-0.5233793979544876,8.0,1.139105476579629,1.6376962344532298,-0.18563717226317838,8.0,-3.3702806795415654,0.0
2023-05-28,Leeds,Tottenham,1,4,2.75,3.8,2.3,1411.2757380133105,1502.5642579663354,1.1581940613680157,2.3308060107843427,0.0915241864193573,7.0,1.4505810203970104,1.5614087178037221,0.044507912947628084,8.0,-91.28851995302489,-1.0
2023-05-28,Leicester,West Ham,2,1,1.91,3.8,3.6,1413.637028839965,1462.5733453967218,1.4719988972916993,1.873522585823646,-0.4501872121881612,6.0,1.4622377738161056,2.0048258302231803,0.05256651529735976,7.0,-48.936316556756765,-1.0
2023-05-28,Man United,Fulham,2,1,1.5,4.33,6.0,1581.9912343755868,1493.7330451665623,2.5679627812711074,1.3067287327751396,-0.8731105386684345,3.0,1.2425626856605565,1.632519659149848,0.5796237974325944,8.0,88.25818920902452,-5.0
2023-05-28,Southampton,Liverpool,4,4,6.5,4.75,1.44,1372.0393974592648,1574.8589089862219,1.0719644604194392,1.9931644208003578,-0.0169492611231219,7.0,1.8413993402177147,1.01990923501946,0.18432515307637398,8.0,-202.81951152695706,-1.0
2023-08-12,Arsenal,Nott'm Forest,2,1,1.18,7.0,15.0,1607.0556627061742,1450.7730938973102,1.7914056899020907,1.3209541046420337,0.44357662794278946,8.0,1.1642223767992073,1.6032898044802724,0.3809632393452985,8.0,156.28256880886397,0.0
2023-08-12,Bournemouth,West Ham,1,1,2.7,3.4,2.55,1434.4725561527857,1452.891676212101,0.9932248815600498,1.5328044154257954,-0.23648684382458546,8.0,1.360746388132749,2.0100468701290355,0.047837710361025396,8.0,-18.41912005931522,0.0
2023-08-12,Everton,Fulham,0,1,2.2,3.4,3.3,1447.8709714322024,1487.758821904894,1.7270929734046407,1.681454895345835,-0.4420747098440221,8.0,1.374430469576032,1.8626079122543273,0.27811328363722176,8.0,-39.887850472691525,0.0
2023-08-12,Newcastle,Aston Villa,5,1,1.75,3.75,4.6,1582.8957822530328,1551.0173986598027,2.368646618623383,1.1570872536465504,-0.5299395061278626,8.0,1.6370910891694654,1.0690385033271497,-0.2673713195016056,8.0,31.878383593230183,0.0
2023-08-13,Brentford,Tottenham,2,2,2.75,3.4,2.45,1546.3250145357672,1511.6661286056496,1.625547272185193,1.254764574259446,-0.11516916988853117,8.0,1.5707831814339976,1.4850870686916828,0.4411470770746251,8.0,34.65888593011755,0.0
2023-08-13,Chelsea,Liverpool,1,1,2.9,3.4,2.38,1454.8153835819016,1570.965121090298,1.47094343248834,2.0407738044459514,-0.4455030627299839,8.0,2.287497863613829,1.085879669845669,0.14558127899606688,8.0,-116.14973750839636,0.0
2023-08-14,Man United,Wolves,1,0,1.33,5.5,9.0,1587.9654576372552,1456.8900734850783,2.6050399254030676,1.4253570587063777,-0.8472261775383992,8.0,0.7540985489707013,2.3465882757191268,-0.054435972064073926,8.0,131.07538415217687,0.0
2023-08-19,Fulham,Brentford,0,3,2.7,3.3,2.63,1498.337050373047,1543.6659820214115,1.4171416405847674,2.0126889007874977,0.10076624452573778,7.0,1.6837334524043792,1.2956984430470375,-0.07233427847106827,6.0,-45.32893164836446,1.0
2023-08-19,Man City,Newcastle,1,0,1.67,4.0,5.0,1651.860746425359,1590.3112775995467,1.942375889352239,0.9697887378721413,0.0045349866362715124,8.0,2.7716880971257116,1.22495006425089,-0.280728304039262,7.0,61.549468825812255,1.0
2023-08-19,Liverpool,Bournemouth,3,1,1.2,7.0,13.0,1569.362926435043,1433.2814436317256,2.0837403230433784,1.260574827698108,0.05365925252579028,6.0,1.099899913401693,1.522611066204066,-0.29297093397904267,7.0,136.08148280331739,-1.0
2023-08-19,Tottenham,Man United,2,0,2.8,3.6,2.38,1514.3251611200053,1592.9605615891871,1.546514618501026,1.5722536526586885,0.4629541334755226,6.0,2.4741950310785725,1.486619583654071,-0.8727369471851657,5.0,-78.63540046918183,1.0
2023-08-19,Wolves,Brighton,1,4,4.0,3.8,1.85,1451.8949695331464,1541.6590085266726,0.9538582578000783,2.2690683301761325,-0.3985533242805376,5.0,2.4744049342029313,1.9183967459914644,-0.2710574956618294,7.0,-89.76403899352613,-2.0
2023-08-20,Aston Villa,Everton,4,0,1.7,4.0,4.5,1543.6019033132889,1437.2927429640492,1.6059172715476564,1.7402211845222937,-0.31247980770046546,8.0,1.9051340356387327,1.6608193560555045,-0.8852467285702074,8.0,106.30916034923962,0.0
2023-08-20,West Ham,Chelsea,3,1,3.75,3.5,2.0,1454.0827887331611,1456.4175782371567,1.3860528529151777,1.9069264507648054,-0.06176972967832321,8.0,1.5661904403845195,1.8879215215296112,-0.5459990462701796,7.0,-2.33478950399558,1.0
2023-08-21,Crystal Palace,Arsenal,0,1,5.5,4.0,1.6,1476.663518238111,1611.526921683581,1.2235031463365098,1.0265563455194715,0.23849782621088694,8.0,1.5956478048952794,1.247781248660776,0.5908518660833112,8.0,-134.86340344546988,0.0
2023-08-26,Bournemouth,Tottenham,0,2,3.8,3.75,1.91,1428.3935538409735,1524.8610172870153,1.159072353470889,1.8799293359027598,-0.3123090646178762,7.0,1.751291922965936,1.752532783270502,0.2562232411804695,7.0,-96.46746344604185,0.0
2023-08-26,Arsenal,Fulham,2,2,1.2,7.0,13.0,1619.4049194251675,1487.9150338842378,1.721560900122862,1.2109282084234891,0.2201407950049219,5.0,1.2072646844800117,2.3131294674883494,-0.0025307402409451667,7.0,131.48988554092966,-2.0
2023-08-26,Brentford,Crystal Palace,1,1,2.15,3.4,3.5,1554.0879985102208,1468.7855204965244,2.052043930811877,1.1108775823338348,-0.15414937908758733,7.0,1.1916583491249815,1.2698902139483754,-0.031304230350552076,5.0,85.30247801369637,2.0
2023-08-26,Everton,Wolves,0,1,2.3,3.3,3.2,1431.7445712687725,1442.7495578619921,1.6609200749533053,1.98732829306998,-0.8514553701602509,6.0,1.3116887791972662,2.4519811952770882,-0.6646345980310984,7.0,-11.004986593219655,-1.0
2023-08-26,Man United,Nott'm Forest,3,2,1.3,6.0,8.0,1582.424705422177,1446.3018349199035,2.4683861001646967,1.7037543995896376,-1.1973399893514673,7.0,1.1233871412969654,1.44634486559848,0.3093132378878672,8.0,136.1228705022736,-1.0
2023-08-26,Brighton,West Ham,1,3,1.53,4.75,5.25,1550.8044201978269,1462.438124915468,2.6149528612737054,2.077224203742873,-0.04092102971498301,7.0,1.4533722421288475,1.8454914363215367,0.21664388851147523,6.0,88.3662952823588,1.0
2023-08-27,Newcastle,Liverpool,1,2,2.2,3.75,3.0,1583.6736804693535,1574.250816225795,2.2528907706363412,1.2250181364177168,-0.2758644662717023,8.0,2.3252867053789363,1.2865969056122741,-0.009915872814345748,8.0,9.422864243558479,0.0
2023-09-02,Brentford,Bournemouth,2,2,1.73,3.8,4.75,1550.1337496739916,1419.4393341834277,1.8242650018083817,1.1005066090158777,-0.11161986941022797,7.0,1.0197083318264937,1.9585810066624492,-0.34764529843830794,7.0,130.69441549056387,0.0
2023-09-02,Chelsea,Nott'm Forest,0,1,1.4,4.5,8.5,1457.6189231256803,1441.4148249961968,1.9544974738590253,1.5657519347920226,-0.5291475881149633,8.0,1.089750231011791,1.7726772943428195,0.4599951017227918,7.0,16.204098129483555,1.0
2023-09-02,Man City,Fulham,5,1,1.17,8.0,15.0,1658.498343555552,1492.9288664797994,1.7944250500068064,0.8227583209077709,-0.04288031816725976,8.0,1.1335177440823525,2.5024754802328832,0.23529178648985907,7.0,165.56947707575273,1.0
2023-09-02,Brighton,Newcastle,3,1,2.5,3.8,2.55,1536.7760365271965,1571.7017046329552,2.3589871449266084,2.257848289922337,-0.10970222517078104,7.0,2.1223920330651147,1.1489089984557788,-0.34694124244241265,6.0,-34.92566810575863,1.0
2023-09-03,Crystal Palace,Wolves,3,2,1.91,3.3,4.33,1472.7397693327537,1454.1504736250495,1.16462052400875,1.2034802671356444,-0.037350581029282535,8.0,1.3303791376781418,2.33766987163767,-0.6105068200537502,8.0,18.589295707704196,0.0
2023-09-03,Liverpool,Aston Villa,3,0,1.65,4.5,4.5,1586.2227920621933,1559.2429844117087,2.02217528400694,1.3554594149161503,0.22812970815044667,7.0,2.128025447845327,1.3444663772478749,-0.03929132004068966,7.0,26.979807650484645,0.0
2023-09-03,Arsenal,Man United,3,1,1.75,3.8,4.5,1614.391086829606,1587.3117153458838,2.0329565827151543,1.1364254268394531,-0.07922705302201287,8.0,2.583849221390694,1.5503794937208637,-0.9560934018500391,8.0,27.07937148372207,0.0
2023-09-16,Wolves,Liverpool,1,3,6.0,5.0,1.45,1446.3746503609716,1593.7703343656924,1.290918006663369,2.335953381728709,-0.30693990175370267,8.0,2.168492774396792,1.2027974779790829,0.23648334392722467,8.0,-147.3956840047208,0.0
2023-09-16,Aston Villa,Crystal Palace,3,1,1.91,3.6,4.0,1551.6954421082096,1480.5155925968315,1.8159738162975048,1.6306033925445624,-0.1581707423622299,8.0,1.4049220813409156,1.1901996936141246,0.10872079925292553,8.0,71.17984951137805,0.0
2023-09-16,West Ham,Man City,1,3,7.0,4.5,1.45,1488.3610063897158,1662.7867546784864,1.6518289740163188,1.8048404645261023,0.3040516632391632,8.0,1.8371519149353668,0.9551120208100075,0.5845989685931741,8.0,-174.4257482887706,0.0
2023-09-16,Man United,Brighton,1,3,2.15,4.0,2.88,1579.7668661729479,1546.055589616276,2.2500898935707045,1.6245178391990973,-0.7518476742945357,8.0,2.1451638453234274,1.9786898489352207,0.259002653843977,8.0,33.71127655667192,0.0
2023-09-16,Newcastle,Brentford,1,0,1.53,4.2,6.0,1562.4221515438758,1545.1370766337843,1.8711798523241672,1.1847394216416438,-0.2557139166327606,8.0,2.081656840676543,1.3088040969997774,-0.3097269317806231,8.0,17.285074910091453,0.0
2023-09-17,Bournemouth,Chelsea,0,0,4.33,3.75,1.8,1424.436007223635,1445.4601004951198,1.2446754793312276,2.1882618330313215,-0.2986430264384273,8.0,2.0225644719477693,1.4800804500878884,-0.8912814663393077,8.0,-21.024093271484844,0.0
2023-09-17,Everton,Arsenal,0,1,6.0,4.5,1.5,1420.343655505715,1621.935936002542,1.709816794964498,1.8666238558275092,-1.0673570756009134,8.0,2.007533451811474,1.1012870928925036,0.16205430052468767,8.0,-201.5922804968268,0.0
2023-09-23,Crystal Palace,Fulham,0,0,1.91,3.4,4.2,1474.1215103571185,1496.4476906053965,1.345512029321953,1.4222967051771427,0.06216012723366725,7.0,1.3163162876682422,2.2047638804531062,-0.08398745380449439,7.0,-22.32618024827798,0.0
2023-09-23,Man City,Nott'm Forest,2,0,1.14,8.5,15.0,1669.6074445896556,1452.383918514726,2.314415285965353,0.9428405748128242,0.2266353676215149,7.0,1.0204834083341663,1.6573785912888377,0.32582203307716023,5.0,217.22352607492962,2.0
2023-09-23,Brentford,Everton,1,3,1.8,3.8,4.2,1537.3255422443412,1414.2074351630276,1.782925095807023,1.3485095720375433,-0.37656110445147734,7.0,1.4154823468078193,1.6471039270941439,-0.9055698196639326,6.0,123.11810708131361,1.0
2023-09-24,Brighton,Bournemouth,3,1,1.36,5.25,7.5,1558.689257831425,1423.3188728017808,2.1026467967496214,1.7190001061612319,0.424445795227448,8.0,1.261278134909874,2.0249695737183697,-0.5104211344593304,7.0,135.37038502964424,1.0
2023-09-24,Arsenal,Tottenham,2,2,1.67,4.33,4.33,1628.0721563452294,1544.0589755717363,1.7589453034622962,0.9325017903716695,0.1693454214462038,7.0,1.9681739136670944,1.526897593328366,0.655496372255474,8.0,84.0131807734931,-1.0
2023-09-24,Liverpool,West Ham,3,1,1.4,5.0,7.0,1601.3066300269027,1481.5403164785466,2.3043511131410015,1.0658153194929842,0.2233840658948757,8.0,1.4958183783038854,2.2887639839504303,0.2628550328288034,8.0,119.76631354835604,0.0
2023-09-24,Chelsea,Aston Villa,0,1,1.91,3.75,3.8,1446.577234916974,1558.0895243479226,1.8934571471146864,1.4481168312918082,-0.995568536999428,7.0,1.918964778677468,1.5246338972832616,0.015746229557787084,8.0,-111.51228943094861,-1.0
2023-09-30,Newcastle,Burnley,2,0,1.3,5.75,9.0,1570.2336859333188,1464.2039435314427,1.7948618842418151,1.0710502326888751,-0.30637239855912596,8.0,0.9229759509153965,1.5907800059913455,-0.1539312663901208,7.0,106.02974240187609,1.0
2023-09-30,Wolves,Man City,2,1,8.0,5.75,1.33,1441.2250499096995,1672.9787580304135,1.0588501760553566,2.396774561760089,-0.06894310953008892,7.0,2.1133511768053648,0.8987457272336199,0.3160756040643568,7.0,-231.753708120714,0.0
2023-09-30,Aston Villa,Brighton,6,1,2.55,3.75,2.55,1566.6176507587527,1563.59228168631,1.7571837138600424,1.4570736068442487,-0.01531050954383606,6.0,2.1114526577125443,1.692353419638188,0.5132042351197886,6.0,3.0253690724427997,0.0
2023-09-30,Bournemouth,Arsenal,0,4,5.5,4.5,1.53,1418.415848946896,1624.1492599408793,1.3290628811654566,2.049800821107582,-0.5268058346347565,6.0,1.8794194824078843,1.1964016030800542,0.06366539706543627,6.0,-205.7334109939834,0.0
2023-09-30,Everton,Luton,1,2,1.57,3.8,6.5,1429.038711984613,1461.0045533852742,1.6423170600465367,1.6320260209470143,-0.6186759101166422,7.0,1.7023989578784313,1.9183058235897341,-1.0920077872654437,7.0,-31.965841400661247,0.0
2023-09-30,Man United,Crystal Palace,0,1,1.55,4.2,5.75,1576.1605066917111,1473.0414006289063,1.7086796488661924,1.5338651915791939,-0.39481380808364547,7.0,1.1447415514834567,1.2408230377203302,-0.027485489223538842,7.0,103.1191060628048,0.0
2023-09-30,Tottenham,Liverpool,2,1,2.9,4.0,2.15,1547.9818719760863,1606.5496517232689,2.0184073987004076,1.6952466160591468,0.47659380207871255,6.0,2.683599599605155,1.1633914360859023,-0.05843269018355541,6.0,-58.56777974718261,0.0
2023-10-01,Nott'm Forest,Brentford,1,1,2.75,3.1,2.7,1449.0126050739682,1522.494265422756,0.960370109046367,1.5918673733246285,0.10817977244792262,8.0,1.739826427290234,1.589158997694184,-0.4172983370788631,8.0,-73.48166034878773,0.0
2023-10-02,Fulham,Chelsea,0,2,3.6,3.5,2.05,1497.5278003336086,1438.049108506144,1.1567089789843492,1.8267253882495518,-0.1786187107678314,8.0,1.7498058885527454,1.3834751853468197,-1.0371583488999574,8.0,59.47869182746467,0.0
2023-10-03,Luton,Burnley,1,2,2.9,3.0,2.63,1471.8096947496153,1458.6493211173795,1.6495315659894652,2.3956729526122342,-0.6569063012559556,3.0,0.8896580492314017,2.0018330816498384,-0.3321513832558438,3.0,13.16037363223586,0.0
2023-10-07,Luton,Tottenham,0,1,6.0,4.75,1.45,1459.7345508040337,1557.9406495970336,1.6189172759696269,2.0159354281314035,-0.6243939926401466,4.0,2.0534430591365274,1.5771858377579056,0.33943572770445196,7.0,-98.20609879299991,-3.0
2023-10-07,Burnley,Chelsea,1,4,4.5,3.8,1.73,1470.7244650629611,1451.3585425248154,0.8975201048215267,1.8805477635931738,0.03123774151611725,4.0,1.7982473315566065,1.281541116613498,-0.8200115513512333,5.0,19.365922538145696,-1.0
2023-10-07,Everton,Bournemouth,3,0,1.91,3.6,3.8,1418.2335706202718,1412.3805565141372,2.0572946993486236,1.6068924105234323,-1.0385308937470143,7.0,1.187821849445975,2.467446052432284,-0.5510750606123275,7.0,5.853014106134651,0.0
2023-10-07,Man United,Brentford,2,1,1.67,4.2,4.75,1561.7825985714146,1522.1064266825065,1.6767848492700157,1.4629547643306287,-0.6339771124052294,7.0,1.7437036497785787,1.426416341976512,-0.4877149655546869,6.0,39.67617188890813,1.0
2023-10-07,Crystal Palace,Nott'm Forest,0,0,2.2,3.1,3.6,1487.4193087492029,1449.4004438142176,1.1541096507292692,1.305450269170631,-0.06104438256846915,7.0,0.9273499672196545,1.62626967525806,0.12705756600891008,6.0,38.01886493498523,1.0
2023-10-08,West Ham,Newcastle,2,2,3.2,3.75,2.1,1476.2972947821804,1575.788308347382,1.504681679054265,2.671228210612388,0.09747178826090193,8.0,2.0610599420923013,1.0155120245511169,-0.4670420488126117,8.0,-99.49101356520168,0.0
2023-10-08,Brighton,Liverpool,2,2,3.0,3.8,2.2,1555.3866584287005,1596.5908741023215,2.032383360013041,1.7367311483249912,0.2570974416091263,8.0,2.361636834538611,1.3748215451074615,-0.07175123569232252,8.0,-41.20421567362109,0.0
2023-10-08,Arsenal,Man City,1,0,2.9,3.3,2.4,1630.184552373638,1658.4021610274328,2.332215367001266,1.0825293584809672,0.03522297017185869,8.0,1.879687165440361,0.8523759245190775,0.2548382835124315,8.0,-28.21760865379474,0.0
2023-10-08,Wolves,Aston Villa,1,1,3.5,3.4,2.1,1455.80164691268,1574.8232740163621,0.9794502695752506,2.1046405242520745,0.21884479733011394,8.0,1.788186578780131,1.5130064830852887,0.8321627527424956,8.0,-119.02162710368202,0.0
2023-10-21,Liverpool,Everton,2,0,1.33,5.75,7.5,1597.131333118537,1426.360544767164,2.392304647214265,1.551634473288465,-0.16222374351318042,8.0,2.2857835592589373,1.4779182106766642,-0.858279295082799,8.0,170.77078835137308,0.0
2023-10-21,Bournemouth,Wolves,1,2,2.38,3.4,3.0,1404.2535823672451,1457.4842709496234,1.145304592059992,2.6113174158338484,-0.6399215127118775,8.0,1.1409597952391513,2.0451298283672874,0.01642611276949541,8.0,-53.23068858237821,0.0
2023-10-21,Brentford,Burnley,3,0,1.83,3.75,4.2,1514.8991353232543,1458.4790516039384,1.5954504408463952,1.3990074846147316,-0.39227336672511276,8.0,0.9119968680386128,1.9038372288809928,0.034205544081839734,8.0,56.420083719315926,0.0
2023-10-21,Man City,Brighton,2,1,1.4,5.25,6.5,1649.3143886786527,1554.846199412485,1.6689218558170713,0.7562749989361093,0.025238676872471427,8.0,2.073538345764117,1.8963197980730881,0.15622127219006618,8.0,94.46818926616766,0.0
2023-10-21,Newcastle,Crystal Palace,4,0,1.45,4.5,7.0,1574.6565354207055,1484.670639253218,2.0440582955359017,0.9981478817451535,-0.3662839511359045,8.0,1.1186956869246087,1.2880380066538477,-0.2511360905373866,8.0,89.98589616748745,0.0
2023-10-21,Nott'm Forest,Luton,2,2,1.67,3.75,5.5,1452.1491133102024,1450.8297995062128,0.9879419786221341,1.4934463740447113,-0.15106480339672018,8.0,1.4301770711363995,2.1049515853821044,-0.6791757189489724,8.0,1.319313803989644,0.0
2023-10-21,Chelsea,Arsenal,2,2,3.2,3.4,2.25,1463.6039559838382,1639.2723247224183,1.834848358283637,1.2145129762044975,-0.23320910896931452,8.0,1.9308175529890235,1.0362225955538964,0.1545121412919579,8.0,-175.66836873858006,0.0
2023-10-22,Aston Villa,West Ham,4,1,1.85,3.6,4.0,1573.1406499794189,1477.429067708857,1.7939617467387614,1.5644409763267724,0.4921022729708125,8.0,1.3863990140308766,2.5283453296086957,0.29783248853907446,8.0,95.71158227056185,0.0
2023-10-23,Tottenham,Fulham,2,0,1.5,4.5,6.0,1566.8454008948545,1484.2183663149372,2.120704298201793,1.4267749361300988,-0.015184441952626828,8.0,1.1015580870574395,1.8592978946428826,-0.325253484723883,8.0,82.62703457991734,0.0
2023-10-27,Crystal Palace,Tottenham,1,2,4.5,3.75,1.75,1478.7380005438624,1572.9563140029481,1.1123527142454757,1.7925188671241623,-0.42377454152581967,6.0,2.0205487798858073,1.2862946016793937,0.06320185823088678,4.0,-94.21831345908572,2.0
2023-10-28,Bournemouth,Burnley,2,1,2.15,3.5,3.3,1394.0587705731116,1451.7098665601648,1.1191216751099107,2.548028179580058,-0.5116974234637232,7.0,0.8603942096896445,2.1992610867290576,-0.1372787232069353,7.0,-57.65109598705317,0.0
2023-10-28,Wolves,Newcastle,2,2,4.2,4.0,1.75,1467.679082743757,1580.589174130061,1.3810103943980785,1.833309869612868,-0.04979030047368528,7.0,2.3925687901787147,1.0166744602540512,-0.23570891015964904,7.0,-112.9100913863042,0.0
2023-10-28,Chelsea,Brentford,0,2,1.65,4.0,5.25,1466.8153797305743,1521.668320367028,1.8108205352984652,1.182205243472238,-0.1269980926879391,7.0,1.9175725413837994,1.253382324894875,-0.3437047162727011,7.0,-54.852940636453695,0.0
2023-10-29,West Ham,Everton,0,1,2.15,3.5,3.3,1471.6330361355444,1422.1721394507601,1.2364616665543466,2.4897838613960555,0.30660981777807056,7.0,1.8335618770655866,1.6445630793858597,-0.7005581250821915,8.0,49.4608966847843,-1.0
2023-10-29,Aston Villa,Luton,3,1,1.25,6.5,9.5,1578.9366815527314,1452.5766115547506,1.9069063307718512,1.3777737087770885,0.7327485779072732,7.0,1.4455901006671878,2.3809303959547647,-0.40011130380512705,8.0,126.36006999798087,-1.0
2023-10-29,Brighton,Fulham,1,1,1.55,4.2,5.5,1549.020660734628,1478.1074532068435,1.8445816850110128,1.7036714179602679,0.13147429317385242,8.0,1.028171442642669,1.8130716861514058,-0.41202195069455266,6.0,70.9132075277846,2.0
2023-10-29,Liverpool,Nott'm Forest,3,0,1.29,5.75,11.0,1601.3197384349407,1450.4023012616647,2.3703076156867695,1.250872532902207,-0.18769319393724493,8.0,1.4598733632545182,1.4938803614847782,-0.38303874885684547,8.0,150.91743717327608,0.0
2023-10-29,Man United,Man City,0,3,5.0,3.8,1.67,1568.9898899306668,1655.1399273565096,1.5977238494346548,1.3726213057185472,-0.3574430689969012,8.0,1.5231857252299361,0.7990745121179906,0.23407085700007346,8.0,-86.15003742584281,0.0
2023-11-04,Burnley,Crystal Palace,0,2,2.75,3.25,2.6,1441.777472422213,1469.7197106524236,0.8700487819417239,1.9476260176185638,-0.08352085504325897,7.0,0.9987788096172251,1.626771409847177,-0.24595324258479,8.0,-27.942238230210705,-1.0
2023-11-04,Brentford,West Ham,3,2,2.05,3.6,3.5,1531.8164538074134,1458.5827590652525,2.033885435341737,1.3492362324968499,-0.3721054252563202,7.0,1.1089901405177114,2.127521031847166,0.1157403881646534,6.0,73.23369474216088,1.0
2023-11-04,Fulham,Man United,0,1,3.2,3.6,2.2,1481.7066924443757,1559.7411304657323,0.9300435326127361,1.7113410489090484,-0.23470436034150735,6.0,1.4155381376941214,2.0272899321473066,-0.43113154904066114,6.0,-78.03443802135666,0.0
2023-11-04,Everton,Brighton,1,1,3.1,3.6,2.2,1435.222416521052,1545.421421497096,1.6066799004009775,1.4328988279427757,-0.5011152800076233,6.0,1.7363508558645135,1.4661864810882717,0.038342214856608985,6.0,-110.19900497604385,0.0
2023-11-04,Newcastle,Arsenal,1,0,2.8,3.2,2.6,1579.0779636629504,1636.0609009756822,2.377570779668458,0.9850519676889572,-0.2530716325223905,7.0,1.7507337218547223,1.1769540148303543,0.31699216294721444,8.0,-56.98293731273179,-1.0
2023-11-04,Man City,Bournemouth,6,1,1.1,11.0,19.0,1664.388686821444,1403.9911647110634,2.1467923939459017,0.7816529061574701,-0.1331535693780611,6.0,1.1152841007621839,2.2085617167809013,-0.22056782097484956,7.0,260.3975221103806,-1.0
2023-11-05,Nott'm Forest,Aston Villa,2,0,4.2,3.75,1.85,1445.822908584698,1584.0341966048481,1.2911461630377208,1.743589970894167,-0.4364662340872471,7.0,2.1482048234477062,1.187014605358181,0.5657902223755976,7.0,-138.21128802015005,0.0
2023-11-05,Luton,Liverpool,1,1,12.0,6.5,1.22,1447.4790965026339,1605.8991311119073,1.2182926597203214,2.5402397845832887,-0.1832294742608665,7.0,2.4392069942275088,1.125263421171449,-0.08796378454562366,7.0,-158.42003460927344,0.0
2023-11-06,Tottenham,Chelsea,1,4,2.0,3.75,3.5,1581.974603894387,1456.6672462901888,1.8077579671438315,1.1368358872834068,0.2587146262127358,8.0,1.7916734785223571,1.4502263390812726,-0.45522802071068713,8.0,125.30735760419816,0.0
2023-11-11,Man United,Luton,1,0,1.33,5.25,9.5,1569.22252330278,1450.2384368323642,1.2673214346700843,1.8529889869173712,-0.2796978843707801,7.0,1.245793288221157,2.6519846894158854,-0.21858191060299567,6.0,118.98408647041583,1.0
2023-11-11,Bournemouth,Newcastle,2,0,4.75,4.0,1.73,1401.2604270406055,1588.9911278010547,1.017877159535481,2.247950598218915,-0.10144064059399883,7.0,2.1188630048504815,0.8923026478838074,-0.22635098013454222,7.0,-187.73070076044928,0.0
2023-11-11,Wolves,Tottenham,2,1,3.1,3.75,2.2,1469.1902932108676,1567.0951703253495,1.2742245687698859,1.9336885002451925,0.19496657328142813,8.0,1.632679253809292,1.7396137995700893,0.2137772473063006,5.0,-97.9048771144819,3.0
2023-11-11,Arsenal,Burnley,3,1,1.18,7.0,17.0,1626.147736837578,1430.8573854982328,1.5000222485904238,1.165936626548511,0.14112636471520693,7.0,1.0110709248879726,1.833174701624136,-0.4006726354680777,7.0,195.29035133934508,0.0
2023-11-11,Crystal Palace,Everton,2,3,2.45,3.2,3.0,1480.6397975764037,1436.657289225494,1.0890880279523387,1.6005768750837666,-0.07896710537705945,7.0,1.4026315677544086,1.2285746836389844,-0.3188452053327361,7.0,43.98250835090971,0.0
2023-11-12,Liverpool,Brentford,3,0,1.4,5.0,6.5,1603.139790782177,1538.1592180541963,2.5629970499153814,1.1697909331258114,-0.4905179797455253,7.0,1.9917079387579661,1.4329564132086425,-0.053850505087079656,8.0,64.98057272798064,-1.0
2023-11-12,Aston Villa,Fulham,3,1,1.57,4.2,5.5,1571.8203640775514,1472.225299607328,1.9796468647329473,1.0643541355761192,0.1744456497266972,7.0,0.9821073965254967,1.5020994297226764,-0.43021851863425675,8.0,99.5950644702234,-1.0
2023-11-12,Chelsea,Man City,4,4,5.0,3.7,1.73,1471.5466798592265,1667.119424491902,2.259355206560395,1.3489076569879144,-0.3734131927798775,6.0,2.198924572633857,0.7530746485100028,0.6371110144417682,8.0,-195.5727446326755,-2.0
2023-11-12,West Ham,Nott'm Forest,3,2,1.85,3.6,4.0,1452.2399948184695,1458.0367411119948,1.2422739834617387,2.066026133425295,0.14239666986666372,8.0,1.1470026937528968,1.658504586530375,-0.056040231179712637,7.0,-5.7967462935253025,1.0
2023-11-25,Man City,Liverpool,1,1,1.73,4.2,4.2,1663.4040143236987,1609.6900905251382,2.4040538066068535,1.3140727064073867,0.6721099347984987,8.0,2.3560855491339954,1.2275035732373838,-0.09225755967243725,8.0,53.71392379856047,0.0
2023-11-25,Burnley,West Ham,1,2,3.4,3.5,2.05,1427.1172240409223,1460.6924347804772,0.8606945786849817,2.0089452199357027,-0.16456335276549144,8.0,1.411801807584278,1.9330137343248226,0.3061144762323964,8.0,-33.575210739554905,0.0
2023-11-25,Luton,Crystal Palace,2,1,3.6,3.3,2.1,1444.9779769106622,1467.733209478254,1.0614928665321308,2.6715837579242216,-0.2603222002801295,8.0,1.254717973427581,1.639737760183952,-0.04038304462301077,8.0,-22.755232567591747,0.0
2023-11-25,Newcastle,Chelsea,4,1,2.55,3.5,2.63,1575.4718836387221,1475.2620900274298,1.7448948796188812,1.2826130555102042,-0.24281181862021975,8.0,2.5096039889153277,1.7293961066822232,-0.1875287322362702,8.0,100.2097936112923,0.0
2023-11-25,Nott'm Forest,Brighton,2,3,3.2,3.6,2.15,1449.5843011499871,1543.986548792654,1.2035866430492275,1.742163216216542,0.07491205659010133,8.0,1.469424602830893,1.2911228602995117,0.14544775930265644,8.0,-94.40224764266691,0.0
2023-11-25,Brentford,Arsenal,0,1,4.5,3.75,1.75,1531.6089183112351,1629.8878982948884,1.879857903012741,1.4591739423340422,-0.34178328151216353,8.0,1.7335391134369578,0.9930079948646294,0.1879432213056612,8.0,-98.27897998365324,0.0
2023-11-26,Tottenham,Aston Villa,1,2,2.3,3.8,2.8,1556.0084882903404,1577.5248087243515,1.3850417405055815,1.7745254985208947,0.28678911477723595,8.0,2.1613454568475197,0.978613365333002,0.1672590044299183,8.0,-21.51632043401105,0.0
2023-11-26,Everton,Man United,0,3,2.7,3.4,2.55,1449.5638773236437,1574.482983224482,1.482628960207777,1.3654282569058123,-0.0035239445834033814,8.0,1.5713545446571522,1.5549395786689308,-0.5811777083717963,8.0,-124.9191059008383,0.0
2023-11-27,Fulham,Wolves,3,2,2.38,3.3,3.0,1466.520854960528,1480.2769752458767,0.9133340765581935,1.7823174536266062,-0.2689989902676331,8.0,1.4051469840244768,1.6239521856549077,0.1735510724528968,8.0,-13.756120285348743,0.0
2023-12-02,Brentford,Luton,3,1,1.45,4.5,6.5,1522.7062394918128,1453.9100738534642,1.8351508355182673,1.5350547804899828,-0.6143826202862247,7.0,1.0473097129033273,2.490088564549435,0.014087695729650195,7.0,68.79616563834861,0.0
2023-12-02,Arsenal,Wolves,2,1,1.25,5.5,12.0,1638.7905771143107,1471.600176468824,1.7528181674998826,1.1312592669713517,-0.02143898108372193,7.0,1.4409615391728763,1.8027367034816244,0.22465172212182832,5.0,167.19040064548676,2.0
2023-12-02,Newcastle,Man United,1,0,1.91,3.75,3.8,1581.1619106679439,1582.6359074003624,1.8289369605296906,1.2177205081324503,0.18847000463776767,7.0,1.674914875524939,1.7494200491749345,-0.27010859210176597,6.0,-1.4739967324185272,1.0
2023-12-02,Nott'm Forest,Everton,0,1,2.75,3.25,2.6,1440.571254015275,1441.4109531477634,1.4146254741227087,1.634011076849281,0.012719995062677372,7.0,1.692027216664325,1.5114714809867873,-0.5180637209304948,6.0,-0.8396991324884766,1.0
2023-12-03,Liverpool,Fulham,4,3,1.25,6.5,9.0,1612.8509716049543,1475.1976537375806,2.0281065856802343,1.3448303680751206,-0.025007634895870365,8.0,1.238720145715585,1.7403211913303493,-0.10840795534584458,6.0,137.65331786737374,2.0
2023-12-03,West Ham,Crystal Palace,1,1,2.0,3.5,3.8,1471.45153821053,1458.801112535452,1.4031017022321466,1.8317746498976584,0.3730088632503349,8.0,1.374525899694275,1.5069652864066103,-0.20440857900419654,8.0,12.650425675078168,0.0
2023-12-03,Bournemouth,Aston Villa,2,2,3.4,4.0,1.95,1414.779671202938,1588.6279503124415,1.3822803872467984,1.8473524487437467,-0.2423031433294693,8.0,2.210074701634676,1.2358308806782432,0.05073831491427057,7.0,-173.84827910950344,1.0
2023-12-03,Chelsea,Brighton,3,2,1.73,4.2,4.2,1469.5720629982081,1552.9995959273663,2.191582054814392,1.8166354340319835,-0.14225230908077,8.0,1.4175388368057606,1.484102842207408,0.483087375254766,8.0,-83.42753292915813,0.0
2023-12-03,Man City,Tottenham,3,3,1.29,6.0,9.0,1660.2431332438825,1544.9053467022504,2.278656806644295,1.201061860297462,0.3691913297824367,8.0,1.5584129999335998,1.9030563609695836,-0.02518182900370448,7.0,115.33778654163211,1.0
2023-12-05,Wolves,Burnley,1,0,1.85,3.6,4.2,1467.3431159489803,1416.3581206108695,1.3662596121706905,2.1123828784938907,0.16203693577752656,3.0,0.986937802257027,1.8701707402369798,-0.22484657772534575,8.0,50.98499533811082,-5.0
2023-12-05,Luton,Arsenal,3,4,17.0,7.0,1.18,1447.4561574341672,1643.0476376341544,0.8711819637255485,2.655327750233916,0.17703004938260294,3.0,2.0727625887982097,1.1204492432824074,-0.28596664703369,3.0,-195.59148019998725,0.0
2023-12-06,Fulham,Nott'm Forest,5,0,2.0,3.4,3.75,1470.3431045130353,1428.8847518913158,1.294695778999461,1.9441443179395412,0.22133496586997273,3.0,1.2616448972005156,1.4256012037148775,-0.12876229412043338,4.0,41.45835262171954,-1.0
2023-12-06,Brighton,Brentford,2,1,1.91,3.8,3.75,1542.3263174348374,1529.1601559111098,1.3014984507108216,1.5210177653804329,0.6196286779421668,3.0,2.12899922434085,1.265238442137795,-0.5411742050630486,4.0,13.166161523727624,-1.0
2023-12-06,Aston Villa,Man City,1,0,4.75,4.2,1.7,1585.463588965679,1655.5853709478256,1.9387965326253707,1.5068149510253257,0.26821056997376663,3.0,2.408344493221039,1.0426257787945472,0.31215294170473723,3.0,-70.12178198214656,0.0
2023-12-06,Man United,Chelsea,2,1,2.88,3.4,2.45,1574.304666797812,1480.245341490737,1.416576270595794,1.9871799338027196,-0.3015829956348351,4.0,2.0825434466325747,1.6182613139201774,0.16291026013847654,3.0,94.05932530707491,1.0
2023-12-06,Crystal Palace,Bournemouth,0,2,2.25,3.5,3.1,1460.8622067748436,1417.9440325497005,1.2947195977873232,1.4326215501696427,-0.15969765863311394,3.0,1.6230521974303365,1.650903833648309,-0.3056513576568356,3.0,42.91817422514305,0.0
2023-12-07,Everton,Newcastle,3,0,3.25,3.25,2.25,1453.0974552717225,1589.4931512704943,1.4716485530870207,1.3385114713570199,-0.3335739088312542,5.0,2.0502924230138118,1.0537015803214367,-0.24277758097033011,5.0,-136.39569599877177,0.0
2023-12-07,Tottenham,West Ham,1,2,1.75,4.2,4.2,1549.5631089983074,1469.3904439711384,1.326255003831195,2.110230813106264,0.5095721136626404,4.0,1.350185132256082,1.6576374516416958,0.26581301022833614,4.0,80.17266502716893,0.0
2023-12-09,Crystal Palace,Liverpool,1,2,6.0,4.5,1.5,1447.9836895438202,1617.7055208294996,1.2884667058420625,1.508405801058281,-0.3876006136519398,3.0,2.172559056483897,1.3789152976380623,0.24250202503337076,6.0,-169.7218312856794,-3.0
2023-12-09,Brighton,Burnley,1,1,1.5,4.75,6.0,1550.2510140745874,1409.4481298703672,1.3509057305439647,1.4589320237188084,0.5864929285135472,3.0,0.9428280433568238,1.7088230629873944,-0.34439965810745365,4.0,140.80288420422016,-1.0
2023-12-09,Man United,Bournemouth,0,3,1.55,4.33,5.75,1580.1399275824062,1430.8225497807239,1.9576852700218648,2.062277536740566,-0.6601144675949157,3.0,1.6595504680581223,1.5711698762309265,-0.20132892783286196,3.0,149.31737780168237,0.0
2023-12-09,Wolves,Nott'm Forest,1,1,1.85,3.6,4.33,1474.2531066894826,1421.7246871164007,1.3152208932455016,1.8378294427159174,0.10408769476495523,4.0,1.0464761522575128,1.769848783270782,-0.14730804956212742,3.0,52.52841957308192,1.0
2023-12-09,Aston Villa,Arsenal,1,0,3.3,3.6,2.1,1595.7548348785879,1649.3317626622404,1.9910737859144056,1.402667265607542,-0.03307281049250316,3.0,2.179087384488513,0.9978663348352782,0.06429415521313396,4.0,-53.576927783652536,-1.0
2023-12-10,Everton,Chelsea,2,0,3.1,3.5,2.25,1465.261534895705,1474.4100807061427,1.777444287660838,1.3296670558088233,-0.2552530958579105,3.0,2.137967418662857,2.1177619190391455,-0.1494513914081687,4.0,-9.148545810437781,-1.0
2023-12-10,Fulham,West Ham,5,0,2.38,3.5,2.9,1477.5031692879504,1483.2194089190348,1.665949242352883,1.5881754488731825,0.5688268796674483,4.0,1.430789892060296,1.6483626968520635,0.26442811136297506,3.0,-5.716239631084363,1.0
2023-12-10,Luton,Man City,1,2,17.0,8.0,1.14,1441.1720324060811,1645.2941250349168,0.797728072123013,2.6410219597422224,0.666125577203297,5.0,2.118210481101605,1.2797837720708967,0.04104636537055754,4.0,-204.12209262883562,1.0
2023-12-10,Tottenham,Newcastle,4,1,2.15,3.8,3.1,1535.734144050411,1577.329071646512,1.3853446877007152,2.034037599240041,0.2780506909333754,3.0,1.8946070823357481,1.4457200776613446,-0.45998385950998577,3.0,-41.59492759610089,0.0
2023-12-15,Nott'm Forest,Tottenham,0,2,4.2,4.2,1.73,1424.8548227430574,1545.2048984561786,1.08186366490279,1.6155651681232555,-0.16189389485210198,6.0,2.0075129166223933,1.947317630823214,0.1379250831842317,5.0,-120.35007571312121,1.0
2023-12-16,Newcastle,Fulham,3,0,1.8,3.8,4.0,1567.8583172407443,1485.9533476579195,1.8366516944668692,2.0554328355269385,-0.49169144484489746,6.0,1.7737310768776187,1.4633274720367921,1.0315120184944104,6.0,81.90496958282483,0.0
2023-12-16,Burnley,Everton,0,2,3.6,3.4,2.1,1414.659920528817,1473.8082748027498,0.9659957578679442,1.9757925635885247,-0.2820509722028108,7.0,1.6406517534282834,1.2380376610231703,-0.019888382054812692,6.0,-59.14835427393268,1.0
2023-12-16,Man City,Crystal Palace,2,2,1.18,8.0,13.0,1651.3685766296342,1441.0407765815596,2.142000951536283,1.1579124379759551,-0.015598866631884888,6.0,1.3922468346186698,1.480017660238845,-0.4709293710964924,7.0,210.32780004807455,-1.0
2023-12-17,Brentford,Aston Villa,1,2,3.2,3.75,2.1,1521.2354592713598,1605.5699850577575,1.941486702215709,1.3221261168983642,-0.4749302580714383,8.0,1.7099742519633123,1.4674461116639475,0.05039087220139087,8.0,-84.33452578639776,0.0
2023-12-17,Arsenal,Brighton,2,0,1.44,5.0,6.0,1639.5166124830707,1545.0392234161375,2.083690462794381,0.9216656817032017,-0.3031195791187847,8.0,1.683372189581638,1.3749033636052594,0.06064068971500224,8.0,94.47738906693326,0.0
2023-12-17,Liverpool,Man United,0,0,1.3,6.0,8.0,1624.6484337917602,1564.751922961964,2.007155789879729,1.4640358398196467,0.3222779972926648,8.0,1.7834180535622894,2.0441070999073014,-0.7535367117481487,8.0,59.89651082979617,0.0
2023-12-17,West Ham,Wolves,3,0,2.15,3.5,3.3,1474.7692305490657,1471.1229710628259,1.3384106288637996,1.7597726439008723,0.007083111260132366,7.0,1.2547272234580147,1.7099604031323945,0.07807780764063611,8.0,3.646259486239842,-1.0
2023-12-21,Crystal Palace,Brighton,1,1,3.3,3.3,2.15,1447.55672869937,1539.213903384502,1.4453739308475366,1.6732059593326667,-0.3015239785257708,5.0,1.4728802807791816,1.662662651735652,-0.0886577136495139,4.0,-91.65717468513185,1.0
2023-12-23,West Ham,Man United,2,0,2.6,3.6,2.6,1482.9575641041101,1568.0720614049803,1.2764936017984225,1.5114765311465377,0.41032521154578,6.0,1.546027713291617,2.0290477791449892,-0.728611161081375,6.0,-85.1144973008702,0.0
2023-12-23,Fulham,Burnley,0,2,1.67,3.75,5.25,1479.8247809882985,1404.6354082434946,1.5049859803303223,2.0442695285011214,0.7215347323290305,7.0,0.9332989718070855,2.0280990067751565,-0.3940403059747713,7.0,75.1893727448039,0.0
2023-12-23,Luton,Newcastle,1,0,4.75,4.2,1.65,1435.0975808113637,1573.9868839103653,0.7747348571507631,2.554818465317103,0.5909921800601411,8.0,2.34057686641038,1.7285725926492437,-0.654181484338348,7.0,-138.8893030990016,1.0
2023-12-23,Nott'm Forest,Bournemouth,2,3,2.75,3.4,2.55,1416.5745759942706,1446.210554401166,1.2105592006451193,1.6138765658031895,-0.480379434257825,8.0,1.7244628129799213,1.4766409654491013,0.0518283412576206,8.0,-29.635978406895447,0.0
2023-12-23,Tottenham,Everton,2,1,1.75,4.2,4.0,1553.4851452049654,1483.8327870880723,1.9249653914929272,1.8974697875222453,0.19046871099588147,8.0,1.7608006636955305,1.1500294207155133,-0.06180067685984053,7.0,69.65235811689308,1.0
2023-12-23,Liverpool,Arsenal,1,1,2.38,3.6,2.8,1621.328295348744,1645.3419325147063,1.9997195340199885,1.2925341335993075,-0.15084854509771822,6.0,2.2252267873764624,0.8683140242730422,-0.39938761973456904,6.0,-24.013637165962336,0.0
2023-12-24,Wolves,Chelsea,2,1,3.75,3.75,1.91,1462.9346375077814,1465.8633407990978,1.1106221127523115,1.571392560665024,-0.05277510741668679,7.0,1.8795855389156955,1.9107619042671748,-0.30130088706434277,8.0,-2.928703291316424,-1.0
2023-12-26,Bournemouth,Fulham,3,0,2.15,3.6,3.2,1457.0822829524811,1466.1188858380417,1.7587513990404016,1.3353593333425988,0.26999120945241223,3.0,1.4793994083547097,1.708592546277262,0.28778986166719656,3.0,-9.03660288556057,0.0
2023-12-26,Newcastle,Nott'm Forest,1,3,1.5,4.33,5.75,1561.754501011258,1405.7028474429555,2.149605511562581,1.7471122476498957,-0.8111136631518533,3.0,1.1241703740477542,1.6709790785798788,-0.13202656821575662,3.0,156.05165356830253,0.0
2023-12-26,Man United,Aston Villa,3,2,2.6,3.5,2.6,1557.3504644507339,1614.8707241746445,1.3777834403985048,1.9229336555720302,-0.7290000035362009,3.0,1.6597248597580119,1.3290942282787905,0.15007696292821682,8.0,-57.52025972391061,-5.0
2023-12-26,Burnley,Liverpool,0,2,6.5,5.25,1.4,1418.3413033937513,1620.2962127291532,0.8246772920904788,1.8919135876203652,0.0219831356317233,3.0,1.7899497701564209,1.2015860886536371,-0.11620094997833022,3.0,-201.9549093354019,0.0
2023-12-27,Brentford,Wolves,1,4,1.95,3.5,4.2,1511.9347201544729,1471.3066101793947,1.7053400124011693,1.3518898566361197,-0.33503428444993405,8.0,1.2417542715884953,1.6091614544579156,0.010458989476899647,3.0,40.62810997507813,5.0
2023-12-27,Chelsea,Crystal Palace,2,1,1.67,4.0,5.0,1457.4913681274845,1448.4653821992536,1.8537741908964507,1.8768251451909932,-0.394789719761905,3.0,1.488432076500676,1.603749675713858,-0.3742583835317212,6.0,9.025985928230966,-3.0
2023-12-27,Everton,Man City,1,3,5.75,4.0,1.57,1477.4003962044978,1644.8526245118237,1.8068157637759092,1.237756594166071,-0.25201954317121267,4.0,2.198621924865124,1.2593827813909002,-0.09829662306604996,8.0,-167.45222830732587,-4.0
2023-12-28,Brighton,Tottenham,4,2,2.5,3.6,2.6,1538.3052498846184,1559.9175360885397,1.4447512044053459,1.6608941128370123,-0.13979379077283072,7.0,1.8528231977352678,1.9152900338766325,0.23879683802410392,5.0,-21.612286203921258,2.0
2023-12-28,Arsenal,West Ham,0,2,1.33,5.5,7.5,1646.374015134297,1493.6791610583566,1.9418641559591887,0.8919533286679519,-0.286395690059559,5.0,1.3256314792412391,1.350360170537957,0.42579664380109594,5.0,152.69485407594038,0.0
2023-12-30,Luton,Chelsea,2,3,6.5,4.2,1.5,1447.329963710471,1465.530373628255,0.9943745649489968,2.314927196077298,0.2943880344249653,7.0,2.034549863830961,1.6872874306052779,-0.4639539054425031,3.0,-18.200409917783873,4.0
2023-12-30,Nott'm Forest,Man United,2,1,3.2,3.6,2.15,1421.2269720603572,1567.2790930002027,1.5333105859428524,1.9020517388168128,-0.12694610793713113,4.0,1.3413212739859837,1.9050755760437206,-0.20748193120883682,4.0,-146.0521209398455,0.0
2023-12-30,Aston Villa,Burnley,3,2,1.36,5.25,7.5,1604.9420956251756,1412.2139586030498,1.6961667468512145,1.3026766448550395,0.15287295406651427,4.0,0.8556338357326116,1.8484471738704307,-0.186411478775278,4.0,192.7281370221258,0.0
2023-12-30,Wolves,Everton,3,0,2.63,3.3,2.7,1484.1245615153148,1470.3981462417876,1.3764837746219794,1.812224277654639,0.4425978076396801,3.0,1.6889100159820762,1.45343360019303,-0.24856823892060598,3.0,13.72641527352721,0.0
2023-12-30,Crystal Palace,Brentford,3,1,2.2,3.3,3.4,1440.4263766984832,1499.1167688185528,1.379019840247428,1.836105398574084,-0.2884001766873143,3.0,1.8885613164446866,1.463898461765709,-0.5946496966953877,3.0,-58.690392120069646,0.0
2023-12-31,Fulham,Arsenal,2,1,5.25,4.5,1.55,1457.5752997125821,1630.917381655303,1.241115844819564,1.7850302857821696,0.16150233220631802,5.0,2.1165044750000828,1.0374271286519094,-0.8025591035825729,3.0,-173.34208194272082,2.0
2023-12-31,Tottenham,Bournemouth,3,1,1.75,4.2,4.0,1551.0179490894589,1465.6258690779407,1.8975339304923804,2.3138058675054993,0.1751848946588513,3.0,1.824841410017362,1.1267911026532544,0.4042716941446446,5.0,85.39208001151815,-2.0
2024-01-01,Liverpool,Newcastle,4,2,1.45,4.5,7.0,1626.4235575198547,1546.2303763938564,1.7681975487598416,1.154302736191381,-0.027143120044731205,6.0,2.2819375531406383,2.0277395698479506,-1.0132765628268554,6.0,80.19318112599831,0.0
2024-01-02,West Ham,Brighton,0,0,2.45,3.75,2.75,1509.1357945373506,1547.2048368836993,1.381637489868917,1.6470277438943155,0.4210710038772339,5.0,1.9403391843331153,1.7451998100079913,-0.07939456658485392,5.0,-38.069042346348624,0.0
2024-01-12,Burnley,Luton,1,1,2.0,3.6,3.6,1408.4287414865478,1436.1326459816278,0.9106964486617691,2.073510069611327,0.03651210152144381,8.0,1.3394498870458031,2.1597801005433888,0.09836962828964495,8.0,-27.703904495079996,0.0
2024-01-13,Chelsea,Fulham,1,0,1.6,4.2,5.25,1476.7276913570981,1470.7265443690012,1.9396684568612472,1.8840237663153614,-0.0741866340819762,8.0,1.300359834983192,1.7590508845108603,0.2254981329701568,8.0,6.001146988096934,0.0
2024-01-13,Newcastle,Man City,2,3,5.5,4.33,1.55,1540.0598452579911,1651.854874474534,1.999107953778105,2.985748794296493,-0.5795718226672529,8.0,2.216072453108906,1.254412438213534,0.06985582766962571,8.0,-111.79502921654284,0.0
2024-01-14,Everton,Aston Villa,0,0,2.8,3.5,2.45,1462.48887532335,1608.7273127416777,1.4476899729111652,1.6992061416231246,-0.3044905136145969,8.0,1.949854365042182,1.2648316263278188,0.1366282930759022,8.0,-146.23843741832775,0.0
2024-01-14,Man United,Tottenham,2,2,2.2,3.75,3.0,1554.8517467147649,1557.061524769547,1.1990947880091798,1.6656176309003659,-0.0928664839134691,8.0,1.949673348144695,2.162894240963745,0.3143434605146306,8.0,-2.2097780547821912,0.0
2024-01-20,Arsenal,Crystal Palace,5,0,1.3,5.75,9.0,1617.766136998884,1450.3886833322242,2.0221419924128945,1.13869207397251,-0.7729635095215797,8.0,1.426788607524374,1.7228889805627239,0.057735966453582865,8.0,167.37745366665968,0.0
2024-01-20,Brentford,Nott'm Forest,3,2,1.91,3.6,4.0,1489.1544621848118,1433.654318345795,1.7645231880336756,1.4941567956706112,-0.5312455265558106,8.0,1.3705477089990665,1.6441466322412588,0.15828369853835922,8.0,55.5001438390168,0.0
2024-01-21,Bournemouth,Liverpool,0,4,4.2,4.5,1.7,1459.5822933978525,1632.59408865572,1.774803061461375,1.3379347682434395,0.20074404645930982,8.0,2.779750257769977,1.10410405015575,-0.5726756570053086,8.0,-173.01179525786756,0.0
2024-01-22,Brighton,Wolves,0,0,1.65,4.33,5.0,1547.835223563489,1492.0338324337524,1.9846649421364941,1.5879787201802944,-0.5076329524576461,8.0,1.6381310548716586,1.5455645187396119,0.42457384049970265,8.0,55.80139112973666,0.0
2024-01-30,Nott'm Forest,Arsenal,1,2,7.5,5.0,1.4,1426.8613988727768,1622.0195904719162,1.3400075612644218,1.7056329153256613,0.2860258262213856,8.0,2.3314942999674275,0.9632116037653305,-0.3085221395509774,8.0,-195.1581915991394,0.0
2024-01-30,Fulham,Everton,0,0,2.45,3.2,3.0,1462.6036839234532,1464.921267604728,1.1760615658677038,1.8181659058080708,0.035012229333593735,8.0,1.3628904513304316,1.625824040611556,-0.4555327962143327,8.0,-2.317583681274755,0.0
2024-01-30,Luton,Brighton,4,0,4.2,4.2,1.75,1437.0595341993026,1544.6203664091997,1.2612659203227323,2.0261844553529587,0.08509745955357922,8.0,1.8578803258905061,1.4958001136808037,-0.6855597200785394,8.0,-107.56083220989717,0.0
2024-01-30,Aston Villa,Newcastle,1,3,1.85,4.0,3.8,1606.2949204602996,1531.5396794965302,1.8247635890963607,1.2177557425750893,-0.16872185752019078,8.0,1.8417573398890894,2.896786386175663,-0.3024716366566516,8.0,74.75524096376944,0.0
2024-01-31,Man City,Burnley,3,1,1.08,12.0,21.0,1660.375040235995,1407.501853268873,2.2858941718036894,1.2506923467550735,0.14734708306894917,8.0,1.0376929431089592,1.842586465526782,-0.07948527885106184,8.0,252.8731869671219,0.0
2024-01-31,Tottenham,Brentford,3,2,1.67,4.2,4.75,1558.7096891724777,1495.94738165783,1.8181709846256071,1.9071523918367466,0.3913792128209222,8.0,1.8011758278017722,1.4381160977165106,-0.20342358197454977,8.0,62.76230751464777,0.0
2024-01-31,Liverpool,Chelsea,4,1,1.57,4.33,5.25,1639.4514089578893,1484.8505518026461,2.522636717896577,1.0485023276979293,0.054318009628152926,8.0,1.9615221115759172,1.6393157528800637,-0.2745890039047353,8.0,154.60085715524315,0.0
2024-02-01,West Ham,Bournemouth,1,1,2.4,3.75,2.75,1508.5054078575608,1452.7249730956833,1.299419258514511,1.7518636129969432,0.131390711827673,8.0,1.5808361999592158,1.378267471650701,-0.012844198645876572,8.0,55.780434761877586,0.0
2024-02-01,Wolves,Man United,3,4,2.63,3.6,2.55,1495.2486895880418,1553.2035823118342,1.5356060324416074,1.5093662260158986,0.10156328376179018,8.0,1.142184560087477,1.5927159011533596,0.14842865389719356,8.0,-57.954892723792454,0.0
2024-02-03,Brighton,Crystal Palace,4,1,1.7,4.0,4.75,1533.2599427569435,1446.135229859192,1.683717907440152,1.9367286118317306,-0.7532467165804112,4.0,1.1918738840042875,2.093977120519251,-0.01360641243314497,8.0,87.12471289775158,-4.0
2024-02-03,Everton,Tottenham,2,2,3.0,3.6,2.25,1466.5664132464908,1565.316361070055,1.6662087133306747,1.7803767696875126,-0.9460386901254402,4.0,2.136650103169358,1.8430380708305814,0.23596966871688083,3.0,-98.7499478235643,1.0
2024-02-03,Newcastle,Luton,4,4,1.44,4.75,6.5,1545.2347904057438,1448.4199578515588,2.147213508897661,2.5972523134966106,-0.3065828524722314,4.0,1.755442414459859,1.8152246876919933,0.14380693461783478,4.0,96.81483255418493,0.0
2024-02-03,Burnley,Fulham,2,2,2.9,3.4,2.38,1404.667369909112,1460.9585382816904,1.1319754142453924,1.843620582108401,-0.16507812541402297,3.0,1.4234001684026762,2.0275609681633986,-0.4621705603472152,4.0,-56.29116837257834,-1.0
2024-02-04,Bournemouth,Nott'm Forest,1,1,1.7,4.2,4.5,1455.9392894064856,1420.5665197866226,1.488833468199172,1.3647615462378817,-0.03801809539144725,3.0,1.1938669917813811,1.6408129412749934,0.30301588196835116,5.0,35.37276961986299,-2.0
2024-02-04,Chelsea,Wolves,2,4,1.62,4.0,5.5,1480.3455948595843,1485.1898273487711,1.6554661361386882,2.0567393603501145,-0.11024713754138235,4.0,1.6883676690175193,1.863709469913949,0.22995323824476338,3.0,-4.844232489186879,1.0
2024-02-04,Man United,West Ham,3,0,1.62,4.2,5.0,1563.2624445511049,1505.2910915467585,1.572277279551954,1.7336957876965067,0.27728167489699296,3.0,1.302179702623846,1.6245779624713892,0.03975426288979011,3.0,57.97135300434638,0.0
2024-02-04,Arsenal,Liverpool,3,1,2.2,3.6,3.1,1628.3144695580704,1643.9563659009511,2.1375592963195755,0.8948039355259751,-0.1193262862083944,5.0,2.7578314559386143,0.9308020797604829,0.11269711554350594,4.0,-15.641896342880727,1.0
2024-02-05,Brentford,Man City,1,3,7.0,4.75,1.4,1489.3407097602526,1663.2095235957559,1.7589244292880208,1.8350005576857538,-0.07818855772498573,5.0,2.1954658902391335,1.3002966657605892,0.35469761865869237,5.0,-173.86881383550326,0.0
2024-02-10,Fulham,Bournemouth,3,1,2.38,3.5,2.8,1461.0652829823175,1453.2611729034106,1.395479536220791,1.8164584413377503,-0.21995193831339208,7.0,1.4270810569554497,1.1773973442266201,-0.06926877018450257,6.0,7.804110078906888,1.0
2024-02-10,Liverpool,Burnley,3,1,1.17,8.0,17.0,1635.226202638951,1404.560625208485,2.3007168837048138,1.327268357970453,0.18392225933599532,6.0,1.1054675478625537,1.7282936084255311,0.0758880971223102,7.0,230.6655774304661,-1.0
2024-02-10,Man City,Everton,2,0,1.18,8.0,13.0,1670.0446304036234,1467.677124747005,2.1773907508040695,1.2106479247675832,0.4655739300896105,5.0,1.9947618344202758,1.6033704618920015,-1.0105633083752972,7.0,202.36750565661828,-2.0
2024-02-10,Tottenham,Brighton,2,1,1.8,4.2,3.8,1564.2056495695408,1539.2615385991546,1.886144723976474,2.135111353687497,0.4096037116514898,7.0,1.7336820563955844,1.5869286205698045,-0.16996808282617773,7.0,24.94411097038619,0.0
2024-02-10,Wolves,Brentford,0,2,2.1,3.6,3.4,1496.764134936029,1482.505602952385,1.8537359029818221,1.9660259639799609,0.49403471573730817,6.0,1.5746609362235835,1.8912893217547235,-0.034360685648788414,5.0,14.258531983643934,1.0
2024-02-10,Nott'm Forest,Newcastle,2,3,3.3,3.75,2.05,1423.2446362896976,1541.0047148350027,1.041758326532821,1.547707230080868,0.35261777395675564,6.0,2.193902526499315,2.613215304746322,0.09220531455175805,7.0,-117.76007854530508,-1.0
2024-02-11,West Ham,Arsenal,0,6,6.0,4.33,1.53,1498.5618372066697,1637.0446328200705,1.2771184737565102,1.4889631346300518,-0.2120251121314391,7.0,2.285071958067843,0.8220313273675084,-0.0643007411809391,7.0,-138.48279561340087,0.0
2024-02-11,Aston Villa,Man United,1,2,2.15,3.75,3.1,1592.599809551086,1569.9916988911937,1.7463875213211841,1.6519432675723411,-0.22568701652149734,8.0,1.4474520989935855,1.6196129387638258,0.6394424643797205,7.0,22.608110659892418,1.0
2024-02-12,Crystal Palace,Chelsea,1,3,4.2,3.8,1.85,1440.1336340169807,1468.7712872723264,0.9957371292377172,2.05930492029623,0.1457538125251552,8.0,1.8007431614002092,2.146112635675715,-0.16170299194626217,8.0,-28.63765325534564,0.0
2024-02-17,Burnley,Arsenal,0,5,10.0,5.75,1.29,1401.4006799733781,1644.8233699616626,1.1066622183579602,2.02249003994304,0.03709480835276445,7.0,2.638640238283445,0.6918632073814569,0.36178447888997395,6.0,-243.42268998828445,1.0
2024-02-17,Brentford,Liverpool,1,4,5.5,4.33,1.57,1494.610973418912,1638.3861478740578,1.6312734987305408,1.7193428120926246,0.0038626587984838616,7.0,2.4753749194904353,1.2826997246184737,0.11558297774548493,7.0,-143.77517445514582,0.0
2024-02-17,Man City,Chelsea,1,1,1.33,5.5,8.0,1673.662491167242,1479.671524358366,2.056152375349424,1.0005159947578381,0.45416887068679346,7.0,1.6911437676800545,1.8518062773331188,0.2286619114926563,5.0,193.990966808876,2.0
2024-02-17,Fulham,Aston Villa,1,2,2.9,3.75,2.2,1469.1381276936074,1580.2659712326108,1.4677092584136189,1.979365328849753,0.08420632130204458,7.0,1.9321320042360188,1.8157383430654468,-0.518851842140343,6.0,-111.12784353900338,1.0
2024-02-17,Tottenham,Wolves,1,2,1.53,4.75,5.25,1571.8083384969993,1484.658764469502,1.9321774488981538,2.0026130739488637,0.30255819383621224,7.0,1.6895366835534298,1.9419000548609446,0.173889724798421,7.0,87.14957402749724,0.0
2024-02-17,Nott'm Forest,West Ham,2,0,2.38,3.5,2.9,1414.8919566515674,1490.7831000650776,1.0265574835193567,1.333912274281258,0.49275860346172845,7.0,1.0530659996943108,2.0067684725708617,-0.2077010478996599,6.0,-75.89114341351024,1.0
2024-02-17,Newcastle,Bournemouth,2,2,1.83,4.2,3.75,1549.357394473133,1445.1883281921207,1.8467977200305645,2.273823468298322,0.5865858093934004,7.0,1.6703164027171054,1.2946173650368293,-0.3863206729003857,7.0,104.16906628101219,0.0
2024-02-18,Luton,Man United,1,2,4.0,4.0,1.8,1452.6500334222999,1582.325537209669,1.94656346307101,1.9313096940737757,0.38948211083700246,8.0,1.6534335947121743,1.8315109346314187,0.41553465237337844,7.0,-129.67550378736905,1.0
2024-02-19,Everton,Crystal Palace,1,1,1.7,3.6,5.25,1464.0592639833865,1429.2333969309411,1.622867588266979,1.6005523136557214,-0.8417088541595804,8.0,0.9387528012194081,1.8963642992821819,0.17354860584245982,7.0,34.825867052445346,1.0
2024-02-20,Man City,Brentford,1,0,1.18,8.0,13.0,1667.4254500538593,1486.9765479105904,2.2048898219391537,1.1714381612581832,-0.006147351699922914,3.0,1.6444573863079304,2.0020098592261797,-0.1403495831851526,3.0,180.44890214326892,0.0
2024-02-21,Liverpool,Luton,4,1,1.2,7.0,13.0,1646.0205733823793,1444.6289970380938,2.6020728026862074,1.3677942395944584,0.27956991385300467,4.0,1.8688796588793697,2.275575650183981,0.18982065745754387,3.0,201.39157634428557,1.0
2024-02-24,Aston Villa,Nott'm Forest,4,2,1.53,4.5,5.75,1588.8049249259498,1425.349021843386,1.858037015590778,1.7336768180011504,-0.3237167679216552,7.0,1.3654793601662787,1.1660058001191569,0.2530016248145206,7.0,163.45590308256374,0.0
2024-02-24,Brighton,Everton,1,1,1.83,3.8,4.2,1531.658849671696,1461.3957657503367,1.6839984922279378,1.6946895169653837,-0.23657850292792837,8.0,1.7926547179202907,1.4219242349653136,-0.9663491186430685,5.0,70.26308392135934,3.0
2024-02-24,Crystal Palace,Burnley,3,0,1.95,3.5,4.0,1431.8968951639908,1396.238674315927,0.8966536892981062,2.009729185113234,0.19247997901925462,5.0,0.9468740368334746,2.060444733833977,-0.039998802637171774,7.0,35.65822084806382,-2.0
2024-02-24,Man United,Fulham,1,2,1.57,4.33,5.5,1590.346573593875,1460.5991740002685,2.0528907646466803,1.7780440750150792,0.0018493607933935303,6.0,1.457446006404281,1.895526135896857,-0.019390388889605464,7.0,129.7473995936066,-1.0
2024-02-24,Bournemouth,Man City,0,1,7.0,5.25,1.4,1449.590632202601,1671.4323640237699,1.755036150961116,1.5194081746516044,-0.3233290050049781,7.0,2.273540186604928,1.0337044492031757,-0.3220978446459046,4.0,-221.84173182116888,3.0
2024-02-24,Arsenal,Newcastle,4,1,1.36,5.25,8.0,1649.9853756191137,1544.9550904626526,2.549335156166498,0.6182719720158852,0.8636011379367788,7.0,1.9576739093087892,2.2340399383199396,0.3863027722342643,7.0,105.0302851564611,0.0
2024-02-26,West Ham,Brentford,4,2,2.5,3.5,2.75,1480.326034873259,1482.9696339406798,0.9430979818949083,2.1434732376115107,-0.27213150701472494,8.0,1.4091400198074768,2.1125142679128883,-0.21532905175139447,6.0,-2.643599067420837,2.0
2024-03-02,Brentford,Chelsea,2,2,3.1,3.75,2.15,1474.605648662663,1485.9085654717487,1.3942224936418843,2.103481592165173,-0.03409507303251928,5.0,1.7195896419713255,2.042700189298436,0.01046049539041933,8.0,-11.302916809085673,-3.0
2024-03-02,Everton,West Ham,1,3,2.05,3.6,3.5,1464.9787060264498,1488.6900201512758,1.4819676200980878,1.469760106138925,-0.6198289402257051,7.0,1.1753154146763778,1.9770630619983387,0.18242933801803415,5.0,-23.711314124826004,2.0
2024-03-02,Fulham,Brighton,3,0,2.55,3.6,2.63,1475.5753671516122,1528.075909395583,1.391647581668472,1.9089013343375454,0.16233692165831626,7.0,1.6777685554224373,1.4042125622072692,-0.3226511300324928,7.0,-52.50054224397081,0.0
2024-03-02,Newcastle,Wolves,3,0,1.91,4.0,3.6,1539.3773565615634,1498.6577697725268,1.598650575893327,2.3081675133946793,0.46806429094902363,7.0,1.7073554640104829,1.8708875959347433,0.18424602138978677,8.0,40.71958678903661,-1.0
2024-03-02,Nott'm Forest,Liverpool,0,1,6.0,4.33,1.53,1421.0194800382117,1649.655112171922,1.549129434498513,1.6451580533792944,0.148058760138334,7.0,2.8291977387129315,1.2829468894356708,0.28316160718035416,8.0,-228.63563213371026,-1.0
2024-03-02,Tottenham,Crystal Palace,3,1,1.5,4.33,6.5,1557.8093331939747,1439.2111536666027,1.8631707596731606,1.9558443209378262,0.11683941638317556,8.0,1.2101189783035775,1.6108060877399268,0.27322564598754834,7.0,118.59817952737194,1.0
2024-03-02,Luton,Aston Villa,2,3,4.33,4.2,1.73,1440.9944582485512,1593.1344667311241,1.6797277671103623,2.571513144827661,0.15948299838304544,8.0,2.1944235667122984,1.84136792757524,-0.15143457744909194,7.0,-152.14000848257297,1.0
2024-03-03,Burnley,Bournemouth,0,2,3.75,3.6,1.95,1388.9244158133151,1443.93877331858,0.766658899476645,2.134048554912557,-0.047453398961578346,8.0,1.5839834270714839,1.576543224874156,-0.4476368897168142,8.0,-55.0143575052648,0.0
2024-03-03,Man City,Man United,3,1,1.25,5.75,11.0,1677.084222907791,1575.3703804425313,2.1750981059557675,1.0114621653791163,-0.41993793662119544,8.0,2.0338017074674095,1.6461064058166996,-0.1966540188852466,8.0,101.71384246525963,0.0
2024-03-09,Crystal Palace,Luton,1,1,1.75,3.8,4.2,1433.9420769758774,1433.5859887129373,1.017799919813874,1.8277700921214037,0.3658309151703397,7.0,1.8357616960179546,2.470930254580519,0.036749885293371226,7.0,0.3560882629401476,0.0
2024-03-09,Man United,Everton,2,0,1.83,3.6,4.0,1569.715536062143,1453.9380153140087,1.6459507704984688,1.8515031073501826,0.01849372489329721,6.0,1.820047691050157,1.616175002354131,-0.929468282584463,7.0,115.7775207481343,-1.0
2024-03-09,Arsenal,Brentford,2,1,1.22,7.0,11.0,1655.563109520203,1473.2131407361828,2.5584174626237632,0.5355666855185393,0.9756298229700541,8.0,1.6168150699222517,2.1135528078354033,-0.12468222278784827,7.0,182.34996878402012,1.0
2024-03-09,Wolves,Fulham,2,1,2.5,3.4,2.75,1491.4781447671492,1485.3595489231313,1.4598812894436446,2.1729230438415845,0.04148361839155326,7.0,1.3884277445610074,1.752748802093887,0.4638691080493579,7.0,6.118595844017818,0.0
2024-03-10,Aston Villa,Tottenham,0,4,2.38,4.0,2.6,1600.542936266738,1563.0784098847,2.172026949322722,1.9634461270757084,0.06839300222532929,8.0,2.0280720401491745,1.6096824431443775,0.1623616004260369,8.0,37.464526382038,0.0
2024-03-10,Brighton,Nott'm Forest,1,0,1.8,4.0,4.0,1518.291727624064,1415.5248383129049,1.5692986012727037,1.3984005746708577,-0.4937413212751511,8.0,1.4299577267008232,1.5786124084475555,-0.08289869643550361,8.0,102.76688931115905,0.0
2024-03-10,West Ham,Burnley,2,2,1.67,4.0,4.75,1499.730710863717,1378.7809273360267,1.382474139235013,2.2130051882529096,0.31406716872918045,8.0,0.9399542129791931,1.9897193502156763,-0.3694864402464192,7.0,120.94978352769022,1.0
2024-03-10,Liverpool,Man City,1,1,3.0,3.75,2.2,1655.1497538972287,1682.7390672881793,2.5183852370362345,1.2186885214594858,0.15819532193928287,8.0,2.271364066159323,0.8345194006241169,-0.2593939720679159,7.0,-27.589313390950565,1.0
2024-03-11,Chelsea,Newcastle,3,2,1.91,4.0,3.6,1487.301073398229,1546.556981566941,1.8088576038001543,2.13151211615894,-0.023116925210153325,8.0,1.9568483693862955,1.9367461064920102,0.30240280240176404,8.0,-59.25590816871204,0.0
2024-03-13,Bournemouth,Luton,4,3,1.5,4.75,5.75,1454.0822617958684,1435.3059099005525,1.5534875172778262,1.5823333885809054,-0.23896963988869832,8.0,1.6804624171076257,2.632364932634572,0.011490681709021539,4.0,18.776351895315884,4.0
2024-03-16,Luton,Nott'm Forest,1,1,2.8,3.5,2.45,1427.5352035931176,1409.8945481674427,1.9107906194492965,2.676139043300123,0.05167754602819785,3.0,1.2766929066095085,1.3632162164593247,-0.20753152923357596,6.0,17.640655425674822,-3.0
2024-03-16,Fulham,Tottenham,3,0,3.5,3.8,1.95,1477.239949605014,1575.8123232163673,1.708836145187487,1.6584990432108322,-0.032367737792905193,7.0,2.074641680156843,1.5319049449901119,0.489104689850709,6.0,-98.57237361135321,1.0
2024-03-16,Burnley,Brentford,2,1,3.25,3.6,2.15,1383.564217842964,1469.24117612305,0.9278322670117917,1.9658287296908703,-0.061875620999386274,6.0,1.434533736689023,2.006305351802619,-0.04392766756187962,7.0,-85.67695828008618,-1.0
2024-03-17,West Ham,Aston Villa,1,1,2.63,3.75,2.45,1494.9474203567797,1587.8090229350707,1.4839045860903703,1.9382770673916028,0.27524011411961247,7.0,1.978238031421766,2.02334806400405,-0.2000157123788508,7.0,-92.86160257829101,0.0
2024-03-30,Newcastle,West Ham,4,3,1.83,4.2,3.8,1536.5783982186786,1495.8904428922215,1.6704193355252466,1.9050593009934638,0.5353484398191289,8.0,1.451801369187285,1.7264068111325925,0.1507321316232033,8.0,40.687955326457086,0.0
2024-03-30,Bournemouth,Everton,2,1,2.2,3.6,3.2,1461.8529681033033,1448.605682522857,1.8197258534207168,1.8323388647179042,0.048805783017454786,8.0,1.8203266717590196,1.8813575829131846,-1.1134733820184188,8.0,13.24728558044626,0.0
2024-03-30,Chelsea,Burnley,2,2,1.29,6.0,9.5,1497.2796567464914,1394.3019175342667,1.8035541366507917,1.809050007208147,0.23268769607114145,8.0,1.2935343373843673,1.8181785007787812,-0.1932619084640696,8.0,102.9777392122246,0.0
2024-03-30,Nott'm Forest,Crystal Palace,1,1,2.2,3.3,3.4,1412.0927558566113,1432.2221557882622,1.4161487216663613,1.2581201805012159,-0.3612553034670455,8.0,1.478514285077437,1.6746009076696475,-0.17402631951962466,8.0,-20.129399931650823,0.0
2024-03-30,Tottenham,Luton,2,1,1.2,8.0,11.0,1564.7066599453221,1425.336995903949,2.089288600596267,1.7259162604635512,-0.05444191710687546,8.0,1.6923035646978224,2.526597750357483,0.07121935956036006,8.0,139.3696640413732,0.0
2024-03-30,Aston Villa,Wolves,2,0,1.6,4.33,5.0,1586.866000399629,1499.5977440852664,1.7581238468257825,1.8799579079167386,-0.14044843109531213,8.0,1.426049959884227,2.3314904406238615,0.17818314412254452,8.0,87.26825631436259,0.0
2024-03-30,Brentford,Man United,1,1,3.0,3.8,2.2,1458.5034764317472,1575.0478688532946,1.396718263209017,2.1489521160412264,-0.0866940399024309,8.0,1.9049906239057206,1.8452928502721058,-0.17132118361575252,8.0,-116.5443924215474,0.0
2024-03-31,Liverpool,Brighton,2,1,1.36,5.5,7.5,1654.2195959180583,1523.922017769526,2.4640324808872376,1.2505002149307376,-0.13332971327139392,8.0,1.3558238267153646,1.2516459689421526,-0.2958539797386911,8.0,130.29757814853224,0.0
2024-03-31,Man City,Arsenal,0,0,1.91,3.8,3.8,1683.6692252673497,1659.5350741333357,2.0860092687432568,1.1275474080683403,-0.28280815179466745,8.0,2.3593946191924267,0.5763463954573,0.8581793984935254,8.0,24.13415113401402,0.0
2024-04-02,Nott'm Forest,Fulham,3,1,2.7,3.4,2.63,1410.9501988341406,1488.3456128760592,1.2858712554910363,1.1844406847754907,-0.24230232273613986,3.0,1.8663466263978457,1.7589959903283792,0.0831657174934079,8.0,-77.39541404191868,-5.0
2024-04-02,Burnley,Wolves,1,1,2.45,3.6,2.75,1398.6765360456357,1493.5996186666953,1.4609843923236414,2.3651844236500965,-0.17486998030772388,3.0,1.4747923595274872,2.1151275223720436,-0.20151180049057477,3.0,-94.92308262105962,0.0
2024-04-02,Newcastle,Everton,1,1,2.0,3.75,3.5,1543.7588612522222,1440.6832201497725,2.1116528928295235,1.717228680511734,0.46426413497414426,3.0,1.637432516079222,1.7805436305589137,-0.8701031997840074,3.0,103.07564110244971,0.0
2024-04-02,West Ham,Tottenham,1,1,3.3,4.2,1.95,1488.7099798586778,1569.524980227501,1.3574776439244858,2.156090178913816,0.5333525293589231,3.0,2.1668451320449766,1.4528758995794824,-0.1391873027446015,3.0,-80.81500036882312,0.0
2024-04-02,Bournemouth,Crystal Palace,1,0,1.95,3.8,3.6,1469.7754304763878,1433.364712810733,1.7316264920153093,1.6469665878705602,0.16402700682249682,3.0,1.3593675796537106,1.4910048609662174,-0.11769534010377325,3.0,36.41071766565483,0.0
2024-04-03,Arsenal,Luton,2,0,1.1,10.0,19.0,1661.9104002346346,1420.5186756217702,1.9781545993476126,0.7091504023683667,0.5756353914893553,3.0,1.425784393324422,2.5139179595719297,0.1799795959366101,4.0,241.39172461286444,-1.0
2024-04-03,Brentford,Brighton,0,0,2.38,3.8,2.75,1460.1167365591157,1518.9101156981255,1.7614871055155819,1.9097711185601836,-0.5154207285122646,4.0,1.1667288825810607,1.655960883154174,-0.1191307872088218,3.0,-58.79337913900986,1.0
2024-04-03,Man City,Aston Villa,4,1,1.3,6.0,8.0,1681.2938991660508,1592.8641258182001,1.9073705254002504,1.0004368962839827,-0.4761689621674589,3.0,1.6600461969022136,1.8350593112829348,0.03650259827128725,4.0,88.42977334785064,-1.0
2024-04-04,Chelsea,Man United,4,3,2.0,4.0,3.4,1492.9050382351224,1573.4346087259262,2.3529041916478564,1.8699434397580756,-0.32413903219973733,5.0,1.7161387541674986,2.1175209870886165,-0.13382496959689133,5.0,-80.52957049080374,0.0
2024-04-06,Aston Villa,Brentford,3,3,1.7,4.0,4.75,1586.8940399310893,1460.082007358649,1.5623394061065314,2.2563189330320927,-0.009488288196068515,3.0,1.4854195617496138,1.7683051282374984,-0.4964160615203564,3.0,126.81203257244033,0.0
2024-04-06,Crystal Palace,Man City,2,4,9.5,5.25,1.33,1426.0705389133605,1687.2639850531616,1.1149070636671126,1.4535996915995333,-0.12939121510891505,4.0,2.3137123988748054,1.0388071848993714,-0.35256894293607893,3.0,-261.19344613980115,1.0
2024-04-06,Everton,Burnley,1,0,1.65,4.0,5.25,1445.0601169644588,1399.6783315173925,1.6499977003534572,1.9599306231529756,-0.8346685353078725,4.0,1.3917704997917495,2.0853806668898733,-0.1647390386773241,4.0,45.38178544706625,0.0
2024-04-06,Fulham,Newcastle,0,1,2.38,3.8,2.8,1477.845350563373,1539.381964437536,1.6964988702773725,1.7976140233703664,0.05712953942981573,4.0,2.222732205849302,1.71333195491992,0.028073906504070163,4.0,-61.536613874163095,0.0
2024-04-06,Luton,Bournemouth,2,1,3.75,3.8,1.91,1417.5195659097822,1477.0696043737603,1.19161406467391,2.2309234030119947,0.08247356638717063,3.0,1.6445811948912208,1.3431745336155905,0.0662994141825553,4.0,-59.550038463978126,-1.0
2024-04-06,Brighton,Arsenal,0,3,5.0,4.33,1.62,1518.9448448985922,1664.9095099466226,1.1785521387787352,1.401663324390756,-0.3470730309886301,3.0,1.8060358953021165,0.6231093898173448,0.6335074844713997,3.0,-145.96466504803038,0.0
2024-04-06,Wolves,West Ham,1,2,2.5,3.6,2.7,1492.5978231949384,1489.3083679770184,1.3789492402691204,1.9110317892117623,-0.16204633026177317,4.0,1.3807260221078361,1.9989187949882314,0.3263263202128908,4.0,3.289455217920022,0.0
2024-04-07,Man United,Liverpool,2,2,4.75,4.5,1.6,1562.8444069239536,1659.2314979894588,1.6853426198733514,2.3986987677655667,0.1894391406045102,3.0,2.618232610693606,1.083133493407684,-0.3557536663583404,7.0,-96.38709106550527,-4.0
2024-04-07,Tottenham,Nott'm Forest,3,1,1.4,5.5,6.5,1568.9265921091603,1421.450461146827,2.007455006525509,1.4564436640749518,-0.19180248699651334,5.0,1.422094685626057,1.1552697934995175,0.025085007869903652,5.0,147.4761309623334,0.0
2024-04-13,Newcastle,Tottenham,4,0,2.7,4.0,2.3,1549.3377374233996,1573.5763053157807,2.007641823874686,1.53204256080928,-0.014876393351924965,7.0,1.9274778445780725,1.568830752512498,0.13250497392116464,6.0,-24.23856789238107,1.0
2024-04-13,Burnley,Brighton,1,1,3.5,3.75,2.0,1392.6217482501784,1511.3698221690902,1.1760656397804077,1.7910650788464457,-0.2023664810988435,7.0,1.0238196359763292,1.971775468887116,-0.36387426323836775,7.0,-118.74807391891181,0.0
2024-04-13,Man City,Luton,5,1,1.1,11.0,19.0,1692.0440113573022,1427.506614982957,2.3034175582866783,1.1328617766499676,0.0783410098800042,7.0,1.2149829587938639,1.8974621890210583,0.2090064005674953,7.0,264.53739637434524,0.0
2024-04-13,Nott'm Forest,Wolves,2,2,2.1,3.4,3.5,1416.8007479402065,1480.7960911832906,1.541567947613017,1.2510980161991987,-0.18664120067327272,6.0,1.4623892980512807,1.7522426849001473,-0.29023335275856754,7.0,-63.99534324308411,-1.0
2024-04-13,Bournemouth,Man United,2,2,2.4,3.9,2.6,1467.0825553005855,1563.8878992076193,1.4324076755954882,1.335253760026737,0.1318186099864346,7.0,1.50569007515533,2.81869799522112,0.39492414615303434,6.0,-96.80534390703383,1.0
2024-04-14,Liverpool,Crystal Palace,0,1,1.22,7.0,12.0,1658.188005705793,1421.2905126092198,2.9929421296503165,1.0277163912231493,-0.7846124637184929,7.0,1.193262287484412,1.6207456836943392,0.0015411475178038305,8.0,236.89749309657327,-1.0
2024-04-14,West Ham,Fulham,0,2,2.38,3.6,2.8,1501.1100999886662,1467.8895775775093,1.331338741247803,1.954459437258817,0.4361485578433336,8.0,1.5186821331961282,1.6702253120080404,-0.12682639636706342,8.0,33.220522411156935,0.0
2024-04-14,Arsenal,Aston Villa,0,2,1.29,5.75,10.0,1672.4845326761247,1581.981679274757,2.2927261753268398,0.582964455655363,0.2624391322876076,8.0,1.4800239631360477,2.0839187828078845,0.3713732528121052,8.0,90.5028534013677,0.0
2024-04-15,Chelsea,Everton,6,0,1.7,4.2,4.5,1503.495240037095,1452.116700231673,2.585522543284494,1.807417470645702,-0.1500925761122593,8.0,1.4457294820957212,1.6271817710006597,-0.5923028152109361,8.0,51.37853980542218,0.0
2024-04-20,Luton,Brentford,1,5,3.1,3.75,2.15,1424.8315831506964,1464.9943680149813,1.1313239260644685,2.464191001071125,0.20512880198957775,7.0,1.472055570640576,1.6434990626113584,-0.06818450080472975,8.0,-40.16278486428496,-1.0
2024-04-20,Wolves,Arsenal,0,2,8.5,4.5,1.4,1480.6811010295626,1658.4047612138154,1.4612527325903992,1.7543463859575854,-0.11831296859362751,7.0,2.209650153691154,0.6543615258421267,-0.18161418423306108,6.0,-177.72366018425282,1.0
2024-04-21,Everton,Nott'm Forest,2,0,2.05,3.5,3.6,1445.2169514910406,1416.9157380939346,1.3987304371660765,1.9869161563430617,-0.7213652637589308,6.0,1.5871337401565386,1.2935507352359792,-0.09912870781733955,8.0,28.30121339710604,-2.0
2024-04-21,Aston Villa,Bournemouth,3,1,1.85,4.0,3.6,1596.0614507370663,1468.1379532853898,1.3663581044951247,2.0439196241287636,0.5156957912947836,7.0,1.6289661974937542,1.3739320785277027,0.025159989665025317,8.0,127.92349745167644,-1.0
2024-04-21,Crystal Palace,West Ham,5,2,2.1,3.6,3.4,1438.2248492919541,1488.4895819542992,1.3862611914910103,1.9145624551584548,-0.2316456087022281,7.0,1.3564518388933893,2.29684864220797,0.04640371659797064,7.0,-50.26473266234507,0.0
2024-04-21,Fulham,Liverpool,1,3,5.25,4.5,1.57,1480.5100956118763,1641.2536690230588,1.9509719774784724,1.625426280020562,-0.433656384075476,7.0,3.003675453549708,1.2548673316833778,-1.2509231045784412,7.0,-160.74357341118252,0.0
2024-04-23,Arsenal,Chelsea,5,0,1.44,5.0,6.0,1665.1403835471535,1510.3949887777273,2.0966268786769744,0.5533066394651727,-0.07437471566109533,3.0,2.7475517191543277,1.6858023665094648,0.42324731003917304,8.0,154.74539476942618,-5.0
2024-04-24,Wolves,Bournemouth,0,1,2.7,3.6,2.5,1473.9454786962244,1463.074546581614,1.193736594829494,1.7352520499415007,-0.12784463080696495,4.0,1.7162605517901786,1.6324125435152854,-0.19708026906908704,3.0,10.870932114610468,1.0
2024-04-24,Crystal Palace,Newcastle,2,0,2.75,3.6,2.4,1447.9447190838384,1558.312060296653,1.8674008883222064,1.7971362740524148,0.08051557169502327,3.0,2.2429590336932717,1.3681486336429058,0.16389788210272743,8.0,-110.36734121281461,-5.0
2024-04-24,Everton,Liverpool,2,0,7.0,5.0,1.4,1452.7287816826147,1648.4326585675437,1.2078007846105603,1.8223394653248755,-0.2575767163452504,3.0,2.5953622348487926,1.1690431647445607,-0.5853033208293986,3.0,-195.70387688492906,0.0
2024-04-25,Brighton,Man City,0,4,6.5,5.0,1.4,1509.6948497216138,1694.7190431895629,0.9960982150897353,1.9471071088454528,-0.26599974107434676,8.0,2.7859587931932035,1.0662091345547404,0.13594168633356288,8.0,-185.0241934679491,0.0
2024-04-27,West Ham,Liverpool,2,2,5.5,5.0,1.5,1478.7697121624149,1634.7139955792552,1.3541635981473088,2.59013459730414,0.17188255381356074,6.0,2.4460401373848826,1.3180051871563452,-0.8506553593036669,3.0,-155.94428341684034,3.0
2024-04-27,Fulham,Crystal Palace,1,1,2.1,3.5,3.5,1473.3311060673914,1459.3843368104558,1.7215417767752634,1.501445177825633,-0.31094812828918306,6.0,1.7785289462417428,1.5401188186926467,0.18013232169545434,3.0,13.946769256935568,3.0
2024-04-27,Man United,Burnley,1,1,1.5,4.75,5.5,1562.832501222815,1394.2967206976548,1.5092074661021018,2.7292655131641332,0.41190999151918395,8.0,1.3156376667861074,1.6049468316495907,-0.33650931835950937,8.0,168.53578052516013,0.0
2024-04-27,Wolves,Luton,2,1,1.95,3.8,3.6,1461.9334780007332,1414.2612418318831,1.0474119547428147,1.873030806792047,-0.20141296306140638,3.0,1.0005476140001968,2.7359945874137312,0.2664523661845509,7.0,47.67223616885008,-4.0
2024-04-27,Everton,Brentford,1,0,2.3,3.5,3.0,1466.4474446709032,1475.5647093337946,1.3487671269217893,1.8324915735067895,-0.18197481984140448,3.0,1.9483690070690651,1.4071417199513523,0.19738163974703904,7.0,-9.11726466289133,-4.0
2024-04-27,Aston Villa,Chelsea,2,2,2.15,3.8,3.0,1601.124857440842,1505.8929351266931,1.6264010701329148,2.0456092945228628,0.48628454075522026,6.0,2.511519974832001,2.0515255147752445,0.0051447841815187275,4.0,95.23192231414896,2.0
2024-04-28,Nott'm Forest,Man City,0,2,8.0,6.0,1.3,1409.4039079023605,1701.2682368852286,1.5050319607244949,1.1243196052221072,-0.32400160694280755,7.0,2.604231876827408,0.9642583701777204,0.5400799932232847,3.0,-291.8643289828681,4.0
2024-04-28,Bournemouth,Brighton,3,0,2.25,3.8,2.9,1475.0865472771052,1503.145656025948,1.8579572450908177,1.3955892773886402,-0.4458835917485656,4.0,0.9086112982453419,1.9384348743676758,-0.32913177335431737,3.0,-28.059108748842846,1.0
2024-04-28,Tottenham,Arsenal,2,3,4.2,4.2,1.75,1564.6019824425273,1669.6424371981877,1.682005816638001,1.8946744663370572,-0.0469964207377279,8.0,2.3775971178246422,0.7699465568930226,0.2589629158366917,5.0,-105.04045475566045,3.0
2024-05-02,Chelsea,Tottenham,2,0,2.15,3.8,3.0,1510.0855311707671,1555.891137294894,2.316049142097401,1.754605141813799,0.09402793618283586,5.0,1.872332403414261,1.8162838633804672,-0.16202563074309612,4.0,-45.805606124126825,1.0
2024-05-03,Luton,Everton,1,1,2.6,3.6,2.55,1407.264754054215,1474.9933032606264,0.9806924019025894,2.478843690384321,0.23119871418274035,6.0,1.3209626748711756,1.6517452547523996,-0.18857953506231873,6.0,-67.72854920641134,0.0
2024-05-04,Brentford,Fulham,0,0,2.1,3.8,3.2,1467.0188507440714,1471.2343127245124,1.7437172301250212,1.3672946187277184,-0.04063384635940517,7.0,1.6540072093419629,1.4091106471235724,-0.32811882093395356,7.0,-4.215461980440978,0.0
2024-05-04,Arsenal,Bournemouth,3,0,1.22,7.5,11.0,1678.353282345821,1484.169795783539,2.199579819924251,1.1484304996410362,0.511957693259701,6.0,1.9865566632071343,1.3875911952547544,-0.2468946151724447,6.0,194.18348656228204,0.0
2024-05-04,Man City,Wolves,5,1,1.08,12.0,21.0,1705.4358361393824,1468.9299657784013,2.259264284432537,1.213645912164231,0.6489766263803443,6.0,1.1387403354857402,1.6731924508542595,-0.05467152489602365,7.0,236.50587036098113,-1.0
2024-05-04,Burnley,Newcastle,1,4,3.4,4.0,1.95,1400.0655541920453,1546.8724425700357,1.4354060245575555,1.9056767857071404,-0.45196976191578386,7.0,1.8939685688131156,1.3822721788491044,0.01635498424240007,8.0,-146.8068883779904,-1.0
2024-05-05,Brighton,Aston Villa,1,0,2.75,3.75,2.45,1494.0624075195142,1596.9322613967681,1.0010765264154113,2.050431800833435,-0.5411433340234417,7.0,1.4171836661765203,1.9462556059151892,0.6722549607104501,8.0,-102.86985387725395,-1.0
2024-05-05,Chelsea,West Ham,5,0,1.65,4.5,4.5,1519.6772108259768,1481.4630916091642,2.2971254665402863,1.6547633781689057,0.02835291818033068,3.0,1.2386072912955666,2.528831755575221,0.38521529756631917,8.0,38.214119216812605,-5.0
2024-05-05,Liverpool,Tottenham,4,2,1.5,5.75,5.0,1632.020616132506,1546.2994576396843,2.4144639091782953,1.2099083420334737,-0.7356072173679051,8.0,1.7482035677488148,1.9004615100660582,-0.39073220918247586,3.0,85.72115849282159,5.0
2024-05-06,Crystal Palace,Man United,4,0,2.38,3.75,2.8,1461.4811301533348,1557.0636677284244,1.629032175564374,1.5100117148968943,0.13185776218590095,8.0,1.8295415904257208,2.55734469286358,-0.09845019779816598,8.0,-95.58253757508965,0.0
2024-05-11,Bournemouth,Brentford,1,2,1.95,4.0,3.5,1480.4102213402741,1465.426899268717,1.673423613291789,1.908730270032423,-0.29265295212367315,7.0,1.5509637332082786,1.385551170425202,-0.19922557666053606,7.0,14.98332207155704,0.0
2024-05-11,Fulham,Man City,0,4,13.0,7.0,1.2,1472.8262641998667,1708.5073557881178,1.6131151008764568,1.2853863163967454,-0.5607568059044735,7.0,2.726771051700655,1.0451489655333115,0.6129986913860914,7.0,-235.6810915882511,0.0
2024-05-11,Newcastle,Brighton,1,1,1.57,4.75,4.75,1554.424663115812,1505.2900770195624,2.381343156050262,1.362477293335315,-0.03992041875236488,7.0,1.3382902625747848,1.640715588821235,-0.7669415634728453,6.0,49.13458609624968,1.0
2024-05-11,Tottenham,Burnley,2,1,1.36,5.75,7.0,1540.2638679809988,1392.5133336462688,1.629343382685231,2.1813915870208547,-0.1393186954501826,6.0,1.404637731884539,2.390823955698742,-0.4177830541343803,7.0,147.75053433473,-1.0
2024-05-11,West Ham,Luton,3,1,1.8,4.2,3.8,1474.2169555806688,1407.4871628987153,1.1674941478736978,2.8773846904999147,0.12133467504365905,6.0,0.9744388150562809,2.2210233931253285,0.1937223277208627,8.0,66.72979268195354,-2.0
2024-05-11,Nott'm Forest,Chelsea,2,3,3.4,3.8,2.0,1405.2363086482067,1526.9233468544721,1.6428581800384285,1.0846571663246385,-0.7054737815611466,8.0,2.693479296008731,1.497797445367532,0.18375153262321314,6.0,-121.68703820626547,2.0
2024-05-11,Wolves,Crystal Palace,1,3,2.88,3.5,2.38,1465.858446129666,1472.5017121810642,0.98569637345596,2.261605529088839,0.08102908469421151,7.0,1.7190958934859255,1.2689312255063874,0.5037212999031875,5.0,-6.643266051398314,2.0
2024-05-12,Man United,Arsenal,0,1,7.0,5.5,1.36,1546.043085700695,1682.112856789086,1.522542247095993,2.455898013757357,-0.14857412505989354,6.0,2.5532060585411656,1.0082024467342823,0.21784111749330864,8.0,-136.069771088391,-2.0
2024-05-13,Aston Villa,Liverpool,3,3,4.2,4.33,1.7,1585.7045918967199,1638.0562057911914,1.1381062253997984,2.088479378276334,0.5202822860792963,8.0,2.5893555552329435,1.2020981855193327,-0.43164819128578574,8.0,-52.351613894471484,0.0
2024-05-14,Tottenham,Man City,0,2,6.5,6.0,1.36,1544.9079464429926,1713.84185962331,1.9126001280422165,1.9274244234220084,-0.31736779704547596,3.0,2.8145326992074695,0.8478184596486346,0.6614422067283248,3.0,-168.9339131803174,0.0
2024-05-15,Brighton,Chelsea,1,2,3.3,4.0,1.95,1508.3318335247654,1535.1662757012825,1.4573807128692478,1.808006815290662,-0.7976014705849357,4.0,2.6351379465126477,1.6933471924674717,0.26742009910751424,4.0,-26.834442176517086,0.0
2024-05-15,Man United,Newcastle,3,2,2.75,4.0,2.3,1538.1982219675676,1551.382906610609,1.3222515949457274,2.3063601778698546,-0.23173239069516147,3.0,2.395843295851606,1.4765779716084606,-0.3311553801859153,4.0,-13.184684643041464,-1.0
2024-05-19,Brentford,Newcastle,2,4,2.9,3.9,2.2,1477.5521974021433,1542.722263574521,1.6285852068147324,1.3209420566382557,-0.1431109666113925,8.0,2.3712372764892096,1.4808034034923119,-0.319894444431868,4.0,-65.1700661723778,4.0
2024-05-19,Liverpool,Wolves,2,0,1.17,8.0,15.0,1638.2763084856965,1454.33467628934,2.447075844215761,1.5145288130496626,-0.11560394426294167,6.0,1.0208505536454797,2.313781653877182,0.03210947693362339,8.0,183.94163219635652,-2.0
2024-05-19,Burnley,Nott'm Forest,1,2,3.0,3.5,2.3,1387.869255184275,1396.9933798013963,1.310885654111454,2.5170264655979424,-0.3213182688722222,8.0,1.8084819700550987,1.3582149923864781,-0.6518805215318179,8.0,-9.124124617121197,0.0
2024-05-19,Chelsea,Bournemouth,2,1,1.45,5.0,6.0,1546.1179682544566,1468.284923206848,2.4100367514191583,1.6171985062087466,0.3063240353120813,4.0,1.5494265631482549,1.9125446917798836,-0.24720869281600186,8.0,77.83304504760872,-4.0
2024-05-19,Arsenal,Everton,2,1,1.18,8.0,12.0,1689.9577205222133,1474.770894416126,2.383593625086332,0.9140198323467204,0.022087432790057558,7.0,1.3021125392140596,1.5070562340531835,-0.1970399728083583,8.0,215.1868261060872,-1.0
2024-05-19,Luton,Fulham,2,4,2.9,3.9,2.2,1400.981141014421,1467.4917603646745,0.905517135815155,2.528311572100625,0.22794177732375293,8.0,1.2986134768949427,1.6705048896395829,-0.4633561549226134,8.0,-66.51061935025359,0.0
2024-05-19,Man City,West Ham,3,1,1.08,12.0,21.0,1720.805345473155,1480.7229774649632,2.791587513776844,1.0530929527635269,0.3798945309987078,5.0,1.692030359617248,2.4159074564070315,-0.050187806216114975,8.0,240.0823680081919,-3.0
2024-05-19,Brighton,Man United,0,2,2.15,4.0,2.9,1497.3801409715913,1546.8588650036556,1.4299117895399736,1.7535423455829677,-0.6999451805691833,4.0,1.3583144786680539,2.3002144795537216,0.12612962802497607,4.0,-49.47872403206429,0.0
2024-05-19,Crystal Palace,Aston Villa,5,0,1.85,4.33,3.6,1484.0254820213902,1585.4844892022147,1.8831914760424195,1.2456542019306553,0.4999581291497646,8.0,1.4637383612685748,2.0495301640007786,0.4714239077197505,6.0,-101.45900718082453,2.0
2024-08-16,Man United,Fulham,1,0,1.6,4.2,5.25,1557.1615991345925,1477.3043916075671,1.2852278373172779,2.232442112670426,0.3055751829844029,8.0,1.2609362852590962,1.7523903342053215,0.22720581110090501,8.0,79.85720752702537,0.0
2024-08-17,Arsenal,Wolves,2,0,1.18,7.5,13.0,1693.3620249805826,1450.3917961958819,2.554431541074955,0.862627365234845,-0.2324422751991866,8.0,0.9611069347083122,3.003974795871813,-0.12537201275393717,8.0,242.9702287847008,0.0
2024-08-17,Everton,Brighton,0,3,2.63,3.3,2.63,1471.3665899577568,1487.0774068406545,1.1706567477997813,1.858723359557094,-0.08726059739099568,8.0,1.5416824165827203,1.5989204001096844,-0.9623075407462792,8.0,-15.710816882897689,0.0
2024-08-17,Newcastle,Southampton,1,0,1.36,5.25,8.0,1552.5734680909054,1375.9331853551887,2.635136135418218,1.526347437942242,-0.1817863394822046,8.0,1.1271942777300894,2.4079490718574093,0.5354631916831575,8.0,176.6402827357167,0.0
2024-08-17,Nott'm Forest,Bournemouth,1,1,2.45,3.5,2.8,1408.4473279407996,1462.0562734464647,1.761267864237667,1.3012773684881989,-0.43067373162578954,8.0,1.6427922286300856,1.847594458024947,-0.4029217483266375,8.0,-53.60894550566513,0.0
2024-08-17,West Ham,Aston Villa,1,2,2.45,3.6,2.75,1477.7046016912047,1574.2968348389063,1.3925100505428993,2.3950985524235944,0.11692071671868377,8.0,1.2853115153588244,2.087150903661649,0.2506277804115403,8.0,-96.59223314770156,0.0
2024-08-18,Brentford,Crystal Palace,2,1,2.4,3.4,2.9,1467.700992885759,1495.2131363846988,1.6436419318253708,1.801516275119781,-0.0520212940227028,8.0,1.9551278008260953,1.112218005072852,0.9678766846640225,8.0,-27.51214349893985,0.0
2024-08-18,Chelsea,Man City,0,2,4.1,3.9,1.8,1552.3466180148398,1723.8237212469135,2.2424541635798536,1.6965828549591837,0.32612176409400384,8.0,2.6932760086496392,0.885385099601554,0.442829379157202,8.0,-171.47710323207366,0.0
2024-08-19,Leicester,Tottenham,1,1,5.0,4.33,1.62,1423.318698024586,1537.9444605931476,1.587158761679285,1.6871703082358007,-0.36351630036137894,8.0,1.8982107127742636,2.087489215776776,-0.6320739849523795,8.0,-114.62576256856164,0.0
2024-08-24,Crystal Palace,West Ham,0,2,2.15,3.6,3.2,1486.1454962293162,1468.7539337858434,1.7885290463132053,1.1675933230909346,0.7377606134670617,6.0,1.6838441030088716,2.451872467999016,-0.27950863821295335,7.0,17.39156244347282,-1.0
2024-08-24,Brighton,Man United,2,1,2.5,3.7,2.63,1498.3452918236678,1563.340385318815,1.593081433525848,1.352682289540791,-0.5143328529022952,7.0,1.4414898247278998,1.8582703269690557,0.027430839606161887,8.0,-64.9950934951471,-1.0
2024-08-24,Aston Villa,Arsenal,0,2,4.33,3.8,1.75,1583.2475027442676,1696.3380431311464,1.571033919773569,2.2351809092284736,0.06064085804395754,7.0,2.3633710855876116,0.8034622493718627,-0.10780803788043546,7.0,-113.09054038687873,0.0
2024-08-24,Fulham,Leicester,2,1,1.8,3.75,4.2,1471.1256054233447,1424.8781253622521,1.0871856467290806,1.812276941355775,0.09395350874153265,8.0,1.4714067563483335,1.6295190081051714,-0.2939072498528477,5.0,46.247480061092574,3.0
2024-08-24,Tottenham,Everton,4,0,1.44,4.75,6.5,1536.3850332554814,1460.0987049747434,1.7970289226880174,1.868533424289448,-0.5857960634683634,5.0,1.0127692060756015,1.844716994773871,-0.1528771183079395,7.0,76.28632828073796,-2.0
2024-08-24,Southampton,Nott'm Forest,0,1,2.55,3.3,2.8,1371.8555614165537,1408.263399350767,1.2979559368402322,2.000569268587938,0.021654295280995675,7.0,1.6545660877138482,1.4266811763750695,-0.392173352805104,7.0,-36.407837934213376,0.0
2024-08-25,Bournemouth,Newcastle,1,1,2.9,3.8,2.2,1462.2402020364973,1556.6510920295405,1.6977416984013682,1.723083550078475,-0.5073563734912354,8.0,2.1809374758766515,1.6147431677541408,-0.02741298733884385,8.0,-94.41088999304316,0.0
2024-08-25,Wolves,Chelsea,2,6,4.33,4.0,1.75,1447.4157780453181,1545.4494332634006,0.881625534856169,2.7201738006085985,-0.21830229285596928,8.0,1.9987682326760516,1.590090474321878,0.03991181635665842,7.0,-98.03365521808246,1.0
2024-08-25,Liverpool,Brentford,2,0,1.27,5.75,11.0,1649.8959373803293,1476.7686330411416,3.2787894692391237,1.1445072919046684,-1.0699752607950053,8.0,1.589384770007642,1.6666074985073185,0.08648431792608414,7.0,173.12730433918773,1.0
2024-08-31,Arsenal,Brighton,1,1,1.33,5.5,8.5,1704.8217579354632,1508.489052266502,2.1675142623574226,0.9093305519073317,0.03532626178275807,7.0,1.7062260869905774,1.3388349961862374,-0.4374238186177093,7.0,196.33270566896113,0.0
2024-08-31,Brentford,Southampton,3,1,1.75,3.9,4.33,1472.624968685892,1361.177566146794,1.3558236876210576,1.8836680742788896,-0.025685519225525793,6.0,1.074511145356824,2.178866573672281,-0.027162188680246953,7.0,111.447402539098,-1.0
2024-08-31,Everton,Bournemouth,2,3,2.75,3.4,2.55,1453.8318050046967,1463.2274012250366,0.9376967831921553,2.0028894882146027,-0.2551999850375255,7.0,1.8704944686545488,1.7581104062208421,-0.7193855370627711,6.0,-9.39559622033994,1.0
2024-08-31,Leicester,Aston Villa,1,2,4.5,4.0,1.7,1417.8442833552785,1574.7637879399508,1.3446437154541009,1.6981534455620404,-0.2037658119538983,7.0,1.518552586690039,2.0657696525807268,-0.2234914652635785,7.0,-156.91950458467227,0.0
2024-08-31,Nott'm Forest,Wolves,1,1,2.0,3.7,3.7,1418.9413946205266,1438.5061226947942,1.9042263981864804,1.1767020787261373,-0.6959651477554363,7.0,1.198599416351941,2.577657210534275,-0.259520455724345,6.0,-19.564728074267578,1.0
2024-08-31,West Ham,Man City,1,3,7.0,5.5,1.38,1480.9453173656527,1733.7642204570589,1.6529746655331112,2.2299411684404427,-0.12575391752792192,7.0,2.5249599016058153,0.8305470033567828,0.6033405927397768,7.0,-252.81890309140613,0.0
2024-09-01,Chelsea,Crystal Palace,1,1,1.6,4.33,5.0,1554.3590886139245,1473.954112649507,2.005077235338693,1.7609084079899775,0.8508210553178386,7.0,1.7034451489773272,1.24322615249176,0.3016722704505931,8.0,80.40497596441764,-1.0
2024-09-01,Newcastle,Tottenham,2,1,2.5,4.0,2.5,1555.6638928410011,1542.6519332255282,2.1215093057164895,1.804618491628956,-0.2059563180574979,7.0,1.9650394405496028,1.6169172891308712,-0.17848537342542103,8.0,13.01195961547296,-1.0
2024-09-01,Man United,Liverpool,0,3,3.7,4.2,1.85,1553.1966248759807,1654.0396017355788,1.4093215831422314,1.9167066499075154,-0.037139007503727166,8.0,3.163257744563628,1.0027242014231752,-0.997521798507556,7.0,-100.84297685959814,1.0
2024-09-14,Fulham,West Ham,1,1,2.38,3.25,3.0,1480.1783391905626,1475.9877311699622,1.2514264027407156,1.4278525562017454,0.026424117580437483,8.0,1.5073739268258064,2.428613513583258,-0.08891854386634934,8.0,4.1906080206003935,0.0
2024-09-14,Southampton,Man United,0,3,4.5,4.0,1.7,1355.7471907257807,1544.3667948945017,1.192651198789755,2.5262899334712854,-0.15507105818761582,8.0,1.428207973741556,1.955338981259345,-0.3391059470256938,8.0,-188.61960416872103,0.0
2024-09-14,Crystal Palace,Leicester,2,2,1.62,4.0,5.5,1477.78878228424,1410.563675972814,1.4468628245121193,1.60099150078585,0.3508993960706563,8.0,1.22706404320025,1.7942337883218265,-0.11525141219688913,8.0,67.22510631142586,0.0
2024-09-14,Aston Villa,Everton,3,2,1.5,4.2,6.5,1582.0443953224153,1442.3855061371905,1.6516771061390227,1.7994311156135505,-0.2111874621191658,8.0,1.2716117187343325,2.1996972327070146,-0.31731469792188305,8.0,139.65888918522478,0.0
2024-09-14,Man City,Brentford,2,1,1.18,8.0,12.0,1738.7218066527494,1478.0553441069055,2.6627700361291327,0.8546126619579466,0.43906213322006027,8.0,1.8730136549397678,1.8348703930542791,-0.19838386253742166,8.0,260.66646254584384,0.0
2024-09-14,Bournemouth,Chelsea,0,1,3.4,3.8,2.0,1474.6737000925427,1550.5244189791915,2.0946152365573076,1.9227744396791573,-0.5620810428792302,8.0,2.2056731030122716,1.492471443192658,0.2673543392666823,8.0,-75.85071888664879,0.0
2024-09-14,Liverpool,Nott'm Forest,0,1,1.22,6.5,12.0,1662.8694317170578,1417.7828001946145,2.944727235925908,1.105491419582186,-0.6068830511196214,8.0,1.8024100969213794,1.1273820463060469,-0.6371130337187751,8.0,245.0866315224432,0.0
2024-09-15,Tottenham,Arsenal,0,1,3.0,3.5,2.3,1534.7229890590395,1698.5437084890325,1.896548129304771,1.610732990034644,-0.2722597555597978,8.0,2.2191852132621763,1.0966813088940564,-0.26449006123587676,8.0,-163.820719429993,0.0
2024-09-15,Wolves,Newcastle,1,2,3.4,3.5,2.1,1439.6647171207062,1563.5928370074898,1.1447619746124875,2.3369124842874416,-0.19311503536990787,8.0,2.011227937051679,1.769221938388916,-0.07825357483744896,8.0,-123.92811988678363,0.0
2024-09-21,Fulham,Newcastle,3,1,3.0,3.4,2.4,1478.3515236798974,1571.773325389155,1.5886401441152005,1.2741318931951118,-0.36811004084548626,7.0,1.9023434986287355,1.707428656127528,0.04445821761232244,6.0,-93.42180170925758,1.0
2024-09-21,Leicester,Everton,1,1,2.45,3.4,2.88,1414.070163732052,1437.5732726663866,1.314706637926323,2.0197176533721595,-0.01965023555917209,7.0,1.185078635895983,2.3975513800960475,-0.015053637285684516,7.0,-23.503108934334705,0.0
2024-09-21,Aston Villa,Wolves,3,1,1.57,4.2,5.25,1586.8566287932192,1431.484228739041,1.9625875190738293,1.604009167201058,-0.20037170409882601,7.0,1.2117944563418181,2.1608394940734668,-0.2501723059492817,6.0,155.37240005417812,1.0
2024-09-21,West Ham,Chelsea,0,3,3.6,3.9,1.95,1477.8145466806275,1560.068514874279,1.3372480466419487,2.5229741695538364,-0.005119790372524128,7.0,1.9430647812976072,1.501721614015483,0.22607786989997553,7.0,-82.25396819365142,0.0
2024-09-21,Tottenham,Brentford,3,1,1.55,4.5,5.5,1527.6253133273567,1475.3282547418041,1.6688031759973252,1.5096807003290649,-0.3796046443993099,6.0,1.7034202897962272,1.7766773554698392,-0.1679662707958214,7.0,52.29705858555258,-1.0
2024-09-21,Crystal Palace,Man United,0,0,2.88,3.75,2.3,1474.282294525002,1550.8251549342501,1.743995378669476,1.6114877085688533,0.09548839005491616,7.0,1.7580234917709414,1.8316812218624912,-0.27470421239421705,7.0,-76.54286040924808,0.0
2024-09-21,Liverpool,Bournemouth,3,0,1.3,6.25,9.0,1645.8147199668435,1465.1296041974554,2.578692706946928,0.9990492611227202,-0.7231445549840805,7.0,1.9796434576760154,1.7185279642795748,-0.7632702667762731,7.0,180.68511576938818,0.0
2024-09-22,Brighton,Nott'm Forest,2,2,1.75,3.75,4.75,1512.3004136508669,1434.8375119448287,1.734909182818097,1.3881418009524122,-0.7718738432990457,8.0,1.552193979752582,1.1362648796376749,-0.4209976142531881,8.0,77.46290170603811,0.0
2024-09-22,Man City,Arsenal,2,2,1.8,3.6,4.5,1741.4488960178508,1705.6413842207153,2.433781735095351,0.8951148891344942,0.4407430338761609,8.0,1.9926095480705082,1.0339484623789839,-0.234867506687594,7.0,35.807511797135476,1.0
2024-09-28,Brentford,West Ham,1,1,2.2,3.5,3.2,1468.4523824549015,1468.4541928606902,1.536347567506292,2.2136470111003854,-0.11135743229183276,7.0,1.217804559841874,2.497041465186567,-0.16049366541283144,7.0,-0.0018104057887740055,0.0
2024-09-28,Newcastle,Man City,1,1,5.25,4.33,1.6,1560.8143248577583,1738.7591679889651,1.736341840138522,2.017699219967734,0.015135177734537418,7.0,2.5002304385125074,0.9753643768499204,0.19388032847253825,6.0,-177.94484313120688,1.0
2024-09-28,Arsenal,Leicester,4,2,1.17,8.0,15.0,1708.331112249601,1413.0235456652574,1.84644646223438,1.3891820370829586,-0.03872673082150602,6.0,1.3194978374101254,1.9792917971713857,-0.08531436456235819,7.0,295.3075665843435,-1.0
2024-09-28,Chelsea,Brighton,4,2,1.73,4.2,4.2,1569.4288686942161,1508.5382053949138,2.0367670801194104,1.348347316375428,0.3037810071455787,7.0,1.7005501735985795,1.3842403063170932,-0.5235895675191252,6.0,60.89066329930233,1.0
2024-09-28,Nott'm Forest,Fulham,0,1,2.38,3.3,3.0,1438.5997202007818,1489.310524211294,1.5144486065193519,1.2254058767475358,-0.20401850607957234,6.0,1.9234167157925153,1.2377299600093228,-0.33578290445845743,7.0,-50.71080401051222,-1.0
2024-09-28,Wolves,Liverpool,1,2,8.0,5.75,1.33,1426.9947542166858,1649.8172788586028,1.0691017592222103,2.2047133081037043,-0.09956227854815403,7.0,2.549525528523871,1.0961628290995273,-0.4578775594820671,7.0,-222.82252464191697,0.0
2024-09-28,Everton,Crystal Palace,2,1,2.7,3.3,2.63,1438.6198907331811,1474.7580768262173,1.3168403299274931,2.178952044140843,-0.18189139951489994,7.0,1.7285816351667653,1.7639579353540997,-0.2685824048791871,7.0,-36.13818609303621,0.0
2024-09-29,Ipswich,Aston Villa,2,2,4.0,3.75,1.85,1487.4530142324502,1591.3461033155745,0.9151866334429049,2.4513949123394405,-0.2737310491730743,8.0,2.0473606117528234,1.3804027805729195,-0.02979056744187402,8.0,-103.89308908312432,0.0
2024-09-29,Man United,Tottenham,0,3,2.35,3.75,2.75,1550.3493726330348,1534.5011856142594,1.880263463199554,1.7981779348164746,-0.7029521745750666,8.0,2.1280272183761517,1.3825763539149702,-0.4858912395269651,8.0,15.848187018775434,0.0
2024-09-30,Bournemouth,Southampton,3,1,1.65,4.1,5.0,1461.1270453056961,1351.563549495523,1.8744609562882657,1.8668123219345445,-0.9090249178460311,8.0,1.5712441899250378,2.4264502521559166,-0.7113187921020039,8.0,109.56349581017321,0.0
2024-10-05,Arsenal,Southampton,3,1,1.14,9.0,17.0,1710.6216453472846,1346.0901673390927,2.714266567615204,1.17230496044979,-0.4542805656518813,7.0,1.390688859966938,2.2233818199342004,-0.5018650342547977,5.0,364.5314780081919,2.0
2024-10-05,Brentford,Wolves,5,3,2.05,3.6,3.4,1466.7424594655445,1421.3657595334664,1.2957764740349755,1.9382310194295647,0.041538418999774444,7.0,1.0030494615825103,2.1866676104820817,-0.027225991734272044,7.0,45.376699932078054,0.0
2024-10-05,West Ham,Ipswich,4,1,1.8,3.8,4.33,1470.1641158500472,1488.7096803627333,1.1478303439969006,2.0582797240730804,-0.10234265705493656,7.0,1.171243715957064,2.09203363068462,-0.15609880049740346,6.0,-18.545564512686042,1.0
2024-10-05,Crystal Palace,Liverpool,0,1,6.0,4.5,1.5,1465.4437972152832,1655.4462735418222,1.6037701148814782,1.6289621732104536,-0.2386684847407639,7.0,2.4603452505275625,1.0245278469254238,-0.3876042094711907,7.0,-190.00247632653895,0.0
2024-10-05,Everton,Newcastle,0,0,3.2,3.6,2.2,1447.9341703441153,1564.0843891108777,1.274084695472476,1.9612293444997073,0.03932381726811656,7.0,1.6552863964171862,1.862450773254715,-0.05883869352165892,7.0,-116.15021876676246,0.0
2024-10-05,Man City,Fulham,3,2,1.25,7.0,9.5,1735.4891037358457,1499.5778250746953,2.2454360542829983,1.051298185016658,0.09918054926760711,7.0,1.8228463987959727,1.1091272072396081,-0.35644113479207934,7.0,235.9112786611504,0.0
2024-10-05,Leicester,Bournemouth,1,0,3.1,3.75,2.15,1410.7330125675737,1466.6004274621264,1.11698879013251,2.8197382866311105,0.27518830427296986,7.0,1.7852754325574882,1.6252883818451263,-0.4001099150541197,5.0,-55.86741489455267,2.0
2024-10-06,Aston Villa,Man United,0,0,2.2,3.75,3.0,1590.0894371852914,1538.200318683993,1.8611917124595145,1.476471746903726,0.15275364091762406,7.0,1.6162945235825623,2.542717295564711,-0.6818619368342256,7.0,51.889118501298526,0.0
2024-10-06,Chelsea,Nott'm Forest,1,1,1.48,4.5,6.5,1576.0832946903074,1428.3324193373805,2.3713070386832786,1.3192121950170044,0.3115851085472553,8.0,1.3287589419883432,1.2688348300551113,-0.28866988454162373,8.0,147.75087535292687,0.0
2024-10-06,Brighton,Tottenham,3,2,2.9,4.0,2.2,1501.8837793988225,1546.6502395633013,1.5987557873660596,1.8533961963613308,-0.25200258563256406,8.0,2.8045188447827316,1.2212800041316842,-0.8822562299554283,7.0,-44.76646016447876,1.0
2024-10-19,Tottenham,West Ham,4,1,1.5,5.0,5.25,1537.0884153319641,1478.9765912148368,2.4513900818151955,1.3761882164772754,-0.5130902851959068,8.0,1.8175175675757549,1.8780462441798236,-0.16251553993518147,8.0,58.1118241171273,0.0
2024-10-19,Fulham,Aston Villa,1,3,2.45,3.5,2.8,1496.4973963912919,1586.9759088279504,2.0158629940445714,1.1622932212293633,-0.43937741584686585,8.0,1.58714705554551,1.2644093477148317,0.01132242763762209,8.0,-90.47851243665855,0.0
2024-10-19,Southampton,Leicester,2,3,2.3,3.5,3.0,1344.4923042571277,1420.6140728159774,1.3664357888448573,2.4355194785566323,-0.45467567689412414,8.0,1.0747114172128496,2.640229926601835,0.23655727976735655,8.0,-76.12176855884968,0.0
2024-10-19,Man United,Brentford,2,1,1.7,4.2,4.5,1541.313847041334,1473.7991764249114,1.3753867588944668,2.1280742682801854,-0.6337271247318994,8.0,1.8815336173509825,1.682011811672428,0.21139129236630302,8.0,67.51467061642256,0.0
2024-10-19,Newcastle,Brighton,0,1,1.95,3.7,3.6,1562.4821809594741,1511.4456036301597,1.6831767659344343,1.6210315406594897,-0.4160753868939678,8.0,1.6757909435964595,1.6964835369496634,0.012026205579011278,8.0,51.03657732931447,0.0
2024-10-19,Bournemouth,Arsenal,2,0,5.0,3.9,1.65,1456.7193672137228,1712.2195084292496,1.8191816936256107,1.4781503596194234,-0.719775095937219,8.0,2.825128487887032,1.1931051132316037,-0.4124779862269004,8.0,-255.5001412155268,0.0
2024-10-19,Ipswich,Everton,0,2,2.38,3.3,3.0,1479.8972049979436,1449.5363784955189,1.1746889129880527,2.6844905499838303,-0.16344180946849773,8.0,1.1540450761568732,1.9260038442784075,-0.11159205078144646,8.0,30.360826502424743,0.0
2024-10-20,Wolves,Man City,1,2,8.0,6.0,1.33,1414.3090425740995,1738.569532419249,0.9397577187560128,2.5886343795742786,0.45365230768912607,8.0,2.0641821490615238,1.4034847721317456,0.41563970546270373,8.0,-324.26048984514955,0.0
2024-10-20,Liverpool,Chelsea,2,1,1.62,4.1,5.0,1661.869872987815,1570.727366152617,2.380502144317977,0.938903900074803,-0.5290670174356613,8.0,2.3519588217892538,1.390865739029954,-0.016246441944558883,8.0,91.14250683519799,0.0
2024-10-21,Nott'm Forest,Crystal Palace,1,0,2.3,3.5,3.0,1433.688347875071,1459.0201977692905,1.398442997107869,1.4769260516127811,-0.3666242911878198,8.0,1.3986487919334214,1.720632959834986,-0.315166912167215,8.0,-25.33184989421943,0.0
2024-10-25,Leicester,Nott'm Forest,1,3,3.0,3.3,2.4,1430.1503837680216,1442.693816844417,1.4385393748178281,2.59639643077273,0.2211221404369177,6.0,1.4989700500937697,1.344497250324313,-0.4737155265077108,4.0,-12.543433076395331,2.0
2024-10-26,Man City,Southampton,1,0,1.11,10.0,17.0,1742.1552133839791,1334.9559933050834,1.9200835852537645,1.2709852677800626,0.46075127247541847,6.0,1.5853917188771491,2.518606648817589,-0.44912285240858146,7.0,407.1992200788957,-1.0
2024-10-26,Everton,Fulham,1,1,2.75,3.25,2.63,1462.0800761355679,1487.372395118497,1.2477039907054537,1.7708658458284239,-0.007709526951293767,7.0,2.142711797707772,1.218748471084481,-0.6851548917732935,7.0,-25.292318982929146,0.0
2024-10-26,Aston Villa,Bournemouth,1,1,1.85,3.9,3.8,1596.1009101007453,1471.8191072762706,1.5559551823292643,1.5462826442799298,0.3316493110002289,7.0,1.8944827156873767,1.3260267027870052,-0.6092841717012238,7.0,124.28180282447465,0.0
2024-10-26,Brentford,Ipswich,4,3,1.65,4.33,4.75,1467.3129716335714,1467.3535073578946,1.677567261820858,1.6992456960865605,0.18988781254955367,7.0,1.1745202237033958,2.420907664489794,-0.4108900957125123,7.0,-0.04053572432326291,0.0
2024-10-26,Brighton,Wolves,2,2,1.62,4.5,4.5,1524.5369557204685,1410.7233616093695,1.6762260408257526,1.7460132482881812,-0.13030520858340564,7.0,0.9029248621684144,2.3363415958254627,0.40932488226856717,6.0,113.81359411109906,1.0
2024-10-27,Crystal Palace,Tottenham,1,0,3.9,4.0,1.83,1450.0147287999446,1543.8140595860925,1.2823685482397065,1.7546923925840217,-0.42240841169682963,6.0,2.2428481144050916,1.2694519178232224,0.12077935226530018,8.0,-93.79933078614795,-2.0
2024-10-27,Chelsea,Newcastle,2,1,1.73,4.33,4.2,1564.8224724087793,1549.3908288691653,2.142994200397607,1.562982270255115,-0.08283858358091195,7.0,1.7354516571504777,1.6327634739789088,-0.7297526276766916,8.0,15.431643539614015,-1.0
2024-10-27,Arsenal,Liverpool,2,2,2.5,3.25,2.9,1697.1197683667017,1667.7747667316526,2.395123950038827,1.397565405286114,-0.4802019807987112,8.0,2.3484572044579175,1.021451767512294,-0.4663732222129419,7.0,29.34500163504913,1.0
2024-10-27,West Ham,Man United,2,1,2.88,3.75,2.3,1472.2509469607085,1547.800051832674,1.6197352553839037,1.7877848096036097,-0.09985980232400388,8.0,1.45587723079086,1.8732467058390594,-0.45462263948793225,8.0,-75.54910487196548,0.0
2024-11-02,Newcastle,Arsenal,1,0,3.75,3.75,1.95,1541.528444499358,1694.6034369902115,1.7368541517110967,1.6297053990796182,-0.732330829025672,6.0,2.125526855249063,1.3884664833316243,-0.19305333293049468,6.0,-153.07499249085345,0.0
2024-11-02,Bournemouth,Man City,2,1,5.5,4.2,1.57,1476.6760184969328,1743.427230495727,1.5714524548274909,1.4597032538058152,-0.3450902207319341,7.0,2.1764677071386367,1.0851102107743287,-0.08049835559884093,7.0,-266.75121199879413,0.0
2024-11-02,Ipswich,Leicester,1,1,2.25,3.5,3.1,1459.062348311577,1418.7929056910957,1.2882701643706167,2.8159941061040246,0.0026307388208231747,7.0,1.3134938311204303,2.5857684138789008,0.2100772441877767,8.0,40.269442620481186,-1.0
2024-11-02,Liverpool,Brighton,2,1,1.4,5.0,7.5,1670.2910981081427,1519.9136158854226,2.143189803567521,1.0352425227781286,-0.23677980876745824,6.0,1.642649555052896,1.614956710694834,-0.003052428900890928,7.0,150.37748222272012,-1.0
2024-11-02,Nott'm Forest,West Ham,3,0,2.15,3.5,3.4,1454.0512949213428,1482.6981876193854,1.7147407236401566,1.2388549509336892,-0.2820972450425142,8.0,1.9030638071494888,1.9607040373166513,-0.28413891212882814,6.0,-28.64689269804262,2.0
2024-11-02,Southampton,Everton,1,0,2.63,3.4,2.63,1333.6839761933356,1461.0844185803783,1.3346499567776346,2.6515183315092608,-0.43279726642257854,7.0,1.1728463714296287,1.7140188195051982,0.01763736045293797,7.0,-127.40044238704263,0.0
2024-11-02,Wolves,Crystal Palace,2,2,2.5,3.4,2.88,1415.3467014444154,1460.9844944314957,0.9457970159968359,2.1665836176272744,0.5083352450830332,7.0,1.219703525515373,1.6029606981390787,-0.330853238664435,6.0,-45.637792987080275,1.0
2024-11-03,Tottenham,Aston Villa,4,1,1.91,4.0,3.6,1532.8442939545414,1591.2439988800832,1.9904101508379377,1.2094515891723743,-0.11439778959983868,7.0,1.642197608734595,1.2950858753408547,0.06229454362742324,8.0,-58.399704925541755,-1.0
2024-11-03,Man United,Chelsea,1,1,2.6,3.5,2.6,1537.352811173997,1572.6848567785864,1.697268817756243,2.1042759784732676,-0.6962730479804287,7.0,2.0346757945173413,1.5999651087830913,0.013069750132719864,7.0,-35.33204560458944,0.0
2024-11-04,Fulham,Brentford,2,1,2.0,3.7,3.5,1488.3680526736866,1475.604130679889,2.0091531467368435,1.1498643603043568,-0.6459899902720343,8.0,2.176618634661012,1.6905263051740624,0.13077933824696455,8.0,12.763921993797567,0.0
2024-11-09,West Ham,Everton,0,0,2.15,3.4,3.4,1473.5981609274443,1449.168452779853,1.5377596708583505,2.04103828289615,-0.25281813139588366,7.0,1.299300446065652,1.471890526973045,-0.35441288280986194,7.0,24.429708147591327,0.0
2024-11-09,Crystal Palace,Fulham,0,2,2.7,3.5,2.55,1461.3976366782344,1496.3038307307725,1.5144614247806427,1.6127020153126739,-0.39638153570018797,7.0,1.8897092276559986,1.065150913744604,-0.39516696484650804,5.0,-34.90619405253801,2.0
2024-11-09,Brentford,Bournemouth,3,2,2.5,3.5,2.7,1467.6683526228032,1492.0113965043993,1.8800863205688172,1.6368149361598396,0.15759613719402094,5.0,1.752551942337377,1.6439280135298766,-0.36658864346233705,7.0,-24.34304388159603,-2.0
2024-11-09,Liverpool,Aston Villa,2,0,1.42,5.25,6.5,1674.8814747277759,1581.2900587491426,2.0745292528936856,1.0312067846035424,-0.14881168917580423,7.0,1.8165809850919195,1.4606255508123889,-0.25742519375193507,6.0,93.59141597863322,1.0
2024-11-09,Brighton,Man City,2,1,4.1,4.2,1.73,1515.3232392657894,1728.0918524882604,1.5133060651396584,1.6552703696443867,-0.005657490186440106,7.0,2.212824336595991,1.366541847797861,-0.34295288665868273,7.0,-212.768613222471,0.0
2024-11-09,Wolves,Southampton,2,0,1.91,3.75,3.75,1414.9335591976767,1345.599941993861,1.0911108556437752,2.2660006512060304,0.47563363327707897,7.0,1.1707827615712203,2.4729204328800556,-0.24868202389965371,7.0,69.33361720381572,0.0
2024-11-10,Man United,Leicester,3,0,1.38,5.5,6.5,1536.6440010131273,1421.6013507445266,1.7928331673568985,1.9199337864290014,-0.792042824362841,7.0,1.5249717954789093,2.3279729847185053,-0.10941480578087273,8.0,115.04265026860071,-1.0
2024-11-10,Nott'm Forest,Newcastle,1,3,2.7,3.3,2.7,1463.151321613284,1554.1450610598927,1.8458170716473528,1.0105767528270346,-0.08982876588445968,8.0,1.5559008054002408,1.4814997740645712,-0.5523106418090997,8.0,-90.99373944660874,0.0
2024-11-10,Tottenham,Ipswich,1,2,1.25,6.5,9.0,1542.798234085482,1456.253903258146,2.0125047934695623,1.4731102420804356,0.30168510209372923,7.0,1.299240245124458,2.7066561255416985,-0.07496183358553421,8.0,86.5443308273359,-1.0
2024-11-10,Chelsea,Arsenal,1,1,2.7,3.4,2.55,1573.3936669394561,1681.986820429677,1.8646920838680816,1.7156031624394847,-0.033095894787050245,7.0,1.8750335242394103,1.2793853300288243,-0.3412282746099718,8.0,-108.59315349022086,-1.0
2024-11-23,Bournemouth,Brighton,1,2,2.4,3.6,2.8,1483.034098113457,1529.4572249927953,1.9051698299676756,1.627591567941996,-0.3925310822495485,8.0,1.79343061852003,1.8508566362955012,-0.18421020324835746,8.0,-46.42312687933827,0.0
2024-11-23,Leicester,Chelsea,1,2,6.5,4.75,1.44,1416.2524586094198,1574.7832414109598,1.2964558876566494,2.1028824758074705,-0.17293109714821062,8.0,1.7359566558111499,1.7661252513657582,-0.07591832363841876,8.0,-158.53078280154,0.0
2024-11-23,Aston Villa,Crystal Palace,2,2,1.62,4.0,5.5,1575.4436601584182,1450.6766321705413,1.784973639360543,1.7125862060222807,-0.5474708686338945,8.0,1.6064521295795706,1.7448591059948126,-0.7190315342061749,8.0,124.76702798787687,0.0
2024-11-23,Man City,Tottenham,0,4,1.48,4.75,6.0,1713.9578667612545,1528.8138734074055,2.293387512789415,1.6769437821097235,-0.602970085966225,8.0,1.9585317360276875,1.6197499216981903,0.08454147452225791,8.0,185.14399335384905,0.0
2024-11-23,Everton,Brentford,0,0,2.45,3.4,2.88,1451.5518041029798,1476.6456510137455,1.2099072845960803,1.4000590041887977,-0.4599495292204869,8.0,1.8150305403102662,1.8133093073593365,0.42117752083936594,8.0,-25.093846910765706,0.0
2024-11-23,Arsenal,Nott'm Forest,3,0,1.38,4.75,9.0,1680.5972459581733,1454.0410343084084,1.8926652132869453,1.2713983777839104,-0.46898370620859636,8.0,1.7081540363471164,1.1876772697044438,-0.10812572088641652,8.0,226.55621164976492,0.0
2024-11-23,Fulham,Wolves,1,4,1.62,4.0,5.25,1507.0248352384656,1421.3739591368615,1.9647198759641298,1.2498341409141518,-0.3659019475266516,8.0,1.0543215001143555,1.9620502174199024,0.6018033731208933,8.0,85.65087610160413,0.0
2024-11-24,Southampton,Liverpool,2,3,11.0,5.75,1.27,1339.1595420546762,1680.7278733185003,1.0927742584943934,2.151060590470204,-0.36090472186689115,8.0,2.1998418968933238,1.161621723817638,-0.25879990559651084,8.0,-341.5683312638241,0.0
2024-11-24,Ipswich,Man United,1,1,5.25,4.0,1.62,1470.2382639362224,1541.992893148234,1.4973493257839352,2.492626214148529,-0.09936117364022874,8.0,1.6781444470040692,1.6099401942362295,-0.26491820210270156,8.0,-71.75462921201165,0.0
2024-11-25,Newcastle,West Ham,0,2,1.5,4.5,6.0,1563.2553483647682,1471.2148096043175,1.6205012567309423,1.4189952058527826,-0.20505279275071583,8.0,1.4523393782965084,1.7986249953783102,-0.4324806033501169,8.0,92.04053876045077,0.0
2024-11-29,Brighton,Southampton,1,1,1.38,5.0,7.5,1539.8478000256132,1335.8577543239214,1.6773168946920696,1.863381771322869,0.012521143554400876,6.0,1.185006635389975,2.365054907064874,-0.19151993640727938,5.0,203.99004570169177,1.0
2024-11-30,Brentford,Leicester,4,1,1.65,4.2,4.75,1477.646964102277,1409.0147435675217,1.7176797698227178,1.7682928419200872,0.05719974343898975,7.0,1.2286922775292128,2.2501193149593517,-0.13065083128757368,7.0,68.63222053475533,0.0
2024-11-30,Crystal Palace,Newcastle,1,1,2.9,3.6,2.3,1455.5442075547473,1549.1387520547382,1.6080855820864646,2.012984654440571,-0.491140440199032,7.0,1.5951901149415992,1.3207613363133026,-0.4717479252623836,5.0,-93.59454449999089,2.0
2024-11-30,Nott'm Forest,Ipswich,1,0,1.7,3.8,4.75,1450.8176391696961,1470.576460333221,1.4389295012356307,1.2851502086747615,-0.16898618643965918,7.0,1.6051291214838468,2.2233902798189003,-0.29471936555540096,6.0,-19.75882116352477,1.0
2024-11-30,Wolves,Bournemouth,2,4,2.8,3.6,2.4,1435.336664380107,1472.6435230806392,1.1130567140264587,1.705229607156986,1.0266083661540746,7.0,1.906490181682055,1.5456903530998698,-0.49960853822653656,7.0,-37.306858700532075,0.0
2024-11-30,West Ham,Arsenal,2,5,7.0,4.5,1.45,1485.3314059143474,1683.8206410968855,1.347226623504249,1.7365670199100325,-0.12516522889347187,5.0,1.8446995099673282,1.0922763055189335,-0.09582432615454656,7.0,-198.4892351825381,-2.0
2024-12-01,Chelsea,Aston Villa,3,0,1.7,4.1,4.5,1582.020956452858,1570.5760847742122,1.9588886838497863,1.6014697495306205,-0.22871643825413232,8.0,2.0448235806531367,1.6923242543324961,-0.6500180322196588,8.0,11.444871678645768,0.0
2024-12-01,Man United,Everton,4,0,1.53,4.2,6.0,1541.6546967512356,1450.5504910144482,1.5937629185294597,1.6877563159468125,-0.26578503080086957,7.0,1.2893723393651526,1.388316643535583,-0.6941304748207744,8.0,91.10420573678743,-1.0
2024-12-01,Tottenham,Fulham,1,1,1.7,4.5,4.1,1544.8928573697435,1493.06212999522,2.236202218584163,1.7309948664812143,0.21058396026438095,8.0,1.7073485165464446,1.2682351997711419,-0.23206641206682124,8.0,51.830727374523576,0.0
2024-12-01,Liverpool,Man City,2,0,2.1,3.6,3.3,1684.029661049255,1697.8788827989165,2.403770599103263,1.2396500184351156,-0.2442661270933731,7.0,2.265661376526846,2.012705711585016,-0.9239761765429916,8.0,-13.84922174966141,-1.0
2024-12-03,Ipswich,Crystal Palace,0,1,3.0,3.4,2.35,1461.72954294397,1456.5081340620366,1.3571604371868031,2.124077551443894,-0.3311978935261799,3.0,1.7499916499606012,1.6020369979220728,-0.6571722293781982,3.0,5.221408881933485,0.0
2024-12-03,Leicester,West Ham,3,1,2.9,3.4,2.38,1402.556701103947,1479.1189450072438,1.1624413206333497,2.2436684225139962,-0.08462592749565791,3.0,1.3241547868566335,2.2033779593842273,0.058394933161536045,3.0,-76.5622439032968,0.0
2024-12-04,Everton,Wolves,4,0,2.1,3.4,3.5,1444.6446797053206,1424.6844305243494,1.1815554191448636,1.4653268667712647,-0.7091116383969637,3.0,1.0620960579578984,1.9886397801417492,1.048756189589334,4.0,19.960249180971232,-1.0
2024-12-04,Man City,Nott'm Forest,3,0,1.36,4.75,9.0,1689.199451170431,1459.664556558947,1.9519528283008452,2.3609050381596,-0.8870565798841377,3.0,1.5063771542908473,1.1154938101675362,-0.2921230034551224,4.0,229.5348946114841,-1.0
2024-12-04,Newcastle,Liverpool,3,3,4.2,4.0,1.75,1548.174825547449,1692.7090926777405,1.270433252328997,1.5219422450728655,-0.17245712149940864,4.0,2.6712934449264742,1.1376070741120363,-0.5446946616567,3.0,-144.53426713029148,1.0
2024-12-04,Southampton,Chelsea,1,5,8.5,5.25,1.33,1342.2674896758783,1589.9931104555658,1.1334236091775856,2.26289567878898,-0.13859320936928915,5.0,1.9569291103640822,1.4516908127019947,0.03520793354392768,3.0,-247.72562077968746,2.0
2024-12-04,Arsenal,Man United,2,0,1.44,4.5,7.0,1690.0331020039891,1547.5605080603632,2.289202773577122,1.121800585469843,0.13037775102440918,4.0,1.6283896832164335,1.4977529907482805,0.2508249618593616,3.0,142.47259394362595,1.0
2024-12-04,Aston Villa,Brentford,3,1,1.8,3.75,4.33,1562.6039307715043,1484.1050065658517,1.8035809814906374,1.745356782549988,-0.6965230845894169,3.0,1.8210709248933,1.5907230775356427,0.4128497752595522,4.0,78.49892420565266,-1.0
2024-12-05,Fulham,Brighton,3,1,2.35,3.6,2.88,1496.1741405628563,1533.4380646736563,1.6795788503331277,1.2151388313347184,-0.3023471941994537,4.0,1.7170384361164708,1.6718507045725626,-0.16951362258148675,6.0,-37.26392411079996,-2.0
2024-12-05,Bournemouth,Tottenham,1,0,2.63,3.75,2.45,1483.2957569363969,1541.7808468021071,2.1483804039248215,1.4054776046826352,-0.20653980645676226,5.0,1.9834147629299204,1.6983469707048717,0.16490018765274858,4.0,-58.48508986571028,1.0
2024-12-07,Aston Villa,Southampton,1,0,1.36,5.5,7.0,1568.8161528141507,1337.1997743664967,2.0951128811462,1.618957758391825,-0.5975420234558221,3.0,1.293660762372561,2.999431412442695,-0.2977638703057481,3.0,231.61637844765391,0.0
2024-12-07,Brentford,Newcastle,4,2,2.88,3.75,2.3,1477.8927845232054,1550.5610151686792,1.6790521129710547,1.9261674508821676,0.3003113953865999,3.0,1.322036331881862,1.6675314469332516,0.16832632330336708,3.0,-72.66823064547384,0.0
2024-12-07,Crystal Palace,Man City,2,2,5.5,4.2,1.57,1468.3636126624579,1692.3767526529643,1.730234008918885,1.368850719841091,-0.6565631860094012,4.0,2.209772949861656,2.0393357246896078,-0.745665814736934,3.0,-224.0131399905065,1.0
2024-12-07,Man United,Nott'm Forest,2,3,1.65,3.9,5.25,1542.807215194743,1456.4872550764137,1.3452835358618396,1.8008248684885582,0.14625011579870167,3.0,1.361096494055521,1.5458749874602165,-0.3973423362291645,3.0,86.31996011832939,0.0
2024-12-08,Fulham,Arsenal,1,1,5.0,4.33,1.6,1505.520676217215,1694.7863948696092,1.4706109231880944,1.1912599082771087,0.2413969892297836,3.0,2.4289989771684275,0.9432035026770643,-0.09597769422747529,4.0,-189.2657186523943,-1.0
2024-12-08,Ipswich,Bournemouth,1,2,3.5,3.75,2.0,1449.8740643435488,1493.252154594062,1.1670051706588522,2.0231733309881372,-0.3613731300767607,5.0,2.381247041219277,1.2442455698777544,-0.6337076639029511,3.0,-43.378090250513196,2.0
2024-12-08,Leicester,Brighton,2,2,4.5,3.8,1.73,1413.0330400425742,1524.0915290192977,1.4962706895442317,2.374358193128815,-0.021907221770581756,5.0,1.5896178884305232,1.464477089835409,-0.15504715610544959,3.0,-111.05848897672354,2.0
2024-12-08,Tottenham,Chelsea,3,4,3.4,3.9,2.0,1531.824449144442,1595.0608257649474,1.7029545961881158,2.024055268699428,0.0021641094136404674,3.0,2.7565811272739076,1.5462686390444123,-0.14392353669484265,4.0,-63.236376620505325,-1.0
2024-12-09,West Ham,Wolves,2,1,1.9,3.9,3.75,1468.6426060686167,1416.9460813574692,1.6445389459457114,2.3224606259244354,-0.34090903206889367,6.0,1.0178712150920965,1.8876356028708832,0.6575133234170731,5.0,51.696524711147504,1.0
2024-12-14,Arsenal,Everton,0,0,1.22,6.5,12.0,1691.2285015832524,1452.3830288722008,2.4298862759173527,0.7797698609757722,-0.3718665828218041,6.0,1.2470523212802662,1.3379157200172782,-0.04687554686327283,8.0,238.84547271105157,-2.0
2024-12-14,Liverpool,Fulham,2,2,1.33,5.5,8.0,1690.3229030565103,1509.0785695035718,2.5797720984469774,1.216612124407113,-0.27299110329453197,8.0,1.1983734079156243,1.4474921262068627,0.3667476465029304,6.0,181.24433355293854,2.0
2024-12-14,Newcastle,Leicester,4,0,1.3,6.0,8.5,1540.1965556808111,1414.492132719202,1.4529155380767047,1.6837194681767056,0.1425850334060399,7.0,1.4814396068232087,2.115963106788039,0.10136292225398054,6.0,125.70442296160923,1.0
2024-12-14,Wolves,Ipswich,1,2,1.9,3.8,3.8,1410.0546029265802,1439.3960119944354,1.112314863734535,1.7453806445269822,0.42373819955823117,5.0,1.2521431969890255,2.335810823242736,-0.405119664491106,6.0,-29.34140906785524,-1.0
2024-12-14,Nott'm Forest,Aston Villa,2,1,2.63,3.3,2.7,1470.4661816502035,1571.9615627113888,1.214648727645353,1.5301601275955665,0.16918187688140482,7.0,2.181401167865135,1.3645645627416305,-0.7864789165223697,7.0,-101.4953810611853,0.0
2024-12-15,Brighton,Crystal Palace,1,3,1.85,3.8,3.9,1522.63243634267,1472.7622978101672,1.4931155559778029,1.4562050812830896,0.0581029369986776,7.0,1.6238919918852708,1.4133596829094097,-0.3591199467521949,8.0,49.87013853250278,-1.0
2024-12-15,Man City,Man United,1,2,1.57,4.5,5.0,1687.978067505255,1528.8282886209533,2.080800098984892,1.8692261862002568,-0.5061385475778023,8.0,1.3709505870025778,1.5636613696165425,0.225479404998264,8.0,159.14977888430167,0.0
2024-12-15,Chelsea,Brentford,2,1,1.33,6.0,7.5,1604.9676780520524,1488.2572440110735,2.7187620750969224,1.8987542645207458,0.18010352516146808,7.0,1.6928634268678084,1.932414724844368,0.7033563273821325,8.0,116.71043404097895,-1.0
2024-12-15,Southampton,Tottenham,0,5,4.33,4.5,1.67,1334.0543644692586,1521.917596857337,1.106375266063788,2.8991587797790115,-0.3159323664609784,8.0,2.023115991082096,2.1373559160267264,-0.05086395521950182,7.0,-187.86323238807836,1.0
2024-12-16,Bournemouth,West Ham,1,1,1.7,4.0,4.75,1503.7302069431753,1475.5340844995058,2.610244194030017,1.310788379231553,-0.8106223229832094,8.0,1.5524347001193435,2.1477681649896465,-0.10514400358633555,7.0,28.196122443669537,1.0
2024-12-21,Ipswich,Newcastle,0,4,4.75,3.75,1.73,1450.2761538808609,1545.3084194961903,1.3539704243928599,2.103462791006135,-0.2630387653358714,7.0,1.969013790200625,1.3748973106816424,0.12253374911874176,7.0,-95.03226561532938,0.0
2024-12-21,Brentford,Nott'm Forest,0,2,2.3,3.6,2.9,1482.9458861373096,1481.6548681579995,1.6857969629151561,2.0683754185882623,0.42238339015415477,6.0,1.435688561771643,1.2948266579630208,0.07525746506432528,7.0,1.291017979310027,-1.0
2024-12-21,Crystal Palace,Arsenal,1,5,6.25,4.2,1.55,1485.8232540320405,1684.2651705754176,1.9090572811634068,1.3947659767146618,-0.28630862131020646,6.0,2.1985758217326317,0.6461695249613791,-0.565124509232469,7.0,-198.44191654337715,-1.0
2024-12-21,West Ham,Brighton,1,1,2.88,3.7,2.35,1478.0194165962712,1509.5714801207967,1.6072763827106573,2.12727269078875,-0.25226152169055316,5.0,1.458068255104043,1.7759640920500248,-0.020565847402354006,6.0,-31.552063524525465,-1.0
2024-12-21,Aston Villa,Man City,2,1,3.25,3.7,2.1,1560.7728762035927,1672.3922884584802,1.8117170140422856,1.5546768389121006,-0.49826701550458513,7.0,1.783172446022856,1.9058224367149013,-0.3270632705186209,6.0,-111.6194122548875,1.0
2024-12-22,Everton,Chelsea,0,0,5.0,4.2,1.62,1459.3463598800356,1610.2790359258163,1.0170518593427444,1.331878217363933,-0.06447092250460372,8.0,2.6924997239388357,1.8492126290160416,0.020930375602561842,7.0,-150.93267604578068,1.0
2024-12-22,Fulham,Southampton,0,0,1.42,4.75,7.0,1515.0863067774208,1327.5769503125662,1.2164919876841143,1.5814811330748793,0.43834436455203574,8.0,1.1408655203081954,3.104233868949587,-0.5134911971903012,7.0,187.5093564648546,1.0
2024-12-22,Leicester,Wolves,0,3,2.55,3.4,2.7,1409.3802689038228,1399.1744610401547,1.2143466597382593,2.495276440724173,0.04192329449634878,8.0,1.1381363655352772,1.7429276108130711,0.28732923265258675,8.0,10.205807863668042,0.0
2024-12-22,Man United,Bournemouth,0,3,1.8,3.8,4.2,1544.4140676677282,1501.2448748464099,1.5103408316423954,1.3727191646158068,0.16934544081480393,7.0,2.4943401582042735,1.4154815707663233,-0.8596798587196647,6.0,43.16919282131835,1.0
2024-12-22,Tottenham,Liverpool,3,6,4.5,4.0,1.73,1528.3950110140295,1684.3151657826613,2.408917464836192,1.9591552727273678,0.1879573840623875,7.0,2.4801723423614637,1.2309680665566547,-0.23668010522130464,8.0,-155.92015476863185,-1.0
2024-12-26,Newcastle,Aston Villa,3,0,1.91,3.8,3.75,1554.303513121625,1572.2477661027656,2.229950898186124,1.310815059825677,0.2553093802470374,5.0,1.862912907553421,1.4601077490893382,-0.40782800472373726,5.0,-17.944252981140608,0.0
2024-12-26,Man City,Everton,1,1,1.33,5.5,7.5,1660.9173985593072,1461.9054452440691,1.6414648326033565,1.9376044310122813,-0.27945074016902527,5.0,1.0281421354947378,1.3698438773593202,-0.27207814506689953,4.0,199.0119533152381,1.0
2024-12-26,Bournemouth,Crystal Palace,0,0,1.9,3.8,3.8,1514.130016949607,1479.6096265012925,2.356938486786439,1.5949308443234353,-0.440609325024271,4.0,1.8463716838371576,1.7371352250619547,-0.35209574505074537,5.0,34.5203904483144,-1.0
2024-12-26,Chelsea,Fulham,1,2,1.48,4.75,6.0,1607.7199505617828,1508.9645783001217,2.449769882578317,1.6886285759587358,-0.29611898576500534,4.0,1.223930736664439,1.312992654965144,0.08951374627064836,4.0,98.75537226166102,0.0
2024-12-26,Southampton,West Ham,0,1,3.25,3.5,2.2,1333.6986787898652,1477.2024440909183,0.9632752738590606,2.7222313041419945,-0.465328335482286,4.0,1.5293144946725685,1.9656406236589914,-0.24753901280287763,5.0,-143.50376530105314,-1.0
2024-12-26,Wolves,Man United,2,0,3.9,3.7,1.91,1411.1680858350924,1531.5289255645312,1.1375532878115417,1.5460668304758873,0.6127379295302141,4.0,1.670220689560771,1.4667073143915057,-0.3370528118793633,4.0,-120.3608397294388,0.0
2024-12-26,Liverpool,Leicester,3,1,1.08,12.0,23.0,1691.622430446789,1397.386644108885,3.0417128389435613,1.2250848044205873,-0.023255025467027814,4.0,1.1265315858480611,2.214715229860684,-0.12943024708590498,4.0,294.23578633790385,0.0
2024-12-26,Nott'm Forest,Tottenham,1,0,2.3,3.75,2.88,1493.4008906268073,1521.0877463499019,1.3385645101352357,1.1863497201194217,0.2732730942044368,5.0,2.160023861239209,2.628181316699848,0.5200154943556483,4.0,-27.686855723094595,1.0
2024-12-27,Brighton,Brentford,0,0,1.62,4.33,4.75,1510.3884526261495,1471.1998636685018,1.434492711167197,1.6632020182765535,-0.08724682012177344,6.0,1.4966630567444745,1.8407284010773317,0.1766007980344962,6.0,39.18858895764765,0.0
2024-12-27,Arsenal,Ipswich,1,0,1.14,9.0,15.0,1690.4787981061656,1441.2810602554262,2.3751195217213383,0.8440170076733127,-0.04715098522765896,6.0,1.2930052016011355,2.3413461763476744,-0.43165170689906907,6.0,249.1977378507395,0.0
2024-12-29,Everton,Nott'm Forest,0,2,2.6,3.2,2.8,1468.2299896069908,1502.47351592398,0.9508101307517993,1.6070482758556934,-0.14442226981848746,3.0,1.330645805879333,1.1597845945740248,0.15497002242786304,3.0,-34.24352631698912,0.0
2024-12-29,Crystal Palace,Southampton,2,1,1.57,3.9,5.5,1482.2649542466359,1326.0568772795239,1.568629529233985,1.626714416597368,-0.3826219308346849,3.0,1.2180670265350635,2.5528340039141266,-0.8228465264960423,3.0,156.208076967112,0.0
2024-12-29,Leicester,Man City,0,2,7.5,5.5,1.36,1395.083567872754,1654.5928541963856,0.9397142580562575,2.1496553924716606,0.057985074431660094,3.0,1.8226339708321406,1.6726508329684964,-0.535303195297172,3.0,-259.5092863236316,0.0
2024-12-29,Fulham,Bournemouth,2,2,2.3,3.6,2.88,1523.2404044075615,1511.4746892042635,1.338501060647641,1.3631785803205234,0.11657946442374956,3.0,2.118652591359734,1.3690608026884932,-0.5976611279423751,3.0,11.765715203297987,0.0
2024-12-29,West Ham,Liverpool,0,5,7.0,5.0,1.4,1484.8442456012597,1693.92550668292,1.606015711908094,2.013644319635393,-0.38237036377280176,3.0,2.80604398595999,1.0179364482639195,0.2086059903020366,3.0,-209.0812610816604,0.0
2024-12-29,Tottenham,Wolves,2,2,1.6,5.0,4.2,1512.0151210527292,1422.8881397351106,1.9325902724000676,2.3542153434115116,0.19455837346927946,3.0,1.0733808888132403,1.3011499864485203,0.7284251190782856,3.0,89.12698131761863,0.0
2024-12-30,Aston Villa,Brighton,2,2,1.9,3.8,3.6,1563.4523502840616,1507.608688290514,1.525120024368551,1.7424414217758686,-0.37021837181722467,4.0,1.4140458109731184,1.5183861789456798,-0.3447360387835126,3.0,55.843661993547585,1.0
2024-12-30,Ipswich,Chelsea,2,0,6.5,4.75,1.42,1438.3947141881645,1593.444124454343,1.038441343130642,2.3043089524996834,-0.3576052050241757,3.0,2.2654392636662557,1.7073319800629545,-0.34978594020313375,4.0,-155.04941026617848,-1.0
2024-12-30,Man United,Newcastle,0,2,2.75,3.5,2.55,1519.808871664513,1563.098928940329,1.3996909696921214,1.3346306127997032,-0.3415549241126421,4.0,2.353466334046065,1.0869196722991743,0.23798447826372793,4.0,-43.290057275816025,0.0
2025-01-01,Brentford,Arsenal,1,3,6.5,4.75,1.44,1473.9796280041373,1693.3651441734273,1.38620411760098,1.7364752916791375,-0.05813371615525234,5.0,2.33169358108415,0.6860567376454049,-0.2776842553395123,5.0,-219.38551616928999,0.0
2025-01-04,Bournemouth,Everton,1,0,1.73,3.75,4.75,1513.511388417864,1457.4900137716716,2.0337123742874637,1.2849948391904977,-0.4139017016779637,6.0,0.8815720805674079,1.6937934344308558,-0.2415416112950464,6.0,56.0213746461925,0.0
2025-01-04,Tottenham,Newcastle,1,2,2.88,3.8,2.25,1507.96841225013,1573.5795092608787,2.0051539932282196,2.0007174102845093,0.09576395386423231,6.0,2.3305534077408177,1.0691387882299719,0.13888141302636972,5.0,-65.61109701074861,1.0
2025-01-04,Man City,West Ham,4,1,1.3,6.25,7.5,1659.4082354387074,1478.8898539065235,1.7725828362372542,1.7076039810263237,-0.3382287744793669,6.0,1.3816162002691752,2.2787465047097237,-0.4104082439537472,6.0,180.51838153218387,0.0
2025-01-04,Aston Villa,Leicester,2,1,1.33,5.5,8.5,1560.2364022640284,1390.2681866304322,1.5983253877299626,1.5764942440875371,-0.26908039052708366,5.0,1.125872191057298,2.032139686480495,-0.3339980986681429,6.0,169.96821563359617,-1.0
2025-01-04,Southampton,Brentford,0,5,3.0,3.4,2.4,1321.5841294486277,1468.2702636788106,1.2181625378995367,2.65625955348046,-0.698176107150839,6.0,1.1564689989688743,1.7905267252205905,0.10392065118689806,3.0,-146.68613423018292,3.0
2025-01-04,Brighton,Arsenal,1,1,4.33,3.75,1.8,1510.8246363105472,1699.074508498754,1.3158464750940724,1.5929807310765811,-0.054535798346036564,5.0,2.262951794539525,0.6007616552990052,-0.013785090181181939,3.0,-188.24987218820684,2.0
2025-01-04,Crystal Palace,Chelsea,1,1,3.8,3.75,1.91,1486.737702077532,1580.774649604193,1.875095747125056,1.5425061861126312,-0.5211619443443954,6.0,2.1294426762474292,1.6647513601202983,-0.6089876259955895,5.0,-94.03694752666092,1.0
2025-01-05,Fulham,Ipswich,2,2,1.55,4.2,5.75,1521.203705193961,1451.0641890383145,1.2607395558616705,1.4340922544309,0.3067575703208606,7.0,1.1350506165170757,2.158485124264385,-0.17865428837728772,6.0,70.13951615564656,1.0
2025-01-05,Liverpool,Man United,2,2,1.29,6.25,8.0,1699.8798983776562,1509.3282913439632,2.9076745365973604,0.91485737943847,0.5165521055395628,7.0,1.3173855314534366,1.5219029599940659,-0.47754239561591927,6.0,190.55160703369302,1.0
2025-01-06,Wolves,Nott'm Forest,0,3,3.3,3.2,2.3,1426.9348485377097,1513.2134917592991,0.9841184300943484,1.5039795062015862,0.8585748941413066,8.0,1.4744126486433675,1.0474352224086583,0.1173203637755729,8.0,-86.27864322158939,0.0
2025-01-14,Brentford,Man City,2,2,4.75,4.2,1.62,1475.8257518422854,1663.4138680463504,2.0625921965517864,1.4726372403856847,-0.030722897913597516,8.0,1.8153440061128208,1.6715543896398248,0.14830146341106917,8.0,-187.58811620406505,0.0
2025-01-14,Chelsea,Bournemouth,2,2,1.48,4.75,6.0,1579.7981095820048,1520.290855178987,2.0027680580621907,1.584675938659329,-0.5896826109659077,8.0,2.1543578799170375,1.1356381791121806,-0.6624138231035775,8.0,59.507254403017896,0.0
2025-01-14,West Ham,Fulham,3,2,3.0,3.4,2.38,1474.8842212988804,1517.6238653061914,1.4128177166133424,2.2170863759748674,-0.43566997682774905,8.0,1.5483107993979235,1.4360124374467889,0.10841144219649396,8.0,-42.73964400731097,0.0
2025-01-14,Nott'm Forest,Liverpool,1,1,5.25,4.1,1.62,1522.4585706446787,1693.703714908863,1.7009000428564391,1.2242740542202875,0.18135770848180705,8.0,2.898251903717017,1.0716104494734304,0.23215753113080756,8.0,-171.24514426418432,0.0
2025-01-15,Leicester,Crystal Palace,0,2,3.9,3.6,1.91,1386.0644627831612,1487.7142420997202,1.0618383483650302,2.096806482181137,-0.22702792570692784,8.0,1.75162638924677,1.5369162571676924,-0.47070894384319356,8.0,-101.64977931655903,0.0
2025-01-15,Everton,Aston Villa,0,1,3.25,3.2,2.3,1450.7105470105487,1564.4401261112994,0.8154413234234844,1.8845640386051346,-0.30744880337764596,8.0,1.7524877472436848,1.419497405755645,-0.28486634571908287,8.0,-113.7295791007507,0.0
2025-01-15,Arsenal,Tottenham,2,1,1.4,5.25,7.0,1695.5421789694408,1498.1298985647115,2.1698010227901374,0.8409702324603648,-0.17833675259434167,8.0,1.7984782302923428,2.089201851974316,0.07532092329632964,8.0,197.41228040472924,0.0
2025-01-15,Newcastle,Wolves,3,0,1.36,5.5,8.0,1583.4180229462972,1417.6897696523301,2.350992856618729,1.0555624698274872,0.02159780750364594,8.0,1.1740194828616215,1.7243672732498396,0.28852717767110664,8.0,165.7282532939671,0.0
2025-01-16,Ipswich,Brighton,0,2,3.9,3.7,1.91,1454.644028926084,1514.3569658398605,1.1992953011309242,2.2618695558640476,-0.02546384144261987,8.0,1.4085334300004317,1.6380446373765556,-0.20113100844017873,8.0,-59.7129369137765,0.0
2025-01-16,Man United,Southampton,3,1,1.29,6.0,9.5,1515.5044748127564,1314.0286412851528,1.3910972554053669,1.7983642745797337,-0.31191436862673433,8.0,1.0183511814848512,3.252977651548533,-0.605637840291842,8.0,201.47583352760353,0.0
2025-01-18,Newcastle,Bournemouth,1,4,1.62,4.2,5.0,1587.7033557454179,1523.6010212357783,2.3060767458038702,1.141953991062357,0.19594813434069366,3.0,1.946839613320828,1.4249611891841114,-0.3500838826265867,4.0,64.1023345096396,-1.0
2025-01-18,Brentford,Liverpool,0,2,6.5,5.0,1.42,1479.3413998449523,1690.6069344655139,2.130317797748855,1.7161764018346186,-0.10502311865890909,4.0,2.8620789611938804,0.9597114590049763,-0.1711718723561115,4.0,-211.26553462056154,0.0
2025-01-18,Leicester,Fulham,0,2,4.33,3.7,1.8,1377.2575302064897,1508.120249988938,1.2758127606476324,2.1314428682153483,-0.6132234960199688,3.0,1.8139212073559403,1.3331328624745775,-0.08638094474031947,4.0,-130.86271978244827,-1.0
2025-01-18,West Ham,Crystal Palace,0,2,2.6,3.5,2.63,1484.3878366161339,1496.5211746763916,1.3147232003504203,2.3447287342099075,0.07973789685169802,4.0,1.85747320530765,1.652882089679865,-0.4282094070733044,3.0,-12.133338060257756,1.0
2025-01-18,Arsenal,Aston Villa,2,2,1.5,4.1,7.0,1699.2453405257006,1572.9058758110473,2.1873795899751216,0.8277878544099048,-0.19415440320986005,3.0,1.6560906567344402,1.3806641279467462,-0.284939304411241,3.0,126.33946471465333,0.0
2025-01-19,Everton,Tottenham,3,2,2.8,3.5,2.45,1442.2447973108008,1494.4267370084517,0.9012244977189124,1.7609196786406316,-0.49803056740127516,4.0,1.587762455865182,2.1234079857095995,0.10577239188972837,4.0,-52.18193969765093,0.0
2025-01-19,Man United,Brighton,1,3,2.1,3.6,3.3,1519.1375713436553,1524.365228177769,1.7453903494084138,1.709384366572283,-0.26994390237523014,3.0,1.337338773889375,1.3554313492577634,0.03357611125724029,3.0,-5.227656834113759,0.0
2025-01-19,Nott'm Forest,Southampton,3,2,1.38,4.75,8.0,1525.555351088028,1310.395544754254,1.4591789402398396,1.5334418616666572,0.24106950099748345,5.0,1.0902876507700696,3.223165763222194,-0.5564172351918135,3.0,215.159806333774,2.0
2025-01-19,Ipswich,Man City,0,6,7.5,5.25,1.36,1444.6357665881756,1659.8982200436835,1.0056831756570708,2.0126853542745273,-0.07591930673866978,3.0,1.9881829420298163,1.8199508847468273,-0.017037551988409824,5.0,-215.26245345550797,-2.0
2025-01-20,Chelsea,Wolves,3,1,1.36,5.75,6.5,1576.4879435252135,1413.4044368532095,2.1132026301507865,1.4946827569354177,-0.5790370194626708,6.0,1.2359733846068859,1.808723690726811,-0.07514933095428085,5.0,163.08350667200398,1.0
2025-01-25,Bournemouth,Nott'm Forest,5,0,2.05,3.7,3.4,1537.0284325350997,1528.9600949397836,2.102575166063401,1.3038303509641498,-0.010031406564220479,7.0,1.6458822458904032,1.4768700358279931,0.32250425833343715,6.0,8.068337595316052,1.0
2025-01-25,Brighton,Everton,0,1,1.67,3.75,5.5,1535.9287715766363,1452.0198134190757,1.5094711820048166,1.3477567304714182,0.19752310554143396,6.0,1.2436126179822746,1.677630458268028,-0.3046989612107164,6.0,83.90895815756062,0.0
2025-01-25,Liverpool,Ipswich,4,1,1.08,12.0,15.0,1696.5088814385417,1438.8290868957815,3.130353074582751,1.0093261815283956,-0.5819797548078827,7.0,0.9620803885762123,2.2596293506973972,-0.22532310920939613,6.0,257.6797945427602,1.0
2025-01-25,Southampton,Newcastle,1,3,6.5,5.25,1.42,1306.9908009024982,1574.2759444460964,1.1251383387966807,3.0459593460798406,-0.2888058726627792,6.0,2.0031722316637026,1.463737024358474,0.18898570567609552,7.0,-267.2851435435982,-1.0
2025-01-25,Wolves,Arsenal,0,1,7.0,4.5,1.45,1409.067618612406,1694.3433061186195,1.2011679020949393,2.0851848545248877,-0.07352176612769643,5.0,2.0754003200411355,0.9058169471192143,-0.08077749286866603,7.0,-285.27568750621344,-2.0
2025-01-25,Man City,Chelsea,3,1,2.05,4.0,3.3,1665.7048997360776,1580.824761766017,2.2386505265516337,1.6086354690471727,0.5636454506042827,6.0,2.3268499488821526,1.4065056669766849,-0.49028347461416905,5.0,84.88013797006056,1.0
2025-01-26,Tottenham,Leicester,1,2,1.45,5.5,5.5,1484.6517209001768,1369.2693040995837,1.5401954794865655,2.213660295170139,0.21656296799543,7.0,1.152264269501709,2.180291975542395,-0.6263669520149137,8.0,115.38241680059309,-1.0
2025-01-26,Crystal Palace,Brentford,1,2,2.05,3.75,3.3,1507.8902368669005,1473.4394528719245,1.809639947997904,1.3574983582247355,-0.26263357151005723,8.0,1.9384370482505036,2.2208496105315847,-0.3309595962812952,8.0,34.450783994976064,0.0
2025-01-26,Fulham,Man United,0,1,2.3,3.4,3.1,1516.108476095844,1507.574027944788,1.9282748197474235,1.197759382264721,-0.14452625660580798,8.0,1.6572673939844922,1.8047639645894362,-0.2799052989198199,7.0,8.53444815105604,1.0
2025-01-26,Aston Villa,West Ham,1,1,1.53,4.33,5.75,1577.8079102181284,1473.018774425625,1.5632413169585164,1.4351098335484567,-0.06235881935377752,8.0,1.089101469913999,2.1963749175528826,0.017683036332707406,8.0,104.78913579250343,0.0
2025-02-01,Nott'm Forest,Brighton,7,0,2.38,3.5,2.8,1520.8945717861475,1522.0084136011626,1.511846126078858,1.75507105818277,0.05046327758856525,7.0,1.3308795464640166,1.2493779306849842,0.023962717348219174,7.0,-1.113841815015121,0.0
2025-02-01,Bournemouth,Liverpool,0,2,4.5,4.33,1.67,1545.0939556887358,1699.2767173239572,2.2516935491377086,1.240359357175073,0.4406569036118806,7.0,2.9318387083851865,0.9671133519956951,-0.08399556794270015,7.0,-154.18276163522137,0.0
2025-02-01,Everton,Leicester,4,0,1.75,3.75,4.5,1465.9401713945495,1383.9280722150334,1.1667186938244807,1.4643476524665775,-0.215202956572406,7.0,1.204339604349063,1.993495504854411,-0.37433544862622764,6.0,82.0120991795161,1.0
2025-02-01,Ipswich,Southampton,1,2,1.95,3.6,3.8,1436.061251010366,1302.3371630468403,0.92945376719876,2.2406514296946,-0.1381210564062554,7.0,1.0633480225732275,3.053640016214581,-0.1932510047318073,7.0,133.7240879635258,0.0
2025-02-01,Newcastle,Fulham,1,2,1.7,4.0,4.75,1578.9295823017544,1504.1610889114768,2.2259793292404817,1.332094024147876,0.13283600074483418,7.0,1.6461182410718505,0.9923322698254607,-0.2303560683509711,6.0,74.76849339027763,1.0
2025-02-01,Wolves,Aston Villa,2,0,3.3,3.6,2.1,1404.7735073131128,1573.3912292889038,1.0595548861251614,1.8380738044286176,-0.16454155492701308,7.0,1.4280346392698744,1.485395364687991,-0.030483937483859073,6.0,-168.61772197579103,1.0
2025-02-02,Man United,Crystal Palace,0,2,2.0,3.5,3.8,1519.5214151291552,1495.2367713978877,1.3570440204038328,1.5480876103729189,-0.05753152707892702,7.0,1.6904256816543102,1.4736184818828975,-0.25626643294010365,7.0,24.28464373126758,0.0
2025-02-02,Arsenal,Man City,5,1,1.95,3.5,4.0,1698.6374174179127,1671.7609110397912,1.830307814262727,0.8251346778222822,-0.0408751532180642,8.0,2.237305345353476,1.585900138744864,0.6057768677335392,8.0,26.876506378121576,0.0
2025-02-02,Brentford,Tottenham,0,2,2.1,3.9,3.2,1486.0929183409373,1469.992952784727,1.9347098256987159,2.0168030070813603,-0.24625517851640993,7.0,1.4854507206363932,2.046770148751211,0.11518885714412702,7.0,16.099965556210236,0.0
2025-02-03,Chelsea,West Ham,2,1,1.36,4.75,8.0,1574.7687504623034,1477.4354553548496,2.1559473491319032,1.576831532645599,-0.49196409851663375,8.0,1.2107683444896151,1.9305531110556926,-0.12601342571872298,8.0,97.33329510745375,0.0
2025-02-12,Everton,Liverpool,2,2,7.5,4.5,1.44,1472.0661170849871,1706.6304244705732,1.5681550468547878,1.254497423561098,0.012261390464152535,8.0,2.8885284632617414,1.1085557058816662,-0.21559491677285195,8.0,-234.56430738558606,0.0
2025-02-14,Brighton,Chelsea,3,0,2.7,3.6,2.45,1513.687248673298,1580.5264302507508,1.2123432630329132,1.8307962912773545,-0.13700424566064906,8.0,1.9980689715118125,1.4963682325993946,-0.26476564222777293,8.0,-66.83918157745279,0.0
2025-02-15,Aston Villa,Ipswich,1,1,1.4,4.75,7.0,1560.3629790106409,1420.9994337251383,1.2866729502855563,1.5918592275266812,-0.1774362232308363,8.0,1.1404965398806284,2.0200826611650946,-0.3059470615822237,8.0,139.3635452855026,0.0
2025-02-15,Leicester,Arsenal,0,2,8.5,5.0,1.33,1377.8021265245957,1706.187754347182,1.0481288052010254,2.2243683752696666,-0.38935417310561127,8.0,1.7687711950659482,0.8082297401861375,0.682999819394977,8.0,-328.38562782258623,0.0
2025-02-15,Crystal Palace,Everton,1,2,1.8,3.4,5.0,1507.616184211407,1476.7064285927565,1.8463683449582462,1.480517449481761,-0.29547644685989716,8.0,1.432485901472746,1.1873687251228904,0.23449040414571043,3.0,30.90975561865048,5.0
2025-02-15,Fulham,Nott'm Forest,2,1,2.2,3.4,3.3,1517.8565291709347,1529.215736714012,1.6384215705611405,1.0407771070519216,-0.1021314413547078,8.0,2.0391174360076274,1.5490242889892427,0.6449846777089508,8.0,-11.359207543077446,0.0
2025-02-15,West Ham,Brentford,0,1,2.35,3.6,2.88,1471.6777755664023,1473.9369533877205,1.2058236876276502,1.8191734462037585,-0.1385536640220182,8.0,1.8790172556434779,1.7957638467526704,-0.5388899141256748,8.0,-2.2591778213181897,0.0
2025-02-15,Southampton,Bournemouth,1,3,6.0,4.5,1.5,1317.398980332068,1537.7402485421198,1.086517938362013,2.8256397602045396,0.016677610427995922,8.0,2.128127683977779,1.5460004125678637,0.008792286421632293,8.0,-220.3412682100518,0.0
2025-02-15,Man City,Newcastle,4,0,1.95,4.2,3.3,1664.210574110522,1565.2341420422965,1.929070341742233,1.5747846944602646,0.5337849801611005,8.0,2.019923426951033,1.3891803844263388,0.058569015132454216,8.0,98.97643206822545,0.0
2025-02-16,Liverpool,Wolves,2,1,1.15,8.0,12.0,1701.9901129628038,1417.8017575913757,2.4843000207581927,1.0677016628143408,0.04980768902202235,4.0,1.253869415718928,1.6121212513337246,-0.13089791591894046,8.0,284.1883553714281,-4.0
2025-02-16,Tottenham,Man United,1,0,2.45,3.75,2.62,1482.148917737944,1507.1420023156359,1.3740292575345239,1.9679595929888007,0.3089981653047268,8.0,1.3879922380930414,1.7333945429189508,-0.3565684886574764,8.0,-24.99308457769189,0.0
2025-02-19,Aston Villa,Liverpool,2,2,3.9,4.0,1.83,1555.1814281202312,1704.4137036218738,1.6191734559322928,1.3321291742691617,-0.5324722082148036,4.0,2.357071004845891,1.0647285443557015,0.06685056532600116,3.0,-149.23227550164256,1.0
2025-02-21,Leicester,Brentford,0,4,3.6,3.8,1.91,1374.2857950833868,1485.5837345421726,0.8800111978581919,2.1265063822975225,-0.357141490663598,6.0,1.8967533875859963,1.5642343912514634,-0.6267941377299113,6.0,-111.29793945878578,0.0
2025-02-22,Everton,Man United,2,2,2.5,3.2,2.9,1489.2648974468627,1498.1461864158448,1.346492874237964,1.4182366665326978,0.38918604437423476,7.0,1.395940495110382,1.7824309906964486,-0.5772989226956529,6.0,-8.881288968982062,1.0
2025-02-22,Arsenal,West Ham,0,1,1.27,6.0,10.0,1709.7040857883908,1460.0309944119501,1.7648987073967422,0.6896032639236936,0.5936721843944144,7.0,1.0959985766689597,1.8492553245582364,-0.248905797591739,7.0,249.67309137644065,0.0
2025-02-22,Bournemouth,Wolves,0,1,1.53,4.5,5.5,1543.4271948681946,1415.3781669323057,2.119688450288972,1.4280832614846466,0.19528447627139636,7.0,1.2124899877528792,1.6648222568224724,-0.11488744368352898,6.0,128.04902793588894,1.0
2025-02-22,Fulham,Crystal Palace,0,2,2.05,3.4,3.7,1526.4656100413356,1495.0577153573008,1.756323458963756,0.8944125593232225,-0.12437022730549266,7.0,1.9412850114035147,1.384615539155396,-0.5040418221357065,7.0,31.407894684034773,0.0
2025-02-22,Ipswich,Tottenham,1,4,4.1,3.6,1.9,1426.180984615548,1491.144733637735,0.9733641958090409,2.201844662759699,-0.10457620908706315,7.0,1.4972025746750335,1.8562608897308244,0.044916650077639814,6.0,-64.96374902218713,1.0
2025-02-22,Southampton,Brighton,0,4,6.0,4.1,1.55,1311.7120340059932,1523.8840707211677,1.063391769013298,2.673304079432083,0.018514582189069425,7.0,1.389054593344051,1.5871549019500555,0.08334097244946395,8.0,-212.1720367151745,-1.0
2025-02-22,Aston Villa,Chelsea,2,1,2.63,3.4,2.6,1557.6947201702187,1570.329608202881,1.4961192327029045,1.4787381288346855,-0.2210049327527461,3.0,1.7199193162308977,1.614485361074764,-0.34419555212979197,8.0,-12.634888032662275,-5.0
2025-02-23,Newcastle,Nott'm Forest,4,3,1.8,3.8,4.2,1559.5151660909194,1520.6066558436112,1.6356468329834182,1.5399563387162005,0.014053711502303666,8.0,1.6867958035025288,1.6853687895607388,0.6498769299248073,8.0,38.908510247308186,0.0
2025-02-23,Man City,Liverpool,0,2,2.88,3.8,2.25,1669.9295500618991,1701.9004115718863,1.9684672817983928,1.2823399868802905,0.8115001787195397,8.0,2.2922349988470043,1.056056014765925,0.0442317743663512,4.0,-31.970861509987117,4.0
2025-02-25,Brighton,Bournemouth,2,1,2.0,3.8,3.3,1529.7643314742315,1528.48786950211,2.158783802295657,1.2915261254898145,-0.16494477115690656,3.0,1.8123027599809227,1.5669551425834545,0.025092469424865003,3.0,1.276461972121524,0.0
2025-02-25,Crystal Palace,Aston Villa,4,1,2.45,3.4,2.8,1507.6295783788094,1566.339825964449,1.8424149546223498,1.1472977964744326,-0.2890753312908978,3.0,1.7432682238798054,1.6222074210752448,-0.31861038527675006,3.0,-58.710247585639536,0.0
2025-02-25,Wolves,Fulham,1,2,2.63,3.3,2.63,1430.3174922983903,1513.893747019827,1.3958386478280265,1.4512752229828472,-0.3183714572646572,3.0,1.442322567931698,1.0115117387879131,-0.14704042961419106,3.0,-83.57625472143673,0.0
2025-02-25,Chelsea,Southampton,4,0,1.17,8.0,13.0,1561.6845024086508,1305.8317732529295,1.8136330563672256,1.8372154822297067,-0.5154209071826142,3.0,0.8758149804227271,3.178093485872995,-0.017105424880246876,3.0,255.85272915572136,0.0
2025-02-26,Brentford,Everton,1,1,2.0,3.7,3.5,1494.1178973319923,1487.8041083848543,1.9252013861982085,1.3916992525184104,-0.09203616549342049,5.0,1.5028569676289834,1.2588596640621688,0.2873512510498713,4.0,6.313788947137937,1.0
2025-02-26,Man United,Ipswich,3,2,1.53,4.33,6.0,1499.6069754778532,1416.3238430772137,1.24116318107727,1.8488612799502906,-0.17880798640492987,4.0,1.010698445758749,2.0747744226904734,-0.11477471452600711,4.0,83.28313240063949,0.0
2025-02-26,Nott'm Forest,Arsenal,0,0,3.9,3.6,1.95,1513.3789801052683,1692.5836801917512,1.8310474504672165,2.0511813296272567,0.6424693491671094,3.0,1.6839759423751601,0.7591750252015029,0.18802301496530943,4.0,-179.20470008648294,-1.0
2025-02-26,Tottenham,Man City,0,1,3.25,4.0,2.0,1501.0018751760692,1659.1245522514237,1.5158123190736223,1.711362144601887,0.5333664168532193,4.0,1.6825388345442376,1.1842895629685948,0.5239228010345364,3.0,-158.12267707535443,1.0
2025-02-26,Liverpool,Newcastle,2,0,1.5,4.5,5.75,1712.7054093823617,1566.7428418292623,1.985843765141884,0.9583575320060034,0.28121008972863826,3.0,2.0117169865398266,1.7145008900338827,0.12284909944314847,3.0,145.96256755309946,0.0
2025-02-27,West Ham,Leicester,2,0,1.62,4.2,5.0,1477.1514000085897,1365.7516322935671,1.0817311986771467,1.7509298337848693,-0.2030937403474089,5.0,0.8486309321712318,2.1075564517726377,-0.4336290113740096,6.0,111.39976771502256,-1.0
2025-03-08,Nott'm Forest,Man City,1,0,4.0,3.75,1.85,1516.6813898912699,1666.3731207741648,1.5582295062963678,1.8998562651346118,0.40500207856648085,8.0,1.827747085763369,1.2049134115468256,0.12982214895688798,8.0,-149.69173088289494,0.0
2025-03-08,Brighton,Fulham,2,1,1.95,3.6,3.75,1538.0187151917032,1523.216207497022,2.2455298837193705,1.3761427170677947,-0.2504198479450227,8.0,1.4407562251608437,0.9944840403887821,-9.116263796673594e-05,8.0,14.802507694681253,0.0
2025-03-08,Crystal Palace,Ipswich,1,0,1.45,4.75,6.25,1517.5924564907912,1410.2289459945184,2.292726487396037,1.0482573806693594,-0.2346421152253025,8.0,1.017784552419238,1.9357139366357325,0.10635526688063314,8.0,107.36351049627274,0.0
2025-03-08,Liverpool,Southampton,3,1,1.1,9.0,19.0,1717.3862884880384,1303.0387599730318,1.8650402053885713,0.8553032018959654,0.34692057968503676,8.0,0.8694659099420067,3.1377096325697686,-0.18790773725462095,8.0,414.3475285150066,0.0
2025-03-08,Brentford,Aston Villa,0,1,2.2,3.8,2.9,1492.232077765126,1556.376947852467,1.8044932149759512,1.403633831296164,-0.1432095410835079,8.0,1.5212794223663144,2.1179476521898697,-0.1842282725088978,8.0,-64.14487008734113,0.0
2025-03-08,Wolves,Everton,1,1,2.6,3.1,2.88,1420.9950318211954,1489.6899279517206,1.2995245102379485,1.4478619521837595,-0.23803876034246407,8.0,1.4918597682449348,1.275617439641507,0.13532891054547516,8.0,-68.6948961305252,0.0
2025-03-09,Chelsea,Leicester,1,0,1.18,8.0,12.0,1564.4775156885485,1360.3201720575307,2.054736684135079,1.6325299957997608,-0.19914712238382726,8.0,0.7332985716727353,2.024379273856131,-0.4039113545692481,8.0,204.15734363101774,0.0
2025-03-09,Tottenham,Bournemouth,2,2,2.7,3.9,2.35,1493.753306653328,1520.2334857846383,1.4680431974380688,1.850624162116292,0.1583910430714952,8.0,1.7894834057757376,1.7757951652222843,-0.12484237175245745,8.0,-26.48017913131025,0.0
2025-03-09,Man United,Arsenal,1,1,5.75,3.5,1.7,1505.7018725605485,1689.2812704057496,1.2743478582153338,1.6830209947131547,0.18774244065505927,8.0,1.6084051561339836,0.7074837985913353,-0.12259859907948875,8.0,-183.57939784520113,0.0
2025-03-10,West Ham,Newcastle,0,1,3.25,3.4,2.2,1482.582860244626,1562.0619627235856,1.2101812559013618,1.44945371910077,-0.10020729502695067,8.0,1.6913551549922894,1.6496752226955902,0.0028510701679242915,8.0,-79.47910247895948,0.0
2025-03-15,Man City,Brighton,2,2,1.67,4.33,4.5,1653.8474439827223,1545.8983867929846,1.5994740181653881,1.0597946435331622,-0.04575028694113527,7.0,2.1833594982149527,1.2383520559417354,-0.1872406653928376,7.0,107.94905718973769,0.0
2025-03-15,Ipswich,Nott'm Forest,2,4,3.75,3.5,2.0,1404.7050737015672,1529.2070666827124,1.1448630383600573,2.18429324243891,-0.2529927358568671,7.0,1.340221813770279,1.6567071117597592,0.4242956017682953,7.0,-124.50199298114512,0.0
2025-03-15,Bournemouth,Brentford,1,2,1.73,4.2,4.2,1521.1952815122906,1482.3513710567545,1.8794045179052792,1.6880631853145354,-0.14557910559045825,6.0,1.5637932593044634,1.3815074223122874,-0.24523153354718244,7.0,38.84391045553616,-1.0
2025-03-15,Southampton,Wolves,1,2,3.7,3.4,2.0,1301.814884753431,1421.245238816453,0.7956313291670967,3.519828000220501,-0.04837875933769178,7.0,1.199037581572926,1.4312214338741855,-0.15023630954109168,7.0,-119.43035406302192,0.0
2025-03-15,Everton,West Ham,1,1,2.05,3.2,3.9,1489.4397209564631,1473.142927180837,1.4661425236235637,1.1800625270660787,0.031657460616125815,7.0,1.1305093777368374,1.4866508100142093,-0.2495224611754914,5.0,16.296793775626156,2.0
2025-03-16,Arsenal,Chelsea,1,0,1.8,3.6,4.5,1685.8671491777516,1568.0649443103023,1.654111803891878,0.832003314472446,-0.2685268840370347,7.0,1.995673828782078,1.3181207273703524,-0.3165919436038781,7.0,117.80220486744929,0.0
2025-03-16,Fulham,Tottenham,2,0,2.0,3.75,3.6,1515.3365358957406,1492.7915109256758,1.2896358313000904,1.190403754348266,0.0601202606018417,8.0,1.4438002866152575,1.9279319683711083,0.25970037359201964,7.0,22.545024970064787,1.0
2025-03-16,Leicester,Man United,0,3,4.5,3.5,1.83,1356.732743435777,1509.1159937885466,0.6044002423458454,1.9715791236910625,-0.3429654510794896,7.0,1.2819236167506887,1.7133344342180148,0.08483769650934328,7.0,-152.38325035276966,0.0
2025-04-01,Arsenal,Fulham,2,1,1.48,4.33,7.0,1691.1540274930824,1523.0044145017066,1.4563971103360696,0.7193705446617032,-0.15035815663941846,8.0,1.238065948783812,1.2354278400342438,0.2458351193469924,8.0,168.14961299137576,0.0
2025-04-01,Wolves,West Ham,1,0,2.5,3.2,2.9,1429.5511860077072,1475.3042933176816,1.0632265981537894,1.400457760500023,0.18180647115153653,8.0,1.0037423990107797,1.4252456044650343,-0.09820314593389455,8.0,-45.75310730997444,0.0
2025-04-01,Nott'm Forest,Man United,1,0,2.3,3.4,3.1,1537.3715893103888,1516.5179336396905,1.3334135569475853,1.4223781177414614,0.8922827399583926,8.0,1.2524220458312874,1.6290024204490547,0.4512755494611859,8.0,20.853655670698345,0.0
2025-04-02,Man City,Leicester,2,0,1.2,8.0,10.0,1649.3578497563133,1349.330803584633,1.68755274965514,1.2766969525650516,-0.04176245891241838,8.0,0.74884079641517,1.7998019519331545,-0.5413398752825854,8.0,300.02704617168024,0.0
2025-04-02,Bournemouth,Ipswich,1,2,1.36,5.25,7.5,1508.4246737664039,1396.5405510738908,1.9098822701563136,1.6705580178147643,-0.3274446544285354,8.0,1.0159686168531088,2.003130592838931,0.10478988151010768,8.0,111.88412269251307,0.0
2025-04-02,Brighton,Aston Villa,0,3,2.05,3.8,3.25,1550.3879810193937,1566.2576545608385,2.1684709686925285,1.4009300582972581,-0.17155145312301118,8.0,1.4748827898235204,1.8125822109931036,-0.2073651149013557,8.0,-15.869673541444854,0.0
2025-04-02,Southampton,Crystal Palace,1,1,5.75,3.8,1.62,1293.5089375621767,1523.1163287837423,0.8959895790762265,2.9052390578390233,-0.09659533747683499,8.0,2.4672689450404395,1.168852341573647,-0.627466822325677,8.0,-229.60739122156565,0.0
2025-04-02,Liverpool,Everton,1,0,1.36,5.0,8.0,1718.6101637076392,1487.2783548196185,2.509709515388567,0.7843903979418543,-0.13517665476423085,8.0,1.4089681667699419,1.0430727596970948,-0.01386405744876823,8.0,231.33180888802076,0.0
2025-04-02,Newcastle,Brentford,2,1,1.73,4.5,4.0,1571.5018957873747,1495.1219788026413,1.6786481069147128,1.4793359703429774,-0.12765626087195076,8.0,1.5719249121777494,1.5147010835029457,-0.11278282886339805,8.0,76.37991698473343,0.0
2025-04-03,Chelsea,Tottenham,1,0,1.65,4.5,4.5,1562.7780659949715,1485.1236323197097,1.6429764439303554,1.189720816178173,-0.3102882685100473,8.0,1.4365488009746867,1.7446819285046142,-0.08447943097014547,8.0,77.65443367526177,0.0
2025-04-05,Everton,Arsenal,1,1,5.25,3.25,1.75,1484.1286002864965,1695.3926146072213,1.288111298899276,1.0954949497171382,-0.18081643353903504,3.0,1.6308218487643178,0.8684609991802982,-0.18161909622251254,4.0,-211.26401432072475,-1.0
2025-04-05,Crystal Palace,Brighton,2,1,2.35,3.6,2.8,1518.5887064625408,1539.124595058461,2.1517320541614047,1.069509171989185,-0.4851806676481384,3.0,1.836233511616466,1.3609533341942974,-0.2512774417761325,3.0,-20.53588859592014,0.0
2025-04-05,Ipswich,Wolves,1,2,2.7,3.25,2.63,1411.1201149926926,1439.1413571541843,1.0978796427950035,2.0017345227425203,0.2044432238422245,3.0,1.0715535467244606,1.4685597418775764,0.12292932926482156,4.0,-28.021242161491728,-1.0
2025-04-05,West Ham,Bournemouth,2,2,3.0,3.5,2.3,1465.7141221712045,1493.845109847602,1.1536865508005927,1.358888222447198,-0.4349595693410701,4.0,1.9277246433325497,1.6173476034036636,-0.465443601380893,3.0,-28.13098767639758,1.0
2025-04-05,Aston Villa,Nott'm Forest,2,1,1.95,3.6,3.7,1577.5210405217713,1545.0855537099214,1.4196496561040934,1.553764417441297,0.20527821123657836,3.0,1.1639693690604185,1.514078622253838,0.8088664264813474,4.0,32.43548681184984,-1.0
2025-04-06,Man United,Man City,0,0,3.4,3.6,2.1,1508.8039692401578,1651.5938559291797,1.379184398585827,1.398578405494341,-0.026958721097232966,5.0,1.7667918103751437,1.0349230559722127,-0.047928242918641166,4.0,-142.78988668902184,1.0
2025-04-06,Tottenham,Southampton,3,1,1.38,5.5,6.5,1478.8905720432006,1298.0365598833782,1.4295740631162448,1.6538581872162963,-0.356435892986878,3.0,0.8529378474119731,2.4993491021071788,-0.012158737154204116,4.0,180.85401215982233,-1.0
2025-04-06,Fulham,Liverpool,3,2,4.5,3.5,1.83,1518.7658273875677,1721.7599182407612,1.2801498142536274,1.4554384227011077,0.10392271804239929,5.0,2.259565314125979,0.7923835952671723,-0.16859785967641183,4.0,-202.99409085319348,1.0
2025-04-06,Brentford,Chelsea,0,0,3.2,3.6,2.15,1488.8573969039521,1569.0111262714806,1.563690486789787,1.6696606468948434,-0.19926917376522413,4.0,1.5731344906150084,1.2336665617575235,-0.3090797107977363,3.0,-80.15372936752851,1.0
2025-04-07,Leicester,Newcastle,0,3,6.5,4.2,1.48,1347.0947974117666,1577.7664776860638,0.6159633272435344,1.8558840696848082,-0.45126974342783466,5.0,1.799785485610205,1.4902025949560211,-0.15616349357293466,5.0,-230.67168027429716,0.0
2025-04-12,Nott'm Forest,Everton,0,1,2.1,3.3,3.7,1537.6850158060945,1488.2266169043496,1.1234770384619028,1.7450126006970064,0.6486632441499159,7.0,1.2758650941590983,1.158953709796974,-0.1907051030879261,7.0,49.458398901744886,0.0
2025-04-12,Southampton,Aston Villa,0,3,6.0,4.2,1.55,1294.0371127630308,1584.9215784255982,0.8379813715411732,2.5300157078102035,0.035644928438451864,6.0,1.6700642805963863,1.4328575733854634,0.03224077043217871,7.0,-290.88446566256744,-1.0
2025-04-12,Man City,Crystal Palace,5,2,1.5,4.75,5.75,1649.2550712535299,1527.4576979308329,1.5442157595713673,1.0758212962515952,-0.17995284199655526,6.0,1.7994206091333047,1.111336561165638,-0.06407894904387175,7.0,121.79737332269701,-1.0
2025-04-12,Brighton,Leicester,2,2,1.29,6.0,10.0,1530.255603590169,1341.6467391199667,1.7198860728077028,1.1717791231657917,-0.25560613250135034,7.0,0.5620390463910221,2.1829153842903692,-0.4313216663405738,5.0,188.6088644702022,2.0
2025-04-12,Arsenal,Brentford,1,1,1.6,4.33,5.0,1691.2945979893682,1489.4368181264904,1.5838429511409435,0.9427884305452802,-0.2273104901777042,7.0,1.5219229948548352,1.6301809830972056,-0.43898108105151573,6.0,201.8577798628778,1.0
2025-04-13,Chelsea,Ipswich,2,2,1.27,7.0,8.5,1568.4317050489424,1400.2022827817161,1.5535681220872568,1.2599828319713722,-0.5502871784811619,7.0,1.051318144175877,2.1685260255649363,0.18858729445689548,8.0,168.22942226722625,-1.0
2025-04-13,Liverpool,West Ham,2,1,1.3,6.0,8.0,1707.8618682209908,1464.7994221711208,2.083553632578576,0.985326499639172,-0.011352716135066415,7.0,1.102966886284539,1.4805640189335254,-0.11991395502165816,8.0,243.06244604987,-1.0
2025-04-13,Wolves,Tottenham,4,2,2.2,3.6,3.1,1450.0591893651608,1482.890019163548,1.4301116158608407,1.3455632235183412,-0.06945098087251035,8.0,1.6809346930300093,1.4736722682929353,-0.21028594088544703,7.0,-32.830829798387185,1.0
2025-04-13,Newcastle,Man United,4,1,1.65,4.2,4.75,1583.2145359778635,1511.1427539158076,2.1383898696306387,1.2559232194300616,-0.21494780797366211,6.0,1.349061704957946,1.2519645864452889,-0.2757994734941623,7.0,72.07178206205595,-1.0
2025-04-14,Bournemouth,Fulham,1,0,2.15,3.5,3.3,1494.7598098476858,1532.663877407338,1.9320497853857264,1.4709749076111538,-0.35883760521709,8.0,1.3724668042030683,1.445317695901525,0.34497071473783575,8.0,-37.904067559652276,0.0
2025-04-16,Newcastle,Crystal Palace,5,0,1.67,3.9,5.0,1589.5863050627959,1522.2597803872434,2.2415210665840597,1.1590954845322043,0.1103138055290927,3.0,1.704246284124159,1.8304766070883143,0.0856942522843343,4.0,67.32652467555249,-1.0
2025-04-19,Brentford,Brighton,4,2,2.4,3.75,2.63,1495.8102539157471,1524.114126712788,1.329375444833832,1.4521833248055247,-0.26354440422240466,7.0,2.127928675645623,1.3394306346138618,-0.5531299688021514,7.0,-28.303872797040867,0.0
2025-04-19,Crystal Palace,Bournemouth,0,0,2.45,3.6,2.63,1515.7688280284003,1504.124693823125,1.8427214466542818,1.9334186815857823,-0.4220447014351289,3.0,1.9167114637671014,1.3886727830077497,-0.46175265486949396,5.0,11.64413420527535,-2.0
2025-04-19,Everton,Man City,0,2,3.7,3.6,1.91,1501.2768287714898,1654.4529887971194,1.2726664013894355,1.0073226247631464,-0.20507487168385063,7.0,2.1740530545441366,1.1299251288922327,-0.059739489187578716,7.0,-153.17616002562954,0.0
2025-04-19,West Ham,Southampton,1,1,1.48,4.33,6.5,1461.8247484985386,1289.850873859767,1.1778563007066427,1.469930514938628,-0.19130719807710211,6.0,0.7501544430071311,2.626822630628192,-0.056756806252360625,7.0,171.97387463877158,-1.0
2025-04-19,Aston Villa,Newcastle,4,1,2.3,3.6,2.75,1589.107817328862,1596.077257421639,1.9442787213746122,1.2223080056113786,0.02574011506603428,7.0,2.259664885288447,1.4100349702800927,0.638485059827631,3.0,-6.969440092776949,4.0
2025-04-20,Fulham,Chelsea,1,2,2.7,3.7,2.35,1523.298993431899,1562.6687577656924,1.3104868495195257,1.5303919483324706,0.05264421260051295,6.0,1.8329000603183894,1.3307491563104765,-0.6239964996318578,7.0,-39.369764333793455,-1.0
2025-04-20,Ipswich,Arsenal,0,4,8.0,4.5,1.4,1405.9652300649661,1684.9211622001114,1.1652019446898771,2.3210863262202963,0.2316071286163017,7.0,1.4154048044689922,0.8697160365285255,-0.13242480267376264,8.0,-278.9559321351453,-1.0
2025-04-20,Man United,Wolves,0,1,2.0,3.6,3.6,1504.7709848308752,1459.2787878848628,1.2330195494851863,1.5379648530778476,-0.1748712778379614,7.0,1.5950807199049646,1.4040092624929978,0.3100742378473108,7.0,45.49219694601243,0.0
2025-04-20,Leicester,Liverpool,0,1,11.0,6.25,1.22,1347.7882159973476,1710.836541893573,0.8554796427245842,2.4954353132755793,-0.33913020490433315,8.0,1.9485236884487802,1.0844850639498027,0.10878221690862339,7.0,-363.0483258962254,1.0
2025-04-21,Tottenham,Nott'm Forest,1,2,2.45,3.6,2.63,1473.670420643846,1524.6348039389543,1.6701937742428712,1.6296548326523213,-0.09034013809354889,8.0,0.9791647720645044,1.6450290240904661,0.4273839023536625,8.0,-50.96438329510829,0.0
2025-04-22,Man City,Aston Villa,2,1,1.8,4.1,3.9,1661.8336599717334,1597.5932188628021,2.113367371115658,1.0653337684836404,-0.02263663416547266,3.0,2.1731538106160135,1.2325099260429755,0.21564907213679063,3.0,64.24044110893124,0.0
2025-04-23,Arsenal,Crystal Palace,2,2,1.4,4.75,7.5,1689.339222896105,1513.7354832767512,1.7038558638733667,0.7300849118956501,0.13964393445246584,3.0,1.5322606571590962,1.6715574611149604,-0.404668777230649,4.0,175.60373961935375,-1.0
2025-04-26,Chelsea,Everton,1,0,1.55,4.0,6.0,1573.261846802196,1493.8961575968758,1.609853182554137,1.1193691128973422,-0.23774684253839323,6.0,1.17862759154377,1.1873328153212441,-0.3312796328843156,7.0,79.36568920532022,-1.0
2025-04-26,Brighton,West Ham,3,2,1.67,4.2,4.75,1515.0238920881905,1455.9902677029725,1.9449701973301385,1.6727547528511775,-0.28245268735598644,7.0,1.1379112967144855,1.3570736625461703,-0.14858728103232635,7.0,59.03362438521799,0.0
2025-04-26,Newcastle,Ipswich,3,0,1.18,7.5,13.0,1587.5918558876988,1401.5471693689726,2.0558606270719655,1.7491242643705955,0.45070198275617634,7.0,0.9645142405837436,2.4227454022768984,0.1439930832601288,6.0,186.04468651872617,1.0
2025-04-26,Southampton,Fulham,1,2,5.25,4.0,1.6,1295.6853546553332,1512.7059043953952,0.7857870183413461,2.287956609459331,-0.029137470567014687,7.0,1.10328690933979,1.3697523349576006,0.18493040566467606,6.0,-217.02054974006205,1.0
2025-04-26,Wolves,Leicester,3,0,1.5,4.2,6.25,1472.225106920819,1344.8133364930475,1.3047623357831664,1.3494741486832014,0.41365963027850655,6.0,0.7268984021069701,2.914558449019497,-0.31707158971698784,6.0,127.41177042777144,0.0
2025-04-27,Bournemouth,Man United,1,1,1.67,4.0,4.5,1506.158038574774,1491.8246657949192,1.6582969335446058,1.1718819940021832,-0.5034953616428784,8.0,1.2137595235316778,1.259429442240662,-0.37390668376011155,7.0,14.333372779854926,1.0
2025-04-27,Liverpool,Tottenham,5,1,1.25,6.0,11.0,1713.8114213978731,1463.4104133051178,2.480474373262449,0.908660135039497,-0.641290120058182,7.0,1.8212475334905038,1.408507401112758,-0.3610173974871871,6.0,250.40100809275532,1.0
2025-05-01,Nott'm Forest,Brentford,0,2,2.15,3.5,3.25,1534.8948112776825,1504.9004885403447,0.8922130978792394,1.8012742580583767,0.6367642728627431,8.0,1.6647739434339357,1.4086307569395986,0.006374610184233157,8.0,29.994322737337825,0.0
2025-05-02,Man City,Wolves,1,0,1.4,4.75,7.5,1668.402741075381,1477.2996610351488,1.9584266934912182,1.2290790725604706,0.11358634014879623,8.0,1.5671541549169692,1.2876474034433143,0.41565668546035917,6.0,191.10308004023227,2.0
2025-05-03,Aston Villa,Fulham,1,0,1.77,3.75,4.5,1591.0241377591544,1518.4709685054138,2.1083564226933373,1.2592896760226644,-0.006062844168371719,8.0,1.2873706306031723,1.280183016921763,0.14768707793163433,7.0,72.55316925374063,1.0
2025-05-03,Everton,Ipswich,2,2,1.45,4.33,6.5,1487.7052835556601,1397.6424716324861,1.1246205365046669,1.1008892478169738,-0.4520800160276485,7.0,0.7917104020942334,2.7720724738699745,0.08802378307732063,7.0,90.06281192317397,0.0
2025-05-03,Leicester,Southampton,2,0,2.3,3.6,2.88,1339.7387823787176,1289.9202905453146,0.7935087098919993,2.8448501725610496,-0.468228958375081,7.0,0.8166894398102018,2.227643591107863,-0.009836818747847009,7.0,49.81849183340296,0.0
2025-05-03,Arsenal,Bournemouth,1,2,2.05,3.7,3.4,1683.4362509952539,1504.050609592287,1.7487536716848493,1.0962799059208936,0.12703203593021611,8.0,1.4420235125650245,1.324235807198281,-0.31915742352392285,6.0,179.38564140296694,2.0
2025-05-04,Brentford,Man United,4,3,1.65,4.1,4.75,1517.4343172606136,1493.9320947774063,1.6350185567678426,1.2563768440695051,0.10397187726925317,3.0,1.3574740244126298,1.1254421749203234,-0.48458290972031687,7.0,23.502222483207333,-4.0
2025-05-04,Brighton,Newcastle,1,1,2.88,3.7,2.3,1521.7258699677377,1591.4965536241853,1.8107434668453761,1.5837541162539848,0.12769597733059995,8.0,2.4807404534334982,1.4145227606308686,0.1276180304483575,8.0,-69.77068365644755,0.0
2025-05-04,West Ham,Tottenham,1,1,2.1,3.7,3.25,1449.2882898234252,1460.5411323698704,1.1592485838007442,1.3441296779648757,0.038577355849721724,8.0,1.551317971143771,1.6359592963518892,-0.1860330701255865,7.0,-11.252842546445208,1.0
2025-05-04,Chelsea,Liverpool,3,1,2.15,3.7,3.1,1579.4527208434117,1716.6807023331205,1.4362438855274473,1.0775870508341574,-0.14090288773605053,8.0,2.4867800459814635,0.8269968729894853,0.004478833257426542,7.0,-137.22798148970878,1.0
2025-05-05,Crystal Palace,Nott'm Forest,1,1,2.25,3.4,3.2,1519.6384551776023,1522.3609825574135,1.7329672168657697,1.7231184124271528,-0.42539800063674216,8.0,0.8464958764473708,1.7433589282818467,0.36705426692373644,4.0,-2.722527379811254,4.0
2025-05-10,Southampton,Man City,0,0,11.0,7.5,1.2,1282.9798994723965,1672.2167492292328,0.7618312218494048,2.0996855954523705,-0.12143187999517557,7.0,1.7317110615587903,1.1039328454644166,0.11914624710054521,8.0,-389.23684975683636,-1.0
2025-05-10,Ipswich,Brentford,0,1,5.0,4.0,1.65,1401.7116803295346,1525.0761607074114,0.8643088052184552,2.3668599430998793,0.24660673921373513,7.0,2.037787632605472,1.2311388174849094,0.16764788564007685,6.0,-123.36448037787682,1.0
2025-05-10,Bournemouth,Aston Villa,0,1,2.4,3.6,2.75,1520.0240482864272,1597.3838813979166,1.4370324036482052,1.4749590678888276,-0.13321405013268342,7.0,1.9395567420638402,1.1444834666694217,-0.06466574900230623,7.0,-77.35983311148948,0.0
2025-05-10,Wolves,Brighton,0,2,2.7,3.5,2.5,1473.485652881297,1522.0070187366132,1.372263216152082,1.1993131862301263,0.2014947907776539,8.0,1.5790938171497708,1.5948975646594203,0.16574606329469135,6.0,-48.52136585531616,2.0
2025-05-10,Fulham,Everton,1,3,1.82,3.4,4.5,1512.1112248666516,1483.6360748586117,1.1667713350900395,1.282235074298872,-0.027765277011845994,7.0,1.0594011164073702,1.1096818865745957,-0.11300640352417729,7.0,28.47515000803992,0.0
2025-05-11,Nott'm Forest,Leicester,2,2,1.33,5.25,8.0,1523.9947862619256,1346.6791734516357,0.803243979411436,1.866521998360393,0.36625088170568276,6.0,0.9614119998958711,2.3715834424198805,-0.29063832564840647,8.0,177.31561281028985,-2.0
2025-05-11,Tottenham,Crystal Palace,0,2,2.63,3.6,2.5,1461.9350535740837,1518.0046514730902,1.4060220827436152,1.5360486062470697,-0.11609526467230279,7.0,1.8582740915436025,1.4990197473060156,-0.6141562428468389,6.0,-56.06959789900657,1.0
2025-05-11,Newcastle,Chelsea,2,0,2.1,3.75,3.1,1591.2154048553098,1591.639621819968,2.306836092277214,1.264613234222469,-0.030281117653028135,7.0,1.8660061482200654,1.149608868620042,-0.21899489489250296,7.0,-0.4242169646581715,0.0
2025-05-11,Man United,West Ham,0,2,1.9,3.6,4.0,1486.2902513306085,1447.894368619212,1.311379702698516,1.6333365903052357,0.0003328562123887688,7.0,1.1576830629541068,1.2415766254702716,-0.0006685106007047637,7.0,38.39588271139655,0.0
2025-05-11,Liverpool,Arsenal,2,2,2.0,3.6,3.6,1704.4938013565643,1667.4628123011137,2.26808609007821,1.3824464739158953,-0.08447313325139746,7.0,1.8118991202204522,1.1626155211999425,-0.11678754343910462,8.0,37.03098905545062,-1.0
2025-05-16,Aston Villa,Tottenham,2,0,1.3,6.0,8.5,1606.8846406290195,1451.8219323335184,1.771258303270642,1.119363727540937,-0.07685686190060581,6.0,1.2824012318579696,2.0413608884314844,-0.25858563787621236,5.0,155.06270829550112,1.0
2025-05-16,Chelsea,Man United,1,0,1.44,5.0,6.25,1583.3377399982955,1473.5315532324503,1.6144074051197257,1.257027175149456,-0.30717370705502284,5.0,1.5179866242657336,1.7419560297885794,-0.4768796763206797,5.0,109.80618676584527,0.0
2025-05-18,Everton,Southampton,2,0,1.4,4.75,7.5,1496.1289404404447,1290.3669354585538,1.1144085778452208,1.1301072082977504,0.2556438256103247,8.0,0.6329278330956518,1.99342989303185,-0.12464254358677304,8.0,205.76200498189087,0.0
2025-05-18,West Ham,Nott'm Forest,1,2,2.75,3.3,2.55,1460.6530667173702,1518.0598048004283,1.3644295749446955,1.4625838851544992,-0.03350756813714801,7.0,1.0024975054410334,1.7351026321661411,0.3383301289966963,7.0,-57.406738083058144,0.0
2025-05-18,Brentford,Fulham,2,3,1.91,3.9,3.6,1533.2723394785874,1499.6183592848186,1.8898672721374807,1.125161577537893,0.06688753273164721,8.0,1.1754191336124922,1.2912720074304032,-0.06508995220111677,8.0,33.6539801937688,0.0
2025-05-18,Leicester,Ipswich,2,0,2.3,3.6,2.9,1352.614154913133,1393.5155015583587,1.016716352389187,2.2472893574835644,-0.07172397599436547,7.0,0.8340010044908142,2.1509994377463615,0.04767728132133522,8.0,-40.90134664522566,-1.0
2025-05-18,Arsenal,Newcastle,1,0,1.95,3.7,3.7,1670.1851761478435,1599.5172866769822,1.8894782189229002,1.4894360719130235,-0.13146832079743123,7.0,2.1755190312470845,1.1370815329578603,0.043982797575128255,7.0,70.66788947086138,0.0
2025-05-19,Brighton,Liverpool,3,2,2.6,3.75,2.45,1532.3372802313456,1701.7714375098344,1.5447338522761176,1.4172845349132832,0.25274542662296867,8.0,2.3668486438895555,1.5486214276665222,-0.22111494347896632,8.0,-169.43415727848878,0.0
2025-05-20,Crystal Palace,Wolves,4,2,2.25,3.3,3.2,1528.1177727136555,1463.1553913865646,2.2971114255962144,1.3562135271362639,-0.897055486666157,8.0,1.2405795354013025,1.2433017657573406,0.008513022467541015,8.0,64.96238132709095,0.0
2025-05-20,Man City,Bournemouth,3,1,1.55,4.33,5.75,1664.8297132430755,1510.5232890553243,1.7013683159212334,0.904454076537211,-0.23234189652030376,8.0,1.3515599726965335,1.4025068849078237,-0.3167186597260067,8.0,154.3064241877512,0.0
2025-05-25,Southampton,Arsenal,1,2,8.5,6.0,1.3,1286.8066200857845,1676.5920845971782,0.7190211791889762,2.134641909271653,-0.3155948806808402,7.0,1.738900600272868,1.6455849541590717,-0.13726774543066708,7.0,-389.7854645113937,0.0
2025-05-25,Tottenham,Brighton,1,4,4.2,4.33,1.7,1447.3262478250265,1545.386859270366,1.1257404579490882,1.9690011646369332,-0.3131374824965807,8.0,1.6753536325224385,1.7572073686910106,0.37020503863479226,6.0,-98.06061144533942,2.0
2025-05-25,Ipswich,West Ham,1,3,3.0,3.8,2.2,1384.0646519714699,1450.5784280255384,0.9445100203975801,1.8698711220584345,-0.2447567536370494,7.0,1.2583973030742355,1.603894097361609,0.00425566778813208,7.0,-66.51377605406856,0.0
2025-05-25,Liverpool,Crystal Palace,1,1,1.4,6.0,5.75,1688.7218584708141,1534.6685337460112,2.5108769014396755,1.6784392031545996,-0.3952079867704005,6.0,2.1707320737134053,1.371200456277272,-0.23430904250995266,5.0,154.0533247248029,1.0
2025-05-25,Fulham,Man City,0,2,5.0,4.2,1.6,1512.2504926979614,1669.3405884967274,1.2666016168687304,1.52628382810971,0.23356566048351013,7.0,1.6800001638270747,0.9163286584720661,0.10486529998598049,5.0,-157.09009579876601,2.0
2025-05-25,Newcastle,Everton,0,1,1.33,5.5,8.5,1593.1103782276475,1499.689255813214,2.190129359850214,1.1417229548748515,-0.42850959089468355,7.0,1.4369622248506908,1.1136327082294264,0.06304803643050172,7.0,93.42112241443351,0.0
2025-05-25,Nott'm Forest,Chelsea,0,1,3.0,3.75,2.2,1528.13444349226,1588.8055699917327,1.2387232957856016,1.5526007035584748,0.23809125095443065,7.0,1.5486602980728157,1.0673564341019868,-0.30480875031928206,8.0,-60.67112649947262,-1.0
2025-05-25,Man United,Aston Villa,2,0,4.33,4.2,1.7,1468.0637232390131,1611.3803251375114,1.2744800861257055,1.649895708560842,-0.44815295393757815,8.0,1.7546206007255127,0.9963375050177691,0.0028256625503609773,8.0,-143.31660189849822,0.0
2025-05-25,Bournemouth,Leicester,2,0,1.33,5.25,8.5,1506.0124138016724,1362.0650045000218,1.2711968434236416,1.4427936888358193,-0.24354327499301023,5.0,0.969644514703477,2.066216310304734,0.19299538601025942,7.0,143.94740930165062,-2.0
2025-05-25,Wolves,Brentford,1,1,2.7,3.7,2.45,1456.604630354209,1520.6402060654445,1.2794216962157656,1.3343227924137475,0.1245826720004875,5.0,2.0013892045584103,1.226712168177721,-0.03571293868000366,7.0,-64.03557571123565,-2.0
2025-08-15,Liverpool,Bournemouth,4,2,1.3,6.0,8.5,1683.2378256053976,1510.7350118383738,2.3892309928221223,1.6239680544239137,-0.5037239884263383,8.0,1.571010457217983,1.1774736498912368,-0.342762331392195,8.0,172.50281376702378,0.0
2025-08-16,Aston Villa,Newcastle,0,0,2.25,3.5,2.9,1599.0272147132594,1578.9608334699628,1.4617994159752439,1.4019743605173973,-0.06691339242648575,8.0,1.977428545216936,1.1275021225417257,-0.5792300080150421,8.0,20.06638124329652,0.0
2025-08-16,Brighton,Fulham,1,1,1.91,3.6,4.0,1554.2957479886425,1504.9744316179795,1.9726077322514572,1.7768971333288623,0.4761511570433024,8.0,1.4628684139052022,1.7187501326569357,-0.2721848568083811,8.0,49.321316370663,0.0
2025-08-16,Tottenham,Burnley,3,0,1.38,4.75,8.5,1438.41735910675,1376.4153070448717,1.2757015141321961,2.2056759329443145,-0.4244386310831729,8.0,1.2637005301371016,2.3235927797850326,-0.2719803763818617,8.0,62.0020520618782,0.0
2025-08-16,Wolves,Man City,0,4,6.25,4.75,1.45,1456.7207783367908,1676.6166495767093,1.2442410969832107,1.4658670129525184,0.07641738256942202,8.0,1.8407548691679736,1.1848565825881803,-0.01150726369664071,8.0,-219.8958712399185,0.0
2025-08-17,Chelsea,Crystal Palace,0,0,1.62,4.33,4.5,1598.786253442343,1540.1525666114278,1.49916486677437,1.1731434140313555,-0.30561976506064403,8.0,2.0147011647240736,1.4846691988463914,-0.2714617123153838,8.0,58.63368683091517,0.0
2025-08-17,Nott'm Forest,Brentford,3,1,2.2,3.3,3.5,1518.1537600416498,1520.5240580828627,1.3091573822856808,1.5022923686809235,-0.1370088997589068,8.0,1.995317975137269,1.2024055168551038,-0.22886021498036652,8.0,-2.370298041212891,0.0
2025-08-17,Man United,Arsenal,0,1,3.6,3.6,1.95,1480.4168336632652,1679.197883127166,1.62273627344101,1.3786792139806412,-0.554281045955162,8.0,1.8767518479698515,1.4294984362520946,-0.19293606061590654,8.0,-198.7810494639009,0.0
2025-08-18,Leeds,Everton,1,0,2.38,3.3,3.0,1402.1738673739962,1513.8388005708987,1.1650681792162907,2.26939028664759,0.033125400960273665,8.0,1.3618336864123592,1.1230125866066774,0.035024720963374716,8.0,-111.66493319690244,0.0
2025-08-22,West Ham,Chelsea,1,5,4.75,3.8,1.73,1453.1818952499937,1595.4984942820754,1.0664499425012897,1.3060620811524373,0.22019158895970714,6.0,1.4720911827861467,1.1444670828301409,-0.5247738077713451,5.0,-142.31659903208174,1.0
2025-08-23,Man City,Tottenham,0,2,1.48,4.5,6.25,1682.314036476049,1445.0434076408858,1.9352967876136218,1.0475806664002556,0.3417758950697835,7.0,1.420704976064481,1.9020984313820661,-0.12615875598799772,7.0,237.27062883516328,0.0
2025-08-23,Bournemouth,Wolves,1,0,1.8,3.8,4.2,1506.5795253481429,1451.023391437451,1.5714270878316676,1.4152536706724108,-0.1839669562922247,8.0,1.0947141867108456,1.6377480989507178,-0.04650685684580812,7.0,55.55613391069187,1.0
2025-08-23,Brentford,Aston Villa,1,0,3.1,3.6,2.2,1512.1677275107447,1596.7626656053767,1.8570647373582558,1.3165086178095151,-0.2487268099778522,6.0,1.2259581840626599,1.4017692244656752,-0.11883641348546004,7.0,-84.59493809463197,-1.0
2025-08-23,Arsenal,Leeds,5,0,1.27,6.25,9.5,1685.4031521211482,1413.6500389456855,1.7640397491055393,1.4185710757137926,-0.2212947990071286,6.0,1.4159861638147608,1.9402916657128324,-0.2586848067083988,5.0,271.75311317546266,1.0
2025-08-24,Crystal Palace,Nott'm Forest,1,1,2.35,3.3,3.1,1543.4403257716954,1526.5100906137677,1.8124119122001514,1.460585963527233,-0.4288018419087887,7.0,1.401237629551447,1.465750054190691,0.14799565961094696,7.0,16.930235157927655,0.0
2025-08-24,Everton,Brighton,2,0,3.1,3.3,2.3,1502.3626289992094,1551.2491150184294,1.2200036879166392,1.3825759882043356,-0.11131643525852801,6.0,1.8627475411885979,1.5965884773398287,0.2871331512674231,8.0,-48.88648601922,-2.0
2025-08-24,Fulham,Man United,1,1,3.25,3.5,2.15,1508.0210645881925,1474.211564669283,1.3473437175594534,1.6612606308656053,-0.19599807799536761,8.0,1.571944048730482,1.3687192375304882,-0.7239105726855137,7.0,33.80949991890952,1.0
2025-08-25,Newcastle,Liverpool,2,3,3.25,3.8,2.05,1581.2253825778455,1687.3933120956285,1.8585075135409062,0.9606262464297316,-0.748756599134886,8.0,2.377026111120604,1.613459560588819,-0.05530031391936575,8.0,-106.16792951778302,0.0
2025-08-30,Chelsea,Fulham,2,0,1.55,4.33,5.25,1603.172590887368,1505.384765566613,1.983276279454365,1.110243014500334,-0.1998926105486979,8.0,1.4104685266832484,1.637488612327424,-0.2903454129559472,6.0,97.78782532075502,2.0
2025-08-30,Man United,Burnley,3,2,1.33,5.25,8.0,1476.8478636908626,1381.9814161920601,1.5665979941077417,1.4274342881274262,-0.6872139041027115,6.0,1.1233530959455813,2.019014986051598,-0.0860025813513051,7.0,94.86644749880247,-1.0
2025-08-30,Wolves,Everton,2,3,2.7,3.2,2.75,1444.231917662394,1512.0428654055984,0.9459006415090074,1.6680476948850103,-0.11393793245552504,7.0,1.3398959294208928,1.5274588734428245,-0.047331325801814324,6.0,-67.81094774320445,1.0
2025-08-30,Leeds,Newcastle,0,0,3.5,3.4,2.1,1411.069802667716,1572.5464359905354,1.1561835032813503,2.104793956877612,-0.23765594156539688,7.0,1.8801509043151958,0.8958343386854201,-0.5867420718073337,5.0,-161.47663332281945,2.0
2025-08-30,Tottenham,Bournemouth,0,1,1.73,4.2,4.2,1461.9833156899952,1513.3709991232,1.3917085584319553,1.7670551192958213,0.048372405385807206,7.0,1.6154086734760724,1.200312998527733,-0.30788136327563903,7.0,-51.38768343320476,0.0
2025-08-31,Brighton,Man City,2,1,3.8,3.9,1.9,1541.5688786120404,1665.3741284269397,1.908571287608675,1.6387914748634074,-0.20220985120488416,7.0,1.7934046720985894,1.0955595975942858,0.013909113849545424,8.0,-123.8052498148993,-1.0
2025-08-31,Nott'm Forest,West Ham,0,3,1.67,3.75,5.25,1528.6888300895462,1445.507798644701,1.3865145251131683,1.390683853400741,0.04941222538258874,7.0,1.048320769185608,1.851498894159147,0.17918676510365777,8.0,83.18103144484508,-1.0
2025-08-31,Liverpool,Arsenal,1,0,2.2,3.5,3.2,1696.0722586829386,1687.9833883991178,2.0200316562933103,1.6856562151659813,0.44162175218437544,6.0,1.964886779783325,1.158260320785127,0.29108806865119274,8.0,8.088870283820825,-2.0
2025-08-31,Aston Villa,Crystal Palace,0,3,1.85,3.7,4.0,1586.0559464951193,1541.261586295917,1.174567709316238,1.3456291085938472,-0.29584457768149763,8.0,1.665829552441215,1.4336193290059849,-0.3613580378784509,7.0,44.7943601992024,1.0
2025-09-13,Everton,Aston Villa,0,0,2.45,3.3,2.9,1521.818086126253,1573.1279800825428,1.4838958650374756,1.4069383342321182,0.16091176277213384,8.0,1.1810232924250694,1.6038130842221119,-0.4835802806527039,8.0,-51.30989395628967,0.0
2025-09-13,Arsenal,Nott'm Forest,3,0,1.38,5.0,8.0,1679.9184341016653,1514.7862180127684,1.6597269928529164,1.0186252178224144,0.13084143095511633,8.0,1.2481914446524334,1.5650721298218193,-0.1084956275101672,8.0,165.13221608889694,0.0
2025-09-13,Bournemouth,Brighton,2,1,2.35,3.5,2.9,1523.6188307614507,1553.384970605195,1.7195262286786461,0.987898189506694,-0.47544164081827,8.0,1.9704753051438124,1.7409898670328938,-0.2035363875191643,8.0,-29.766139843744213,0.0
2025-09-13,Brentford,Chelsea,2,2,4.5,3.9,1.73,1513.7969509179347,1608.9195486833248,1.6531620229839996,1.3134503820027272,-0.26993314290665543,8.0,2.075930266771261,1.0330839137346428,-0.24785876269745002,8.0,-95.12259776539008,0.0
2025-09-13,West Ham,Tottenham,0,3,3.4,3.6,2.1,1459.410410721479,1451.7354840517444,1.2933383698029335,1.6172497829383343,0.29983342786065853,8.0,1.1398089460735825,1.8398880924893097,0.0031840723674071217,8.0,7.674926669734532,0.0
2025-09-13,Newcastle,Wolves,1,0,1.42,4.75,7.0,1569.7060170479017,1434.4566969417392,1.5549165024763305,0.8507508195600751,-0.5283372318031304,8.0,0.9453552596562109,1.744350093888761,0.12757292815119067,8.0,135.2493201061625,0.0
2025-09-13,Fulham,Leeds,1,0,1.91,3.5,4.0,1499.637807770656,1413.9102216103497,1.271373060667889,1.8014784134939992,-0.38233075613624967,8.0,1.0573824906932079,1.7331872350917534,-0.3283612547659211,8.0,85.72758616030637,0.0
2025-09-14,Burnley,Liverpool,0,1,8.0,5.5,1.33,1376.1653382554034,1704.137212980391,1.1652012879901619,2.432356528427517,0.0707675545063475,8.0,1.7026135800927664,1.4381015468454599,0.4575014990215542,8.0,-327.97187472498763,0.0
2025-09-14,Man City,Man United,3,0,1.75,4.0,4.2,1653.5580364337852,1482.6639416275193,1.8637064430024493,1.325187499148654,-0.22294106646168063,8.0,2.0732224672277493,1.4065455817448234,-0.7563564303997442,8.0,170.8940948062659,0.0
2025-09-20,Burnley,Nott'm Forest,1,1,3.4,3.3,2.2,1372.6420989165952,1510.48932104635,0.9594677121034783,2.507160429456148,0.021496701602701167,6.0,1.0512764419775023,1.8366917669148755,-0.14669927245034584,7.0,-137.84722212975475,-1.0
2025-09-20,Liverpool,Everton,2,1,1.45,4.75,6.5,1707.6604523191993,1521.568016914513,1.9279558199843363,1.1760887240622946,-0.0071718714897627605,6.0,1.568231943055963,1.18978516963636,-0.2627472637215939,7.0,186.09243540468628,-1.0
2025-09-20,Brighton,Tottenham,2,2,2.25,3.7,3.0,1544.2529811568522,1463.6590589778202,1.6928885723311258,1.6792815957961607,-0.08416875001512893,7.0,1.2170084896697153,1.6239667919243173,0.3090840923116309,7.0,80.593922179032,0.0
2025-09-20,West Ham,Crystal Palace,1,2,2.88,3.5,2.38,1447.486835795403,1551.122728320578,1.1901699895519349,1.5959535330153316,0.07433130423593876,7.0,1.8373457185152167,1.1736277291586537,-0.5243601553122711,7.0,-103.635892525175,0.0
2025-09-20,Man United,Chelsea,2,1,2.6,3.8,2.45,1478.4778861944642,1607.91206866322,1.9589176086717106,1.528407592530014,-0.9137203425913486,6.0,1.8036291406985852,1.0624292065120737,0.059911121653224896,7.0,-129.4341824687558,-1.0
2025-09-20,Fulham,Brentford,3,1,2.0,3.4,3.8,1505.6732415034537,1514.8044309380396,1.2442275444626392,1.6011450349625853,-0.33229472571780805,7.0,1.5545855279742213,1.1984484551058645,-0.044117090268343685,7.0,-9.131189434585849,0.0
2025-09-20,Wolves,Leeds,1,3,2.7,3.2,2.75,1429.5510933516457,1407.874787877552,0.8278856036911862,1.6303716781202533,0.023698063314208213,7.0,1.0105528513990807,1.6107622253802385,-0.4319374930362527,7.0,21.676305474093624,0.0
2025-09-21,Bournemouth,Newcastle,0,0,2.5,3.5,2.7,1532.7508202097933,1574.6116206379952,1.6622458947448717,0.9130165988304698,-0.26221635495922135,8.0,1.4800181369772396,0.7527980098264968,-0.4589221558636594,8.0,-41.860800428201856,0.0
2025-09-21,Arsenal,Man City,1,1,1.85,3.9,3.8,1684.2153310680837,1657.7440918668403,1.9118193814895654,0.8690696069944395,0.1282541403456632,8.0,1.8912564085693198,1.365201861053187,0.029918355855931337,7.0,26.471239201243407,1.0
2025-09-27,Chelsea,Brighton,1,3,1.85,3.8,3.8,1595.9397797321008,1540.4136738670811,1.528469761422269,1.1206367668019077,0.15692259901448605,7.0,1.6334271694627525,1.5787164619855383,0.05601354770244898,7.0,55.526105865019645,0.0
2025-09-27,Crystal Palace,Liverpool,2,1,3.8,3.8,1.9,1559.8733486744597,1711.5642864030135,1.9401456296855852,1.027719800141908,-0.4854293495298198,7.0,1.7492394479790698,1.0822806967623653,0.18788673027471953,7.0,-151.69093772855376,0.0
2025-09-27,Nott'm Forest,Sunderland,0,1,1.75,3.75,4.5,1508.2854559215268,1507.3401507901171,1.0057879356756092,1.693292638012553,-0.08152508641276106,7.0,0.9207386422938612,1.1954155889653941,0.11840006637503753,6.0,0.9453051314096683,1.0
2025-09-27,Brentford,Man United,3,1,3.4,3.8,2.0,1506.258180033637,1490.4501751255834,1.4043934192848222,1.2656735204196556,0.0007656482204230523,7.0,1.8321800831343202,1.310026273878819,-0.5900075152570351,7.0,15.80800490805359,0.0
2025-09-27,Tottenham,Wolves,1,1,1.5,4.5,6.0,1467.4983662675913,1417.242629558615,1.2118100545048485,1.5787239161021338,0.4120493785461572,7.0,0.9801788453609368,1.3883032425047623,-0.09797696692333088,7.0,50.25573670897643,0.0
2025-09-27,Man City,Burnley,5,1,1.17,7.5,15.0,1660.1827872522902,1374.8459640414183,1.7327036257296313,1.2318030797331192,-0.0015667306823760588,6.0,0.9970423337719008,2.1612972256094367,-0.012150586615829103,7.0,285.3368232108719,-1.0
2025-09-27,Leeds,Bournemouth,2,2,3.1,3.25,2.38,1420.1832516705829,1532.2292059238484,0.8963471811838868,1.601547985404632,0.1818227553788269,7.0,1.4329263093350937,0.7563553366172615,-0.32172212721447124,6.0,-112.04595425326556,1.0
2025-09-28,Aston Villa,Fulham,3,1,2.3,3.1,3.4,1573.199134106935,1514.2194924078563,0.9958037927329597,1.513822904478865,-0.35014275290011293,7.0,1.3020084077211835,1.4413477244710295,0.0406915722272358,8.0,58.979641699078684,-1.0
2025-09-28,Newcastle,Arsenal,1,2,3.6,3.4,2.1,1575.13323492394,1681.776635682634,1.2063847556779337,0.7110970447205938,-0.3959403383882177,7.0,1.6656536932153923,0.9213934236660278,0.15985320812697365,7.0,-106.64340075869382,0.0
2025-09-29,Everton,West Ham,1,1,1.7,3.75,5.0,1517.6641828306988,1438.7362154415214,1.3935249759385908,1.1633530145321327,-0.15106162527093264,8.0,1.0408494009170148,1.748552525085966,0.169085415085796,8.0,78.92796738917741,0.0
2025-10-03,Bournemouth,Fulham,3,1,1.95,3.5,3.9,1530.7423083980282,1507.516129710993,1.3560598866988873,1.022672415667658,-0.06149759484195264,6.0,1.2299281125851542,1.4257519536758347,0.042073041754544516,5.0,23.226178687035144,1.0
2025-10-04,Leeds,Tottenham,1,2,2.7,3.5,2.5,1421.6701491964031,1464.4273549181742,1.1337931460686816,1.4898907064944715,0.1345571600987758,7.0,1.1307139263242334,1.4922403057099929,0.3644436338283062,7.0,-42.757205721771015,0.0
2025-10-04,Arsenal,West Ham,2,0,1.18,6.5,17.0,1690.442138377449,1442.5345655812428,1.7491691473729767,0.8839413171521004,0.11233558844191553,6.0,0.9861628347374096,1.5754983092819936,0.18046253914633392,5.0,247.9075727962063,1.0
2025-10-04,Man United,Sunderland,2,0,1.5,4.75,5.75,1482.5981259268494,1519.0765245179653,1.9155064865336364,1.6147788145766069,-0.7232939920305871,7.0,1.201526353186519,1.2572736365798136,-0.17315337120036065,7.0,-36.47839859111582,0.0
2025-10-04,Chelsea,Liverpool,2,1,2.8,3.75,2.3,1582.732028831113,1698.9848172005566,1.6312193266692372,1.4000618193849532,-0.087223049685305,7.0,2.0282637264570855,1.5879102488606565,-0.2844661858638628,7.0,-116.25278836944358,0.0
2025-10-05,Aston Villa,Burnley,2,1,1.6,4.0,5.75,1579.9024968037982,1372.4364191698048,1.0721235007064374,1.3980453900727203,0.05923642826473563,7.0,0.8964546106716107,2.379994777645085,0.09155415134695168,8.0,207.46607763399334,-1.0
2025-10-05,Everton,Crystal Palace,2,1,2.45,3.25,3.0,1513.8658326909774,1572.4528178769167,1.293712756784982,1.0833940172986452,-0.1012694678282666,6.0,2.268798097344875,1.4555932024610825,-0.7015900725956482,8.0,-58.586985185939284,-2.0
2025-10-05,Newcastle,Nott'm Forest,2,0,1.57,4.2,5.5,1566.467732229125,1496.5490821936787,1.1101390872707744,0.99153703338132,-0.260589452971093,7.0,1.0913015565190995,1.7445059382164723,-0.35771364691188945,8.0,69.91865003544626,-1.0
2025-10-05,Wolves,Brighton,1,1,3.6,3.7,2.0,1420.313640908032,1553.621424768069,1.017174768237693,1.270796662472323,-0.11067119928166903,8.0,1.8070638316963112,1.6711001593352544,0.15274457618475493,8.0,-133.3077838600368,0.0
2025-10-05,Brentford,Man City,0,1,4.75,4.5,1.62,1514.110229232371,1662.5923321239036,1.6896780675209415,1.4658699297337312,0.04449584549747434,8.0,2.0398064637482483,1.0827904776086306,0.3656951704817141,8.0,-148.48210289153258,0.0
2025-10-18,Sunderland,Wolves,2,0,2.5,3.0,3.1,1509.7524981965446,1422.392844598623,1.1000186429183063,1.4303601946630933,-0.3363156420056067,8.0,0.8835399994672282,1.295714201474196,0.042251834035553985,8.0,87.35965359792158,0.0
2025-10-18,Fulham,Arsenal,0,1,5.75,4.1,1.55,1499.8667815042095,1693.3468755936924,1.150177251292686,1.4069432275874865,0.06571020797495081,8.0,2.019283413583031,0.8799406923236679,-0.12920717761302541,8.0,-193.48009408948292,0.0
2025-10-18,Nott'm Forest,Chelsea,0,3,3.7,3.8,1.95,1490.1233784532087,1594.337113252037,0.9358316824972532,2.171981979263854,-0.35358257278660776,8.0,1.5499354098199214,1.5361675220289404,0.08813419537162562,8.0,-104.21373479882823,0.0
2025-10-18,Brighton,Newcastle,2,1,2.63,3.4,2.6,1551.542221077478,1572.893435969595,1.721349735755153,1.402560926335566,0.0404507024237835,8.0,1.6684846760015268,0.8566485280082684,-0.5815977363761977,8.0,-21.351214892117014,0.0
2025-10-18,Burnley,Leeds,2,0,3.25,3.25,2.25,1368.9047207071067,1411.1742687362366,0.81513513200213,2.2470747907677824,0.17534753594980007,8.0,1.2053228335799873,1.324496875403117,0.007665256052349721,8.0,-42.269548029129965,0.0
2025-10-18,Crystal Palace,Bournemouth,3,3,2.2,3.4,3.25,1562.493487488275,1538.3916566048117,2.2500438046788194,1.5965301534586496,-0.79985049709309,8.0,1.3516285973709805,0.9856782956361171,0.2947645966431538,8.0,24.101830883463208,0.0
2025-10-18,Man City,Everton,2,0,1.4,5.0,7.0,1670.0992788591527,1523.8251630796192,1.845196647456742,1.0025332821027755,0.2703507389027584,8.0,1.4680455585790262,1.3091879628427092,-0.10900374489588023,8.0,146.27411577953353,0.0
2025-10-19,Tottenham,Aston Villa,1,2,2.05,3.5,3.5,1474.9232353783407,1583.4341952664963,1.0394231234797804,1.4898203498119729,0.5598831664743131,8.0,1.2090231094696489,1.2132519368525467,0.10153680926411066,8.0,-108.51095988815564,0.0
2025-10-19,Liverpool,Man United,1,2,1.6,4.5,5.0,1687.3797327796326,1491.92215224827,2.0347717060961577,1.5155609719833747,-0.4444192069018131,8.0,1.9184552308435896,1.4481590196454823,-0.5595965988397124,8.0,195.4575805313625,0.0
2025-10-20,West Ham,Brentford,0,2,2.5,3.25,2.88,1439.6298283649994,1506.6032824971219,0.9610739645979965,1.8814407780421596,-0.035122791720348115,8.0,1.484220281429256,1.3896629185280645,-0.10780553451904477,8.0,-66.97345413212247,0.0
2025-10-24,Leeds,West Ham,2,1,1.8,3.5,4.75,1401.684149615472,1429.8305135609432,1.4376623443359327,1.1563897028442258,-0.4749191209678567,6.0,0.8164945556230345,2.208406716895309,-0.08156662267462457,4.0,-28.146363945471194,2.0
2025-10-25,Chelsea,Sunderland,1,2,1.36,4.75,9.0,1603.0713649961779,1515.7484145170881,1.7579604943905196,1.6433055390738414,0.16107463489653412,7.0,1.0816028307708783,1.2457244029473362,-0.015176467087874129,7.0,87.32295047908974,0.0
2025-10-25,Newcastle,Fulham,2,1,1.62,3.9,5.5,1564.0012716011945,1493.5301590328163,1.588986209032772,0.8567424916405917,-0.5200239993510158,7.0,1.0165271167071845,1.5454293356501452,-0.05147660074921871,7.0,70.4711125683782,0.0
2025-10-25,Man United,Brighton,4,2,1.95,3.8,3.5,1508.184917054964,1560.4343854458784,2.044857965442446,1.6877884389302307,-0.5537322064510133,6.0,1.543056295048218,1.3779223890512846,0.2678845874452664,7.0,-52.249468390914444,-1.0
2025-10-25,Brentford,Liverpool,3,2,4.1,4.2,1.75,1516.402597301178,1671.1169679729387,1.8931325998020565,1.156665833788224,-0.388072543175233,5.0,2.1533832367149675,1.7250805802691946,-0.684820147588499,6.0,-154.71437067176066,-1.0
2025-10-26,Arsenal,Crystal Palace,1,0,1.4,4.75,7.5,1699.6834980650856,1560.1190391715443,2.0314440633558957,0.8020402177133924,-0.32499008670072144,8.0,2.7271724432799878,1.6894824758076397,-0.9572548302225818,8.0,139.5644588935413,0.0
2025-10-26,Aston Villa,Man City,1,0,4.33,3.8,1.8,1592.0469409131213,1674.7737310130594,1.032267347944926,1.2754219467703733,0.4205236969196678,7.0,1.976135615242664,0.9596412939629624,0.11557440608693807,8.0,-82.72679009993817,-1.0
2025-10-26,Bournemouth,Nott'm Forest,2,0,1.8,3.8,4.33,1540.7661049215424,1481.3891267090678,1.4951039819265781,1.7236448737168784,0.43053758418703697,8.0,1.1668186674705479,2.251679183744657,-0.704687242839544,8.0,59.37697821247457,0.0
2025-10-26,Wolves,Burnley,2,3,1.95,3.3,4.2,1416.3969282780795,1378.3948398278712,0.8407912414699471,1.239826807201321,-0.10598977626717841,8.0,0.752110667777786,2.264496462874298,0.4466429027474558,8.0,38.00208845020825,0.0
2025-10-26,Everton,Tottenham,0,3,2.35,3.4,3.0,1519.1507109257125,1466.3104897317157,1.3291186326541309,1.5507052403325612,-0.25044643029968805,8.0,1.1374539261652494,1.2551362652994595,0.33821579139678165,7.0,52.84022119399674,1.0
2025-11-01,Fulham,Wolves,3,0,1.83,3.5,4.5,1487.11831708585,1403.6487051726476,1.1203953707065761,1.7976573986214128,-0.14813479457360645,7.0,1.1998614088645039,1.302874648128054,-0.2040501514071904,6.0,83.46961191320247,1.0
2025-11-01,Burnley,Arsenal,0,2,10.0,6.0,1.27,1391.143062933303,1704.4977182659532,0.9157790865003691,2.329858986645113,0.6545820155604092,6.0,1.7889866737582396,0.7088947224841438,-0.22827378090357417,6.0,-313.35465533265005,0.0
2025-11-01,Crystal Palace,Brentford,2,0,1.91,3.6,3.9,1555.3048189706767,1529.0631138180606,2.2368731825050046,1.517571581854882,-0.8320886420730825,6.0,2.1774395575899974,1.3550669604314967,-0.36397417695970535,7.0,26.241705152616078,-1.0
2025-11-01,Liverpool,Aston Villa,2,0,1.65,4.33,4.5,1658.4564514560561,1602.7001391330687,2.1461620873918106,2.0440565812941,-0.5679638430794185,7.0,0.9934085009389337,1.2947559318574533,0.36597198953091703,6.0,55.75631232298747,1.0
2025-11-01,Nott'm Forest,Man United,2,2,3.3,3.75,2.05,1474.6959535580195,1517.9618758199172,0.9891276353148514,1.9226153934236594,-0.6223336805115112,6.0,2.027828363590574,1.5349959437407525,-0.019123168306659805,7.0,-43.265922261897686,-1.0
2025-11-01,Tottenham,Chelsea,0,1,2.7,3.5,2.5,1479.4487181684501,1589.0681683855141,1.3346382794534437,1.285681735889033,0.45549997360227606,6.0,1.6456014468699145,1.6241804351245337,0.0838372186429484,7.0,-109.61945021706401,-1.0
2025-11-01,Brighton,Leeds,3,0,1.85,3.75,4.0,1550.6574266809253,1410.769888478932,1.420121965014814,1.4984812458115002,0.42982171397820285,7.0,1.5993501188922556,1.0206963583196642,-0.4226172541626487,8.0,139.88753820199327,-1.0
2025-11-02,West Ham,Newcastle,3,1,5.25,4.0,1.62,1420.7447746974833,1570.4131135481607,0.7509240098775597,2.2110872243655484,0.0386881510799402,8.0,1.8322285119354202,0.9935742297470731,-0.5711936958219457,8.0,-149.6683388506774,0.0
2025-11-02,Man City,Bournemouth,3,1,1.5,4.75,5.75,1664.120532793112,1547.4592780725907,1.8509127390880544,0.9357651636933105,-0.190721394952848,7.0,1.3221212577942363,1.4310808880942119,0.6188604141187972,7.0,116.66125472052136,0.0
2025-11-03,Sunderland,Everton,1,1,2.7,3.2,2.7,1529.7516111277519,1506.012482488978,1.1921786814302087,1.238084390051525,0.09435711096971859,8.0,1.3444015797719733,1.662636064871598,-0.48825888539898543,8.0,23.739128638773764,0.0
2025-11-08,Tottenham,Man United,2,2,2.63,3.6,2.5,1470.8672494867565,1518.4431491953203,1.0896196373051046,1.7100043249164059,0.3312140357292663,7.0,1.798504142870032,1.5382274303079928,0.20840517520560436,7.0,-47.57589970856384,0.0
2025-11-08,Sunderland,Arsenal,2,2,7.5,5.0,1.38,1527.3870160852032,1708.2718799815575,1.1895452389101115,1.1852550503793022,0.03136776501484019,5.0,1.939070227306819,0.7027639719667109,-0.28773263530605236,7.0,-180.88486389635432,-2.0
2025-11-08,Everton,Fulham,2,0,2.2,3.3,3.4,1508.3770775315268,1493.2086663162493,1.2748803941171882,1.5632087821897573,-0.389060013259986,5.0,1.283717430321636,1.4701108966028904,0.10686472239664642,7.0,15.168411215277501,-2.0
2025-11-08,West Ham,Burnley,3,2,1.91,3.5,4.0,1433.2698211500183,1387.3689012176987,0.8876811669618871,1.8629625920622954,0.3579328425614842,6.0,0.8669670181872529,2.3683617991433903,0.37942156730008575,7.0,45.90091993231954,-1.0
2025-11-08,Chelsea,Wolves,3,0,1.36,4.75,8.5,1597.6496370672078,1397.5583559422485,1.995672788833934,1.3194293985557846,-0.4167169363433211,7.0,0.9956399051017168,1.4285513287922398,-0.20526398627707695,7.0,200.09128112495932,0.0
2025-11-09,Aston Villa,Bournemouth,4,0,2.2,3.4,3.25,1595.9138328642255,1542.1468158042615,0.8782132468986388,1.3309520138292315,0.20072776339964474,8.0,1.235006094221307,1.6495332809111454,0.5118515537173544,7.0,53.76701705996402,1.0
2025-11-09,Brentford,Newcastle,3,1,2.8,3.5,2.45,1521.495594587516,1557.8880670956257,1.8975032279887043,1.2270562882722527,-0.4581548015287001,8.0,1.5622622327328886,1.0802727741024487,-0.3550787618834918,7.0,-36.39247250810968,1.0
2025-11-09,Crystal Palace,Brighton,0,0,2.25,3.5,3.1,1562.8723382012213,1555.4648518984975,1.9269463505479436,1.373765668567758,-0.3993691738809243,8.0,1.6720441623279525,1.2634460610495335,0.4151555307776025,8.0,7.4074863027237825,0.0
2025-11-09,Nott'm Forest,Leeds,3,1,2.25,3.25,3.3,1474.2146801826163,1405.9624632613597,1.1049714667923687,1.7149965531082145,-0.4012479639051759,8.0,1.343501834734287,1.355024949651802,-0.40953204532618,8.0,68.2522169212566,0.0
2025-11-09,Man City,Liverpool,3,0,1.9,3.9,3.7,1669.4329950614413,1665.2427577248993,1.9827540418697869,0.9283550591162854,-0.04616087674756465,7.0,2.0067135273028507,1.7121131809005947,-0.34149780265307167,8.0,4.190237336541941,-1.0
2025-11-22,Brighton,Brentford,2,1,1.91,3.6,4.0,1557.3810129960145,1530.817159099499,1.4585227291369094,1.175995907719141,0.19808876511462548,8.0,2.070750797340224,1.0630937391428807,-0.30944077213668525,8.0,26.56385389651564,0.0
2025-11-22,Burnley,Chelsea,0,2,6.25,4.5,1.48,1380.3259593114508,1601.3064899400001,1.0748823033858508,2.4919206843621065,0.32697890946880565,8.0,2.4057439929742523,1.0702263596052575,-0.5336274802989464,8.0,-220.98053062854933,0.0
2025-11-22,Liverpool,Nott'm Forest,0,3,1.44,5.0,6.25,1657.0695629224742,1480.6822915871726,1.8048260713553361,1.6880394390595488,-0.4831434748239687,8.0,1.3909022351800422,1.44772824993297,-0.2134580987431881,8.0,176.38727133530165,0.0
2025-11-22,Bournemouth,West Ham,2,2,1.62,4.2,4.75,1535.3090722847912,1440.3127630562662,1.3948704253911308,1.6976602083540933,-0.008388591403031937,8.0,1.316701312381925,1.8654005171040762,0.29084160419780375,8.0,94.99630922852498,0.0
2025-11-22,Wolves,Crystal Palace,0,2,3.8,3.6,1.95,1393.901503069456,1560.9561771037042,0.8132344683426692,1.9556193918423423,-0.18591268584646048,8.0,1.7026164364845695,1.2217789317497258,-0.49017762788279334,8.0,-167.05467403424814,0.0
2025-11-22,Newcastle,Man City,2,1,3.6,3.8,1.95,1548.566502583643,1677.6061898638663,1.329146873574253,1.422114556240555,-0.16470524378589485,8.0,1.9028472327635608,0.948932387956352,0.25312620305895994,8.0,-129.03968728022346,0.0
2025-11-22,Fulham,Sunderland,1,0,2.1,3.25,3.75,1485.3390505390175,1530.7324418512067,1.1064567877924802,1.642568819932596,-0.002751001756008077,8.0,1.1929948748269255,1.4414736946217586,0.2023814958650153,8.0,-45.393391312189124,0.0
2025-11-23,Leeds,Aston Villa,1,2,3.0,3.3,2.4,1399.4948518568035,1602.7515763836957,1.1528703878393025,1.5893726542133026,-0.2052784357401574,8.0,1.0854630916563652,1.4710227522499597,0.5960908517870734,8.0,-203.25672452689219,0.0
2025-11-23,Arsenal,Tottenham,4,1,1.42,4.75,7.5,1704.926454215554,1470.5098074803386,2.0196012430904253,0.8063646854081596,-0.29633477971026684,8.0,1.1444334823749203,1.5264497134795396,0.395881899280235,8.0,234.4166467352154,0.0
2025-11-24,Man United,Everton,0,1,1.75,4.0,4.33,1518.8005912017381,1516.2466933087585,1.5966920655388213,1.500493723641837,0.40879186385200195,8.0,1.4876142674215724,1.328289220778189,-0.37193921717587053,8.0,2.5538978929796485,0.0
2025-11-29,Brentford,Burnley,3,1,1.45,4.5,7.0,1523.2583614537475,1374.6539777987389,2.0973715169763767,1.0454333201849557,-0.4931193495354163,7.0,0.9894855397716391,2.3328632846837345,0.12316802926937769,7.0,148.60438365500863,0.0
2025-11-29,Man City,Leeds,3,2,1.22,6.5,12.0,1665.64481617594,1393.3993105861373,2.017061381442447,1.2494318351633615,-0.09956465740655111,7.0,1.2960043217608332,1.5420073551153362,-0.33760051301727473,6.0,272.24550558980263,1.0
2025-11-29,Sunderland,Bournemouth,3,2,3.2,3.3,2.3,1521.1526063315212,1531.122067278361,0.9794937612771809,1.74862694221893,0.1088261706649323,7.0,1.8256483953154012,1.4280519213677045,-0.31259808637980185,7.0,-9.969460946839945,0.0
2025-11-29,Everton,Newcastle,1,4,2.8,3.25,2.63,1528.0279337554146,1560.5278762715693,1.2127096418531815,1.5233269672606813,-0.12089829362993945,5.0,1.5512082723850353,1.6355036032284287,-0.21439139031237034,7.0,-32.49994251615476,-2.0
2025-11-29,Tottenham,Fulham,1,2,2.2,3.3,3.3,1467.4068907112253,1494.918886058703,0.9145403044598371,1.68154984314325,0.514308298157119,6.0,1.4635267690802716,1.3496646575730518,-0.3812154321555367,7.0,-27.51199534747775,-1.0
2025-11-30,Nott'm Forest,Brighton,0,2,2.75,3.3,2.63,1496.59993757267,1564.939810641766,1.3504031243194992,1.518901929506389,0.20303332813516242,8.0,1.3592855175325482,1.3872040904573444,0.3681668448380266,8.0,-68.33987306909603,0.0
2025-11-30,Aston Villa,Wolves,1,0,1.5,4.33,6.5,1608.847117654362,1386.8888352897268,1.1420545255613455,1.5485206448710818,0.6051946718521731,7.0,0.988765516987159,1.8511721566053994,-0.4908598882586819,8.0,221.95828236463512,-1.0
2025-11-30,Chelsea,Arsenal,1,1,3.4,3.3,2.2,1606.978471452712,1708.0293709846671,2.264467226424885,0.9857914177952019,-0.36596841757916576,8.0,2.072964471585237,0.6462149224885325,0.11999092287412502,7.0,-101.05089953195511,1.0
2025-11-30,West Ham,Liverpool,0,2,4.33,4.33,1.67,1444.4997680626964,1641.151916936977,1.1256846452563007,2.199108376599278,0.5628219612068733,8.0,1.8023306581970706,1.5862410793280861,-0.7533104861461919,8.0,-196.65214887428056,0.0
2025-11-30,Crystal Palace,Man United,1,2,2.3,3.4,3.1,1567.9688448834336,1507.019350755082,1.6503635778624222,1.3130274724812012,-0.27545130971979814,8.0,1.736358446322804,1.2229320730295938,-0.1446047967127976,6.0,60.94949412835149,2.0
2025-12-02,Bournemouth,Everton,0,1,2.2,3.25,3.3,1522.5521906444994,1517.238067281765,1.8188594106711247,1.374723110957432,-0.20535163659670558,3.0,1.1711486237034265,1.716318687860397,-0.09827790832733546,3.0,5.314123362734335,0.0
2025-12-02,Fulham,Man City,4,5,4.33,4.1,1.73,1505.851250130394,1668.2186891588337,1.263665742987495,1.2865979475115021,0.00796428244007611,3.0,2.189498574802576,1.3529917295313965,-0.048681994314733155,3.0,-162.36743902843978,0.0
2025-12-02,Newcastle,Tottenham,2,2,1.83,3.8,4.1,1571.3177427452188,1456.4745266395344,1.7384480944027185,1.5067204132298364,0.14778206410653813,3.0,0.9412395195770783,1.4367107715479381,0.39913784188752055,3.0,114.8432161056844,0.0
2025-12-03,Arsenal,Brentford,2,0,1.36,5.0,8.5,1706.8532988301674,1527.88493700691,1.8987065093877538,0.6762725655437587,0.04814281467014028,3.0,2.432337596989921,1.0100718738888401,-0.5401433858331155,4.0,178.9683618232575,-1.0
2025-12-03,Brighton,Aston Villa,3,4,2.15,3.5,3.4,1574.6998158920924,1612.1427219697225,1.503264908173704,1.299139158627583,0.28041388848411347,3.0,1.1446962882025646,1.3719421904410887,0.4483957928256972,3.0,-37.44290607763014,0.0
2025-12-03,Burnley,Crystal Palace,0,1,4.5,3.8,1.75,1370.0274022455765,1554.6217672047248,0.9656658026684918,2.6192510052996765,0.1237471128679118,4.0,1.7504696595175302,1.3469952023037275,-0.4529015950948602,3.0,-184.59436495914838,1.0
2025-12-03,Wolves,Nott'm Forest,0,1,3.25,3.4,2.25,1383.5932309743662,1486.8399323223434,0.9276642510173552,1.707523324946787,-0.5324762916051484,3.0,1.2699302124472545,1.6299525383130264,-0.036966883051207385,3.0,-103.24670134797725,0.0
2025-12-03,Leeds,Chelsea,3,1,4.1,4.1,1.8,1390.8254376032435,1608.1545436072117,1.3899570534426249,1.8124500075495285,-0.21667085888339846,4.0,1.9606802703529274,1.0358166847589272,-0.24754129317604598,3.0,-217.32910600396826,1.0
2025-12-03,Liverpool,Sunderland,1,1,1.36,5.25,7.0,1647.409758655716,1529.7224829653828,1.7539739257020204,1.3341247450620537,-0.5087671153454504,3.0,1.020748771043581,1.7582024480892633,0.4825345444103992,4.0,117.68727569033308,-1.0
2025-12-04,Man United,West Ham,1,1,1.45,5.0,6.0,1520.3664284337908,1438.2419263439574,1.6829932189071437,1.4112170493095646,-0.007018561942746886,4.0,0.9685808610939436,2.0688966094966,0.37158772058340506,4.0,82.12450208983341,0.0
2025-12-06,Aston Villa,Arsenal,2,1,4.2,3.5,1.9,1622.791056625802,1710.8875904484453,1.5599263202700209,1.4938729796766297,0.5297095984469286,3.0,2.0498319091896064,0.6582096921254386,-0.0920176286412637,3.0,-88.09653382264332,0.0
2025-12-06,Bournemouth,Chelsea,0,0,3.1,3.75,2.15,1510.6941355068702,1593.9123222685575,1.5747154512225592,1.337796926314436,-0.29407348226033436,4.0,1.7550693682075789,1.276956697879177,-0.18905058692255855,3.0,-83.21818676168732,1.0
2025-12-06,Everton,Nott'm Forest,3,0,2.2,3.2,3.5,1529.0961224193943,1495.6015811828318,1.1762197487039978,1.4933288255928998,-0.11838222358116002,4.0,1.239802193434209,1.5050706910595708,-0.05489907635756998,3.0,33.494541236562554,1.0
2025-12-06,Man City,Sunderland,3,0,1.25,6.5,10.0,1675.3547165575285,1534.4330311283245,2.1426173133499313,1.2745243362906438,0.588047302698387,4.0,0.9545856214478129,1.6761934613877276,0.44061512630407823,3.0,140.921685429204,1.0
2025-12-06,Newcastle,Burnley,2,1,1.27,6.0,9.5,1566.6711344965977,1363.4673056431657,1.768801329138402,1.412922146129908,0.14089948782927303,4.0,1.007514919151802,2.2826796668551843,-0.14284947544709886,3.0,203.20382885343201,1.0
2025-12-06,Tottenham,Brentford,2,0,2.3,3.5,3.0,1461.1211348881554,1523.850645388632,0.9640996634037816,1.5293122572795426,0.5123575014396818,4.0,2.0519994312464602,1.3445221315864715,-0.5501638905873234,3.0,-62.729510500476636,1.0
2025-12-06,Leeds,Liverpool,3,3,3.8,4.0,1.85,1405.0676589418977,1642.6992104927742,1.5580391125888295,1.6374178707546745,-0.007900538777170146,3.0,1.6760661824643763,1.2059173076352454,-0.4814454081094947,3.0,-237.63155155087657,0.0
2025-12-07,Brighton,West Ham,1,1,1.55,4.33,5.75,1564.051481236013,1442.1187299738692,1.5981038898146618,1.6825077077608448,0.43650133132709196,4.0,1.0505352124982912,2.1117745916351427,0.21945676970226982,3.0,121.93275126214371,1.0
2025-12-07,Fulham,Crystal Palace,1,2,2.55,3.3,2.8,1498.7152227316992,1561.1818638071356,1.2036262537867046,1.4259846105576746,0.6308650623160618,5.0,1.5931306910127205,1.3101758619435788,-0.35695076176439056,4.0,-62.46664107543643,1.0
2025-12-08,Wolves,Man United,1,4,4.2,4.0,1.75,1374.8315821138779,1516.489624803879,0.9476641080405569,1.5871200769920866,-0.6340032167925238,5.0,1.8054828675452619,1.4018557879046059,-0.26896142676073026,4.0,-141.65804269000114,1.0
2025-12-13,Chelsea,Everton,2,0,1.67,3.8,5.25,1593.245042172024,1536.468260610746,1.5317569195069392,1.3063241092311346,-0.28880698910009805,7.0,1.192158497908702,1.249691452054385,0.2663461242347855,7.0,56.77678156127786,0.0
2025-12-13,Liverpool,Brighton,2,0,1.67,4.0,4.75,1637.9899104069027,1559.2464013807971,1.752806248364416,1.3271002371003802,-0.18573668935964593,7.0,1.701803643951534,1.6874366750828176,0.11936306425453301,6.0,78.74350902610558,1.0
2025-12-13,Burnley,Fulham,2,3,4.0,3.5,1.91,1359.8636896281507,1488.7862171760323,1.126392820206703,2.184562957169734,-0.2338077157119977,7.0,1.1135032447094086,1.4848017024387352,0.5488329518104896,6.0,-128.9225275478816,1.0
2025-12-13,Arsenal,Wolves,2,1,1.13,8.5,21.0,1700.0806654447636,1367.139548267349,2.010597481356444,1.083527066244756,-0.2503797830901778,7.0,0.8062422892228635,2.094608515208905,-0.3509900008427323,5.0,332.9411171774145,2.0
2025-12-14,Crystal Palace,Man City,0,3,3.9,3.9,1.85,1571.1108693628025,1680.140435765273,1.6174656344120797,1.1980717247469153,-0.22371002632486411,7.0,2.199026332784605,1.1408343683717208,0.5872020313068257,8.0,-109.02956640247044,-1.0
2025-12-14,Nott'm Forest,Tottenham,3,0,2.55,3.3,2.8,1488.22944299148,1471.199694899309,1.048467230759064,1.4531676638266753,-0.10800900349518042,8.0,1.2652515790223895,1.3108928423880086,0.31921219733868,8.0,17.029748092171076,0.0
2025-12-14,Sunderland,Newcastle,1,0,3.3,3.3,2.25,1529.64731192058,1570.2747505116126,0.8847153976238131,1.8337490895301134,0.2133713574490526,8.0,1.776698198803179,1.4481638425305794,0.15163129212813367,8.0,-40.627438591032615,0.0
2025-12-14,West Ham,Aston Villa,2,3,3.75,3.5,2.0,1446.923809829085,1633.5979816294837,1.1858397731854682,2.1095043501690527,0.02845300509859664,7.0,1.7992200282916866,1.5693325865764578,0.271924047541021,8.0,-186.67417180039865,-1.0
2025-12-14,Brentford,Leeds,1,1,1.91,3.6,4.0,1513.7720853774786,1409.7769590277692,1.7257499272906742,1.5671930921151458,-0.5337422687279584,8.0,1.6065797321992583,1.7221314701839885,0.24266592880468088,8.0,103.99512634970938,0.0
2025-12-15,Man United,Bournemouth,4,4,1.83,4.0,3.8,1524.1816586504078,1511.3614156034039,2.267923176926308,1.166734464428544,-0.22318740512608592,7.0,1.5426553883761358,1.2005675628976975,-0.5262091840135525,8.0,12.820243047003942,-1.0
2025-12-20,Man City,West Ham,3,0,1.22,8.0,10.0,1688.7385450186487,1440.416382404239,2.0245266162380977,1.1738599499741424,0.8058027239007955,6.0,1.204648143023219,1.797082085185423,0.17173562183136062,6.0,248.32216261440976,0.0
2025-12-20,Newcastle,Chelsea,2,2,2.75,3.6,2.45,1560.831760515762,1600.0050353223037,1.4450987785406766,1.2793863556339995,0.08541735268210052,6.0,1.7613296726907042,1.3132714277837694,-0.3622007111230713,7.0,-39.17327480654171,-1.0
2025-12-20,Brighton,Sunderland,0,0,1.67,4.0,5.25,1553.0402074401534,1539.0903019164307,1.6993768103918219,1.8370581175362766,-0.25391583618398866,7.0,0.8308407685005909,1.4816468590968326,0.24649607766744472,6.0,13.949905523722691,1.0
2025-12-20,Bournemouth,Burnley,1,1,1.48,4.33,6.5,1513.4271894714448,1351.8218206988918,1.7096145040728052,1.6155332686694426,-0.07766272097199219,5.0,1.317936270921728,2.0743915718606565,-0.19689067253479228,7.0,161.605368772553,-2.0
2025-12-20,Everton,Arsenal,0,1,5.75,4.1,1.57,1529.7082674604662,1701.9671370130438,1.2226581220278616,1.5374541628116691,-0.06504223628237812,7.0,1.9295965754736697,0.9878954873020952,-0.11991191448140572,7.0,-172.2588695525776,0.0
2025-12-20,Tottenham,Liverpool,1,2,3.5,3.75,2.0,1463.3811624557914,1644.1961043475465,1.082675393568907,1.5204285687680972,0.17491433913157992,6.0,1.8889419822332352,1.401974519286038,-0.23255910096566504,7.0,-180.8149418917551,-1.0
2025-12-20,Leeds,Crystal Palace,4,1,2.6,3.3,2.75,1414.1752260083172,1562.5127601094268,1.612255107626427,1.51064781813862,0.061790951868673234,6.0,1.5521624365308289,1.2300684173524044,-0.44593787729875817,6.0,-148.33753410110967,0.0
2025-12-20,Wolves,Brentford,0,2,3.5,3.6,2.05,1365.2530766990687,1509.3738183969306,0.7678144139324435,1.9962761772308335,-0.20018095917375206,7.0,1.513520596193526,1.5809938890250832,-0.36112401659932886,6.0,-144.12074169786183,1.0
2025-12-21,Aston Villa,Man United,2,1,2.1,3.6,3.3,1640.1054090543298,1522.115884782367,1.550809255706747,1.5090265907227585,0.7119573087182532,7.0,2.462693980936001,1.4112458690071839,-0.014588227296002159,6.0,117.98952427196286,1.0
2025-12-22,Fulham,Nott'm Forest,1,0,2.4,3.25,3.0,1496.8280861052913,1496.0479754349976,1.2242915818583389,1.6024044293840405,0.7140039537296521,8.0,1.3121412227865124,1.2318244889189358,0.05319938890666746,8.0,0.7801106702936522,0.0
2025-12-26,Man United,Newcastle,1,0,2.55,3.6,2.6,1516.8331992484952,1560.233036138885,2.223769486834196,1.5057153763702007,-0.07440718848956175,5.0,1.7408355155131396,1.227133513691295,-0.11346510910266043,6.0,-43.39983689038968,-1.0
2025-12-27,Arsenal,Brighton,2,1,1.42,4.75,7.0,1708.8440012219503,1550.9433277971386,1.9126043942769588,0.8280912756107663,-0.2699572529661603,7.0,1.5384415983306972,1.728417076881287,-0.39117846281248453,7.0,157.90067342481166,0.0
2025-12-27,Burnley,Everton,0,0,4.1,3.4,1.95,1357.4560332336048,1522.8314032515598,1.1451785547828726,2.0215948324438737,-0.04910471969482445,7.0,1.0144225022740148,1.6013607550864641,-0.09562216487030219,7.0,-165.375370017955,0.0
2025-12-27,Brentford,Bournemouth,4,1,2.25,3.6,3.0,1516.9988564773373,1507.7929769367317,1.5237467381260845,1.516470863228034,-0.19649001872807242,7.0,1.7320713356263282,1.3813822787376344,-0.2304908729826378,7.0,9.205879540605565,0.0
2025-12-27,West Ham,Fulham,0,1,2.63,3.4,2.6,1437.5175656992446,1505.0963240833614,1.1668503364873548,2.1652849562363876,-0.07441381836633155,7.0,1.323601759318321,1.3721518474573742,0.4211239008063779,5.0,-67.57875838411678,2.0
2025-12-27,Liverpool,Wolves,2,1,1.25,6.5,10.0,1650.8524659805623,1357.628038618662,1.7533409290288948,1.3910562187947828,-0.026070016903957174,7.0,0.8710498861275505,1.906910096717144,-0.42051891451941875,7.0,293.2244273619003,0.0
2025-12-27,Chelsea,Aston Villa,1,2,1.83,3.9,4.0,1600.6037596991807,1645.3880945882015,1.609652177933712,1.636204077878295,-0.08656383718608013,7.0,1.6164869098017631,1.4668431776080841,0.5920710505933883,6.0,-44.78433488902078,1.0
2025-12-27,Nott'm Forest,Man City,1,2,5.0,4.33,1.6,1487.7797374569275,1691.637361723643,1.1417697877070916,1.329580631614506,-0.058098226058794215,5.0,2.345807800165097,1.1424137314702034,0.5195245078590772,7.0,-203.85762426671545,-2.0
2025-12-28,Sunderland,Leeds,1,1,2.5,3.1,2.88,1541.1871815594454,1426.664376464906,0.9317687324840009,1.363299401894599,-0.0811491270173448,8.0,1.8795385247168013,1.5147598292226598,0.27435206212801017,8.0,114.52280509453954,0.0
2025-12-28,Crystal Palace,Tottenham,0,1,2.25,3.25,3.2,1550.023609652838,1456.7248008227755,1.5477099912265369,1.5761959383609474,-0.4633995026916157,8.0,1.1376283347668403,1.4608516389294273,0.06682077156563392,8.0,93.29880883006263,0.0
2025-12-30,Nott'm Forest,Everton,0,2,2.1,3.25,3.7,1481.6988449331097,1519.8881551729803,1.0300320536912388,1.3574515602523163,0.03637810879892425,3.0,1.0634428670718643,1.5287679403958023,-0.3341905560001864,3.0,-38.189310239870565,0.0
2025-12-30,Chelsea,Bournemouth,2,2,1.5,4.75,5.75,1590.1660974198198,1499.7589495739212,1.6843115082734936,1.7234637881334007,-0.2691360170859581,3.0,1.903250111646768,1.6846255314807386,-0.5051454346231321,3.0,90.40714784589863,0.0
2025-12-30,Burnley,Newcastle,1,3,5.25,4.2,1.6,1360.3992813121843,1550.7104639979575,1.1666959701526898,1.8628354696654013,-0.2967424533064562,3.0,1.614816343963056,1.1680653297178651,-0.3231715964241307,4.0,-190.31118268577325,-1.0
2025-12-30,West Ham,Brighton,2,2,3.4,3.75,2.0,1427.7356653088882,1546.504322436093,1.1607314246708784,1.9484796905346182,-0.2936639856340039,3.0,1.3675477355085042,1.89650223936835,-0.2506649073896339,3.0,-118.76865712720473,0.0
2025-12-30,Man United,Wolves,1,1,1.36,5.25,8.0,1526.3557713894227,1355.313071610976,1.959095825816042,1.428201365855855,-0.04684636507363361,4.0,0.8524033253609741,1.8363783495931456,-0.28851718220756195,3.0,171.0426997784466,1.0
2025-12-30,Arsenal,Aston Villa,4,1,1.42,4.75,7.0,1713.283006582996,1655.8257568675624,2.0426918100648916,0.8037423107327334,-0.3263229619684259,3.0,1.707814261460141,1.5709639295997821,0.4577183014036577,3.0,57.45724971543359,0.0
2026-01-01,Crystal Palace,Fulham,1,1,2.15,3.3,3.4,1535.876979609196,1514.8782244737179,1.4202109354099135,1.4306665257209499,-0.5595931303296904,4.0,1.2804352944287858,1.3236793419131094,0.31065385372602966,5.0,20.998755135478177,-1.0
2026-01-01,Liverpool,Leeds,0,0,1.55,4.5,5.5,1653.1674329882483,1431.3037506012479,1.7144904204240448,1.2651326251140094,0.06904435907835965,5.0,2.0295168440959714,1.368533826976066,-0.1136738504433832,4.0,221.86368238700038,1.0
2026-01-01,Brentford,Tottenham,0,0,2.1,3.6,3.2,1525.0328838401479,1470.8714308664175,1.7976202777787909,1.7321279033018255,0.08102197458699285,5.0,1.082575188068729,1.351271415505587,0.079696175164331,4.0,54.16145297373032,1.0
2026-01-01,Sunderland,Man City,0,0,7.5,4.75,1.38,1536.5478074231034,1697.7182542474607,0.9054018557993244,1.6238482968478611,-0.023475993245159376,4.0,2.164031598450234,1.0305431521947248,0.5227831095795722,5.0,-161.1704468243572,-1.0
2026-01-03,Brighton,Burnley,2,0,1.48,4.33,7.0,1544.8287741828572,1353.9834282011586,1.7227113141429677,1.974883199545444,-0.4236418779705981,4.0,1.1994593201750223,1.9927311983792517,-0.30267720102685935,4.0,190.84534598169853,0.0
2026-01-03,Wolves,West Ham,3,0,2.5,3.3,2.88,1361.129846893395,1429.411213562124,0.9277927191251303,1.6912841440063384,-0.27393651669321495,4.0,1.3909015169163221,2.1837973124081573,-0.29011068645725124,4.0,-68.28136666872888,0.0
2026-01-03,Aston Villa,Nott'm Forest,3,1,1.75,3.9,4.5,1649.0832820154826,1471.071906160741,1.962415815185157,2.157346680873511,-0.037332006988580975,4.0,1.1794790949824259,1.4271392006956602,-0.33306878809920965,4.0,178.01137585474157,0.0
2026-01-03,Bournemouth,Arsenal,2,3,6.5,4.75,1.44,1503.8364246458107,1720.0254814350758,2.230888724261954,1.8183724653331697,-0.7086133586956552,4.0,2.531757347720026,1.2448534323653557,-0.3442765941395028,4.0,-216.18905678926512,0.0
2026-01-04,Everton,Brentford,2,4,2.35,3.25,3.1,1530.515093945349,1521.8604135152386,1.193784346274442,1.5753260305869767,-0.20237745536991167,5.0,1.5415373825856329,1.5002846546615167,-0.05045803874698417,3.0,8.654680430110375,2.0
2026-01-04,Newcastle,Crystal Palace,2,0,1.7,3.9,4.75,1557.1263171089831,1533.586986340124,1.7958778945663627,1.2005460823836789,-0.15180035701239183,5.0,1.612739726560693,1.4974401932176218,-0.7233674479813363,3.0,23.539330768859145,2.0
2026-01-04,Leeds,Man United,1,1,2.7,3.3,2.63,1438.006647078053,1520.5389961070036,1.6437037349516304,1.432444736423428,-0.12309889704357474,3.0,1.7886850694318905,1.3848039267265229,-0.06463219261194311,5.0,-82.53234902895065,-2.0
2026-01-04,Fulham,Liverpool,2,2,3.8,3.75,1.91,1517.16821774279,1646.4645365114432,1.3782015859217944,1.5361225500281979,0.09094618187216745,3.0,1.7070305447103702,1.0370123141717917,-0.29143805210840257,3.0,-129.29631876865324,0.0
2026-01-04,Man City,Chelsea,1,1,1.6,4.75,4.5,1694.885939075738,1586.0886223479304,2.2214732942357833,1.0164318241753967,-0.0889470472507499,3.0,1.8181232249484083,2.08819222472465,-0.2822987452012453,5.0,108.79731672780758,-2.0
2026-01-04,Tottenham,Sunderland,1,1,1.8,3.6,4.5,1474.0439011913268,1539.3801225948262,0.9847343229266173,1.187270055826993,-0.062238930592297945,3.0,0.9172540978216488,1.7948502160197577,-0.2195537627405374,3.0,-65.3362214034994,0.0
2026-01-06,West Ham,Nott'm Forest,1,2,2.88,3.25,2.2,1419.1729017988903,1467.0198440330926,1.152579513005673,2.1952371726911233,-0.27888125187184726,3.0,1.1214513656358798,1.4277046261505288,-0.24335558584840566,3.0,-47.84694223420229,0.0
2026-01-07,Bournemouth,Tottenham,3,2,2.1,3.6,3.3,1498.0517005369318,1474.197477913721,1.9661976851067704,1.707306508910287,-0.345367978732355,4.0,1.0740136544789962,1.0387779522074745,-0.1355291023494373,3.0,23.854222623210717,1.0
2026-01-07,Brentford,Sunderland,3,0,1.85,3.5,4.33,1533.8111298027711,1539.2265458724319,1.8531017031893713,1.3982438485695439,0.15556665236302106,3.0,0.8235437407878211,1.7162291876806517,-0.06285918173253871,3.0,-5.4154160696607505,0.0
2026-01-07,Crystal Palace,Aston Villa,0,0,3.1,3.3,2.3,1525.946151536333,1653.135344143131,1.5437346719074962,1.751229766291303,-0.8378394266033937,3.0,1.8525539566178246,1.8975853829004243,0.2942844965589853,4.0,-127.18919260679809,-1.0
2026-01-07,Everton,Wolves,1,1,1.75,3.5,5.0,1518.5643776578165,1371.3681586566288,1.1549743925884375,1.879919770880329,0.044504726218561705,3.0,1.1983456663639542,1.390993362123501,-0.06048123252804864,4.0,147.19621900118773,-1.0
2026-01-07,Fulham,Chelsea,2,1,3.4,3.6,2.05,1519.1366926929438,1590.597688890548,1.219553249838194,1.5738088118719489,0.3591090542400465,3.0,1.863331026379095,1.8699888120984949,-0.4380468549686213,3.0,-71.46099619760412,0.0
2026-01-07,Man City,Brighton,1,1,1.4,5.25,6.5,1690.3768725331204,1548.6473639423775,1.9757740670732034,1.2270281399086354,-0.07688738915039686,3.0,1.6709278120632307,1.6199795716465821,-0.22725676925154428,4.0,141.72950859074285,-1.0
2026-01-07,Burnley,Man United,2,2,4.75,4.0,1.7,1350.1648384416383,1519.8913706757714,1.004524762280737,1.8852424779006596,-0.2927487672095292,4.0,1.82151245891091,1.2992585641505205,-0.2468313097386257,3.0,-169.72653223413317,1.0
2026-01-07,Newcastle,Leeds,4,3,1.67,3.8,5.0,1564.7671519127741,1438.6542725092852,1.988099926825281,1.216576359716902,-0.27059577247824596,3.0,1.5047472677548364,1.5387644801789322,-0.09154309666730702,3.0,126.11287940348893,0.0
2026-01-08,Arsenal,Liverpool,0,0,1.6,4.1,5.0,1725.8102055439547,1644.4960615612893,2.2735204652898315,1.1835809552895664,0.0815825814548348,5.0,1.7094585771460746,0.9487511453900888,-0.17330312315694277,4.0,81.31414398266543,1.0
2026-01-17,Man United,Man City,2,0,3.7,3.8,1.91,1516.8341609795984,1685.1456829071303,1.9666168126774528,1.0971782105932286,-0.30419260829035977,8.0,2.178621311853764,1.2486053856318295,-0.4651744827863409,8.0,-168.31152192753189,0.0
2026-01-17,Chelsea,Brentford,2,0,1.73,4.0,4.75,1580.2679345038714,1542.2528588806986,1.9845812674957384,1.702915365135426,-0.6470329969545372,8.0,2.267321813719884,1.4205646577001927,-0.054142261342623524,8.0,38.015075623172834,0.0
2026-01-17,Leeds,Fulham,1,0,2.15,3.3,3.5,1433.5513508316917,1529.4664470796204,1.6797787044646704,1.723647303685445,0.06078100483359584,8.0,1.1866643172506677,1.7547873335573376,0.4789197318793071,8.0,-95.91509624792866,0.0
2026-01-17,Liverpool,Burnley,1,1,1.22,6.5,11.0,1648.353028811974,1353.2220481378113,1.4225338488282318,0.8978118555716554,-0.20328645700372852,8.0,0.8632475675590329,2.01719961395885,0.11428886904145583,8.0,295.13098067416263,0.0
2026-01-17,Sunderland,Crystal Palace,2,1,2.75,3.1,2.75,1530.7848167945044,1527.8562595994304,0.9655341801784588,2.1621699382819,-0.3630141055831417,8.0,1.4986201391176381,1.817022842758438,-0.9383507116301032,8.0,2.928557195074063,0.0
2026-01-17,Tottenham,West Ham,1,2,1.73,4.0,4.5,1466.5652001606536,1408.8232512719187,1.187908777171345,1.0700038630530433,-0.03043414648635145,8.0,1.273138963092504,2.0037072612923468,-0.3733847196632916,8.0,57.741948888734896,0.0
2026-01-17,Nott'm Forest,Arsenal,0,0,6.0,4.33,1.53,1477.3694945600641,1721.95323829327,1.151442901438349,1.4915059101070085,-0.041898871124801625,8.0,1.949281961583667,1.0051445037574585,-0.08003543463569156,8.0,-244.5837437332059,0.0
2026-01-18,Wolves,Newcastle,0,0,4.75,4.0,1.7,1376.7126926805945,1569.8700735903676,1.098278937524634,1.440962527115325,0.011144136125423145,8.0,2.0802848618851963,1.4510570928718731,0.10809698486354415,8.0,-193.1573809097731,0.0
2026-01-18,Aston Villa,Everton,0,1,1.67,3.9,5.25,1651.2252360800337,1513.2198436338508,1.8974439059155104,1.7794716345525696,-0.19349709642620527,8.0,1.2536341468531218,1.6392446627764161,-0.09530746533316374,8.0,138.0053924461829,0.0
2026-01-19,Brighton,Bournemouth,1,1,1.85,3.9,3.8,1553.8785535683676,1505.6839782899992,1.6009287889050972,1.8962270336914109,-0.24878684886155172,8.0,1.8060973928632391,1.6905536488354265,0.09925441966450177,8.0,48.19457527836835,0.0
2026-01-24,Fulham,Brighton,2,1,2.6,3.4,2.7,1518.4363938707454,1550.8613696433054,0.9952455714458297,1.8402350627857054,0.3267293644193457,7.0,1.47608629315419,1.8552029322365093,-0.19659105012056932,5.0,-32.42497577255995,2.0
2026-01-24,Burnley,Tottenham,2,2,3.7,3.5,2.05,1360.929452540027,1453.3003522039442,0.7979997792517975,2.321130853803306,0.18417088567812281,7.0,1.2838403478523905,1.4202191161913773,-0.15885265064856047,7.0,-92.37089966391727,0.0
2026-01-24,Bournemouth,Liverpool,3,2,3.75,3.8,1.9,1508.7011622150615,1640.6456244097583,1.783666988904432,1.547221591622143,-0.06508877910051261,5.0,1.8491438631239676,0.8254335716039318,-0.6751270929122191,7.0,-131.94446219469683,-2.0
2026-01-24,Man City,Wolves,2,0,1.2,7.0,11.0,1672.1254397177015,1380.3680255808829,1.8090138720747522,1.624931649089154,-0.4490502225981634,7.0,0.9522059259431436,1.3114787598051003,-0.07165624884820473,6.0,291.7574141368186,1.0
2026-01-24,West Ham,Sunderland,3,1,2.5,3.2,2.88,1422.0880992286282,1538.9931369382905,1.5814475519385285,1.931340033796255,-0.4547131876405283,7.0,1.148309227529009,1.95240776831829,-0.255690942639791,7.0,-116.90503770966234,0.0
2026-01-25,Brentford,Nott'm Forest,0,2,1.91,3.5,4.1,1535.0014275512938,1482.2330434685862,2.103909563187685,1.4622506315334873,-0.3473077883686156,8.0,0.9796032992963274,1.7744918683468822,-0.09895761883395503,8.0,52.7683840827076,0.0
2026-01-25,Crystal Palace,Chelsea,1,3,3.5,3.8,2.0,1519.6479394556443,1587.5193658332762,1.4270486338974038,1.8230028780505887,-0.7760630205918333,8.0,1.9099109113919766,1.6559398680773874,-0.4356991975024967,8.0,-67.8714263776319,0.0
2026-01-25,Newcastle,Aston Villa,0,2,1.95,3.7,3.7,1566.2147406900792,1636.07233858593,1.8189092331853252,1.232206133397945,-0.08198941036681041,7.0,1.6927843258281359,1.566237891708178,-0.3403608468875584,7.0,-69.85759789585086,0.0
2026-01-25,Arsenal,Man United,2,3,1.55,4.2,6.0,1717.089689384748,1529.8544041690272,2.1378289611868273,0.8634861841063746,-0.6542070095542811,8.0,2.194817696397854,0.9506719137823973,-0.4627517829353169,8.0,187.23528521572075,0.0
2026-01-26,Everton,Leeds,1,1,2.5,3.25,2.9,1528.3727411279544,1444.5814040405667,1.1488804011389724,1.4878514507399423,-0.02321643073926594,8.0,1.7807007706682882,1.421448962024835,-0.19291828557533724,8.0,83.79133708738777,0.0
2026-01-31,Leeds,Arsenal,0,4,5.75,4.2,1.55,1448.498896539435,1700.972895470232,1.7592248201789404,1.3117939085356003,-0.29270164438145213,5.0,1.9905891148988057,0.8175671840009698,-0.4004386434946939,6.0,-252.47399893079705,-1.0
2026-01-31,Chelsea,West Ham,3,2,1.5,4.5,6.0,1597.2928467252389,1433.7114677093361,2.1529851416262726,1.8131380314983332,-0.3640041068525616,6.0,1.7063211285941504,1.6801700046107917,-0.19313304895875566,7.0,163.5813790159027,-1.0
2026-01-31,Brighton,Everton,1,1,1.85,3.6,4.1,1541.65338033495,1524.455248629086,1.5731365194358333,1.7060952564831833,-0.35130099802999665,7.0,1.0954561813951582,1.5267901771735575,0.004283378008338335,5.0,17.198131705863943,2.0
2026-01-31,Liverpool,Newcastle,4,1,1.8,3.9,4.1,1628.6039943729913,1556.4983890568478,1.6610381742584517,1.3389761784464542,-0.3166214981954277,7.0,1.8469516788817713,1.2506129701476143,-0.468357501918517,6.0,72.10560531614351,1.0
2026-01-31,Wolves,Bournemouth,0,2,2.9,3.5,2.3,1378.0357157670894,1520.7427922518284,0.8677215617236181,1.2607128410908215,-0.1688288198582412,7.0,2.099526545773397,1.421402308561141,-0.11659169465950564,7.0,-142.707076484739,0.0
2026-02-01,Aston Villa,Brentford,0,1,2.1,3.5,3.4,1645.7886902191615,1521.8650632428662,1.61617412373626,1.6464063022502529,-0.13015594911607337,7.0,2.0833250917845283,1.447258718471725,-0.6891093391660403,7.0,123.92362697629528,0.0
2026-02-01,Man United,Fulham,3,2,1.57,4.5,5.0,1545.9711980835432,1527.6443831791007,1.874245705565916,1.0483419419481859,0.11939434303613775,7.0,1.0235466468997276,1.862161589428828,0.438304503066063,8.0,18.32681490444247,-1.0
2026-02-01,Nott'm Forest,Crystal Palace,1,1,1.95,3.5,3.9,1495.3694077770137,1509.8744585636816,1.0641812770102714,1.8218660941209157,0.04738661081014581,7.0,1.631466938536532,2.0840061898509696,-0.9084798408319165,7.0,-14.50505078666788,0.0
2026-02-01,Tottenham,Man City,2,2,4.5,4.1,1.73,1452.371329489339,1674.457749531495,1.553492255582076,1.446753536868557,-0.24798998055394933,8.0,1.6556067213947996,1.4016643220276366,-0.16360390945417086,8.0,-222.08642004215608,0.0
2026-02-02,Sunderland,Burnley,3,0,1.8,3.5,4.75,1527.3697684575825,1361.8584752546321,1.058234734196732,2.0009915557997653,-0.14335409228846663,8.0,0.9528979079806539,2.376790342631524,0.23925066571204623,8.0,165.51129320295036,0.0
2026-02-06,Leeds,Nott'm Forest,3,1,2.2,3.3,3.4,1443.533903567144,1494.0673911014242,1.433165248212542,1.772352828651065,-0.26918521397521644,6.0,1.0483112202255767,1.785997610354571,0.04024027102042307,5.0,-50.533487534280084,1.0
2026-02-07,Burnley,West Ham,0,2,3.3,3.5,2.15,1357.568935671137,1429.3843756488302,0.7823856789911232,2.2756436063705205,0.163823036453441,5.0,1.7103499244933014,1.8825827955850332,-0.09673280174201607,7.0,-71.81543997769313,-2.0
2026-02-07,Man United,Tottenham,2,0,1.57,4.5,5.0,1553.7542036245839,1456.7251800342376,1.8679276386163017,1.186900520053339,0.33332393862982007,6.0,1.5419163267696476,1.568343654204668,-0.09313953637458099,6.0,97.02902359034624,0.0
2026-02-07,Bournemouth,Aston Villa,1,1,2.7,3.5,2.5,1528.4062607973003,1630.939660190413,1.994650794773063,1.562124892516661,-0.008195412419964077,7.0,1.7269540275634392,1.3717205532387475,-0.5475006207454723,6.0,-102.53339939311263,1.0
2026-02-07,Wolves,Chelsea,1,3,5.0,4.0,1.67,1370.3722472216175,1601.6199387857448,1.1226681925244526,1.3288839161638353,-0.5679566556994365,7.0,2.2578564185274623,1.7951305565123434,-0.21904280820428243,7.0,-231.2476915641273,0.0
2026-02-07,Fulham,Everton,1,2,2.1,3.25,3.75,1519.86137763806,1526.6413315333907,1.1672204813314466,1.8583364692822417,0.4056504933386653,6.0,1.1337874114434838,1.5064613904532185,-0.054624070683506575,7.0,-6.779953895330664,-1.0
2026-02-07,Newcastle,Brentford,2,3,2.1,3.5,3.5,1550.1274652999282,1536.7140932716147,1.5245813791483975,1.632084840800014,-0.22409098175814698,7.0,1.7185032263044362,1.5928857815581614,-0.4056139760999263,6.0,13.41337202831346,1.0
2026-02-07,Arsenal,Sunderland,3,0,1.22,6.25,12.0,1705.937888442523,1531.6593080410776,2.3111126642837476,0.6857712829702877,-0.22381150267282776,7.0,1.2297755040096678,1.612741720238719,0.11695106287774377,5.0,174.27858040144542,2.0
2026-02-08,Brighton,Crystal Palace,0,1,1.95,3.5,3.9,1539.4672974306454,1511.1764752392712,1.5432465066842258,1.6184519665272905,-0.36717553666245717,8.0,1.634877700420318,1.8577467899589228,-0.8547429866765455,7.0,28.290822191374218,1.0
2026-02-08,Liverpool,Man City,1,2,2.38,3.7,2.75,1634.974918129911,1670.1038989865963,1.9578395411799148,1.1214009572658523,-0.06557742218328451,8.0,1.7341105366166003,1.421410416048411,-0.1373081719777645,7.0,-35.1289808566853,1.0
2026-02-10,Chelsea,Leeds,2,2,1.55,4.33,5.5,1607.0548632481916,1453.2615028418152,2.5683213618193768,1.6545559171149626,-0.33121550487462353,3.0,1.8351657012494125,1.7493395278017676,-0.2924155331808817,4.0,153.79336040637645,-1.0
2026-02-10,Everton,Bournemouth,1,2,2.38,3.4,3.0,1538.1612582981434,1529.6243911814086,1.2893356858745828,1.6497979781497008,-0.020204226658826877,3.0,1.959953122277063,1.3732311335967091,-0.177002966443566,3.0,8.536867116734811,0.0
2026-02-10,Tottenham,Newcastle,1,2,3.2,3.6,2.2,1450.960316077014,1538.0453541031163,1.346238732659468,1.6915903321107484,-0.19634383208935322,3.0,1.8952847454794663,1.6358261146041657,-0.4504858850017507,3.0,-87.08503802610221,0.0
2026-02-10,West Ham,Man United,1,1,4.5,4.2,1.7,1439.0444309895745,1559.5190675818073,1.5890355343752411,1.8751265558663766,0.1042921727212054,3.0,1.929370298114673,1.0644625001360657,0.23036318460070246,3.0,-120.47463659223286,0.0
2026-02-11,Aston Villa,Brighton,1,0,1.91,3.7,3.8,1629.7215298063047,1526.979408191058,1.5040561047808405,1.4655330619198768,-0.3616238413997824,4.0,1.3770829034083745,1.4760954339869663,-0.4436347559074708,3.0,102.74212161524679,1.0
2026-02-11,Crystal Palace,Burnley,2,3,1.57,4.0,6.25,1523.6643644788587,1347.9088803303928,1.489132547617537,1.626701943665649,-0.6636397409647486,3.0,1.0018996918967387,2.037709246916596,-0.2508934845126357,4.0,175.75548414846594,-1.0
2026-02-11,Man City,Fulham,3,0,1.36,5.5,7.0,1680.8185242148365,1508.3414508733074,1.874528162901803,1.3894566046875192,-0.19454633816350264,3.0,1.3805422901444275,1.864410654182486,0.07414570377226201,4.0,172.47707334152915,-1.0
2026-02-11,Nott'm Forest,Wolves,0,0,1.7,3.8,5.0,1484.339791826753,1364.9373227591707,1.1746673333336828,2.115208740977005,-0.10438396815505692,5.0,1.120822185113265,1.8309953980686042,-0.47424787254989953,4.0,119.40246906758239,1.0
2026-02-11,Sunderland,Liverpool,0,1,4.75,3.8,1.73,1527.537373150347,1624.2602929016707,1.0636948418922216,1.526088928919824,0.004338684741212059,4.0,1.8152206834575821,1.3882202474956198,-0.10703177029427276,3.0,-96.72291975132362,1.0
2026-02-12,Brentford,Arsenal,1,1,4.75,3.9,1.7,1548.7962044684266,1710.0598233332535,1.704416432633722,1.9494979855991255,-0.0434771221398253,5.0,2.080654972220245,0.6324333207847502,0.19493547968526795,5.0,-161.26361886482687,0.0
2026-02-18,Wolves,Arsenal,2,2,11.0,5.25,1.29,1369.6861944985033,1707.2250417688044,0.9735525855050811,2.2147009911457696,-0.4603662135357321,7.0,1.8131928673764262,0.8756824085154945,0.19924394524127162,6.0,-337.5388472703012,1.0
2026-02-21,Aston Villa,Leeds,1,1,1.85,3.6,4.33,1635.3523967230267,1458.7403014813137,1.3126270878347195,1.2624875367335884,-0.19957852547206817,8.0,1.7225909854979693,2.051036216188257,-0.08551038190726437,8.0,176.61209524171295,0.0
2026-02-21,Man City,Newcastle,2,1,1.45,5.0,5.5,1684.9744985266514,1547.2673594392293,1.8338235926761166,1.3200107132007246,0.11847728731010433,8.0,2.013829633243307,1.6468474340612123,-0.45449306970911396,8.0,137.7071390874221,0.0
2026-02-21,Brentford,Brighton,0,2,2.0,3.7,3.5,1551.6309860328756,1521.348541274336,1.7265159682360922,1.7090934981087542,-0.20192808985352018,8.0,1.1922845993996323,1.2904346887187532,-0.45140631374928425,8.0,30.28244475853967,0.0
2026-02-21,West Ham,Bournemouth,0,0,2.5,3.7,2.63,1440.7676631437798,1541.571845348773,1.530946649737882,1.64007727877615,0.019347916063915418,8.0,1.8469313113133345,1.570847228890878,-0.019203886793054317,8.0,-100.80418220499314,0.0
2026-02-21,Chelsea,Burnley,1,1,1.22,6.5,12.0,1601.576064608693,1363.814697177044,2.7010624144375486,1.5792409474382723,-0.5128713710665876,8.0,0.9378175302440425,2.0562536731376637,0.27715519236223607,8.0,237.76136743164898,0.0
2026-02-22,Crystal Palace,Wolves,1,0,1.65,4.0,5.0,1507.7585476322074,1376.319965866625,1.6208480472203128,1.4337234446081737,-0.5530550243521001,8.0,0.80842355783072,2.1725084182471863,0.011491683561028119,4.0,131.4385817655825,4.0
2026-02-22,Nott'm Forest,Liverpool,0,1,4.1,3.9,1.8,1479.5909200874205,1633.2072409086018,1.693773060947538,1.7627977179256462,-0.8442885910532334,8.0,2.076498826301784,1.2449604778944359,-0.5144089134279591,8.0,-153.61632082118126,0.0
2026-02-22,Sunderland,Fulham,1,3,2.7,3.25,2.7,1518.590425143416,1504.1854765614926,0.9871962463052798,1.8478064778182877,-0.1400410080511741,8.0,1.312935417059085,1.8257933206839463,-0.15834879114465789,8.0,14.404948581923463,0.0
2026-02-22,Tottenham,Arsenal,1,4,6.0,4.0,1.57,1441.7383107409012,1700.5912704006828,1.417001776693348,1.8521572702125333,-0.2980301152685141,8.0,1.8538312092245701,0.7307439468759284,0.1560398954916621,4.0,-258.8529596597816,4.0
2026-02-23,Everton,Man United,0,1,3.7,3.75,1.91,1526.213804130779,1557.795835427602,1.504259367906155,1.6007610102827738,-0.2906495871677421,8.0,1.6831305655299689,1.114592756545175,0.23735050970259328,8.0,-31.58203129682306,0.0
2026-02-27,Wolves,Aston Villa,2,0,4.1,3.7,1.85,1371.3326929447342,1629.4305474280825,0.987711507735114,2.144262220579703,-0.3369443493801047,5.0,1.3006128072461989,1.265801214456849,-0.2108861038372165,6.0,-258.0978544833483,-1.0
2026-02-28,Burnley,Brentford,3,4,4.5,3.9,1.73,1370.7619199115722,1539.0893985491368,0.9532348067981361,2.1509629860581754,0.21738913505955465,7.0,1.7190301920748285,1.6395574757389582,-0.5089639910936019,7.0,-168.32747863756458,0.0
2026-02-28,Newcastle,Everton,2,3,1.7,4.0,4.75,1542.4139490888303,1515.3976884162994,1.7031682821718488,1.7664253275368722,-0.2592225574926221,7.0,1.3096497776865175,1.5706287006872064,-0.34640705637499375,5.0,27.01626067253096,2.0
2026-02-28,Bournemouth,Sunderland,1,1,1.8,3.75,4.33,1540.4027766549757,1506.4810276243331,1.5737494835976993,1.7303729948415094,-0.123081265400393,7.0,1.1471232812267091,1.9137765293315587,-0.2683745429636348,6.0,33.92174903064256,1.0
2026-02-28,Leeds,Man City,0,1,4.75,4.33,1.62,1464.662150776258,1689.8279088770503,1.630985536231005,1.8866884714436758,-0.12533436554669616,7.0,1.9148284029760076,1.1524838403963324,0.04731278038007724,7.0,-225.16575810079235,0.0
2026-02-28,Liverpool,West Ham,5,2,1.42,4.75,6.5,1640.5761163524971,1441.936731837577,2.142481892204355,1.1809679328611242,-0.6963508327060445,6.0,1.6987038841807065,1.4095693291710043,-0.46823427187353156,7.0,198.63938451492004,-1.0
2026-03-01,Brighton,Nott'm Forest,2,1,2.0,3.6,3.5,1533.8901287580748,1472.2220446435251,1.229365981000266,1.3729122511500984,-0.22873154795758313,8.0,1.5371907160986529,1.89349715748442,-0.8629544455282212,7.0,61.66808411454963,1.0
2026-03-01,Fulham,Tottenham,2,1,2.1,3.6,3.3,1516.2948740805755,1436.9091032181584,1.4891202393164464,1.8124058627597028,0.04617419501374648,7.0,1.2037422170911418,2.154355617878447,-0.10931434684104918,7.0,79.38577086241708,0.0
2026-03-01,Man United,Crystal Palace,2,1,1.53,4.5,5.5,1568.6119511420816,1512.7458205540981,1.6360054600119813,1.0003711832908666,0.09458085355851102,6.0,1.7064090939310905,1.4840123567681758,-0.6526017360225381,7.0,55.866130587983434,-1.0
2026-03-01,Arsenal,Chelsea,2,1,1.6,3.8,5.5,1705.4204779234256,1594.628841874165,2.1556842241527647,0.6590590166043508,0.2647494248843569,7.0,2.662747978026119,1.4623329030521832,-0.7196801219329936,8.0,110.79163604926066,-1.0
2026-03-03,Bournemouth,Brentford,0,0,2.5,3.6,2.63,1537.7634716425773,1546.0687379885662,1.6254461753248672,1.5959682696859212,-0.26775057349734904,3.0,1.868993366101532,1.4712720887568476,-0.08336528984354497,3.0,-8.305266345988912,0.0
2026-03-03,Everton,Burnley,2,0,1.57,4.0,6.0,1527.8511321849537,1363.7825804721429,1.5360965041979673,1.477435244342809,-0.1526718275949506,3.0,0.926537415319655,2.2118186749076982,0.6214859879429032,3.0,164.06855171281086,0.0
2026-03-03,Leeds,Sunderland,0,1,1.85,3.4,4.33,1459.0875530095554,1509.1203326367315,1.578844252615231,2.006682904454292,-0.38380820055093495,3.0,1.1330208036005813,1.8952971737432553,-0.2292191568904387,3.0,-50.03277962717607,0.0
2026-03-03,Wolves,Liverpool,2,1,5.5,4.5,1.5,1386.4875448119856,1644.2580104037825,1.0949869231784217,1.972831025557544,-0.16587373926707066,4.0,2.1335920575082468,1.216189868509522,0.04570029513701354,3.0,-257.7704655917969,1.0
2026-03-04,Brighton,Arsenal,0,1,4.75,4.1,1.65,1540.5246981944456,1710.865799426395,1.2235285350031473,1.2610232040117526,-0.016725511147566045,3.0,2.064973473987479,0.8021526606452658,0.26872493439469797,3.0,-170.34110123194932,0.0
2026-03-04,Man City,Nott'm Forest,2,2,1.38,5.0,7.5,1695.4025066437528,1465.5874752071543,2.0290175543037594,1.199057217378419,-0.2653655910030722,4.0,1.3914111080492806,1.7506497991010581,-0.6499699514440702,3.0,229.81503143659847,1.0
2026-03-04,Aston Villa,Chelsea,1,4,2.7,3.4,2.55,1614.275695560831,1589.1835203711955,1.3032260424485662,1.3157068696742267,-0.43830938477393977,5.0,2.392481643234255,1.5146601657381784,-0.6439681898144451,3.0,25.092175189635554,2.0
2026-03-04,Newcastle,Man United,2,1,2.63,3.5,2.6,1529.960505320176,1575.395423319576,1.5826319798808817,1.8986394983708694,-0.023972550678685745,4.0,1.7824955271183334,0.8733583357117388,0.003670688255251643,3.0,-45.434917999399886,1.0
2026-03-04,Fulham,West Ham,0,1,2.0,3.5,3.7,1522.4852540001837,1438.2548377862918,1.6606747065477332,1.6349233590843133,-0.0295117584475969,3.0,1.6271171653927519,1.551878970728323,-0.23789383886529383,4.0,84.23041621389189,-1.0
2026-03-05,Tottenham,Crystal Palace,1,3,2.35,3.25,3.1,1430.7187232985502,1505.9623483766038,1.1518267033697778,2.1886723764156235,-0.076879253084721,4.0,1.4337409967515982,1.6618585211277697,-0.39103406847776545,4.0,-75.24362507805358,0.0
2026-03-14,Burnley,Bournemouth,0,0,4.1,3.8,1.83,1359.464990274373,1536.2864610459692,0.8926406654806275,1.9945092060521303,0.3360262279935108,8.0,1.7682577752408433,1.405628067343826,-0.6906540619440452,8.0,-176.8214707715963,0.0
2026-03-14,Sunderland,Brighton,0,1,3.3,3.3,2.25,1519.4071336251463,1533.597934643097,1.0732927678373791,1.687284220699714,-0.14962100341542037,8.0,1.1607514946892405,1.107078368424089,-0.20291129989586537,8.0,-14.190801017950662,0.0
2026-03-14,Arsenal,Everton,2,0,1.38,4.75,8.5,1717.7925629777435,1532.1687223827237,1.7451741205688818,0.8263052415743807,0.3133830076682075,8.0,1.4581882290179826,1.329888572321999,0.05243561249301621,8.0,185.62384059501983,0.0
2026-03-14,Chelsea,Newcastle,0,1,1.8,4.2,3.8,1601.5848477437712,1539.5415339699396,2.598027785171636,1.4226258101985054,-0.38503384143845415,8.0,1.6617969315913592,1.8794681917363976,-0.012089174771698545,8.0,62.04331377383164,0.0
2026-03-14,West Ham,Man City,1,1,4.33,4.33,1.7,1452.1830232208122,1688.5755007674645,1.5999192275164797,1.3613085998480212,-0.2909924685263558,8.0,2.1729181309599195,1.2067651397810217,-0.3605076920034729,8.0,-236.39247754665234,0.0
2026-03-15,Crystal Palace,Leeds,0,0,2.55,3.3,2.88,1515.523882889021,1448.8007520211406,1.533055420908263,1.5864130455759775,-0.08655996144235338,8.0,1.436371281191192,1.7667922802986231,-0.4878705847504111,8.0,66.7231308678804,0.0
2026-03-15,Man United,Aston Villa,3,1,1.73,4.0,4.5,1565.8143946698124,1601.8743681882554,1.7872846606633774,1.0988460671476523,-0.16330412201043526,8.0,1.2548104353325535,1.7433910810306334,-0.36202615518789244,8.0,-36.05997351844303,0.0
2026-03-15,Nott'm Forest,Fulham,0,0,2.2,3.4,3.3,1472.4144810834425,1508.5570685656633,1.3594365239815722,1.9519774972385224,-0.35835533996595514,8.0,1.4476598325927141,1.6061150075554058,-0.15300494271986353,8.0,-36.14258748222073,0.0
2026-03-15,Liverpool,Tottenham,1,1,1.3,6.25,8.0,1629.11008097771,1421.157188786133,2.141550666752911,1.096503811689295,-0.2055457061693433,8.0,1.1816005235528335,2.132244854029501,-0.12211469284041693,8.0,207.9528921915769,0.0
2026-03-16,Brentford,Wolves,2,2,1.55,4.2,5.75,1547.5457485851744,1401.6354742380581,1.6223282299757555,1.6458897216386883,-0.20507428663781752,8.0,1.0003049702291789,2.013954551135892,0.14973160057182378,8.0,145.91027434711623,0.0
2026-03-20,Bournemouth,Man United,2,2,3.2,3.8,2.1,1533.045303012244,1575.1264337616512,1.8923535568122722,1.4616016393397726,-1.0370589227661857,6.0,1.7647867415295402,1.1219235376564418,0.14306588823494407,5.0,-42.08113074940729,1.0
2026-03-21,Brighton,Liverpool,2,1,3.1,3.5,2.2,1544.9088417723478,1622.6336374990215,1.1540608943933006,1.0146571595566394,-0.187523153961186,7.0,1.9680959944443066,1.1088521118543901,-0.22518836490540325,6.0,-77.72479572667362,1.0
2026-03-21,Fulham,Burnley,3,1,1.53,4.1,6.25,1509.2426628681308,1362.7061483080981,1.3416896037120531,1.4441484637489495,-0.3141213366520863,6.0,1.0544433072344905,2.0719294549102707,-0.07924980805758382,7.0,146.53651456003263,-1.0
2026-03-21,Everton,Chelsea,3,0,3.5,3.4,2.1,1528.2564063836464,1588.209843904424,1.4004825054989134,1.4492661204852613,-0.20149956792751397,7.0,2.417939116247381,1.3421451237492665,-0.6614846591067303,7.0,-59.95343752077747,0.0
2026-03-21,Leeds,Brentford,0,0,2.45,3.5,2.88,1452.294561800987,1542.2277070525558,1.37431818877286,1.510653438957593,-0.6214927165008293,6.0,1.8645798784834788,1.677773362773638,-0.3271057301713166,5.0,-89.93314525156893,1.0
2026-03-22,Newcastle,Sunderland,1,2,1.67,4.0,5.0,1552.9165378092869,1508.0962264958955,1.5319753685989812,1.8476179889869127,-0.016301980275267792,8.0,0.9877579805345543,1.571857474543863,-0.2548254840925708,8.0,44.82031131339136,0.0
2026-03-22,Aston Villa,West Ham,2,0,1.95,3.6,3.8,1592.5623290964165,1456.8645225734788,1.2457125387195755,1.7299483842877064,-0.3308097119625217,7.0,1.370733461815146,1.4837043036375321,-0.12553813071412195,8.0,135.69780652293775,-1.0
2026-03-22,Tottenham,Nott'm Forest,0,3,2.25,3.4,3.2,1427.6336322648215,1471.728886780975,1.176393416819998,1.9607099659910263,-0.12917948169495191,7.0,1.248359621587438,1.7419667994045034,-0.4538009592814583,7.0,-44.095254516153545,0.0
2026-04-10,West Ham,Wolves,4,0,1.8,3.8,4.33,1451.9684710524748,1406.9535157706766,1.244750610050368,1.6903288429842191,-0.2564384208025409,8.0,1.1653724060125967,2.175413895577497,0.16001117316491076,8.0,45.014955281798166,0.0
2026-04-11,Brentford,Everton,2,2,2.15,3.3,3.5,1541.3682872023987,1538.2550662077726,1.5422660636282641,1.4177375458244865,-0.3219720234259464,8.0,1.4097324570306784,1.4290825802893956,0.16079935321340472,8.0,3.11322099462609,0.0
2026-04-11,Arsenal,Bournemouth,1,2,1.44,4.5,7.5,1721.7048789768207,1532.5300132967118,1.778878478562407,0.8989566460045229,0.26759834491948936,8.0,1.8664189161652325,1.5202192336917182,-0.7749721672196739,8.0,189.17486568010895,0.0
2026-04-11,Liverpool,Fulham,2,0,1.65,4.2,4.75,1612.123918996471,1513.9117067376965,1.7594663690155328,1.5876129285233824,-0.16982019269290485,8.0,1.7837255054451797,1.5434634104627283,-0.3492456093474113,8.0,98.21221225877457,0.0
2026-04-11,Burnley,Brighton,0,2,4.5,4.0,1.73,1358.0371044385324,1555.4185602748983,1.234154256765719,2.363317314575938,-0.2538431885484206,8.0,1.6234951630036163,1.0027214642715248,-0.44375470200736217,8.0,-197.38145583636583,0.0
2026-04-12,Crystal Palace,Newcastle,2,1,3.0,3.6,2.2,1512.0300731091745,1539.9878885130186,1.3251364091881834,1.4934064254046666,-0.17705220217648068,8.0,1.4773214044035428,2.016567358103177,-0.06803116485500886,8.0,-27.95781540384405,0.0
2026-04-12,Nott'm Forest,Aston Villa,1,1,2.63,3.3,2.7,1482.186342653274,1597.4583806174205,1.309366580109733,1.716578183418534,-0.05982652986455127,8.0,1.5014346539889531,1.5298596829581765,-0.3626768511357382,8.0,-115.27203796414642,0.0
2026-04-12,Sunderland,Tottenham,1,0,2.7,3.2,2.7,1521.0248757921638,1417.1761763925224,1.3343646713335628,1.5089270756323214,-0.3398340511379482,8.0,1.2676822921786062,1.8747594231478149,-0.436508041051979,8.0,103.84869939964142,0.0
2026-04-12,Chelsea,Man City,0,3,3.1,3.8,2.15,1578.2111840802977,1683.894001414798,2.197918846532383,1.3634300464514486,-0.8038200200327336,8.0,2.1278792153747537,1.0586868555867148,-0.48306862266004935,8.0,-105.68281733450021,0.0
2026-04-13,Man United,Leeds,1,2,1.62,4.1,5.0,1575.6417234771834,1453.153981651144,1.7608574087702793,1.2549282047273105,0.16600517500574044,8.0,1.1768849910716022,1.2613544326981327,-0.5793670362691619,8.0,122.48774182603938,0.0
2026-04-18,Leeds,Wolves,3,0,1.62,3.9,5.75,1467.9713378021281,1399.8872860211086,1.5429211527956193,1.282849925461124,-0.656071862376667,5.0,1.042953182874006,2.2514096921598856,0.009004461049869586,8.0,68.08405178101953,-3.0
2026-04-18,Tottenham,Brighton,2,2,2.7,3.75,2.4,1411.5710435224823,1561.6583645938783,1.2157562416935632,1.8543523981824641,-0.5560528013899195,6.0,1.5096848670483338,0.9633817091935132,-0.1607252945990815,7.0,-150.087321071396,-1.0
2026-04-18,Brentford,Fulham,0,0,2.1,3.75,3.25,1539.5714634044723,1508.174749114778,1.6909572215966433,1.4492172888596906,-0.3098102520010006,7.0,1.7087386368594353,1.640739097868779,-0.5701911888130208,7.0,31.396714289694273,0.0
2026-04-18,Chelsea,Man United,0,1,2.2,3.5,3.2,1569.5185159935863,1560.8243673261993,1.996397506294453,1.5790047352361951,-0.8899005344278661,6.0,1.6793056982663819,1.6048640578905942,0.05634562199162598,5.0,8.694148667387026,1.0
2026-04-18,Newcastle,Bournemouth,1,2,2.0,3.75,3.5,1530.9075308835945,1548.6816263178118,1.4351679431501616,2.2481927005711952,-0.1103140647403323,6.0,1.7690849849243326,1.8592189394626026,-0.49020417817080597,7.0,-17.774095434217315,-1.0
2026-04-19,Aston Villa,Sunderland,4,3,1.67,3.75,5.5,1595.88080961151,1526.6300086622039,1.4728694687012382,1.3896978227225947,-0.36273732759224375,7.0,1.425496863572647,1.4071697525313476,-0.42983721862888313,7.0,69.25080094930604,0.0
2026-04-19,Everton,Liverpool,1,2,3.1,3.4,2.3,1540.051890005699,1617.8608766193895,1.4428636456734956,1.601123431337871,0.21626722622379443,8.0,1.8121807596862616,1.5530839814045077,-0.137878805378578,8.0,-77.80898661369042,0.0
2026-04-19,Nott'm Forest,Burnley,4,1,1.5,4.2,7.0,1483.7639136591847,1351.7973001195523,1.214692331015919,1.6436290011715722,-0.01663226188221977,7.0,1.14707002524657,2.0968820578689193,-0.36899664514941194,8.0,131.96661353963236,-1.0
2026-04-19,Man City,Arsenal,2,1,1.83,3.7,4.2,1692.5866695015093,1705.5532659557207,2.18574844269873,1.0921884758629639,-0.26136298806914804,7.0,2.0645169181671186,1.0012096722280068,-0.2339277129393681,8.0,-12.966596454211412,-1.0
2026-04-20,Crystal Palace,West Ham,0,0,2.38,3.2,3.1,1521.1104307385986,1459.0347008020428,1.6994035927356803,1.4479346327792189,-0.3755696057246524,8.0,1.512741752922914,1.4596113830171211,0.0968800475831867,8.0,62.07572993655572,0.0
2026-04-21,Brighton,Chelsea,3,0,2.5,3.5,2.7,1559.1220311886361,1557.566706970741,1.4328620648447814,1.0865710245016453,0.05040680537127737,3.0,1.8488299439862816,1.3432123304366668,-0.9706027154159587,3.0,1.5553242178950768,0.0
2026-04-22,Bournemouth,Leeds,2,2,2.0,3.5,3.6,1559.8910366776313,1474.4431861658618,2.0986556182564273,1.8081497234582735,-0.6710083012333822,4.0,1.9586391422726455,1.1355061005432958,-0.6358479392128026,4.0,85.4478505117695,0.0
2026-04-22,Burnley,Man City,0,1,19.0,9.0,1.13,1346.8213976414352,1701.2411485771167,1.0345022860233717,1.961883367432021,-0.21064555551233002,3.0,2.2743605770432125,1.3392220954519733,-0.3343758814757621,3.0,-354.4197509356816,0.0
2026-04-24,Sunderland,Nott'm Forest,0,5,2.7,3.2,2.7,1520.187526928568,1488.739816137302,1.4532748573025207,1.9221508248238175,-0.043918851185458706,5.0,1.2616889333041235,1.4286214198162914,0.5144098697914432,5.0,31.447710791266218,0.0
2026-04-25,West Ham,Everton,2,1,2.4,3.4,2.9,1462.41053135136,1530.564025391058,1.3290740010768523,1.3098030212542378,-0.05151633137968755,5.0,1.450194776879496,1.55619276100875,0.07295774283774087,6.0,-68.15349403969799,-1.0
2026-04-25,Liverpool,Crystal Palace,3,1,1.44,5.0,6.25,1627.3487412340305,1517.7346001892813,1.7237090735316662,1.5376767153233444,0.017784216290348976,6.0,1.5001262242347475,1.2776365557312868,-0.4493984924284678,5.0,109.6141410447492,1.0
2026-04-25,Arsenal,Newcastle,1,0,1.45,4.75,6.25,1696.8987868801132,1519.698120523775,2.1109596915380804,1.3341915318720416,-0.4517206024721001,6.0,1.471580224641008,2.478923664168382,-0.21374353047915173,7.0,177.20066635633816,-1.0
2026-04-25,Wolves,Tottenham,0,1,4.5,4.33,1.67,1393.415437657375,1414.1073769277245,0.9450999408351286,2.5209668374005356,-0.1101606055397548,7.0,1.2868808236919262,1.7064248655955814,-0.3506749080976029,7.0,-20.69193927034962,0.0
2026-04-25,Fulham,Aston Villa,1,0,2.75,3.6,2.45,1510.7463116214199,1602.3232913451457,1.5193491930453773,1.784072032534743,-0.6156834846730843,7.0,1.974045268503162,1.4248475762766073,-0.2677349081294957,6.0,-91.5769797237258,1.0
2026-04-27,Man United,Brentford,2,1,1.85,3.8,4.0,1572.7761763490446,1536.9999008978305,1.4228212575504375,1.538069640047771,0.16106558227924014,8.0,1.8239301837514836,1.3133669626338775,-0.7277131075220772,8.0,35.77627545121413,0.0
2026-05-01,Leeds,Burnley,3,1,1.33,5.0,9.5,1478.4009643365152,1343.7185277163956,1.805435131701249,1.296016157329639,-0.34293610170647565,8.0,1.0219744839724745,2.2603980398779804,-0.36807897971145226,8.0,134.6824366201197,0.0
2026-05-02,Brentford,West Ham,3,0,1.91,3.75,3.75,1529.688794895558,1472.64516470261,1.7166337894079795,1.4237687527605205,-0.6402662453960473,5.0,1.4335700482300764,1.2694914807483708,-0.006972905784615075,7.0,57.04363019294806,-2.0
2026-05-02,Newcastle,Brighton,3,1,2.5,3.75,2.6,1515.6309584993232,1567.3686342728072,1.347246992399361,2.0993873706216255,-0.3489013466409952,7.0,1.656692442186161,0.923861386493784,0.13947726232786764,8.0,-51.73767577348394,-1.0
2026-05-02,Wolves,Sunderland,1,1,3.1,3.2,2.1,1382.2888633957086,1507.6145937408319,0.9074618518034536,2.2204015341704157,-0.24477006221470105,7.0,1.2801324292267806,1.8437120146847805,-0.16163854922364151,8.0,-125.32573034512325,-1.0
2026-05-02,Arsenal,Fulham,3,0,1.44,4.33,7.0,1700.965948904565,1521.6526759344504,1.8073341720017562,1.2382015146843648,-0.28409576026080896,7.0,1.461861948090421,1.6029584167926993,-0.5383225260256373,7.0,179.31327297011467,0.0
2026-05-03,Bournemouth,Crystal Palace,3,0,1.57,4.33,5.25,1555.9332585069778,1512.262376959405,2.060468426572738,1.6859916099649108,-0.5147450520999578,8.0,1.6443282725155075,1.3133415162500426,-0.6040656450988832,8.0,43.67088154757289,0.0
2026-05-03,Man United,Liverpool,3,2,2.3,3.8,2.75,1580.087282351317,1632.8209644639069,1.5106426842070129,1.489746125512242,0.15908808169689678,6.0,1.6673895082552552,1.6741321170434882,0.3337330539219598,8.0,-52.733682112589804,-2.0
2026-05-03,Aston Villa,Tottenham,1,2,2.15,3.6,3.2,1591.4169270321152,1425.2339511893908,1.7537402741037347,1.3868559651547,-0.3994408435830378,8.0,1.2409068159802719,1.51172584503063,-0.29154021432773125,8.0,166.18297584272432,0.0
2026-05-04,Chelsea,Nott'm Forest,1,3,1.7,4.0,4.75,1549.32010388657,1501.312749325038,1.5288666918248108,1.585537400832106,-0.8318172785749878,8.0,1.3195334628822402,1.2606320841162115,1.121654461413944,8.0,48.00735456153188,0.0
2026-05-04,Everton,Man City,3,3,6.5,4.75,1.44,1520.3293920398082,1704.3440185021564,1.3809204910319692,1.6138343274488802,0.03430593903750854,8.0,2.508411337260021,1.2638307581790666,-0.7623449899711323,8.0,-184.01462646234813,0.0
2026-05-09,Liverpool,Chelsea,1,1,1.83,4.0,3.9,1623.0300754169261,1536.3078188530353,1.535512670937273,1.8560857533858146,0.4653783072532325,6.0,1.6614044713811278,1.7350328508846977,-0.9018565114319348,5.0,86.72225656389082,1.0
2026-05-09,Brighton,Wolves,3,0,1.27,6.25,9.5,1557.6063982610528,1384.1472410736142,1.7009287345776702,1.3788484014186941,-0.06900842133228056,7.0,1.124870170469032,1.9529450897818479,-0.3925918744911944,7.0,173.45915718743868,0.0
2026-05-09,Fulham,Bournemouth,0,1,2.75,3.6,2.4,1517.624774761754,1563.0348841356656,1.3040123288550214,2.116196763848511,-0.5709986037951517,7.0,2.109112104148164,1.4781113435436601,-0.2633722267554993,6.0,-45.41010937391161,1.0
2026-05-09,Sunderland,Man United,0,0,3.9,3.75,1.85,1505.7562160629263,1589.8781713982978,1.2066303975499728,1.867979881945952,-0.11258926427943595,7.0,1.7263241045506619,1.3945170246165486,0.21784050464680635,6.0,-84.12195533537147,1.0
2026-05-09,Man City,Brentford,3,0,1.36,5.75,7.0,1700.9188352863252,1536.4419155101818,2.2832661304167288,1.3508374049333303,-0.2785139301227008,5.0,1.8315645076241052,1.285574149908968,-0.35835259974191924,7.0,164.4769197761434,-2.0
2026-05-10,Burnley,Aston Villa,2,2,5.0,4.33,1.6,1338.800832395631,1575.6934526489467,0.9007988088802227,2.2263714064506366,-0.17550212383168604,8.0,1.5176828696114804,1.332267893721816,-0.23647522525133619,7.0,-236.89262025331573,1.0
2026-05-10,Crystal Palace,Everton,2,2,2.7,3.3,2.63,1505.1607513307172,1523.7545752556393,1.4450431306958158,1.5161170824481656,-0.6193861361536397,7.0,1.4437715874860166,1.5732398871963438,0.29839279649442907,6.0,-18.593823924922162,1.0
2026-05-10,Nott'm Forest,Newcastle,1,1,2.6,3.6,2.6,1514.3250343585728,1525.3931945110776,1.5239053854200475,1.448506522155674,1.0325651761675676,6.0,1.7148897795200473,2.0522959321273917,-0.30360389331999493,8.0,-11.068160152504788,-2.0
2026-05-10,West Ham,Arsenal,0,1,5.5,4.2,1.57,1465.892044087986,1704.9938500772614,1.29335344327848,1.4766674220512293,-0.16106254095210396,8.0,2.278409908256337,1.1264929252188032,-0.450516357610661,8.0,-239.10180598927536,0.0
2026-05-11,Tottenham,Leeds,1,1,1.83,4.1,3.75,1440.9574255725593,1483.3186596572798,1.2164279772551403,1.3255958899604154,-0.05031625813998059,8.0,1.865267112313358,1.118305829858152,-0.08558242590207515,8.0,-42.361234084720536,0.0
2026-05-13,Man City,Crystal Palace,3,0,1.2,7.5,12.0,1705.228472291083,1503.9745961474966,2.714643254866451,1.210388845785246,-0.5045719569775985,4.0,1.8252978013305041,1.6371185148321208,-0.757374462448127,3.0,201.25387614358647,1.0
2026-05-15,Aston Villa,Liverpool,4,2,2.75,3.5,2.4,1571.0007205386005,1619.041407487298,1.566626827822414,1.4106765693351209,-0.13713269856711724,5.0,1.3473011900896064,1.5963749838246262,0.447106505752938,6.0,-48.04068694869761,-1.0
2026-05-17,Man United,Nott'm Forest,3,2,1.6,4.2,5.25,1589.184999128065,1512.9259012371529,1.4807569481834064,1.3621451249740146,0.06232752473629547,8.0,1.5116170777383375,1.490212741300184,0.7237544256725196,7.0,76.25909789091224,1.0
2026-05-17,Brentford,Crystal Palace,2,2,1.73,4.2,4.33,1532.132278505424,1500.3376993384716,1.5919422000457264,1.9227746051673233,-0.42265313387359676,8.0,1.5372138300190488,1.703066574080136,-0.6896025142374101,4.0,31.794579166952417,4.0
2026-05-17,Everton,Sunderland,1,3,1.8,3.75,4.33,1524.9407304388599,1506.449388333159,1.579697857428083,1.9270476343944287,0.2156578785197625,7.0,1.2130209704443555,1.593122109262326,-0.3447350635413522,8.0,18.491342105700824,-1.0
2026-05-17,Leeds,Brighton,1,0,3.2,3.6,2.15,1483.8259084250183,1561.743790477558,1.8661939927147277,1.1950604123458626,-0.2473578530479782,6.0,1.8088937623651127,1.2007704063362294,0.10526067066959106,8.0,-77.91788205253965,-2.0
2026-05-17,Wolves,Fulham,1,1,3.8,3.8,1.9,1380.009848857109,1507.205090617432,0.9991877508429715,2.0089192760472643,-0.4179780821586217,8.0,1.291495659324911,1.8855139785187034,-0.7097022801913281,8.0,-127.19524176032292,0.0
2026-05-17,Newcastle,West Ham,3,1,2.1,3.8,3.2,1526.7923276324977,1460.6342108759698,1.7016412727836447,1.9310009325849826,-0.3752034485768264,7.0,1.2988733068566063,1.4669429966755954,-0.40017342211315093,7.0,66.15811675652799,0.0
2026-05-18,Arsenal,Burnley,1,0,1.09,11.0,23.0,1710.2516832892777,1343.4935645059772,2.1032864296803893,1.1664360259066615,-0.44618688307407206,8.0,1.0682193397295114,2.1291132864735185,-0.07995201560589169,8.0,366.75811878330046,0.0
2026-05-19,Bournemouth,Man City,1,1,4.5,4.33,1.67,1573.4545682799876,1708.8653691001082,1.8798908803881196,1.429678138856597,-0.2086266948558336,8.0,2.558298527006264,1.049160268570444,-0.18526535336181876,6.0,-135.41080082012058,2.0
2026-05-19,Chelsea,Tottenham,2,1,1.91,3.7,3.9,1540.2964867826634,1440.4501768048208,1.4418563478982476,1.5056604618583194,-0.6327032585605227,8.0,1.2729400094635168,1.4378566596399125,-0.1410970506296913,8.0,99.84630997784257,0.0
2026-05-24,Brighton,Man United,0,3,1.85,4.2,3.6,1551.2285291004287,1595.4525736472822,1.8962587504421624,1.10731377258744,-0.3769933701277224,7.0,2.0593368306175983,1.4615886661491957,-0.21569145077563245,7.0,-44.22404454685352,0.0
2026-05-24,Burnley,Wolves,1,1,2.35,3.5,2.9,1341.9144446987916,1381.920124675907,0.8880507099803554,1.9429974661927645,-0.10366242465569757,6.0,1.1019377308712428,1.9006534614347883,-0.43433183711352974,7.0,-40.00567997711528,-1.0
2026-05-24,Crystal Palace,Arsenal,1,2,4.2,4.0,1.75,1502.9199528855827,1711.8308030964633,1.5961177287038935,1.6705895546512786,-0.5107692335061313,7.0,1.9224986851763528,0.9660053539830347,-0.4009584294110055,6.0,-208.91085021088065,1.0
2026-05-24,Fulham,Newcastle,2,0,2.88,3.8,2.25,1505.2948147986342,1533.3128032649727,1.3312339594888414,1.8054153239709743,-0.6631647744405497,7.0,1.7907541310049566,1.7302241093961703,-0.11906131019909896,7.0,-28.017988466338466,0.0
2026-05-24,Liverpool,Brentford,1,1,1.8,4.2,3.8,1609.3854883025867,1529.5500249583129,1.3891735488157537,1.7879910961144159,0.44764773123619056,8.0,1.582390080530514,1.9021375187379161,-0.2417257856504372,7.0,79.83546334427388,1.0
2026-05-24,Man City,Aston Villa,1,2,1.29,6.0,9.0,1706.7283259670348,1580.6566397233119,2.2923519899459794,1.1864937730168876,-0.20257483783076552,5.0,1.7643799690484032,1.4394746206573605,0.19540816929631014,8.0,126.07168624372298,-3.0
2026-05-24,Nott'm Forest,Bournemouth,1,1,3.3,3.75,2.05,1506.6583267179358,1575.591611413061,1.5802246336781094,2.0668418985879815,0.6065898523807564,7.0,1.8458450965676696,1.3965653942352099,-0.313062359436406,5.0,-68.93328469512517,2.0
2026-05-24,Sunderland,Chelsea,2,1,3.6,3.6,2.0,1518.670885041051,1545.9950361628748,1.227631667178336,1.5371397158646962,0.08051096891931418,7.0,1.369809073019605,1.6390556694706124,-0.31498489237879274,5.0,-27.32415112182389,2.0
2026-05-24,Tottenham,Everton,1,0,1.91,3.75,3.8,1434.7516274246093,1512.719233730968,1.4543453239976,1.366634518345192,-0.34970149822389274,5.0,1.526495728085582,1.7943521747411064,0.10477853788069362,7.0,-77.96760630635868,-2.0
2026-05-24,West Ham,Leeds,3,0,1.85,4.0,3.75,1454.1137352434948,1494.3411698021475,1.2285040803664782,1.6044739858104364,-0.30890603512784753,7.0,1.6354608162218958,1.4090589040429538,-0.14429025047515728,7.0,-40.2274345586527,0.0
