Date,HomeTeam,AwayTeam,FTHG,FTAG,Referee,Home_Elo,Away_Elo,B365H,B365D,B365A,Home_GoalsScored,Home_GoalsConceded,Home_xG_Created,Home_xG_Conceded,Home_YellowCards,Home_RedCards,Home_Corners,Home_Fouls,Home_Rest_Days,Home_Congestion_Flag,Home_GoalsScored_roll3,Home_GoalsConceded_roll3,Home_xG_Created_roll3,Home_xG_Conceded_roll3,Home_Corners_roll3,Home_Fouls_roll3,Home_GoalsScored_roll5,Home_GoalsConceded_roll5,Home_xG_Created_roll5,Home_xG_Conceded_roll5,Home_Corners_roll5,Home_Fouls_roll5,Home_GoalsScored_roll10,Home_GoalsConceded_roll10,Home_xG_Created_roll10,Home_xG_Conceded_roll10,Home_Corners_roll10,Home_Fouls_roll10,Home_xG_Created_Venue_roll5,Home_xG_Conceded_Venue_roll5,Away_GoalsScored,Away_GoalsConceded,Away_xG_Created,Away_xG_Conceded,Away_YellowCards,Away_RedCards,Away_Corners,Away_Fouls,Away_Rest_Days,Away_Congestion_Flag,Away_GoalsScored_roll3,Away_GoalsConceded_roll3,Away_xG_Created_roll3,Away_xG_Conceded_roll3,Away_Corners_roll3,Away_Fouls_roll3,Away_GoalsScored_roll5,Away_GoalsConceded_roll5,Away_xG_Created_roll5,Away_xG_Conceded_roll5,Away_Corners_roll5,Away_Fouls_roll5,Away_GoalsScored_roll10,Away_GoalsConceded_roll10,Away_xG_Created_roll10,Away_xG_Conceded_roll10,Away_Corners_roll10,Away_Fouls_roll10,Away_xG_Created_Venue_roll5,Away_xG_Conceded_Venue_roll5
2022-08-20,Crystal Palace,Aston Villa,3,1,A Madley,1490.3723186655702,1499.904607872375,2.5,3.25,2.9,3,1,2.91137,0.803828,2,0,4,16,5.0,0,0.5,1.5,1.425525,1.835985,2.5,12.0,0.5,1.5,1.425525,1.835985,2.5,12.0,0.5,1.5,1.425525,1.835985,2.5,12.0,1.20637,1.43601,1,3,0.803828,2.91137,1,0,2,14,7.0,0,1.0,1.5,1.5779275,0.9817055,5.0,12.5,1.0,1.5,1.5779275,0.9817055,5.0,12.5,1.0,1.5,1.5779275,0.9817055,5.0,12.5,0.488895,0.588341
2022-08-20,Tottenham,Wolves,1,0,S Hooper,1510.095392127625,1490.1844266049966,1.4,4.75,7.5,1,0,1.46608,0.686123,2,0,8,10,6.0,0,3.0,1.5,1.60214,1.112998,7.5,10.0,3.0,1.5,1.60214,1.112998,7.5,10.0,3.0,1.5,1.60214,1.112998,7.5,10.0,1.6172,0.386546,0,1,0.686123,1.46608,2,0,6,8,7.0,0,0.5,1.0,1.0382825,0.98865,4.5,8.0,0.5,1.0,1.0382825,0.98865,4.5,8.0,0.5,1.0,1.0382825,0.98865,4.5,8.0,1.10119,0.88917
2022-08-20,Everton,Nott'm Forest,1,1,A Marriner,1480.095392127625,1499.904607872375,1.9,3.6,4.0,1,1,1.43408,0.918315,3,0,6,6,7.0,0,0.5,1.5,0.9585265000000001,2.295055,6.0,10.5,0.5,1.5,0.9585265000000001,2.295055,6.0,10.5,0.5,1.5,0.9585265000000001,2.295055,6.0,10.5,0.541983,1.92315,1,1,0.918315,1.43408,2,0,2,9,6.0,0,0.5,1.0,1.1037625,1.9727199999999998,3.5,12.0,0.5,1.0,1.1037625,1.9727199999999998,3.5,12.0,0.5,1.0,1.1037625,1.9727199999999998,3.5,12.0,0.235825,1.8591
2022-08-20,Fulham,Brentford,3,2,P Bankes,1499.8155733950034,1509.6276813344298,2.45,3.4,2.9,3,2,2.89934,1.59352,3,0,6,13,7.0,0,1.0,1.0,1.178175,1.6582425,3.5,10.5,1.0,1.0,1.178175,1.6582425,3.5,10.5,1.0,1.0,1.178175,1.6582425,3.5,10.5,1.26822,2.34111,2,3,1.59352,2.89934,2,0,3,7,7.0,0,3.0,1.0,1.1594585,0.6758665,7.0,5.5,3.0,1.0,1.1594585,0.6758665,7.0,5.5,3.0,1.0,1.1594585,0.6758665,7.0,5.5,0.931067,0.455695
2022-08-20,Bournemouth,Arsenal,0,3,C Pawson,1500.095392127625,1519.6276813344298,8.0,4.75,1.4,0,3,0.211335,1.71081,2,0,3,12,7.0,0,1.0,2.0,0.3561435,1.0897675,3.0,13.5,1.0,2.0,0.3561435,1.0897675,3.0,13.5,1.0,2.0,0.3561435,1.0897675,3.0,13.5,0.588341,0.488895,3,0,1.71081,0.211335,1,0,4,10,7.0,0,3.0,1.0,2.2233549999999997,0.9485245,5.5,13.0,3.0,1.0,2.2233549999999997,0.9485245,5.5,13.0,3.0,1.0,2.2233549999999997,0.9485245,5.5,13.0,1.43601,1.20637
2022-08-20,Leicester,Southampton,1,2,M Salisbury,1490.3723186655702,1490.4667127899224,1.83,4.0,4.0,1,2,0.242948,1.24155,2,0,2,11,7.0,0,2.0,3.0,0.573187,1.9708835,3.5,7.5,2.0,3.0,0.573187,1.9708835,3.5,7.5,2.0,3.0,0.573187,1.9708835,3.5,7.5,0.455695,0.931067,2,1,1.24155,0.242948,3,0,5,15,7.0,0,1.5,3.0,0.897803,1.80707,2.0,8.0,1.5,3.0,0.897803,1.80707,2.0,8.0,1.5,3.0,0.897803,1.80707,2.0,8.0,0.386546,1.6172
2022-08-21,Leeds,Chelsea,3,0,S Attwell,1509.5332872100776,1509.904607872375,5.75,4.5,1.53,3,0,2.20971,0.692492,0,0,4,16,8.0,0,2.0,1.5,1.443055,1.255125,5.5,12.5,2.0,1.5,1.443055,1.255125,5.5,12.5,2.0,1.5,1.443055,1.255125,5.5,12.5,0.88917,1.10119,0,3,0.692492,2.20971,1,1,6,15,7.0,0,1.5,1.0,1.8813,1.0645315,12.0,10.0,1.5,1.0,1.8813,1.0645315,12.0,10.0,1.5,1.0,1.8813,1.0645315,12.0,10.0,1.92315,0.541983
2022-08-21,West Ham,Brighton,0,2,A Taylor,1480.095392127625,1509.904607872375,2.3,3.4,3.1,0,2,0.768634,1.82645,2,0,5,10,7.0,0,0.0,1.5,1.166264,2.279545,4.0,9.5,0.0,1.5,1.166264,2.279545,4.0,9.5,0.0,1.5,1.166264,2.279545,4.0,9.5,0.246188,2.58739,2,0,1.82645,0.768634,0,0,4,7,8.0,0,1.0,0.5,1.668625,0.8024910000000001,4.5,10.0,1.0,0.5,1.668625,0.8024910000000001,4.5,10.0,1.0,0.5,1.668625,0.8024910000000001,4.5,10.0,1.7289,1.42103
2022-08-21,Newcastle,Man City,3,3,J Gillett,1510.095392127625,1519.904607872375,7.5,5.0,1.36,3,3,2.2127,3.67382,4,0,5,14,8.0,0,1.0,0.0,1.021526,0.9220875,7.0,7.5,1.0,0.0,1.021526,0.9220875,7.0,7.5,1.0,0.0,1.021526,0.9220875,7.0,7.5,1.8591,0.235825,3,3,3.67382,2.2127,2,0,5,7,8.0,0,3.0,0.0,2.139015,0.18506699999999998,7.5,6.5,3.0,0.0,2.139015,0.18506699999999998,7.5,6.5,3.0,0.0,2.139015,0.18506699999999998,7.5,6.5,2.58739,0.246188
2022-08-22,Man United,Liverpool,2,1,M Oliver,1480.3723186655702,1499.6276813344298,5.25,4.33,1.6,2,1,2.01764,1.52301,3,0,6,11,9.0,0,0.5,3.0,1.158534,1.558375,4.0,11.0,0.5,3.0,1.158534,1.558375,4.0,11.0,0.5,3.0,1.158534,1.558375,4.0,11.0,1.42103,1.7289,1,2,1.52301,2.01764,1,0,8,7,7.0,0,1.5,1.5,2.288535,1.4564499999999998,4.0,8.0,1.5,1.5,2.288535,1.4564499999999998,4.0,8.0,1.5,1.5,2.288535,1.4564499999999998,4.0,8.0,2.34111,1.26822
2022-08-27,Brighton,Leeds,1,0,M Salisbury,1520.7713879280616,1517.8336904942767,1.9,3.8,3.8,1,0,1.60986,1.14874,2,0,5,10,6.0,0,1.3333333333333333,0.3333333333333333,1.7212333333333334,0.7912053333333334,4.333333333333333,9.0,1.3333333333333333,0.3333333333333333,1.7212333333333334,0.7912053333333334,4.333333333333333,9.0,1.3333333333333333,0.3333333333333333,1.7212333333333334,0.7912053333333334,4.333333333333333,9.0,1.60835,0.183952,0,1,1.14874,1.60986,3,0,3,14,6.0,0,2.3333333333333335,1.0,1.6986066666666666,1.0675806666666665,5.0,13.666666666666666,2.3333333333333335,1.0,1.6986066666666666,1.0675806666666665,5.0,13.666666666666666,2.3333333333333335,1.0,1.6986066666666666,1.0675806666666665,5.0,13.666666666666666,1.99694,1.40906
2022-08-27,Southampton,Man United,0,1,A Madley,1502.1740488014632,1489.2049404214513,4.2,4.0,1.8,0,1,1.35887,1.34359,0,0,5,4,7.0,0,1.6666666666666667,2.3333333333333335,1.0123853333333332,1.285696,3.0,10.333333333333334,1.6666666666666667,2.3333333333333335,1.0123853333333332,1.285696,3.0,10.333333333333334,1.6666666666666667,2.3333333333333335,1.0123853333333332,1.285696,3.0,10.333333333333334,1.40906,1.99694,1,0,1.34359,1.35887,3,0,3,14,5.0,0,1.0,2.3333333333333335,1.4449026666666667,1.5465866666666666,4.666666666666667,11.0,1.0,2.3333333333333335,1.4449026666666667,1.5465866666666666,4.666666666666667,11.0,1.0,2.3333333333333335,1.4449026666666667,1.5465866666666666,4.666666666666667,11.0,0.896038,1.38785
2022-08-27,Liverpool,Bournemouth,9,0,S Attwell,1490.7950595785487,1488.9358765789991,1.1,10.0,26.0,9,0,4.86035,0.180991,0,0,8,6,5.0,0,1.3333333333333333,1.6666666666666667,2.03336,1.6435133333333332,5.333333333333333,7.666666666666667,1.3333333333333333,1.6666666666666667,2.03336,1.6435133333333332,5.333333333333333,7.666666666666667,1.3333333333333333,1.6666666666666667,2.03336,1.6435133333333332,5.333333333333333,7.666666666666667,2.23596,1.64468,0,9,0.180991,4.86035,1,0,1,5,7.0,0,0.6666666666666666,2.3333333333333335,0.307874,1.2967816666666667,3.0,13.0,0.6666666666666666,2.3333333333333335,0.307874,1.2967816666666667,3.0,13.0,0.6666666666666666,2.3333333333333335,0.307874,1.2967816666666667,3.0,13.0,0.123946,1.69064
2022-08-27,Brentford,Everton,1,1,J Brooks,1501.0622407673893,1478.9437407279697,2.0,3.5,3.75,1,1,2.28391,1.65465,2,0,8,8,7.0,0,2.6666666666666665,1.6666666666666667,1.3041456666666666,1.4170243333333332,5.666666666666667,6.0,2.6666666666666665,1.6666666666666667,1.3041456666666666,1.4170243333333332,5.666666666666667,6.0,2.6666666666666665,1.6666666666666667,1.3041456666666666,1.4170243333333332,5.666666666666667,6.0,1.38785,0.896038,1,1,1.65465,2.28391,2,0,5,8,7.0,0,0.6666666666666666,1.3333333333333333,1.1170443333333333,1.8361416666666666,6.0,9.0,0.6666666666666666,1.3333333333333333,1.1170443333333333,1.8361416666666666,6.0,9.0,0.6666666666666666,1.3333333333333333,1.1170443333333333,1.8361416666666666,6.0,9.0,1.37507,2.66696
2022-08-27,Man City,Crystal Palace,4,2,D England,1521.3392488361617,1498.9298720597176,1.18,7.5,13.0,4,2,2.3853,0.091976,1,0,6,14,6.0,0,3.0,1.0,2.6506166666666666,0.8609446666666667,6.666666666666667,6.666666666666667,3.0,1.0,2.6506166666666666,0.8609446666666667,6.666666666666667,6.666666666666667,3.0,1.0,2.6506166666666666,0.8609446666666667,6.666666666666667,6.666666666666667,1.69064,0.123946,2,4,0.091976,2.3853,2,0,1,8,7.0,0,1.3333333333333333,1.3333333333333333,1.9208066666666666,1.4919326666666668,3.0,13.333333333333334,1.3333333333333333,1.3333333333333333,1.9208066666666666,1.4919326666666668,3.0,13.333333333333334,1.3333333333333333,1.3333333333333333,1.9208066666666666,1.4919326666666668,3.0,13.333333333333334,1.64468,2.23596
2022-08-27,Arsenal,Fulham,2,1,J Gillett,1530.7871968830557,1508.3810139620439,1.3,5.75,9.0,2,1,2.47427,0.926007,2,0,9,6,7.0,0,3.0,0.6666666666666666,2.0525066666666665,0.7027946666666667,5.0,12.0,3.0,0.6666666666666666,2.0525066666666665,0.7027946666666667,5.0,12.0,3.0,0.6666666666666666,2.0525066666666665,0.7027946666666667,5.0,12.0,3.0107,0.690679,1,2,0.926007,2.47427,3,0,2,12,7.0,0,1.6666666666666667,1.3333333333333333,1.7518966666666664,1.6366683333333334,4.333333333333333,11.333333333333334,1.6666666666666667,1.3333333333333333,1.7518966666666664,1.6366683333333334,4.333333333333333,11.333333333333334,1.6666666666666667,1.3333333333333333,1.7518966666666664,1.6366683333333334,4.333333333333333,11.333333333333334,1.08813,0.975375
2022-08-27,Chelsea,Leicester,2,1,P Tierney,1501.604204588176,1478.6649826540295,1.4,5.0,7.0,2,1,1.74916,1.96023,1,1,3,10,6.0,0,1.0,1.6666666666666667,1.4850306666666666,1.4462576666666667,10.0,11.666666666666666,1.0,1.6666666666666667,1.4850306666666666,1.4462576666666667,10.0,11.666666666666666,1.0,1.6666666666666667,1.4850306666666666,1.4462576666666667,10.0,11.666666666666666,1.83945,1.58708,1,2,1.96023,1.74916,2,0,11,7,7.0,0,1.6666666666666667,2.6666666666666665,0.4631073333333333,1.7277723333333332,3.0,8.666666666666666,1.6666666666666667,2.6666666666666665,0.4631073333333333,1.7277723333333332,3.0,8.666666666666666,1.6666666666666667,2.6666666666666665,0.4631073333333333,1.7277723333333332,3.0,8.666666666666666,0.690679,3.0107
2022-08-28,Aston Villa,West Ham,0,1,D Coote,1491.3470544782276,1469.2286120719384,2.3,3.4,3.1,0,1,0.304555,0.334589,2,0,3,10,8.0,0,1.0,2.0,1.3198943333333333,1.6249269999999998,4.0,13.0,1.0,2.0,1.3198943333333333,1.6249269999999998,4.0,13.0,1.0,2.0,1.3198943333333333,1.6249269999999998,4.0,13.0,2.66696,1.37507,1,0,0.334589,0.304555,0,0,2,10,7.0,0,0.0,1.6666666666666667,1.0337206666666667,2.1285133333333333,4.333333333333333,9.666666666666666,0.0,1.6666666666666667,1.0337206666666667,2.1285133333333333,4.333333333333333,9.666666666666666,0.0,1.6666666666666667,1.0337206666666667,2.1285133333333333,4.333333333333333,9.666666666666666,2.08634,1.9717
2022-08-28,Wolves,Newcastle,1,1,P Bankes,1482.4447314543042,1508.6607511638383,2.7,3.3,2.7,1,1,1.13248,1.93362,2,0,4,10,8.0,0,0.3333333333333333,1.0,0.9208959999999999,1.1477933333333334,5.0,8.0,0.3333333333333333,1.0,0.9208959999999999,1.1477933333333334,5.0,8.0,0.3333333333333333,1.0,0.9208959999999999,1.1477933333333334,5.0,8.0,0.975375,1.08813,1,1,1.93362,1.13248,1,0,13,11,7.0,0,1.6666666666666667,1.0,1.4185839999999998,1.8393316666666666,6.333333333333333,9.666666666666666,1.6666666666666667,1.0,1.4185839999999998,1.8393316666666666,6.333333333333333,9.666666666666666,1.6666666666666667,1.0,1.4185839999999998,1.8393316666666666,6.333333333333333,9.666666666666666,0.183952,1.60835
2022-08-28,Nott'm Forest,Tottenham,0,2,C Pawson,1501.0562592720303,1517.8350872783174,7.0,4.6,1.44,0,2,0.801369,2.44473,6,0,6,11,8.0,0,0.6666666666666666,1.0,1.0419466666666668,1.793173333333333,3.0,11.0,0.6666666666666666,1.0,1.0419466666666668,1.793173333333333,3.0,11.0,0.6666666666666666,1.0,1.0419466666666668,1.793173333333333,3.0,11.0,1.9717,2.08634,2,0,2.44473,0.801369,1,0,1,13,8.0,0,2.3333333333333335,1.0,1.5567866666666668,0.9707063333333333,7.666666666666667,10.0,2.3333333333333335,1.0,1.5567866666666668,0.9707063333333333,7.666666666666667,10.0,2.3333333333333335,1.0,1.5567866666666668,0.9707063333333333,7.666666666666667,10.0,1.58708,1.83945
2022-08-30,Crystal Palace,Brentford,1,1,S Hooper,1491.2583011938857,1498.7417313801336,2.05,3.4,3.6,1,1,0.777363,1.61808,1,0,4,11,3.0,1,2.0,2.0,1.549342,1.8083626666666668,2.3333333333333335,10.666666666666666,1.5,2.0,1.4635989999999999,1.7152745,2.5,12.0,1.5,2.0,1.4635989999999999,1.7152745,2.5,12.0,2.0588699999999998,1.1199189999999999,1,1,1.61808,0.777363,2,0,6,8,3.0,1,2.3333333333333335,1.3333333333333333,1.7550933333333336,1.8166760000000002,6.333333333333333,7.0,2.25,1.5,1.54908675,1.47643075,6.25,6.5,2.25,1.5,1.54908675,1.47643075,6.25,6.5,1.2622935,1.6775175
2022-08-30,Fulham,Brighton,2,1,T Bramall,1500.7093561533504,1528.9794534409161,3.1,3.3,2.3,2,1,1.07093,1.75359,2,0,3,9,3.0,1,1.3333333333333333,1.3333333333333333,1.6378256666666668,1.681055,3.6666666666666665,13.0,1.5,1.5,1.54542425,1.8460687500000001,3.75,11.5,1.5,1.5,1.54542425,1.8460687500000001,3.75,11.5,2.08378,1.9673150000000001,1,2,1.75359,1.07093,1,0,3,11,3.0,1,1.0,0.0,1.6815533333333332,0.7004420000000001,5.333333333333333,8.333333333333334,1.25,0.25,1.69339,0.8805890000000001,4.5,9.25,1.25,0.25,1.69339,0.8805890000000001,4.5,9.25,1.777675,1.094832
2022-08-30,Southampton,Chelsea,2,1,M Oliver,1490.1041734537298,1509.2613572159084,5.25,4.0,1.61,2,1,1.44086,1.5047,2,0,5,15,3.0,1,1.3333333333333333,1.3333333333333333,1.3364933333333333,1.1944926666666666,4.0,9.666666666666666,1.25,2.0,1.0990065,1.3001695,3.5,8.75,1.25,2.0,1.0990065,1.3001695,3.5,8.75,1.383965,1.670265,1,2,1.5047,1.44086,1,0,3,10,3.0,1,1.3333333333333333,2.0,1.4270340000000001,1.9190066666666665,5.666666666666667,11.333333333333334,1.25,1.5,1.551063,1.57475075,8.25,11.25,1.25,1.5,1.551063,1.57475075,8.25,11.25,1.307821,1.3758465
2022-08-30,Leeds,Everton,1,1,D England,1509.625624981422,1481.2642501152254,2.15,3.5,3.3,1,1,1.04551,1.17189,3,0,10,10,3.0,1,1.6666666666666667,1.0,1.7851299999999999,1.2371373333333333,4.0,14.0,1.75,1.0,1.56114,1.2031505,4.5,13.75,1.75,1.0,1.56114,1.2031505,4.5,13.75,1.54944,0.896841,1,1,1.17189,1.04551,3,0,2,9,3.0,1,1.0,1.3333333333333333,1.4879333333333333,1.9563949999999999,6.333333333333333,7.0,0.75,1.25,1.25144575,1.94808375,5.75,8.75,0.75,1.25,1.25144575,1.94808375,5.75,8.75,1.51486,2.475435
2022-08-31,Arsenal,Aston Villa,2,1,R Jones,1538.4588546917491,1479.0265466604635,1.45,4.5,6.0,2,1,2.79971,0.297168,2,0,10,10,4.0,0,3.0,1.0,2.398593333333334,0.6093403333333334,6.333333333333333,10.333333333333334,2.75,0.75,2.1579475,0.7585977500000001,6.0,10.5,2.75,0.75,2.1579475,0.7585977500000001,6.0,10.5,2.7424850000000003,0.808343,1,2,0.297168,2.79971,3,0,3,14,3.0,1,1.0,1.6666666666666667,1.2584476666666666,1.540343,3.3333333333333335,11.0,0.75,1.75,1.0660595,1.3023425,3.75,12.25,0.75,1.75,1.0660595,1.3023425,3.75,12.25,0.6463615,1.7498554999999998
2022-08-31,Bournemouth,Wolves,0,0,A Taylor,1480.6977490720456,1481.4754034923078,3.5,3.3,2.15,0,0,0.362035,1.53246,2,0,2,12,4.0,0,0.0,5.333333333333333,0.1720906666666667,2.753933333333334,1.6666666666666667,8.666666666666666,0.5,4.0,0.27615325,2.18767375,2.5,11.0,0.5,4.0,0.27615325,2.18767375,2.5,11.0,0.399838,1.0998525,0,0,1.53246,0.362035,1,0,5,12,3.0,1,0.3333333333333333,0.6666666666666666,0.931326,1.4959433333333332,5.0,8.333333333333334,0.5,1.0,0.973792,1.34425,4.75,8.5,0.5,1.0,0.973792,1.34425,4.75,8.5,0.8936565,1.177625
2022-08-31,Man City,Nott'm Forest,6,0,P Tierney,1529.0108197019936,1489.8186316648193,1.06,13.0,29.0,6,0,3.83759,0.729752,0,0,10,9,4.0,0,3.6666666666666665,1.6666666666666667,2.5832533333333334,0.8095406666666666,7.333333333333333,10.0,3.25,1.25,2.5842875000000003,0.6687025,6.5,8.5,3.25,1.25,2.5842875000000003,0.6687025,6.5,8.5,2.03797,0.107961,0,6,0.729752,3.83759,1,0,1,7,3.0,1,0.6666666666666666,1.0,1.2304613333333332,1.9883833333333332,4.666666666666667,10.0,0.5,1.25,0.98180225,1.9560624999999998,3.75,11.0,0.5,1.25,0.98180225,1.9560624999999998,3.75,11.0,0.57707,1.64659
2022-08-31,West Ham,Tottenham,1,1,P Bankes,1481.5491198897025,1529.0727148855283,3.6,3.8,1.95,1,1,1.52267,0.723285,2,0,3,10,3.0,1,0.3333333333333333,1.0,1.0631876666666666,1.3675683333333335,4.666666666666667,10.333333333333334,0.25,1.25,0.8589377499999999,1.67252375,3.75,9.75,0.25,1.25,0.8589377499999999,1.67252375,3.75,9.75,0.5074110000000001,2.20692,1,1,0.723285,1.52267,5,0,4,9,3.0,1,1.6666666666666667,0.6666666666666666,1.83263,1.1089806666666666,4.666666666666667,10.666666666666666,2.25,0.75,1.7787725,0.928372,6.0,10.75,2.25,0.75,1.7787725,0.928372,6.0,10.75,2.015905,1.3204095
2022-08-31,Liverpool,Newcastle,2,1,A Marriner,1499.0331870855023,1509.6300791258348,1.33,5.25,9.0,2,1,1.76119,0.643546,0,0,13,9,4.0,0,3.6666666666666665,1.0,2.8731066666666667,1.2811036666666666,6.666666666666667,6.666666666666667,3.25,1.25,2.7401075,1.2778827499999998,6.0,7.25,3.25,1.25,2.7401075,1.2778827499999998,6.0,7.25,3.5481550000000004,0.9128354999999999,1,2,0.643546,1.76119,2,0,0,10,3.0,1,1.3333333333333333,1.3333333333333333,1.443424,2.1382166666666667,7.0,10.333333333333334,1.5,1.0,1.547343,1.66261875,8.0,10.0,1.5,1.0,1.547343,1.66261875,8.0,10.0,1.058786,1.370415
2022-09-01,Leicester,Man United,0,1,C Pawson,1471.007830026297,1501.2748157691847,3.4,3.75,2.05,0,1,0.615266,1.09969,1,0,1,7,5.0,0,1.3333333333333333,2.6666666666666665,0.9646189999999999,2.00047,5.0,9.0,1.5,2.5,0.837388,1.7331192500000001,5.0,8.25,1.5,2.5,0.837388,1.7331192500000001,5.0,8.25,0.3493215,1.0863085,1,0,1.09969,0.615266,3,0,3,15,5.0,0,1.0,1.6666666666666667,1.4190893333333332,1.4232433333333334,3.6666666666666665,13.333333333333334,1.0,1.75,1.4195745,1.4996575,4.25,11.75,1.0,1.75,1.4195745,1.4996575,4.25,11.75,1.119814,1.37336
2022-09-03,Everton,Liverpool,0,0,A Taylor,1483.75404423761,1507.6207578378871,7.0,4.75,1.4,0,0,1.39169,1.38617,2,0,7,7,4.0,0,1.0,1.0,1.4202066666666668,1.4159116666666665,4.333333333333333,7.666666666666667,0.8,1.2,1.2355346,1.767569,5.0,8.8,0.8,1.2,1.2355346,1.767569,5.0,8.8,0.9880315,1.4207325,0,0,1.38617,1.39169,2,0,9,11,3.0,1,4.0,1.0,2.7148499999999998,0.9473923333333332,9.666666666666666,7.333333333333333,3.0,1.2,2.5443240000000005,1.1510154,7.4,7.6,3.0,1.2,2.5443240000000005,1.1510154,7.4,7.6,1.9320599999999999,1.64293
2022-09-03,Brentford,Leeds,5,2,R Jones,1500.2418721647455,1507.1358308590375,2.1,3.5,3.4,5,2,2.7485,1.796,2,0,2,8,4.0,0,1.3333333333333333,1.6666666666666667,1.8318366666666668,1.7771176666666666,5.666666666666667,7.666666666666667,2.0,1.4,1.5628854,1.3366172,6.2,6.8,2.0,1.4,1.5628854,1.3366172,6.2,6.8,1.83588,1.275344,2,5,1.796,2.7485,2,0,6,9,4.0,0,1.3333333333333333,0.6666666666666666,1.4679866666666666,1.1580806666666668,5.666666666666667,13.333333333333334,1.6,1.0,1.458014,1.1968984,5.6,13.0,1.6,1.0,1.458014,1.1968984,5.6,13.0,1.57284,1.50946
2022-09-03,Chelsea,West Ham,2,1,A Madley,1500.4315226746664,1481.1901743641745,1.55,4.5,5.5,2,1,0.707333,1.4196,4,0,10,6,4.0,0,1.0,2.0,1.3154506666666668,1.870266666666667,4.0,11.666666666666666,1.2,1.6,1.5417904,1.5479726,7.2,11.0,1.2,1.6,1.5417904,1.5479726,7.2,11.0,1.794305,1.773655,1,2,1.4196,0.707333,2,0,3,11,3.0,1,0.6666666666666666,1.0,0.8752976666666666,0.9514299999999999,3.3333333333333335,10.0,0.4,1.2,0.9916841999999999,1.482676,3.6,9.8,0.4,1.2,0.9916841999999999,1.482676,3.6,9.8,1.2104645,1.1381275
2022-09-03,Newcastle,Crystal Palace,0,0,M Salisbury,1501.04250837345,1489.7581604092738,2.0,3.5,3.75,0,0,2.90672,0.920595,2,0,13,19,3.0,1,1.6666666666666667,2.0,1.5966219999999998,2.1891633333333336,6.0,11.666666666666666,1.4,1.2,1.3665835999999998,1.6823329999999999,6.4,10.0,1.4,1.2,1.3665835999999998,1.6823329999999999,6.4,10.0,2.0359,1.9548225000000001,0,0,0.920595,2.90672,1,0,5,12,4.0,0,2.0,2.0,1.2602363333333333,1.6024026666666666,3.0,11.666666666666666,1.4,1.8,1.3263517999999999,1.6958356,2.8,11.8,1.4,1.8,1.3263517999999999,1.6958356,2.8,11.8,0.868328,2.3106299999999997
2022-09-03,Nott'm Forest,Bournemouth,2,3,M Oliver,1482.5984915855358,1479.0095120030348,1.95,3.5,3.8,2,3,1.32895,0.905041,2,0,4,13,3.0,1,0.3333333333333333,3.0,0.8164786666666667,2.5721333333333334,3.0,9.0,0.4,2.2,0.9313922,2.3323679999999998,3.2,10.2,0.4,2.2,0.9313922,2.3323679999999998,3.2,10.2,1.3865345,2.265535,3,2,0.905041,1.32895,1,0,6,10,3.0,1,0.0,4.0,0.2514536666666667,2.701206666666667,2.0,9.666666666666666,0.4,3.2,0.29332959999999997,2.0566310000000003,2.4,11.2,0.4,3.2,0.29332959999999997,2.0566310000000003,2.4,11.2,0.1524685,3.2754950000000003
2022-09-03,Tottenham,Fulham,2,1,S Attwell,1529.4316604110563,1509.798626695288,1.5,4.5,6.5,2,1,2.67823,0.381556,3,0,10,9,3.0,1,1.3333333333333333,0.3333333333333333,1.544698333333333,1.0033873333333334,4.333333333333333,10.666666666666666,2.0,0.8,1.567675,1.0472316,5.6,10.4,2.0,0.8,1.567675,1.0472316,5.6,10.4,1.5416400000000001,0.5363345,1,2,0.381556,2.67823,4,0,3,6,4.0,0,2.0,1.6666666666666667,1.6320923333333333,1.94046,3.6666666666666665,11.333333333333334,1.6,1.4,1.4505254,1.827573,3.6,11.0,1.6,1.4,1.4505254,1.827573,3.6,11.0,1.0070685,1.7248225000000001
2022-09-03,Wolves,Southampton,1,0,J Brooks,1483.1636405613185,1498.9340079949718,2.2,3.4,3.25,1,0,1.10039,1.20838,4,0,5,10,3.0,1,0.3333333333333333,0.6666666666666666,1.117021,1.2539116666666665,5.0,10.0,0.4,0.8,1.0855256,1.147807,4.8,9.2,0.4,0.8,1.0855256,1.147807,4.8,9.2,1.0539275,1.510875,0,1,1.20838,1.10039,2,0,6,14,4.0,0,1.3333333333333333,1.0,1.3470933333333333,1.0304126666666666,5.0,11.333333333333334,1.4,1.8,1.1673772,1.3410756,3.8,10.0,1.4,1.8,1.1673772,1.3410756,3.8,10.0,0.814048,0.930074
2022-09-03,Aston Villa,Man City,1,1,S Hooper,1472.3347918111756,1536.230959781277,8.0,5.5,1.33,1,1,0.279392,1.92143,2,0,1,7,3.0,1,0.6666666666666666,2.0,0.468517,2.015223,2.6666666666666665,12.666666666666666,0.8,1.8,0.9122812,1.6018160000000001,3.6,12.6,0.8,1.8,0.9122812,1.6018160000000001,3.6,12.6,1.4857575,0.8548295,1,1,1.92143,0.279392,0,0,4,6,3.0,1,4.333333333333333,1.6666666666666667,3.2989033333333335,1.011476,7.0,10.0,3.8,1.0,2.834948,0.6809124000000001,7.2,8.6,3.8,1.0,2.834948,0.6809124000000001,7.2,8.6,3.130605,1.229444
2022-09-04,Brighton,Leicester,5,2,T Harrington,1519.8901828989785,1460.154128146405,1.83,3.5,4.5,5,2,2.73166,1.06549,1,0,10,6,5.0,0,1.3333333333333333,0.6666666666666666,1.7299666666666667,0.9961013333333334,4.0,9.333333333333334,1.2,0.6,1.7054300000000002,0.9186572,4.2,9.6,1.2,0.6,1.7054300000000002,0.9186572,4.2,9.6,1.609105,0.6663460000000001,2,5,1.06549,2.73166,1,0,1,8,3.0,1,0.6666666666666666,1.6666666666666667,0.9394813333333332,1.3634666666666666,4.666666666666667,8.333333333333334,1.2,2.2,0.7929636,1.6064333999999998,4.2,8.0,1.2,2.2,0.7929636,1.6064333999999998,4.2,8.0,1.3254545,2.37993
2022-09-04,Man United,Arsenal,3,1,P Tierney,1512.1285176490767,1545.150609541037,2.5,3.5,2.7,3,1,2.02904,1.42238,3,0,2,13,3.0,1,1.3333333333333333,0.3333333333333333,1.4869733333333333,1.1657153333333332,4.0,13.333333333333334,1.0,1.4,1.3555976,1.3227792,4.0,12.4,1.0,1.4,1.3555976,1.3227792,4.0,12.4,1.719335,1.625955,1,3,1.42238,2.02904,3,0,5,9,4.0,0,2.3333333333333335,0.6666666666666666,2.3282633333333336,0.47817,7.666666666666667,8.666666666666666,2.6,0.8,2.2862999999999998,0.6663118,6.8,10.4,2.6,0.8,2.2862999999999998,0.6663118,6.8,10.4,1.57341,0.7088525
2022-09-16,Aston Villa,Southampton,1,0,T Harrington,1472.4469278392405,1490.2002064918674,2.1,3.5,3.5,1,0,1.34365,0.218302,3,0,6,13,13.0,0,0.6666666666666666,1.3333333333333333,0.293705,1.685243,2.3333333333333335,10.333333333333334,1.0,1.6,0.8703805999999998,1.8684338,2.8,10.8,0.8333333333333334,1.6666666666666667,0.8067996666666666,1.655085,3.1666666666666665,11.666666666666666,1.0836356666666667,1.210363,0,1,0.218302,1.34365,1,0,3,13,13.0,0,0.6666666666666666,1.0,1.3360366666666668,1.3162266666666664,5.333333333333333,11.0,1.2,1.2,1.331744,1.2377135999999997,4.6,11.6,1.1666666666666667,1.6666666666666667,1.174211,1.3009613333333332,4.166666666666667,10.666666666666666,0.9454920000000001,0.9868459999999999
2022-09-16,Nott'm Forest,Fulham,2,3,J Gillett,1470.7884197254857,1502.0513393467415,2.75,3.3,2.62,2,3,1.41541,1.3496,2,0,2,11,13.0,0,0.6666666666666666,3.6666666666666665,0.953357,2.395787,3.6666666666666665,10.333333333333334,0.8,2.4,1.1500172,2.1415561999999997,3.8,10.0,0.6666666666666666,2.3333333333333335,0.9976518333333333,2.0944801666666666,3.3333333333333335,10.666666666666666,1.3673396666666668,1.812037,3,2,1.3496,1.41541,4,0,10,10,13.0,0,1.3333333333333333,1.6666666666666667,0.792831,2.30203,2.6666666666666665,9.0,1.4,1.4,1.2731926000000002,1.894997,3.4,10.8,1.5,1.5,1.2723638333333334,1.9693491666666667,3.5,10.166666666666666,0.7985643333333333,2.042625
2022-09-17,Wolves,Man City,0,3,A Taylor,1491.8974420644229,1536.1188237532122,9.5,5.0,1.33,0,3,0.310995,1.4242,2,1,5,7,14.0,0,0.6666666666666666,0.3333333333333333,1.25511,1.1680116666666667,4.666666666666667,10.666666666666666,0.4,0.4,1.0853656,1.211649,5.0,9.4,0.5,0.6666666666666666,1.0880029999999998,1.1579024999999998,4.833333333333333,9.333333333333334,1.069415,1.4100433333333333,3,0,1.4242,0.310995,1,0,7,9,14.0,0,3.6666666666666665,1.0,2.7147733333333335,0.36704,6.666666666666667,9.666666666666666,3.6,1.2,2.7017560000000005,0.6875532,7.2,9.0,3.3333333333333335,1.0,2.6826950000000003,0.6139923333333334,6.666666666666667,8.166666666666666,2.7275466666666666,0.91276
2022-09-17,Newcastle,Bournemouth,1,1,C Pawson,1499.019093043065,1490.819583863085,1.44,4.4,7.5,1,1,1.54758,0.976948,2,0,8,10,14.0,0,0.6666666666666666,1.0,1.827962,1.2714216666666667,8.666666666666666,13.333333333333334,1.0,1.2,1.5761075999999998,1.8192869999999999,6.8,12.0,1.1666666666666667,1.0,1.623273,1.5553766666666666,7.5,11.5,2.326173333333333,1.61008,1,1,0.976948,1.54758,2,0,1,11,14.0,0,1.0,3.6666666666666665,0.482689,2.57392,3.0,9.0,0.6,3.6,0.3566696,2.2246420000000002,2.6,9.6,0.8333333333333334,3.0,0.3952815,1.9353508333333334,3.0,11.0,0.403326,2.626646666666667
2022-09-17,Tottenham,Leicester,6,2,S Hooper,1537.1789477596028,1453.470156752032,1.45,4.5,7.0,6,2,1.98619,1.59449,1,0,6,9,14.0,0,1.6666666666666667,0.6666666666666666,1.9487483333333333,0.9018649999999999,5.0,10.333333333333334,1.6,0.8,1.7798810000000003,1.0462336,5.6,10.0,2.0,0.8333333333333334,1.7527675,0.9362856666666667,6.333333333333333,10.166666666666666,1.9205033333333335,0.4847416666666667,2,6,1.59449,1.98619,2,0,1,9,13.0,0,1.0,2.6666666666666665,1.213662,1.86017,4.333333333333333,7.333333333333333,1.2,2.8,0.9149225999999999,1.966552,3.4,8.4,1.3333333333333333,2.6666666666666665,0.8383846666666667,1.7939711666666665,3.6666666666666665,8.0,1.2387996666666667,2.4971733333333335
2022-09-18,Brentford,Arsenal,0,3,D Coote,1508.725151077284,1535.9255393479486,4.2,3.8,1.8,0,3,0.54011,1.32021,0,0,3,10,15.0,0,2.3333333333333335,1.3333333333333333,2.2168300000000003,1.4093376666666666,5.333333333333333,8.0,2.6,1.4,1.926372,1.6046782,5.4,7.4,2.5,1.5,1.7604878333333334,1.413181,5.5,7.0,2.140086666666667,1.4488960000000002,3,0,1.32021,0.54011,2,0,3,10,14.0,0,1.6666666666666667,1.6666666666666667,2.23212,1.0840716666666668,8.0,8.333333333333334,2.4,1.4,2.283574,0.8308458,6.8,10.0,2.3333333333333335,1.1666666666666667,2.1423133333333335,0.8934331666666667,6.5,10.166666666666666,1.5230666666666668,1.148915
2022-09-18,Everton,West Ham,1,0,M Oliver,1482.7177780456557,1473.4321827931133,2.9,3.25,2.5,1,0,0.39773,0.655351,3,0,5,8,15.0,0,0.6666666666666666,0.6666666666666666,1.4060766666666666,1.5718633333333332,4.666666666666667,8.0,0.8,1.0,1.405476,1.660173,5.6,7.4,0.6666666666666666,1.0,1.2615605,1.7040024999999999,5.333333333333333,8.5,1.1225843333333334,1.4092116666666665,0,1,0.655351,0.39773,1,0,14,11,15.0,0,1.0,1.0,1.0922863333333332,0.578391,2.6666666666666665,10.333333333333334,0.6,1.2,1.2263666,1.1066646,4.0,10.4,0.5,1.3333333333333333,1.0630035,1.3534521666666668,3.5,10.0,1.2801763333333334,0.9945293333333334
2022-10-01,Arsenal,Tottenham,3,1,A Taylor,1546.8667934806908,1543.263466696737,2.05,3.75,3.3,3,1,2.48403,1.5027,2,0,5,10,13.0,0,2.0,1.3333333333333333,1.8474333333333333,0.9554393333333334,6.0,9.666666666666666,2.2,1.0,1.945476,0.800732,6.2,9.0,2.4285714285714284,1.0,2.02487,0.8429584285714286,6.0,10.142857142857142,2.76156,0.6379513333333334,1,3,1.5027,2.48403,1,1,2,10,14.0,0,3.0,1.3333333333333333,1.7959016666666665,1.1662386666666666,6.666666666666667,9.0,2.4,0.8,1.859703,0.9972416,5.8,10.0,2.5714285714285716,1.0,1.7861135714285716,1.030314857142857,6.285714285714286,10.0,1.5850316666666666,1.3878296666666667
2022-10-01,Bournemouth,Brentford,0,0,T Bramall,1492.757694581715,1497.7838969445418,3.3,3.4,2.2,0,0,0.758128,1.046,1,0,7,11,14.0,0,1.3333333333333333,1.0,0.748008,1.4696633333333333,3.0,11.0,0.8,3.0,0.52727,2.19603,2.6,10.0,0.8571428571428571,2.7142857142857144,0.4783767142857143,1.879955,2.7142857142857144,11.0,0.387237,1.2440550000000001,0,0,1.046,0.758128,2,0,8,10,13.0,0,2.0,2.0,1.6355633333333335,1.2978576666666666,3.6666666666666665,8.666666666666666,1.8,2.0,1.756824,1.6895126,4.4,8.2,2.142857142857143,1.7142857142857142,1.586148142857143,1.3998994285714286,5.142857142857143,7.428571428571429,1.380889,1.377466
2022-10-01,Crystal Palace,Chelsea,1,2,C Kavanagh,1491.7815757396588,1508.1895142457277,4.2,3.6,1.85,1,2,0.70987,1.25506,1,0,5,11,28.0,0,1.0,1.6666666666666667,0.5966446666666667,2.303366666666667,3.3333333333333335,10.333333333333334,1.4,1.4,1.2691968,1.9899776000000002,3.2,11.0,1.1666666666666667,1.5,1.2587256666666666,1.897649666666667,3.1666666666666665,11.833333333333334,1.6317009999999998,1.2859726666666667,2,1,1.25506,0.70987,3,0,2,13,28.0,0,1.6666666666666667,1.3333333333333333,1.3203976666666666,1.6068966666666669,5.333333333333333,8.666666666666666,1.4,1.8,1.2986270000000002,1.7234960000000001,6.0,10.0,1.3333333333333333,1.5,1.4027141666666667,1.5265771666666668,7.666666666666667,10.166666666666666,1.3734473333333332,1.3975176666666667
2022-10-01,Fulham,Newcastle,1,4,D England,1512.8765779724527,1497.080982324435,3.0,3.4,2.37,1,4,0.683701,4.67198,2,1,1,9,15.0,0,2.0,1.6666666666666667,0.9340286666666667,1.9490766666666666,5.333333333333333,8.333333333333334,2.0,1.8,1.3254866,1.983004,4.8,10.0,1.7142857142857142,1.5714285714285714,1.2833975714285712,1.890215,4.428571428571429,10.142857142857142,1.7461633333333333,1.8960733333333335,4,1,4.67198,0.683701,0,0,8,10,14.0,0,0.6666666666666666,1.0,1.699282,1.2195776666666667,7.0,13.0,1.2,1.4,1.8488332,1.6930066,7.8,12.8,1.1428571428571428,1.0,1.6124597142857142,1.472744,7.571428571428571,11.285714285714286,0.9203726666666666,1.5006733333333333
2022-10-01,Liverpool,Brighton,3,3,A Madley,1508.6570240298415,1526.5741542933515,1.33,5.25,8.5,3,3,2.1515,2.36567,1,0,9,9,28.0,0,3.6666666666666665,0.3333333333333333,2.6692366666666665,0.7387423333333332,10.0,8.666666666666666,2.6,0.8,2.353336,1.1757094000000001,8.4,8.0,2.5,1.0,2.3512983333333337,1.1911278333333333,7.666666666666667,8.166666666666666,2.9525000000000006,0.8230723333333333,3,3,2.36567,2.1515,1,0,2,13,27.0,0,2.3333333333333335,1.3333333333333333,2.031703333333333,1.0950533333333334,6.0,9.0,1.8,0.8,1.9059820000000003,0.8475492000000001,5.8,8.4,1.8333333333333333,0.8333333333333334,1.8764683333333334,0.9431293333333334,5.166666666666667,9.0,1.7696466666666666,1.0868646666666668
2022-10-01,Southampton,Everton,1,2,A Marriner,1481.4102072388625,1490.7495997851422,2.15,3.4,3.4,1,2,1.95961,1.99979,2,0,7,11,15.0,0,0.6666666666666666,1.0,0.9558473333333334,1.3162466666666666,4.666666666666667,14.0,0.8,1.0,1.0935924,1.1070556,4.8,12.2,1.0,1.5714285714285714,1.0376525714285714,1.3070597142857143,4.0,11.0,1.4029300000000002,1.6150766666666667,2,1,1.99979,1.95961,2,0,6,10,13.0,0,0.6666666666666666,0.3333333333333333,0.9871033333333333,1.029010333333333,4.666666666666667,8.0,0.8,0.6,1.210008,1.2578511999999997,5.0,7.6,0.7142857142857143,0.8571428571428571,1.138156142857143,1.5541951428571428,5.285714285714286,8.428571428571429,1.4005366666666668,1.9987933333333334
2022-10-01,West Ham,Wolves,2,0,P Tierney,1465.4003610536267,1481.4436088871335,1.95,3.5,4.2,2,0,1.03934,0.575988,2,0,1,8,13.0,0,0.6666666666666666,1.3333333333333333,1.199207,0.6094493333333333,6.666666666666667,10.666666666666666,0.6,1.2,0.9401688,0.7918706,5.4,10.4,0.42857142857142855,1.2857142857142858,1.0047674285714285,1.2169204285714286,5.0,10.142857142857142,0.8458306666666666,1.712375,0,2,0.575988,1.03934,2,0,6,6,14.0,0,0.3333333333333333,1.0,0.9812816666666667,0.9982049999999999,5.0,9.666666666666666,0.4,1.0,0.9524896,1.278863,5.0,9.4,0.42857142857142855,1.0,0.977001857142857,1.195945,4.857142857142857,9.0,1.1065909999999999,0.9057616666666667
2022-10-02,Man City,Man United,6,3,M Oliver,1546.5726569305016,1521.353587842165,1.33,5.75,7.5,6,3,3.01103,1.71335,0,0,5,3,15.0,0,3.3333333333333335,0.3333333333333333,2.394406666666667,0.4400463333333333,7.0,8.0,3.4,1.2,2.6484680000000003,0.724963,6.4,9.0,3.2857142857142856,0.8571428571428571,2.50291,0.570707,6.714285714285714,8.285714285714286,2.637843333333333,0.31522466666666665,3,6,1.71335,3.01103,3,0,1,9,28.0,0,1.6666666666666667,0.3333333333333333,1.4907733333333333,1.132172,2.6666666666666665,14.0,1.4,1.2,1.4771996,1.2614752,3.2,13.6,1.3333333333333333,1.3333333333333333,1.4678380000000002,1.3393793333333335,3.6666666666666665,12.5,1.113106,1.120662
2022-10-02,Leeds,Aston Villa,0,0,S Attwell,1498.652551946499,1481.2369270922454,2.35,3.4,3.0,0,0,0.298626,1.89645,3,1,2,23,29.0,0,1.0,2.3333333333333335,1.3300833333333333,1.843416666666667,6.333333333333333,11.0,1.6,1.8,1.6393799999999998,1.5263604000000002,5.6,12.2,1.6666666666666667,1.6666666666666667,1.5143449999999998,1.4554986666666665,5.666666666666667,12.333333333333334,1.3814633333333333,0.988524,0,0,1.89645,0.298626,2,0,9,12,16.0,0,1.0,1.0,0.64007,1.6464806666666665,3.3333333333333335,11.333333333333334,0.8,1.4,0.6057186,1.6370802000000002,3.0,11.6,0.8571428571428571,1.4285714285714286,0.8834925714285714,1.4498302857142857,3.5714285714285716,11.857142857142858,0.5299636666666667,2.0998069999999998
2022-10-03,Leicester,Nott'm Forest,4,0,R Jones,1447.3856378148978,1459.9631810997746,1.75,4.0,4.33,4,0,1.2497,1.22169,2,0,6,13,16.0,0,1.3333333333333333,4.0,1.0917486666666667,1.9391800000000001,1.0,8.0,1.2,3.2,1.0956848,1.7616500000000002,3.2,8.4,1.4285714285714286,3.142857142857143,0.9463997142857143,1.821431,3.2857142857142856,8.142857142857142,0.43796966666666665,1.090769,0,4,1.22169,1.2497,4,0,6,12,17.0,0,1.3333333333333333,4.0,1.1580373333333334,2.0307436666666665,2.3333333333333335,10.333333333333334,1.0,3.0,1.0387591999999999,1.9942081999999999,3.0,10.2,0.8571428571428571,2.4285714285714284,1.0573315714285714,1.988068714285714,3.142857142857143,10.714285714285714,0.627964,2.3769233333333335
2022-10-08,Bournemouth,Leicester,2,1,M Salisbury,1491.1884951202878,1456.029123429984,3.6,3.4,2.05,2,1,1.14891,1.18125,1,0,7,8,7.0,0,1.3333333333333333,1.0,0.880039,1.30751,4.666666666666667,10.666666666666666,0.8,2.4,0.6366286000000001,2.0630680000000003,3.4,9.8,0.75,2.375,0.513345625,1.775710625,3.25,11.0,0.47995975,1.1945412499999999,1,2,1.18125,1.14891,2,0,2,16,5.0,0,2.6666666666666665,3.6666666666666665,1.3032266666666665,1.979846666666667,2.6666666666666665,10.0,1.8,2.8,1.2970351999999998,1.7576779999999999,4.0,8.8,1.75,2.75,0.98431225,1.746463375,3.625,8.75,1.3277222499999999,2.3694275
2022-10-08,Chelsea,Wolves,3,0,S Hooper,1519.43765200608,1472.7020784097251,1.4,4.5,8.0,3,0,2.43092,0.748449,2,0,4,8,7.0,0,1.6666666666666667,1.3333333333333333,1.1556976666666667,1.19011,5.0,9.666666666666666,1.4,1.6,1.181749,1.548054,4.8,10.8,1.4285714285714286,1.4285714285714286,1.3816207142857144,1.4099047142857144,6.857142857142857,10.571428571428571,1.4319810000000002,1.6556366666666669,0,3,0.748449,2.43092,0,0,2,8,7.0,0,0.3333333333333333,1.6666666666666667,0.6624576666666667,1.2239733333333331,5.333333333333333,7.666666666666667,0.4,1.2,0.9304626,1.1935149999999999,5.0,9.0,0.375,1.125,0.926875125,1.176369375,5.0,8.625,0.97394025,0.93915625
2022-10-08,Man City,Southampton,4,0,A Madley,1554.1678881651537,1469.962324574791,1.11,10.0,17.0,4,0,2.73536,0.101148,0,0,9,4,6.0,0,3.3333333333333335,1.3333333333333333,2.1188866666666666,0.7679123333333333,5.333333333333333,6.0,4.0,1.2,2.51591,0.625093,6.4,8.2,3.625,1.125,2.566425,0.713537375,6.5,7.625,2.73114,0.6647559999999999,0,4,0.101148,2.73536,1,0,1,8,7.0,0,0.3333333333333333,1.3333333333333333,1.128764,1.4812766666666668,5.333333333333333,12.666666666666666,0.6,1.2,1.2372044,1.458424,5.2,11.4,1.0,1.625,1.15289725,1.393651,4.375,11.0,0.7636944999999999,1.076047
2022-10-08,Newcastle,Brentford,5,1,J Brooks,1509.22859243447,1499.353096405969,1.83,3.8,4.2,5,1,2.44631,1.13466,0,0,9,14,7.0,0,1.6666666666666667,0.6666666666666666,3.0420933333333333,0.8604146666666667,9.666666666666666,13.0,1.4,1.0,2.3406892,1.0949828,8.4,12.0,1.5,1.0,1.9948997499999999,1.3741136250000001,7.625,11.125,2.131525,1.451797,1,5,1.13466,2.44631,1,0,5,9,7.0,0,1.6666666666666667,1.6666666666666667,1.4448699999999999,1.291446,4.333333333333333,9.333333333333334,1.4,1.4,1.6473200000000001,1.2612702,5.4,8.8,1.875,1.5,1.518629625,1.3196780000000001,5.5,7.75,1.2971667500000001,1.2226315
2022-10-08,Brighton,Tottenham,0,1,T Harrington,1527.7795077945,1535.073937969867,2.8,3.4,2.5,0,1,0.899735,0.771641,1,0,6,9,7.0,0,3.0,2.3333333333333335,2.28364,1.4293066666666665,5.0,10.0,2.4,1.4,2.057446,1.2410588,4.8,9.4,2.0,1.1428571428571428,1.9463542857142857,1.1157537142857143,4.714285714285714,9.571428571428571,1.9832900000000002,0.799394,1,0,0.771641,0.899735,2,0,2,14,7.0,0,3.0,2.0,2.0557066666666666,1.486692,6.0,9.333333333333334,2.4,1.4,1.8670270000000002,1.356823,4.6,10.0,2.375,1.25,1.750686875,1.21202925,5.75,10.0,1.56444875,1.66187975
2022-10-09,West Ham,Fulham,3,1,C Kavanagh,1474.141891531035,1500.7289678624174,1.72,3.8,4.75,3,1,3.43676,0.549848,1,0,4,9,8.0,0,1.0,1.0,1.0380969999999998,0.5603503333333333,6.0,10.0,1.0,0.8,0.9943099999999999,0.5417781999999999,4.6,10.0,0.625,1.125,1.009089,1.136803875,4.5,9.875,0.8942079999999999,1.42827825,1,3,0.549848,3.43676,3,0,2,7,8.0,0,1.6666666666666667,2.6666666666666665,0.8049523333333334,2.9218733333333327,4.666666666666667,8.333333333333334,1.6,2.2,0.8823587999999999,2.598696,3.8,9.2,1.625,1.875,1.2084355,2.237935625,4.0,10.0,0.93632325,1.8858212500000002
2022-10-09,Crystal Palace,Leeds,2,1,P Tierney,1480.5334379793064,1496.4605090632647,2.05,3.5,3.6,2,1,1.65194,1.06564,3,0,5,13,8.0,0,0.6666666666666666,1.0,0.8026093333333334,1.92662,4.666666666666667,11.333333333333334,1.4,1.6,1.0822348,1.7937976,3.8,11.6,1.1428571428571428,1.5714285714285714,1.1803177142857142,1.8058511428571429,3.4285714285714284,11.714285714285714,1.4012432499999998,1.2782445,1,2,1.06564,1.65194,3,0,3,23,7.0,0,1.0,2.0,1.046712,1.9389466666666666,6.0,14.0,1.2,1.4,1.2997172,1.6238384,5.0,14.4,1.4285714285714286,1.4285714285714286,1.3406708571428572,1.5184917142857144,5.142857142857143,13.857142857142858,1.6472266666666666,1.9224733333333333
2022-10-09,Everton,Man United,1,2,D Coote,1502.1974824492138,1513.758356607513,3.6,3.5,2.05,1,2,0.365844,1.82612,2,0,5,7,8.0,0,1.0,0.3333333333333333,1.26307,1.333710333333333,6.0,8.333333333333334,1.0,0.6,1.32315,1.4661102,5.0,8.4,0.875,0.875,1.245860375,1.6048719999999999,5.375,8.625,0.94137075,1.2207465,2,1,1.82612,0.365844,1,0,4,13,7.0,0,2.3333333333333335,2.3333333333333335,1.6140266666666667,1.682892,2.0,12.333333333333334,2.0,1.6,1.640662,1.5861112,3.0,12.4,1.5714285714285714,2.0,1.502911142857143,1.5781865714285712,3.2857142857142856,12.0,1.263167,1.593254
2022-10-09,Arsenal,Liverpool,3,2,M Oliver,1555.0563222075607,1507.451670528693,2.5,3.6,2.62,3,2,2.81968,0.765151,1,0,4,11,8.0,0,2.3333333333333335,1.3333333333333333,1.742206666666667,1.3572833333333332,4.333333333333333,9.666666666666666,2.2,1.2,2.10012,1.059005,6.4,9.0,2.5,1.0,2.082265,0.925426125,5.875,10.125,2.6921775,0.8541385,2,3,0.765151,2.81968,2,0,3,11,8.0,0,1.6666666666666667,1.3333333333333333,1.7662866666666666,1.4669686666666664,10.333333333333334,9.666666666666666,3.0,1.2,2.336444,1.3199074,9.4,8.4,2.5714285714285716,1.2857142857142858,2.3227557142857145,1.3589195714285716,7.857142857142857,8.285714285714286,1.7500966666666666,1.5591833333333334
2022-10-10,Nott'm Forest,Aston Villa,1,1,A Taylor,1451.3196954846883,1483.4289699754797,3.3,3.4,2.2,1,1,0.221346,0.657187,3,0,1,13,7.0,0,1.3333333333333333,3.3333333333333335,1.3220166666666666,1.1681136666666667,4.0,12.0,0.8,3.6,1.0994342,1.9573322000000002,3.8,10.8,0.75,2.625,1.077876375,1.895772625,3.5,10.875,1.37935725,1.6964277499999998,1,1,0.657187,0.221346,3,0,4,19,8.0,0,0.6666666666666666,0.3333333333333333,1.1731639999999999,0.812786,5.333333333333333,10.666666666666666,0.6,0.8,0.8242429999999998,1.1145314000000002,4.4,11.2,0.75,1.25,1.01011225,1.30592975,4.25,11.875,0.87158525,1.6495117499999998
2022-10-14,Brentford,Brighton,2,0,M Salisbury,1491.3375901991712,1516.2740500064865,3.1,3.4,2.3,2,0,1.90636,2.15668,3,0,2,12,6.0,0,0.3333333333333333,2.6666666666666665,0.9069233333333333,1.5082160000000002,5.333333333333333,9.666666666666666,1.4,2.2,1.41747,1.4196022000000001,4.8,9.0,1.7777777777777777,1.8888888888888888,1.4759663333333333,1.4448593333333335,5.444444444444445,7.888888888888889,1.7400925,1.4167245,0,2,2.15668,1.90636,1,0,11,15,6.0,0,2.6666666666666665,2.0,1.9990216666666667,1.3295436666666667,6.0,9.333333333333334,2.0,1.6,1.8721030000000003,1.2416601999999999,5.2,9.8,1.75,1.125,1.815526875,1.072739625,4.875,9.5,1.9186525,1.3530235
2022-10-15,Leicester,Crystal Palace,0,0,A Madley,1448.7015374389528,1489.2716777175176,2.3,3.4,3.1,0,0,0.973426,0.346808,2,0,9,18,7.0,0,2.3333333333333335,2.6666666666666665,1.3418133333333333,1.4522633333333335,3.0,12.666666666666666,1.8,2.8,1.1412392,1.637628,2.2,10.6,1.6666666666666667,2.6666666666666665,1.0061942222222222,1.6800685555555555,3.4444444444444446,9.555555555555555,0.64090225,1.12349925,0,0,0.346808,0.973426,2,0,2,13,6.0,0,1.0,1.0,1.0941349999999999,1.7424733333333335,5.0,12.0,1.2,1.6,0.8303488,1.84616,4.0,11.0,1.25,1.5,1.2392705,1.71332475,3.625,11.875,0.8857503333333333,2.5093266666666665
2022-10-15,Fulham,Bournemouth,2,2,G Scott,1491.6877152127117,1498.5160811113192,1.85,3.75,4.0,2,2,1.61738,1.62829,2,0,5,9,6.0,0,1.6666666666666667,3.0,0.8610496666666666,3.1747166666666664,4.333333333333333,8.666666666666666,1.6,2.4,0.8071269999999998,2.791194,3.8,8.2,1.5555555555555556,2.0,1.135259111111111,2.371138333333333,3.7777777777777777,9.666666666666666,1.48054775,2.5900499999999997,2,2,1.62829,1.61738,0,0,6,11,7.0,0,1.0,0.6666666666666666,0.9613286666666667,1.2582766666666667,5.0,10.0,1.2,0.8,0.8302124,1.327248,4.6,10.4,0.8888888888888888,2.2222222222222223,0.583963888888889,1.7096594444444446,3.6666666666666665,10.666666666666666,0.5467315,2.3568800000000003
2022-10-15,Wolves,Nott'm Forest,1,0,T Bramall,1465.6810435221162,1450.518655830593,1.7,3.75,5.0,1,0,1.22368,1.24761,2,0,4,17,7.0,0,0.0,2.6666666666666665,0.5451440000000001,1.6314866666666665,4.333333333333333,7.0,0.2,1.6,0.8536564,1.292975,4.6,8.6,0.3333333333333333,1.3333333333333333,0.9070499999999999,1.315763888888889,4.666666666666667,8.555555555555555,0.87981,1.4135825,0,1,1.24761,1.22368,2,0,5,13,5.0,0,1.0,2.6666666666666665,0.9528153333333332,1.0854956666666666,3.0,12.0,1.0,3.4,0.9834296,1.5998236000000001,2.8,11.2,0.7777777777777778,2.4444444444444446,0.9827063333333333,1.758152,3.2222222222222223,11.11111111111111,0.7763955,2.0951175
2022-10-15,Tottenham,Everton,2,0,P Tierney,1546.5793957578805,1490.8122559145522,1.5,4.5,6.5,2,0,2.49409,0.560039,1,0,7,12,7.0,0,2.6666666666666665,1.6666666666666667,1.420177,1.6594183333333337,3.3333333333333335,11.0,2.2,1.4,1.5324092,1.3764962,4.8,10.2,2.2222222222222223,1.1111111111111112,1.641904,1.177329888888889,5.333333333333333,10.444444444444445,1.936925,0.76217875,0,2,0.560039,2.49409,4,0,1,13,6.0,0,1.3333333333333333,1.0,0.9211213333333332,1.4803603333333328,5.333333333333333,8.333333333333334,1.0,0.8,1.0653888,1.3745521999999997,5.0,8.2,0.8888888888888888,1.0,1.1480807777777777,1.629455111111111,5.333333333333333,8.444444444444445,1.55035,1.9889975
2022-10-16,Man United,Newcastle,0,0,C Pawson,1525.1435831421745,1517.2440986412678,1.95,3.8,3.5,0,0,1.41606,0.78815,3,0,4,13,7.0,0,2.6666666666666665,2.6666666666666665,1.8561699999999999,1.599751333333333,2.3333333333333335,11.666666666666666,2.0,1.6,1.602358,1.354678,2.6,12.8,1.625,1.875,1.54331225,1.42664375,3.375,12.125,1.82257,1.5580966666666667,0,0,0.78815,1.41606,1,0,4,11,8.0,0,3.3333333333333335,1.0,2.8886233333333333,0.9317696666666667,8.333333333333334,11.333333333333334,2.2,1.0,2.4432272,1.0954188,7.6,12.6,1.8888888888888888,1.0,2.045056444444444,1.3475076666666665,7.777777777777778,11.444444444444445,1.8582744999999998,1.29643025
2022-10-16,Leeds,Arsenal,0,1,C Kavanagh,1487.7222693250535,1562.0545798450153,6.0,4.2,1.55,0,1,2.02232,0.821757,0,0,6,10,7.0,0,1.0,2.3333333333333335,1.053422,2.0989633333333333,3.6666666666666665,18.333333333333332,0.8,1.8,1.0709032,1.815728,4.8,15.8,1.375,1.5,1.306292,1.53517275,4.875,15.0,1.110754,1.2155055,1,0,0.821757,2.02232,2,0,3,11,7.0,0,3.0,1.0,2.2079733333333333,0.9359869999999999,4.0,10.333333333333334,2.4,1.4,2.169202,1.0268338,5.4,10.0,2.5555555555555554,1.1111111111111112,2.1642,0.9076177777777777,5.666666666666667,10.222222222222221,1.4723525,0.99671375
2022-10-16,Liverpool,Man City,1,0,A Taylor,1500.4534128912385,1560.2403076857931,3.6,4.0,1.9,1,0,1.9992,0.911493,3,0,5,10,7.0,0,1.6666666666666667,2.0,1.4342736666666667,2.192346666666667,7.0,10.333333333333334,3.2,1.4,2.1848722,1.4803153999999998,8.4,9.2,2.5,1.5,2.128055125,1.541514625,7.25,8.625,2.75225,1.20872175,0,1,0.911493,1.9992,1,0,6,7,8.0,0,4.333333333333333,1.0,2.3901966666666667,0.7084976666666666,7.0,5.333333333333333,4.0,0.8,2.585922,0.6269274,7.0,6.2,3.6666666666666665,1.0,2.585195555555556,0.6454941111111111,6.777777777777778,7.222222222222222,2.40171,0.7623187499999999
2022-10-16,Southampton,West Ham,1,1,P Bankes,1463.8899050541515,1483.1831441807408,2.9,3.4,2.4,1,1,0.524479,1.70727,1,0,4,7,8.0,0,0.3333333333333333,2.3333333333333335,0.7596866666666666,2.026266666666667,3.6666666666666665,10.666666666666666,0.6,1.8,0.98566,1.736778,4.4,12.2,0.8888888888888888,1.8888888888888888,1.0360362222222221,1.5427297777777778,4.0,10.666666666666666,1.5421,1.711255,1,1,1.70727,0.524479,1,0,14,3,7.0,0,1.6666666666666667,0.6666666666666666,1.7104836666666667,0.5078553333333333,6.333333333333333,9.333333333333334,1.4,1.0,1.6147441999999999,0.5908368,5.0,9.8,0.8888888888888888,1.1111111111111112,1.278830222222222,1.0715865555555555,4.444444444444445,9.777777777777779,1.12397,0.8453295
2022-10-16,Aston Villa,Chelsea,0,2,R Jones,1484.230009629575,1526.458686893689,4.33,3.75,1.8,0,2,2.44542,1.23643,0,0,7,12,6.0,0,0.6666666666666666,0.3333333333333333,1.2990956666666669,0.24609133333333333,6.333333333333333,14.666666666666666,0.8,0.8,0.8947694,1.0918828,4.6,13.0,0.7777777777777778,1.2222222222222223,0.9708983333333333,1.1854204444444445,4.222222222222222,12.666666666666666,1.14863925,0.96234775,2,0,1.23643,2.44542,3,0,1,11,8.0,0,2.3333333333333335,0.6666666666666666,1.4644376666666667,0.9593063333333335,5.333333333333333,9.0,2.0,1.0,1.5294346,1.2558018,4.4,9.4,1.625,1.25,1.512783125,1.32722275,6.5,10.25,1.3438505,1.22560575
2022-10-18,Brighton,Nott'm Forest,0,0,D England,1507.2798474375907,1442.6488745503045,1.4,4.75,7.0,0,0,2.10188,0.195003,3,0,9,10,4.0,0,1.0,2.0,1.807361666666667,1.6098336666666666,6.333333333333333,12.333333333333334,1.8,2.0,1.9814669999999999,1.3931841999999999,6.4,10.8,1.5555555555555556,1.2222222222222223,1.8534327777777777,1.165364111111111,5.555555555555555,10.11111111111111,1.71240125,0.79245575,0,0,0.195003,2.10188,1,0,1,14,3.0,1,0.3333333333333333,2.0,0.8968820000000001,1.0435223333333334,4.0,12.666666666666666,1.0,2.4,1.0870012,1.0770416,3.6,12.4,0.7,2.3,1.0091967,1.7047048,3.4,11.3,0.8706384,1.92083
2022-10-18,Crystal Palace,Wolves,2,1,D Coote,1489.8303317678094,1473.5508248024046,2.25,3.1,3.4,2,1,1.25617,0.857837,3,0,4,14,3.0,1,1.0,1.0,0.9028726666666667,1.098042,4.0,12.333333333333334,0.8,0.8,0.8813152000000001,1.5637852,4.2,12.0,1.1111111111111112,1.3333333333333333,1.140108,1.6311137777777778,3.4444444444444446,12.0,1.4513825999999999,1.2357236,1,2,0.857837,1.25617,1,0,3,18,3.0,1,0.3333333333333333,1.6666666666666667,0.8493723333333333,1.5726233333333333,4.0,10.333333333333334,0.4,1.6,0.7919004000000001,1.47009,4.4,9.6,0.4,1.2,0.9387129999999999,1.3089485,4.6,9.4,0.9288420000000001,1.237509
2022-10-19,Bournemouth,Southampton,0,1,J Brooks,1500.0346466280178,1462.7236021392407,2.62,3.3,2.62,0,1,0.810452,1.23878,1,0,7,8,4.0,0,1.3333333333333333,1.0,1.1784426666666665,1.2815433333333333,6.666666666666667,10.0,1.6,1.2,1.0834633999999999,1.344232,5.4,10.2,1.0,2.2,0.6883965,1.7004315,3.9,10.7,0.6137498000000001,1.191883,1,0,1.23878,0.810452,3,0,3,13,3.0,1,0.6666666666666666,2.3333333333333335,0.8617456666666667,2.1474733333333336,4.0,8.666666666666666,0.4,1.8,0.8023838000000001,1.7772919999999999,4.2,10.6,0.9,1.8,0.9848805,1.5591838,4.0,10.3,0.6311852,1.4079096
2022-10-19,Brentford,Chelsea,0,0,J Gillett,1500.331792768067,1536.9697410627891,4.75,3.8,1.72,0,0,1.45228,0.557405,0,0,6,7,5.0,0,1.0,1.6666666666666667,1.3623400000000003,1.7870393333333334,5.0,10.333333333333334,1.6,2.0,1.475126,1.6954656,4.0,9.8,1.8,1.7,1.5190057,1.5160414000000002,5.1,8.3,1.773346,1.5647156,0,0,0.557405,1.45228,0,0,2,7,3.0,1,2.3333333333333335,0.3333333333333333,1.6408033333333332,1.3012463333333335,2.3333333333333335,10.666666666666666,2.0,0.8,1.4268886000000003,1.3528398,4.0,9.6,1.6666666666666667,1.1111111111111112,1.4820772222222223,1.4514668888888889,5.888888888888889,10.333333333333334,1.3223664,1.4695686000000001
2022-10-19,Liverpool,West Ham,1,0,S Attwell,1510.4472792311415,1484.3494470956516,1.4,5.0,7.0,1,0,2.24066,2.48649,0,0,8,9,3.0,1,2.0,2.0,1.638617,2.032281,5.666666666666667,10.0,1.6,1.4,1.6126421999999998,1.6264158000000002,7.8,10.0,2.3333333333333335,1.3333333333333333,2.113737888888889,1.4715122222222223,7.0,8.777777777777779,2.60164,1.149276,0,1,2.48649,2.24066,0,0,3,8,3.0,1,2.0,0.6666666666666666,2.0611233333333336,0.550105,6.333333333333333,6.666666666666667,1.4,1.0,1.6516642000000001,0.5510756,7.2,8.4,0.9,1.1,1.3216742,1.0168758,5.4,9.1,1.24063,0.7811594
2022-10-19,Newcastle,Everton,1,0,T Harrington,1519.1738969357248,1484.0262290982432,1.6,3.8,5.75,1,0,1.13393,0.0609567,2,0,8,9,3.0,1,3.0,0.6666666666666666,2.63548,1.0781403333333335,7.0,11.666666666666666,2.0,0.6,2.472148,1.0263928,8.4,12.8,1.7,0.9,1.9193658,1.3543629,7.4,11.4,2.194482,1.3883696,0,1,0.0609567,1.13393,4,0,2,12,4.0,0,1.0,1.6666666666666667,0.9752243333333332,2.093273333333333,4.0,10.0,0.8,1.0,0.9430185999999999,1.6642681999999998,4.8,9.0,0.8,1.1,1.0892766,1.7159185999999997,4.9,8.9,1.3522878,2.090016
2022-10-19,Man United,Tottenham,2,0,S Hooper,1523.2137848477175,1553.3654225741896,2.45,3.5,2.75,2,0,1.70973,0.658526,1,0,8,7,3.0,1,1.6666666666666667,2.3333333333333335,1.651843333333333,1.3883413333333332,3.0,11.666666666666666,1.8,1.6,1.6168520000000002,1.2405339999999998,2.8,12.6,1.4444444444444444,1.6666666666666667,1.529173111111111,1.3557,3.4444444444444446,12.222222222222221,1.7209425,1.36561,0,2,0.658526,1.70973,0,0,3,7,4.0,0,1.3333333333333333,1.0,1.5894769999999998,1.3146013333333333,3.6666666666666665,12.0,2.4,1.2,1.8865702,1.18397,5.4,10.8,2.2,1.0,1.7271226,1.1156008,5.5,10.6,1.4058872,1.5094508
2022-10-20,Fulham,Aston Villa,3,0,M Oliver,1490.1691496960132,1473.718955460475,2.9,3.3,2.5,3,0,2.892,0.711487,0,0,9,11,5.0,0,1.3333333333333333,3.0,0.9503096666666666,3.2456766666666663,2.6666666666666665,8.333333333333334,1.6,2.6,0.916417,2.766134,4.2,8.2,1.6,2.0,1.1834712,2.2968535,3.9,9.6,1.5079142,2.397698,0,3,0.711487,2.892,2,1,7,11,4.0,0,0.3333333333333333,1.0,1.6663523333333332,0.5854673333333333,6.666666666666667,14.333333333333334,0.6,0.8,1.3244197999999998,0.7792268,5.4,12.6,0.7,1.3,1.1183505,1.1905214000000002,4.5,12.6,0.8287055999999999,1.3638786
2022-10-20,Leicester,Leeds,2,0,P Bankes,1448.142883388661,1478.1345525472436,2.25,3.6,3.0,2,0,0.655249,1.19464,2,0,2,15,5.0,0,1.6666666666666667,0.6666666666666666,1.1347919999999998,0.9058026666666668,5.666666666666667,15.666666666666666,1.8,2.6,1.2128712,1.4870515999999998,3.8,12.8,1.5,2.4,1.0029173999999998,1.5467425000000001,4.0,10.4,0.707407,0.9681609999999999,0,2,1.19464,0.655249,1,0,9,11,4.0,0,0.3333333333333333,1.0,1.128862,1.4567156666666667,3.6666666666666665,18.666666666666668,0.8,1.8,1.2456192,1.6581074,5.4,15.0,1.2222222222222223,1.4444444444444444,1.3858506666666668,1.4559043333333335,5.0,14.444444444444445,1.50183,1.85484
2022-10-22,Everton,Crystal Palace,3,0,S Hooper,1476.698330298572,1497.6694399471878,2.6,3.2,2.87,3,0,1.93396,0.597167,3,0,3,16,3.0,1,0.3333333333333333,1.6666666666666667,0.32894656666666666,1.8180466666666664,2.6666666666666665,10.666666666666666,0.8,1.2,0.6768719400000001,1.6138201999999997,3.8,10.0,0.8,1.1,1.04117397,1.6369965999999998,4.7,8.7,0.8262654000000001,1.3418212,0,3,0.597167,1.93396,4,0,4,14,4.0,0,1.3333333333333333,0.6666666666666666,1.0849726666666666,0.9656343333333334,3.6666666666666665,13.333333333333334,1.0,0.8,0.9770766,1.4117366,4.2,12.6,1.2,1.3,1.1517142,1.5537861,3.5,12.2,0.75101475,2.1253515
2022-10-22,Nott'm Forest,Liverpool,1,0,P Tierney,1446.089706896081,1518.0186948309222,11.0,6.0,1.25,1,0,2.50163,2.19752,2,0,2,14,4.0,0,0.3333333333333333,0.6666666666666666,0.5546530000000001,1.3275823333333332,2.3333333333333335,13.333333333333334,0.6,1.8,0.8602117999999999,1.3164094,3.0,12.6,0.7,2.1,1.0051145,1.7289828,3.4,11.3,1.147755,1.4885796,0,1,2.19752,2.50163,1,0,11,8,3.0,1,1.3333333333333333,1.0,1.668337,2.072554333333333,5.333333333333333,10.0,1.4,1.2,1.7085362,1.9950046000000001,6.8,10.0,2.2,1.2,2.1264301,1.57301,7.1,8.8,1.50386025,1.8743075
2022-10-22,Chelsea,Man United,1,1,S Attwell,1537.6411433738324,1532.3567872748306,2.05,3.5,3.5,1,1,1.20238,0.730935,1,0,6,8,3.0,1,1.6666666666666667,0.0,1.4082516666666667,1.5487163333333334,2.3333333333333335,8.666666666666666,1.8,0.4,1.2374296,1.3551238,3.8,9.0,1.5,1.0,1.38961,1.4515482,5.5,10.0,1.68171575,1.42883975,1,1,0.730935,1.20238,4,0,4,10,3.0,1,1.3333333333333333,0.3333333333333333,1.6506366666666665,0.6041733333333333,5.333333333333333,11.0,2.0,1.6,1.73886,1.249186,3.8,11.0,1.5,1.5,1.5472288,1.2859826,3.9,11.7,1.3757576,1.347772
2022-10-22,Man City,Brighton,3,1,C Pawson,1550.2464413458902,1503.8390150918142,1.2,7.0,13.0,3,1,1.86239,0.52863,1,0,7,11,6.0,0,3.3333333333333335,1.3333333333333333,2.2192943333333335,1.2712326666666667,6.666666666666667,4.666666666666667,2.8,1.0,2.0007026,0.8808170000000001,6.2,5.8,3.3,1.0,2.4178253,0.7808647000000001,6.7,7.2,2.7319839999999997,0.5520343999999999,1,3,0.52863,1.86239,3,0,3,12,4.0,0,0.0,1.0,1.719431666666667,0.957668,8.666666666666666,11.333333333333334,1.6,1.6,2.051125,1.2179988,7.6,10.6,1.4,1.1,1.8782775,1.068328,5.9,10.1,1.9662580000000003,1.4636908
2022-10-23,Aston Villa,Brentford,4,0,D England,1465.8845301584129,1499.6603904570238,2.1,3.5,3.5,4,0,3.45617,1.00462,1,0,7,14,3.0,1,0.3333333333333333,2.0,1.2713646666666667,1.4499253333333335,6.0,14.0,0.4,1.2,1.4108388,0.9733408000000001,6.6,13.4,0.7,1.4,1.1406097,1.4208873,4.7,12.1,1.4079954000000001,1.0171642,0,4,1.00462,3.45617,0,0,6,11,4.0,0,1.0,1.6666666666666667,1.4977666666666665,1.7201316666666668,4.333333333333333,9.333333333333334,0.6,1.6,1.2158820000000001,1.4477466,4.8,9.6,1.6,1.5,1.571127,1.5262124,5.1,8.5,1.2646654,1.4673672
2022-10-23,Leeds,Fulham,2,3,A Taylor,1468.9961203891787,1498.0035749980752,2.05,3.5,3.6,2,3,1.96384,2.47512,1,0,3,12,3.0,1,0.3333333333333333,1.6666666666666667,1.427533333333333,1.042982,6.0,14.666666666666666,0.6,2.0,1.2754451999999998,1.5547792,5.2,15.2,1.1,1.5,1.3667296,1.3758388,5.4,14.1,1.2930671999999999,1.1367558,3,2,2.47512,1.96384,1,0,6,8,3.0,1,2.0,1.6666666666666667,1.6864093333333334,1.9255123333333335,5.333333333333333,9.0,2.0,2.2,1.4185058,2.3727853999999997,5.4,9.2,1.7,1.8,1.3458492,2.1338912,4.4,10.0,0.8590282,2.196009
2022-10-23,Southampton,Arsenal,1,1,R Jones,1475.4534275946733,1571.6422966228251,6.0,4.0,1.57,1,1,0.622653,1.57897,2,0,9,11,4.0,0,0.6666666666666666,1.6666666666666667,0.6214689999999999,1.7510273333333333,2.6666666666666665,9.333333333333334,0.6,1.6,0.8084638000000002,1.7193044,3.6,10.4,0.9,1.4,1.0701039,1.478509,4.1,11.0,1.3385758,1.7104579999999998,1,1,1.57897,0.622653,1,0,4,8,7.0,0,2.3333333333333335,1.0,2.041822333333333,1.430057,4.0,10.666666666666666,2.2,1.2,1.7736114,1.3718641999999999,4.0,10.2,2.4,1.0,2.0299557,1.019088,5.4,10.3,1.3422334,1.201835
2022-10-23,Wolves,Leicester,0,4,M Oliver,1465.7117166230262,1457.2813155467259,2.25,3.25,3.25,0,4,1.61785,0.989075,2,0,9,10,5.0,0,0.6666666666666666,1.6666666666666667,0.9433219999999999,1.6448999999999998,3.0,14.333333333333334,0.4,2.0,0.7433898,1.479648,4.0,11.2,0.4,1.2,0.9143777,1.3456485,4.5,10.3,0.948584,1.380388,4,0,0.989075,1.61785,1,0,2,13,3.0,1,1.0,0.6666666666666666,0.9366416666666665,0.896786,4.333333333333333,16.333333333333332,1.8,1.6,1.130823,1.1796476,4.0,14.2,1.5,2.2,1.0228727999999998,1.5730998,3.7,11.3,1.2984278,2.125324
2022-10-23,Tottenham,Newcastle,1,2,J Gillett,1544.2224201470765,1526.501795735396,2.05,3.5,3.5,1,2,1.56513,1.1294,4,0,6,12,4.0,0,1.0,0.6666666666666666,1.3080856666666667,1.0565013333333335,4.0,11.0,2.0,1.4,1.4826294,1.4496048,4.0,10.4,1.8,1.1,1.6312552,1.2479192000000001,4.8,10.2,2.048358,0.7217508,2,1,1.1294,1.56513,2,0,7,6,4.0,0,2.0,0.3333333333333333,1.45613,0.8705588999999999,7.0,11.333333333333334,2.2,0.6,2.1175900000000003,0.8544651400000001,7.4,10.8,1.6,0.9,1.8468487999999996,1.33687607,7.1,11.4,1.6442495999999998,1.3203562
2022-10-24,West Ham,Bournemouth,2,0,D Coote,1476.778031495871,1487.3048211725852,1.55,4.0,6.0,2,0,1.97715,0.730443,0,0,5,9,5.0,0,1.3333333333333333,1.0,2.543506666666667,1.1049956666666667,7.0,6.666666666666667,1.2,0.8,1.8650422,0.8577410000000001,7.2,7.8,0.9,1.0,1.5457044,0.9822027999999999,5.6,9.1,1.4027184,1.2525922,0,2,0.730443,1.97715,2,0,0,11,5.0,0,1.3333333333333333,1.3333333333333333,1.195884,1.3458033333333332,6.666666666666667,9.0,1.0,1.0,1.0645456,1.326198,5.6,9.8,0.8,2.3,0.7106076,1.77542,4.1,9.7,0.7630432,2.20898
2022-10-29,Bournemouth,Tottenham,2,3,A Taylor,1478.7192278196394,1532.022022096804,5.0,3.8,1.7,2,3,0.887533,2.1946,1,0,2,10,5.0,0,0.6666666666666666,1.6666666666666667,1.056395,1.6111033333333333,4.333333333333333,10.0,0.8,1.2,1.0152446,1.412112,5.4,9.8,0.8,2.1,0.7712573,1.8040709999999998,4.0,9.9,0.6581720000000001,1.34186,3,2,2.1946,0.887533,2,0,19,5,6.0,0,1.0,1.3333333333333333,1.572582,1.1330563333333334,5.333333333333333,10.333333333333334,1.0,1.4,1.3984174,1.3565868,4.0,11.0,1.7,1.1,1.6290602,1.1769142000000001,4.9,10.5,1.2201764,1.4835068
2022-10-29,Leicester,Man City,0,1,R Jones,1469.2258214167055,1557.2760853358184,10.0,6.5,1.25,0,1,0.693597,0.703827,0,0,3,5,6.0,0,2.0,0.0,0.8725833333333334,1.0530993333333332,4.333333333333333,15.333333333333334,2.2,0.4,1.00974,1.1059796,4.2,15.0,1.7,1.8,1.0527124,1.4338148,3.7,11.7,0.7473178,1.0208755999999999,1,0,0.703827,0.693597,0,0,10,10,7.0,0,2.3333333333333335,0.6666666666666666,1.8364143333333331,0.8763260000000002,7.333333333333333,7.333333333333333,3.2,1.0,1.9888945999999996,0.9306645999999998,6.8,6.8,3.4,1.1,2.3453253,0.8091089,7.0,7.9,2.1036666,1.009695
2022-10-29,Brighton,Chelsea,4,1,A Madley,1496.809371101886,1535.7839154412054,3.0,3.3,2.4,4,1,2.881,1.07554,1,0,8,16,7.0,0,0.3333333333333333,1.6666666666666667,1.5957300000000003,1.3212510000000002,7.666666666666667,12.333333333333334,0.8,1.8,1.610519,1.3773788,6.2,11.8,1.3,1.3,1.7582505000000002,1.112464,6.0,10.1,1.790297,0.6729652,1,4,1.07554,2.881,2,0,7,6,7.0,0,1.0,0.3333333333333333,0.9987383333333333,1.5428783333333334,3.0,8.666666666666666,1.6,0.4,1.336439,1.2173908,3.0,9.4,1.5,1.1,1.317533,1.4704434,4.5,9.7,1.0492174,1.651628
2022-10-29,Brentford,Wolves,1,1,R Madley,1490.4137517560976,1453.7672107530466,2.2,3.4,3.3,1,1,1.29257,0.557605,3,0,3,10,6.0,0,0.6666666666666666,1.3333333333333333,1.45442,2.056751666666667,4.666666666666667,10.0,0.6,1.8,1.308784,1.8749386000000001,5.4,9.8,1.2,1.9,1.532804,1.7822256000000003,4.9,9.0,1.786232,1.4969890000000001,1,1,0.557605,1.29257,3,1,6,17,6.0,0,0.6666666666666666,2.0,1.2331223333333334,1.164285,5.333333333333333,15.0,0.4,2.2,1.0047608000000001,1.3926230000000002,4.8,11.8,0.4,1.6,0.9786252,1.3357430000000001,4.9,10.6,0.8801714,1.310909
2022-10-29,Fulham,Everton,0,0,J Brooks,1508.8932535975598,1485.5796899428606,2.37,3.4,3.0,0,0,1.76438,1.19166,2,0,13,10,6.0,0,2.6666666666666665,1.3333333333333333,2.3281666666666667,1.434539,6.666666666666667,9.333333333333334,2.0,2.2,1.6436098000000001,2.4824714,4.6,8.8,2.0,2.0,1.4845482,2.2327377,4.7,9.4,1.8326702000000001,2.0717734,0,0,1.19166,1.76438,1,0,4,8,7.0,0,1.0,1.0,0.8516518999999999,1.4083956666666664,2.0,13.666666666666666,1.2,1.2,0.98411794,1.6021834,3.4,11.6,1.0,0.9,1.09706297,1.4300173,4.2,9.6,1.0894651400000002,1.78341
2022-10-29,Liverpool,Leeds,1,2,M Oliver,1507.6754858119093,1458.1064417896941,1.3,6.0,9.0,1,2,1.90889,1.61271,0,0,14,9,7.0,0,0.6666666666666666,0.3333333333333333,2.145793333333333,1.9665376666666665,8.0,9.0,1.4,1.4,1.8708061999999999,2.2169925999999998,7.2,9.4,2.0,1.1,2.1120711,1.696351,7.8,8.7,2.60258,1.317638,2,1,1.61271,1.90889,1,0,5,3,6.0,0,0.6666666666666666,2.0,1.7269333333333332,1.3173753333333333,6.0,11.0,0.6,1.6,1.3090131999999999,1.5001031999999999,4.6,15.8,1.1,1.7,1.4741966,1.5132318000000002,5.1,14.0,1.440392,1.6149218
2022-10-29,Crystal Palace,Southampton,1,0,M Salisbury,1488.7880803028993,1476.4912763776451,1.9,3.6,4.0,1,0,1.00384,1.35803,3,0,8,13,7.0,0,0.6666666666666666,1.3333333333333333,0.7333816666666667,1.2550743333333332,3.3333333333333335,13.666666666666666,1.0,1.4,0.9123910000000001,1.2171846,4.0,13.0,1.2,1.4,1.0907939,1.6035811,3.6,12.0,1.4613426,1.1200890000000001,0,1,1.35803,1.00384,3,0,4,12,6.0,0,1.0,0.6666666666666666,0.7953039999999999,1.365564,5.333333333333333,10.333333333333334,0.8,1.6,0.8893340000000001,1.7663684,4.8,10.0,0.8,1.3,0.9914632000000001,1.436712,4.8,11.1,0.801632,1.24656
2022-10-29,Newcastle,Aston Villa,4,0,P Tierney,1538.7021937856684,1475.1311688593391,1.8,3.75,4.5,4,0,4.18808,0.270814,1,0,3,11,6.0,0,1.0,0.3333333333333333,1.01716,1.0140489,6.333333333333333,8.666666666666666,2.4,0.6,2.033954,0.97210154,7.2,10.0,1.8,1.0,1.9413936,1.33255407,7.5,11.4,2.049448,1.35339594,0,4,0.270814,4.18808,1,0,0,11,6.0,0,1.3333333333333333,1.6666666666666667,2.2043589999999997,1.7110166666666669,7.0,12.333333333333334,1.0,1.2,1.8333427999999998,1.1306044,6.8,13.6,0.9,1.3,1.2195307,1.3838423,4.9,12.6,0.8732240000000001,1.8246103999999999
2022-10-30,Arsenal,Nott'm Forest,5,0,S Hooper,1570.6044478398533,1456.4329159150939,1.2,7.0,12.0,5,0,3.00699,0.206127,0,0,9,9,7.0,0,1.6666666666666667,1.0,1.7401356666666665,1.136708,3.6666666666666665,10.0,2.2,0.8,1.8049294,1.0905867999999999,3.8,10.0,2.3,1.1,2.0442517000000002,0.9607163,5.3,10.0,2.7176780000000003,0.836341,0,5,0.206127,3.00699,1,0,4,8,8.0,0,0.3333333333333333,0.3333333333333333,1.3147476666666666,1.8410266666666668,2.6666666666666665,13.666666666666666,0.4,1.2,1.0774558,1.4859934,3.0,13.2,0.7,2.1,1.0581075,1.7401008,3.0,11.7,0.862474,1.969386
2022-10-30,Man United,West Ham,1,0,C Kavanagh,1534.2140152074576,1485.3636248488167,1.66,4.0,4.8,1,0,1.7514,1.00033,1,0,5,12,8.0,0,1.0,0.3333333333333333,1.2855750000000001,0.8830186666666666,5.333333333333333,10.0,1.6,1.6,1.479239,1.2051859999999999,4.2,10.4,1.5,1.4,1.4782193,1.2333306,3.7,12.0,1.7187000000000001,1.2241932,0,1,1.00033,1.7514,3,0,10,10,6.0,0,1.0,0.6666666666666666,2.05697,1.1651939999999998,7.333333333333333,6.666666666666667,1.6,0.6,2.1294020000000002,0.9242836000000001,5.4,7.4,1.1,0.9,1.5347854,0.8580771,5.4,8.9,1.32066,0.8349513999999999
2022-11-05,Leeds,Bournemouth,4,3,T Harrington,1471.1595417080875,1468.5264906149516,1.72,3.8,4.75,4,3,2.22532,1.55594,2,0,13,16,7.0,0,1.3333333333333333,2.0,1.5903966666666667,1.6797529999999998,5.666666666666667,8.666666666666666,1.0,1.8,1.5718299999999998,1.5025912,5.2,11.8,1.1,1.6,1.4357735999999999,1.5632148000000001,5.1,13.1,1.5080012,1.4115418,3,4,1.55594,2.22532,2,0,3,10,7.0,0,0.6666666666666666,2.0,0.809476,1.80351,3.0,9.666666666666666,1.2,1.8,1.0411256,1.6418319999999997,4.4,9.6,1.0,2.1,0.8388771,1.85245,3.9,9.7,0.8843425999999999,2.266282
2022-11-05,Everton,Leicester,0,2,D Coote,1487.9327177613475,1460.0314233227284,2.4,3.3,3.0,0,2,1.3729,2.2679,0,0,8,9,7.0,0,1.0,0.3333333333333333,1.0621922333333333,1.1651589999999998,3.0,12.0,0.8,1.0,0.8224919399999999,1.5631373999999998,3.0,11.2,0.9,0.8,1.07282097,1.5146237999999999,4.0,9.8,1.1046608,1.0766246000000002,2,0,2.2679,1.3729,0,0,3,5,7.0,0,2.0,0.3333333333333333,0.7793069999999999,1.1721056666666667,2.3333333333333335,11.0,1.4,0.6,0.8985194,1.0024070000000003,3.6,13.4,1.6,1.7,1.0977773,1.3800424999999998,3.8,11.1,1.358107,1.846754
2022-11-05,Man City,Fulham,2,1,D England,1566.4704834297954,1506.540225779073,1.11,9.5,19.0,2,1,2.39332,0.843884,2,1,9,6,7.0,0,1.3333333333333333,0.6666666666666666,1.1592366666666667,1.073809,7.666666666666667,9.333333333333334,2.8,1.0,1.84482,1.0071850000000002,7.4,7.0,3.1,1.1,2.246644,0.866074,6.9,8.0,2.7663339999999996,0.6329712,1,2,0.843884,2.39332,4,0,0,11,7.0,0,2.0,0.6666666666666666,2.377166666666667,1.2889956666666667,9.333333333333334,9.666666666666666,1.8,1.4,1.8597456,1.7864073999999999,7.0,9.0,1.7,1.8,1.3710522,2.1925517,5.4,9.1,1.1364262,2.393702
2022-11-05,Wolves,Brighton,2,3,G Scott,1456.4793262913747,1506.2049475024244,3.3,3.3,2.25,2,3,1.29252,1.87375,2,1,4,15,7.0,0,0.6666666666666666,2.3333333333333335,1.0110973333333333,1.1792716666666665,6.0,15.0,0.6,2.0,1.0010842,1.4432690000000001,4.8,14.0,0.5,1.6,0.9657734,1.318392,4.9,11.5,1.077079,1.3605770000000001,3,2,1.87375,1.29252,0,0,9,11,7.0,0,1.6666666666666667,1.3333333333333333,1.8371700000000002,1.044311,6.666666666666667,12.666666666666666,1.0,1.4,1.7135850000000001,1.1621868,7.4,12.4,1.7,1.4,1.8855155,1.2016228,6.1,10.9,1.7262040000000003,1.5519627999999999
2022-11-05,Nott'm Forest,Brentford,2,2,A Marriner,1451.0643520294102,1487.7016362177694,2.75,3.3,2.6,2,2,1.29696,1.2204,2,0,3,10,6.0,0,0.3333333333333333,1.6666666666666667,0.9675866666666667,2.4354633333333333,2.3333333333333335,12.0,0.4,1.4,0.8743432000000002,1.8374514000000002,2.6,12.4,0.6,2.5,0.9868887000000001,1.8973918,3.2,11.6,1.253741,1.5108156,2,2,1.2204,1.29696,2,0,3,11,7.0,0,0.3333333333333333,1.6666666666666667,1.2498233333333333,1.523726666666667,5.0,9.333333333333334,0.8,2.0,1.358098,1.8348340000000003,4.4,9.8,1.1,1.7,1.5027089999999999,1.5480521,4.9,9.3,1.279376,2.0674622
2022-11-06,Chelsea,Arsenal,0,1,M Oliver,1526.388339040667,1575.973011725537,2.55,3.4,2.7,0,1,0.278815,2.37846,5,0,4,20,8.0,0,0.6666666666666666,1.6666666666666667,0.9451083333333333,1.6880716666666669,5.0,7.0,1.4,1.0,1.300535,1.6516168,4.0,8.0,1.4,1.3,1.241142,1.5998354,4.4,9.4,1.5858485999999998,1.2892588,1,0,2.37846,0.278815,2,0,6,13,7.0,0,2.3333333333333335,0.3333333333333333,1.8025723333333332,0.9503666666666667,5.333333333333333,9.333333333333334,2.6,0.8,2.1422854,1.0237902,5.0,9.8,2.4,0.9,2.0438807,0.9122611,5.6,9.4,1.3708254,1.0850916
2022-11-06,Aston Villa,Man United,3,1,A Taylor,1468.5450771841722,1541.1796835396133,3.3,3.8,2.1,3,1,0.578563,0.517189,3,0,3,6,8.0,0,1.3333333333333333,2.3333333333333335,1.4794903333333334,2.6949,4.666666666666667,12.0,1.0,2.0,1.5082156,1.9084952000000002,5.0,13.4,0.8,1.4,1.1662293,1.5115133000000003,4.7,12.3,1.5658374000000002,0.9430742000000001,1,3,0.517189,0.578563,3,0,5,12,7.0,0,1.3333333333333333,0.3333333333333333,1.397355,0.9537453333333333,5.666666666666667,9.666666666666666,1.2,0.4,1.486849,0.8030459999999999,5.0,11.0,1.6,1.0,1.5637554999999999,1.1945786,4.0,11.7,1.342737,1.3106779999999998
2022-11-06,Southampton,Newcastle,1,4,S Attwell,1468.5426228982076,1545.2882854608354,4.0,3.6,1.9,1,4,1.65228,1.42101,1,0,8,7,8.0,0,0.6666666666666666,0.6666666666666666,1.0731543333333333,1.1310873333333333,5.333333333333333,12.0,0.6,1.4,0.7690180000000001,1.5671784,4.2,10.2,0.6,1.3,1.0031112,1.5128012,4.7,10.8,1.1812944,1.6268639999999999,4,1,1.42101,1.65228,0,0,2,10,8.0,0,2.3333333333333335,0.3333333333333333,2.1504700000000003,0.6323002333333333,6.0,8.666666666666666,2.4,0.4,1.9371740000000002,0.88952414,6.2,10.2,1.9,0.7,2.1389316,0.99225347,7.3,11.1,1.8333392,1.3117122
2022-11-06,West Ham,Crystal Palace,1,2,P Tierney,1478.397956516661,1496.7367337823368,1.9,3.4,4.2,1,2,0.192579,1.03344,1,0,2,10,7.0,0,0.6666666666666666,0.6666666666666666,1.8213233333333332,1.5741676666666666,6.0,9.0,1.2,0.8,2.1216,1.159366,7.2,7.8,1.1,0.8,1.557955,0.8505721000000002,5.9,8.9,1.7489108000000002,0.8812028,2,1,1.03344,0.192579,1,0,5,7,8.0,0,1.0,1.3333333333333333,0.9523923333333334,1.3832756666666668,5.333333333333333,13.666666666666666,1.0,1.0,0.971185,1.2377786,4.6,13.4,1.2,1.3,1.0267099000000002,1.5157881,4.2,12.5,0.7202452,2.0870732
2022-11-06,Tottenham,Liverpool,1,2,A Madley,1542.2147593014918,1494.622385893516,3.3,3.6,2.1,1,2,1.81736,1.46548,0,0,5,10,8.0,0,1.3333333333333333,2.0,1.4727519999999998,1.242221,9.333333333333334,8.0,1.4,1.2,1.5367974,1.0372873999999999,7.4,10.0,1.9,1.3,1.7019122,1.1970551999999999,6.0,10.0,2.037944,0.8703215999999999,2,1,1.46548,1.81736,0,0,3,8,8.0,0,0.6666666666666666,1.0,2.11569,2.2002766666666664,11.0,8.666666666666666,1.0,1.2,1.8222842,2.0664006,8.2,9.4,2.0,1.2,2.0793641000000003,1.6931539999999998,8.8,8.9,1.6425922,1.999772
2022-11-12,Nott'm Forest,Crystal Palace,1,0,J Brooks,1450.3929306900163,1507.9301258841717,3.1,3.1,2.45,1,0,1.23752,1.14552,1,0,1,11,7.0,0,1.0,2.3333333333333335,1.3349056666666665,2.1416366666666664,3.0,10.666666666666666,0.6,1.6,1.089466,1.950094,3.0,11.8,0.8,2.5,1.0364478,1.7749587999999998,2.9,11.5,1.3528592,1.2659496,0,1,1.14552,1.23752,4,0,5,13,6.0,0,1.0,1.3333333333333333,0.878149,1.161523,5.666666666666667,11.333333333333334,1.0,1.0,0.847485,1.0631664,4.6,12.2,1.1,1.3,0.8389169000000001,1.4546632000000002,4.3,11.6,0.5979972,1.678397
2022-11-12,Man City,Brentford,1,2,P Bankes,1573.149480773844,1488.3730575571633,1.14,8.0,17.0,1,2,1.605,3.29012,2,0,10,9,7.0,0,2.0,0.6666666666666666,1.653179,0.6887036666666667,8.666666666666666,9.0,2.0,0.6,1.7212780000000003,0.8332918000000001,8.2,7.6,3.0,0.9,2.118594,0.7291924,7.3,7.9,2.767938,0.7833528,2,1,3.29012,1.605,2,0,2,7,7.0,0,1.0,2.3333333333333335,1.17253,1.7702450000000003,4.0,10.666666666666666,1.0,1.4,1.3752460000000002,1.6049640000000003,4.0,10.2,1.2,1.8,1.3963579999999998,1.5122831,4.4,9.6,1.2047519999999998,1.7469861999999998
2022-11-12,Bournemouth,Everton,3,0,C Pawson,1460.3099369007728,1475.4553490149717,2.8,3.25,2.6,3,0,2.45642,0.768756,2,0,3,12,7.0,0,1.6666666666666667,3.0,1.0579720000000001,2.1323566666666665,1.6666666666666667,10.333333333333334,1.4,2.4,1.1225315999999999,1.850646,3.6,10.0,1.3,1.6,0.9763719999999999,1.5889469999999999,4.1,10.2,0.7934116,1.438618,0,3,0.768756,2.45642,0,0,5,8,7.0,0,1.0,0.6666666666666666,1.4995066666666663,1.5431489999999997,5.0,11.0,0.6,1.0,1.02390314,1.6514933999999997,3.6,11.6,0.8,0.9,1.04464597,1.5130228,4.3,9.9,0.99686714,1.679504
2022-11-12,Liverpool,Southampton,3,1,S Hooper,1507.6238066982958,1459.0242289388073,1.25,6.5,11.0,3,1,2.74418,1.43427,0,0,6,8,6.0,0,1.0,1.3333333333333333,1.8572966666666666,1.9772333333333332,9.333333333333334,8.333333333333334,1.0,0.8,1.96235,1.8659366,8.2,8.8,2.1,1.1,2.0736111,1.673126,8.3,9.0,2.0122880000000003,1.6039818000000001,1,3,1.43427,2.74418,2,0,0,8,6.0,0,0.6666666666666666,2.0,1.2109876666666668,1.3346066666666667,7.0,10.0,0.8,1.4,1.0792443999999999,1.3043084,5.6,10.0,0.7,1.6,1.0324522000000003,1.5205432,5.0,11.1,0.8249279999999999,1.3987384
2022-11-12,Wolves,Arsenal,0,2,S Attwell,1446.1836920712788,1586.2726991758411,6.0,4.2,1.55,0,2,0.512339,2.27996,3,0,6,5,7.0,0,1.0,2.6666666666666665,1.1559916666666665,1.3851316666666669,6.333333333333333,14.0,1.0,2.0,1.1098984,1.331835,5.2,15.4,0.6,1.8,0.9817774,1.3124049999999998,4.9,12.0,1.109087,1.348603,2,0,2.27996,0.512339,2,0,4,6,6.0,0,2.3333333333333335,0.3333333333333333,2.3214733333333335,0.3691983333333333,6.333333333333333,10.0,2.2,0.6,2.1211713999999997,0.7790132,5.2,10.4,2.2,0.9,2.1106457,0.9190091,5.8,9.7,1.5043554000000001,1.0985876
2022-11-12,Newcastle,Chelsea,1,0,R Jones,1554.8066794202357,1516.0886515903628,2.35,3.4,3.0,1,0,1.3601,0.359105,3,0,5,14,6.0,0,3.3333333333333335,0.6666666666666666,2.246163333333333,1.1627413333333332,4.0,9.0,2.2,0.4,1.732114,0.99304814,4.8,9.4,2.2,0.7,2.0876706,1.04423347,6.2,11.0,2.444524,0.67279474,0,1,0.359105,1.3601,2,0,3,11,6.0,0,0.6666666666666666,2.0,0.8522449999999999,1.9967983333333335,5.666666666666667,11.333333333333334,0.8,1.2,0.8701139999999998,1.977619,4.0,10.4,1.4,1.1,1.1997743,1.6167104,4.2,9.9,1.125827,1.785886
2022-11-12,Tottenham,Leeds,4,3,M Salisbury,1529.213338496712,1479.3760954222664,1.65,4.2,4.75,4,3,2.58046,1.71731,1,0,9,8,6.0,0,1.6666666666666667,2.0,1.8590299999999997,1.1608043333333333,10.0,9.0,1.4,1.6,1.7459412,1.1504363999999998,8.0,9.2,1.8,1.5,1.6391752,1.2634663,6.4,9.7,2.1082,1.026193,3,4,1.71731,2.58046,1,1,2,7,7.0,0,2.6666666666666665,2.3333333333333335,1.9339566666666668,1.9799833333333332,7.0,10.333333333333334,1.6,2.0,1.803766,1.4833911999999998,7.2,10.4,1.2,1.9,1.4373346,1.6495596,6.0,13.1,1.363546,1.7148878
2022-11-12,West Ham,Leicester,0,2,J Gillett,1467.204564414826,1472.5087920691042,2.05,3.4,3.75,0,2,0.720721,1.60566,3,0,7,9,6.0,0,1.0,1.0,1.0566863333333332,1.1717609999999998,5.666666666666667,9.666666666666666,0.8,1.0,1.4727638,1.2560844000000002,6.8,8.0,1.1,1.0,1.543754,0.9234606,5.9,8.9,1.6336998,0.7226008,2,0,1.60566,0.720721,1,0,2,8,7.0,0,2.0,0.3333333333333333,1.3168573333333333,1.2315256666666665,2.6666666666666665,7.666666666666667,1.6,0.2,1.1158493999999999,1.047205,3.8,11.2,1.7,1.5,1.1285443000000002,1.3424165,3.0,10.9,1.419641,1.7715020000000004
2022-11-13,Brighton,Aston Villa,1,2,C Kavanagh,1516.5005817225203,1478.9085701692875,1.83,3.75,4.2,1,2,0.829107,1.15437,2,0,11,14,8.0,0,2.6666666666666665,2.0,1.7611266666666667,1.41015,6.666666666666667,13.0,1.6,1.6,1.908388,1.2663626000000001,8.0,12.8,1.8,1.6,1.8902455000000002,1.2540114,6.6,11.3,2.044827,0.8512828000000001,2,1,1.15437,0.829107,7,0,4,11,7.0,0,2.3333333333333335,1.6666666666666667,1.4351823333333336,1.9032963333333335,3.3333333333333335,10.333333333333334,1.4,2.0,1.4924908,1.9676638,4.8,10.8,1.1,1.4,1.1936300999999998,1.5297733,4.7,11.9,0.7666212,2.0799524000000003
2022-11-13,Fulham,Man United,1,2,P Tierney,1499.8612284350243,1530.816190554498,3.8,3.8,1.9,1,2,1.70218,3.37664,1,0,10,9,8.0,0,1.3333333333333333,1.3333333333333333,1.6944613333333332,1.8496066666666666,6.333333333333333,9.666666666666666,1.8,1.2,1.9185527999999998,1.5777194,6.6,9.8,1.7,1.8,1.3628399,2.1844567,5.2,9.0,1.6056781999999998,1.9914013999999998,2,1,3.37664,1.70218,1,0,3,10,7.0,0,1.0,1.3333333333333333,0.9998413333333334,0.9270909999999999,4.666666666666667,11.333333333333334,1.0,0.8,1.2250628,0.8455898,5.2,10.8,1.5,1.2,1.4137103999999998,1.1001338999999999,3.9,11.8,1.1774567999999999,1.1546166
2022-12-26,Everton,Wolves,1,2,C Pawson,1466.7392427338452,1438.4488589986963,2.3,3.25,3.2,1,2,1.22653,1.22076,1,0,2,9,44.0,0,0.0,1.6666666666666667,1.1111053333333334,2.1629,5.666666666666667,8.333333333333334,0.6,1.2,1.06564654,1.6439594,4.4,10.6,0.7,1.1,1.00433257,1.6541138,4.6,9.8,1.0924248,1.3465416,2,1,1.22076,1.22653,6,0,2,22,44.0,0,1.0,2.0,0.7874879999999999,1.8154266666666665,5.333333333333333,12.333333333333334,0.8,2.4,0.9676302000000001,1.538305,5.6,13.0,0.6,2.0,0.8797653000000001,1.5041975,5.0,11.3,0.8544677999999999,1.276207
2022-12-26,Brentford,Tottenham,2,2,D Coote,1502.3145251477097,1536.1532403964238,4.0,3.6,1.91,2,2,2.25263,0.883787,3,0,6,11,44.0,0,1.6666666666666667,1.3333333333333333,1.9343633333333334,1.1531883333333333,2.6666666666666665,9.333333333333334,1.0,1.6,1.651998,1.494628,4.0,9.2,1.3,1.8,1.563562,1.5950468,4.0,9.5,1.5879640000000002,1.27758,2,2,0.883787,2.25263,1,0,5,10,44.0,0,2.6666666666666665,2.3333333333333335,2.1974733333333334,1.3567743333333333,11.0,7.666666666666667,1.8,2.2,1.7632151999999999,1.3818906,8.4,8.4,2.1,1.7,1.8248927000000001,1.2829302999999999,6.9,9.6,1.1701504,1.5007396
2022-12-26,Southampton,Brighton,1,3,R Jones,1452.0520048673322,1503.763273668558,3.3,3.5,2.15,1,3,1.70709,1.00714,1,0,4,9,44.0,0,0.6666666666666666,2.6666666666666665,1.4815266666666667,1.7230100000000002,4.0,9.0,0.8,1.8,1.2612026,1.5116904,4.8,10.2,0.6,1.8,1.0317932,1.6444912000000003,4.5,10.4,1.2399764000000002,1.6423479999999997,3,1,1.00714,1.70709,2,0,2,10,43.0,0,2.6666666666666665,1.6666666666666667,1.861285666666667,1.174143333333333,9.333333333333334,13.666666666666666,1.8,1.6,1.6428733999999998,1.1159645999999999,8.0,12.6,1.8,1.8,1.8121702,1.2545743999999999,7.2,11.7,1.7356640000000003,1.6567399999999999
2022-12-26,Crystal Palace,Fulham,0,3,A Madley,1498.0010099173467,1489.027187089762,2.05,3.6,3.5,0,3,0.421754,2.69927,0,2,1,12,44.0,0,1.0,0.6666666666666666,1.0609333333333335,0.9293763333333334,6.0,11.0,1.0,1.2,1.0072274,1.1159852,5.2,12.2,0.9,1.0,0.9442712999999999,1.3398851999999999,4.7,12.1,1.0798366,1.2309294000000002,3,0,2.69927,0.421754,0,0,8,15,43.0,0,0.6666666666666666,1.3333333333333333,1.4368146666666668,2.32054,7.666666666666667,10.0,1.6,1.2,1.9355128000000001,1.9273893999999998,7.6,9.8,1.6,1.9,1.4259648999999999,2.3467616999999996,5.9,9.0,1.1200016,2.3775120000000003
2022-12-26,Aston Villa,Liverpool,1,3,P Tierney,1491.6458782232498,1514.5960307697708,4.75,4.0,1.7,1,3,1.69155,3.50694,0,0,0,7,43.0,0,1.6666666666666667,2.0,0.6679156666666666,1.8447919999999998,2.3333333333333335,9.333333333333334,1.8,1.8,1.2342808,1.8861992,4.2,10.6,1.2,1.3,1.2793503,1.332713,4.8,11.6,1.620639,0.9795942,3,1,3.50694,1.69155,0,0,6,12,44.0,0,2.0,1.3333333333333333,2.0395166666666666,1.6214466666666665,7.666666666666667,8.333333333333334,1.4,1.0,2.111346,1.9704919999999997,8.4,8.4,1.5,1.2,1.8619941,1.7984539000000002,8.1,9.2,1.4674661999999998,2.1096
2022-12-26,Arsenal,West Ham,3,1,M Oliver,1594.0075322484236,1455.6431710976972,1.5,4.33,6.5,3,1,1.88828,1.02652,0,0,7,13,44.0,0,2.6666666666666665,0.0,2.5551366666666664,0.332427,6.333333333333333,9.333333333333334,2.0,0.2,2.0132274,0.7284508000000001,5.2,9.4,2.2,0.8,2.0912147,0.8776423000000001,5.3,9.7,2.716936,0.7394305999999999,1,3,1.02652,1.88828,2,0,5,17,44.0,0,0.3333333333333333,1.6666666666666667,0.6378766666666666,1.4634999999999998,6.333333333333333,9.666666666666666,0.6,1.2,1.2754539999999999,1.4723206000000002,5.4,9.2,1.0,1.1,1.4635591,1.0116981,6.3,8.8,1.4538081999999999,1.1243203999999998
2022-12-26,Leicester,Newcastle,0,3,J Gillett,1484.070185386233,1562.0394170772502,3.25,3.5,2.2,0,3,0.31099,1.76382,0,0,5,9,44.0,0,1.3333333333333333,0.3333333333333333,1.5223856666666666,0.9324826666666667,2.6666666666666665,6.0,2.0,0.2,1.2422962,1.1219876000000002,2.4,9.2,1.9,1.4,1.2275837,1.3045196000000001,3.1,11.0,0.8374476,0.913331,3,0,1.76382,0.31099,0,0,5,6,44.0,0,3.0,0.3333333333333333,2.3230633333333333,0.7607330000000001,3.3333333333333335,11.666666666666666,2.4,0.4,1.8465040000000001,0.78165714,5.0,10.0,2.2,0.5,2.159326,0.90402497,6.7,11.4,1.7308172,1.4156722
2022-12-27,Chelsea,Bournemouth,2,0,S Hooper,1508.8559139333483,1469.0260431818992,1.3,5.5,10.0,2,0,1.91378,0.44307,0,0,6,8,45.0,0,0.3333333333333333,2.0,0.5711533333333333,2.2065200000000003,4.666666666666667,12.333333333333334,0.4,1.4,0.694649,1.760555,4.4,10.4,1.2,1.1,1.0607688,1.5566974000000002,4.2,10.0,1.2737215999999998,1.4475348000000001,0,2,0.44307,1.91378,0,0,8,10,45.0,0,2.6666666666666665,2.3333333333333335,1.6332976666666665,1.7295586666666667,2.6666666666666665,10.666666666666666,1.6,2.0,1.2881576000000001,1.6809211999999998,3.0,10.2,1.6,1.6,1.1858105,1.5125765999999998,4.2,10.2,1.1593324,1.7392759999999998
2022-12-27,Man United,Nott'm Forest,3,0,A Taylor,1541.6502318997602,1460.3220466568414,1.29,5.5,11.0,3,0,2.13668,0.477076,3,0,9,13,44.0,0,1.3333333333333333,1.3333333333333333,1.8817430000000002,1.093691,4.333333333333333,11.333333333333334,1.4,1.0,1.6171788,1.0283958,5.0,10.2,1.6,1.3,1.6170154,1.1344649,3.9,11.4,1.784774,1.0784791999999999,0,3,0.477076,2.13668,1,0,9,4,45.0,0,1.0,2.3333333333333335,0.9135356666666666,1.79097,2.6666666666666665,9.666666666666666,0.8,1.4,1.087448,1.934462,2.2,11.4,0.9,1.9,1.0872246,1.5057518,2.9,11.9,0.7200364,2.283968
2022-12-28,Leeds,Man City,1,3,S Attwell,1472.4361935225545,1559.2080131832977,9.5,6.0,1.29,1,3,0.603751,4.16249,3,0,3,11,46.0,0,3.0,2.6666666666666665,1.8517799999999998,2.0150966666666665,6.666666666666667,8.666666666666666,2.2,2.6,1.742764,1.8351317999999999,6.4,9.8,1.5,2.2,1.4941916,1.7466196,5.9,12.4,1.5111232,1.5842314000000002,3,1,4.16249,0.603751,3,0,5,14,46.0,0,1.3333333333333333,1.0,1.5673823333333334,1.6092003333333331,9.666666666666666,8.333333333333334,1.4,1.0,1.495206,1.4710862,8.4,8.6,2.7,0.9,2.040564,1.0490068000000001,7.7,7.4,1.7269539999999999,1.0991768
2022-12-30,West Ham,Brentford,0,2,D England,1450.8036531252324,1501.562962716355,2.0,3.6,3.6,0,2,1.13979,1.51436,1,0,8,9,4.0,0,0.6666666666666666,2.3333333333333335,0.6466066666666667,1.5091266666666663,4.666666666666667,12.0,0.8,1.6,0.98346,1.4018446,5.8,11.0,1.0,1.2,1.4242511,1.1297928000000002,6.5,9.4,1.4733100000000001,0.8990758,2,0,1.51436,1.13979,0,0,1,5,4.0,0,2.0,1.6666666666666667,2.254383333333333,1.2619156666666667,3.6666666666666665,9.666666666666666,1.4,2.0,1.812068,1.5599044000000002,4.0,10.0,1.0,1.8,1.5139749999999998,1.5038255,4.4,9.8,1.53916,1.9125135999999998
2022-12-30,Liverpool,Leicester,2,1,C Pawson,1525.6583872274884,1474.5869207896244,1.29,6.0,9.5,2,1,2.02463,0.863312,0,0,4,8,4.0,0,2.6666666666666665,1.0,2.5722,1.6477266666666666,5.0,9.333333333333334,1.8,1.2,2.364602,1.811504,8.0,9.0,1.6,1.2,2.0365691000000004,1.9032543,7.4,9.5,2.2088860000000006,1.7621266000000002,1,2,0.863312,2.02463,1,0,5,15,4.0,0,1.3333333333333333,1.0,1.39485,1.2858136666666666,3.3333333333333335,7.333333333333333,1.6,0.8,1.1734444,1.2358236,3.0,8.0,1.7,1.2,1.1521337,1.2077356,3.5,11.1,1.527675,1.3693142
2022-12-31,Fulham,Southampton,2,1,G Scott,1500.9867379071297,1441.8134812563737,1.95,3.6,3.75,2,1,1.49305,0.698711,0,0,4,8,5.0,0,1.6666666666666667,1.3333333333333333,1.7484446666666666,2.0639046666666667,6.0,11.666666666666666,1.6,1.2,1.8969668,1.8694428000000003,7.4,10.6,1.8,1.7,1.6577362999999998,2.1211141000000002,6.4,9.9,1.7319282,2.3160114,1,2,0.698711,1.49305,1,0,4,13,5.0,0,1.0,3.3333333333333335,1.59788,1.7241099999999998,4.0,8.0,0.8,2.4,1.3548645999999998,1.551028,5.0,9.4,0.7,2.0,1.0816642,1.6351662,4.3,9.9,0.870106,1.7274964000000002
2022-12-31,Bournemouth,Crystal Palace,0,2,A Marriner,1461.8228301047498,1486.041459099979,2.8,3.3,2.5,0,2,0.895819,1.75264,4,0,2,17,4.0,0,2.0,2.0,1.4851433333333333,1.6359519999999999,4.666666666666667,10.666666666666666,1.6,2.2,1.2146811999999998,1.8159212,3.2,10.6,1.3,1.6,1.1396134,1.5710596000000001,4.4,10.2,1.2122886000000002,1.2858771999999998,2,0,1.75264,0.895819,1,0,7,11,5.0,0,0.6666666666666666,1.6666666666666667,0.8669046666666667,1.3764563333333333,3.6666666666666665,10.666666666666666,0.6,1.6,0.8403442,1.4842717999999997,4.6,11.8,0.8,1.2,0.9087104,1.4480042,4.4,12.2,0.8087060000000001,1.448841
2022-12-31,Wolves,Man United,0,1,R Jones,1450.936736399609,1547.792920635135,4.0,3.6,1.91,0,1,0.587672,2.44728,1,0,7,11,5.0,0,1.3333333333333333,2.0,1.0085396666666664,1.7934133333333335,4.0,14.0,1.0,2.2,1.0402148,1.5323769999999999,5.4,13.8,0.7,2.1,0.8918023000000002,1.5060125000000002,4.7,12.5,0.9914768000000003,1.5629190000000002,1,0,2.44728,0.587672,3,0,5,11,4.0,0,2.0,1.3333333333333333,2.0101696666666666,0.919273,5.666666666666667,11.666666666666666,1.6,1.0,1.7025687999999999,0.9921058,5.2,11.4,1.8,1.3,1.7207143999999999,1.1206459,4.5,11.2,1.6328468,1.3719994
2022-12-31,Man City,Everton,1,1,A Madley,1568.4389797282279,1454.2513653329327,1.13,9.0,19.0,1,1,2.36333,0.0760019,3,0,7,13,3.0,1,2.0,1.3333333333333333,2.7202699999999997,1.579251666666667,8.0,9.666666666666666,2.0,1.0,2.1454054,1.1919964,8.2,10.0,2.4,1.0,2.073054,1.0364067000000001,7.2,7.9,2.3214200000000003,1.2954263999999998,1,1,0.0760019,2.36333,4,0,1,14,5.0,0,0.3333333333333333,2.3333333333333335,1.1227286666666665,1.981693333333333,5.0,8.666666666666666,0.8,1.4,1.2987612,1.6613253999999997,4.4,10.0,0.8,1.3,0.9878165699999999,1.6375727999999998,4.1,10.0,0.9162403399999999,1.9616859999999998
2022-12-31,Brighton,Arsenal,2,4,A Taylor,1514.0017972795165,1598.8470502208884,3.4,3.5,2.1,2,4,1.15663,3.22106,3,0,7,7,5.0,0,2.3333333333333335,1.6666666666666667,1.2366656666666669,1.38466,7.333333333333333,11.666666666666666,2.4,1.8,1.4239254000000001,1.418382,6.6,12.6,2.0,1.7,1.7375252000000003,1.3181904,7.1,11.6,1.8886764,0.8524087999999999,4,2,3.22106,1.15663,3,0,4,11,5.0,0,2.0,0.3333333333333333,2.182233333333333,0.6058913333333333,5.666666666666667,10.666666666666666,2.4,0.4,2.2265319999999997,0.5292908000000001,6.0,9.8,2.3,0.8,2.0000717000000003,0.9505775,5.0,10.0,1.6758713999999997,0.7952474
2022-12-31,Newcastle,Leeds,0,0,S Hooper,1571.5226816738589,1463.2052269776243,1.45,4.5,7.0,0,0,2.78846,0.517099,3,0,9,13,5.0,0,2.6666666666666665,0.3333333333333333,1.5149766666666664,0.7741250000000001,4.0,10.0,2.8,0.4,1.972482,0.8316638,4.4,9.4,2.5,0.5,2.045036,0.8430644700000001,5.9,10.1,2.1352,0.5604967399999999,0,0,0.517099,2.78846,5,0,3,19,3.0,1,2.6666666666666665,3.3333333333333335,1.5154603333333334,2.766296666666667,6.0,11.333333333333334,2.4,2.8,1.6245862,2.53658,5.2,9.8,1.5,2.4,1.4500157,2.0456795999999997,5.2,12.5,1.4772599999999998,1.9090078
2023-01-01,Tottenham,Aston Villa,0,2,J Brooks,1536.9048028277784,1480.5835217655322,1.67,4.0,5.0,0,2,0.569383,1.21733,4,0,5,15,6.0,0,2.3333333333333335,2.3333333333333335,1.7605356666666667,1.8118066666666668,6.333333333333333,9.333333333333334,2.2,2.2,1.8082674,1.4904705999999999,8.8,9.0,2.1,1.8,1.6454484,1.4700377,6.4,9.7,2.088646,1.2933438,2,0,1.21733,0.569383,3,0,3,10,6.0,0,2.0,1.6666666666666667,1.1414943333333334,1.6177453333333336,2.3333333333333335,8.0,2.0,1.8,1.4302934,2.0091872000000004,2.8,9.8,1.2,1.5,1.4205660999999998,1.4912640000000001,4.7,11.6,0.9380615999999999,1.6858318
2023-01-01,Nott'm Forest,Chelsea,1,1,P Bankes,1454.1793579214666,1516.0591270104978,5.0,3.8,1.7,1,1,0.985219,1.37305,2,0,1,16,5.0,0,1.0,1.6666666666666667,1.003852,1.5008666666666668,4.333333333333333,8.333333333333334,0.8,2.0,1.1438626,1.941422,3.8,9.4,0.7,1.9,1.0020372,1.6289156999999999,3.4,11.0,1.3345732,1.3140454,1,1,1.37305,0.985219,2,0,2,14,5.0,0,0.6666666666666666,0.6666666666666666,0.8505666666666668,1.3938766666666667,4.333333333333333,13.0,0.8,1.4,0.965924,1.558713,5.2,10.6,1.3,0.9,1.1016768,1.4569184,4.5,9.8,0.896708,1.7697340000000001
2023-01-02,Brentford,Liverpool,3,1,S Attwell,1511.8288684692354,1532.566126941033,5.5,4.33,1.55,3,1,2.0991,2.10461,1,0,4,5,3.0,1,2.0,1.0,2.35237,1.2095256666666667,3.0,7.666666666666667,1.8,1.2,1.9140160000000002,1.0966284000000002,3.0,8.8,1.2,1.5,1.6114000000000002,1.4857835000000001,4.2,9.3,1.4887900000000003,1.0951374,1,3,2.10461,2.0991,3,0,9,8,3.0,1,2.6666666666666665,1.0,2.7585833333333336,1.3297106666666665,5.333333333333333,9.333333333333334,2.2,1.2,2.330024,1.4838404,6.6,9.0,1.8,1.3,2.1004151,1.8504165000000001,6.9,9.2,1.8642522,2.044382
2023-01-03,Arsenal,Newcastle,0,0,A Madley,1608.1331628201362,1567.024625402465,1.8,3.8,4.33,0,0,0.970637,0.959523,4,0,5,10,3.0,1,3.0,1.0,2.4631,0.8984963333333335,5.0,10.0,3.0,0.6,2.5549500000000003,0.6360862,6.0,10.4,2.6,0.7,2.1799397,0.8633365,4.9,10.2,2.599738,0.7595332000000001,0,0,0.959523,0.970637,4,0,5,16,3.0,1,1.3333333333333333,0.0,1.9707933333333332,0.39573133333333343,6.333333333333333,11.0,2.4,0.2,2.304294,0.6220576,4.8,10.8,2.4,0.4,2.169124,0.79707957,6.0,10.4,1.9548719999999995,1.1256321999999999
2023-01-03,Everton,Brighton,1,4,A Marriner,1458.8831650391796,1504.7156846802686,3.5,3.5,2.1,1,4,1.16896,2.50731,3,0,5,8,3.0,1,0.6666666666666666,2.0,0.6904292999999999,2.013503333333333,2.6666666666666665,10.333333333333334,0.4,1.6,0.9271695799999999,2.014558,4.0,9.6,0.8,1.4,0.9556437599999998,1.8083706999999998,3.7,10.6,1.0593928000000001,1.3134596000000003,4,1,2.50731,1.16896,1,0,2,10,3.0,1,2.0,2.3333333333333335,0.9976256666666669,2.027506666666667,6.666666666666667,10.333333333333334,2.6,2.0,1.5495253999999998,1.6901159999999997,7.4,11.6,1.7,1.9,1.5800222,1.5337474,6.8,11.7,1.5863740000000002,1.783972
2023-01-03,Leicester,Fulham,0,1,D Bond,1467.6791810760799,1507.6851344599486,2.2,3.6,3.1,0,1,1.45221,1.33493,2,0,6,12,4.0,0,1.0,1.6666666666666667,0.9266539999999998,1.503057,4.0,10.666666666666666,1.0,1.2,1.1482918,1.3171796,3.6,8.4,1.6,0.8,1.0790159,1.2115795999999999,3.9,11.7,0.7765924,1.046157,1,0,1.33493,1.45221,6,0,3,11,3.0,1,2.0,1.0,1.9648333333333332,1.4990350000000001,7.333333333333333,10.666666666666666,1.4,1.0,1.7005527999999999,1.6164170000000002,7.0,10.6,1.7,1.6,1.6720812999999999,2.0494442000000004,5.8,9.7,1.5835443999999999,1.9262168000000002
2023-01-03,Man United,Bournemouth,3,0,M Salisbury,1556.7360756696169,1450.7965851311299,1.29,5.5,11.0,3,0,2.97383,0.679022,0,0,6,13,3.0,1,2.0,0.3333333333333333,2.6535333333333333,0.9223093333333333,5.666666666666667,11.333333333333334,1.6,0.8,2.0458378,0.8691641999999999,5.4,11.6,1.6,1.2,1.7625384,1.0371751,4.8,11.0,1.8085820000000001,0.8692924,0,3,0.679022,2.97383,3,0,5,7,3.0,1,1.0,1.3333333333333333,1.2651029999999999,1.4783920000000002,4.333333333333333,13.0,1.6,2.2,1.2477564,1.7710192,3.6,11.8,1.2,1.7,1.1315005,1.5915656,4.5,10.8,1.0669382,1.856242
2023-01-04,Southampton,Nott'm Forest,0,1,T Bramall,1435.1150847035549,1454.2334614970846,2.0,3.5,3.8,0,1,0.62937,1.22324,2,0,6,14,4.0,0,1.0,2.6666666666666665,1.2800236666666664,1.7481233333333333,2.6666666666666665,10.0,0.8,2.6,1.3700762,1.533844,4.0,9.8,0.8,2.1,1.1297051000000002,1.6501061999999997,4.4,9.9,1.2932223999999999,1.5428359999999999,1,0,1.22324,0.62937,2,0,2,17,3.0,1,0.6666666666666666,1.3333333333333333,0.8999383333333334,1.5517500000000002,3.6666666666666665,10.333333333333334,0.8,2.2,0.8405804,1.776528,3.6,9.8,0.6,1.7,0.9590181000000001,1.6312607,3.3,11.5,0.6695012,1.943786
2023-01-04,Leeds,West Ham,2,2,D Coote,1467.703283249018,1440.537747372352,2.6,3.5,2.6,2,2,1.2577,1.29245,3,0,8,11,4.0,0,1.3333333333333333,2.3333333333333335,0.9460533333333333,3.1771366666666663,2.6666666666666665,12.333333333333334,2.0,2.2,1.335238,2.5992480000000002,5.2,11.2,1.3,1.9,1.3221256000000001,2.0496755999999996,4.9,13.5,1.4227714,2.1823514000000004,2,2,1.29245,1.2577,1,0,1,18,5.0,0,0.3333333333333333,2.3333333333333335,0.9623436666666668,1.6694333333333333,6.666666666666667,11.666666666666666,0.4,2.0,0.8159880000000002,1.558628,6.4,11.0,1.0,1.3,1.472695,1.2414558,5.9,9.2,1.3751922,1.3605097999999998
2023-01-04,Aston Villa,Wolves,1,1,J Gillett,1493.8117895560504,1441.993581365127,1.95,3.6,4.0,1,1,1.03226,0.832522,1,0,7,6,3.0,1,1.6666666666666667,1.3333333333333333,1.3544166666666666,1.6351433333333334,2.3333333333333335,9.333333333333334,1.6,1.8,0.9825254000000001,1.9221398000000005,2.0,9.0,1.3,1.5,1.4079340999999999,1.5263721000000001,4.4,11.3,1.9030706000000002,1.2966962,1,1,0.832522,1.03226,3,0,8,12,4.0,0,0.6666666666666666,1.3333333333333333,0.7735903333333333,1.98459,5.0,12.666666666666666,1.0,1.6,0.8341792000000001,1.824018,5.0,14.0,0.7,1.9,0.9194700000000001,1.6083205,4.9,12.9,0.7921278,1.449106
2023-01-04,Crystal Palace,Tottenham,0,4,M Oliver,1497.0677040735989,1523.6765350372602,3.4,3.5,2.15,0,4,0.787525,1.66514,1,0,10,11,4.0,0,0.6666666666666666,1.3333333333333333,1.106638,1.6108696666666669,4.333333333333333,12.0,1.0,1.0,1.0714388,1.2766436,5.2,11.2,1.0,1.2,0.9919148999999999,1.2469141000000001,4.6,12.1,1.0087148,1.4471674,4,0,1.66514,0.787525,2,0,4,8,3.0,1,2.0,2.3333333333333335,1.3445433333333334,1.72909,6.333333333333333,11.0,2.0,2.2,1.609118,1.5080566000000002,8.6,9.6,1.5,1.8,1.5037676999999998,1.4323217,6.3,10.3,1.2022508,1.6467316
2023-01-05,Chelsea,Man City,0,1,P Tierney,1516.0050234348798,1563.807180021981,5.0,4.0,1.67,0,1,0.493576,1.71972,2,0,3,9,4.0,0,1.0,0.6666666666666666,1.2153116666666668,0.9294630000000002,3.6666666666666665,11.0,0.8,1.4,1.000058,1.6095698000000003,4.4,11.8,1.2,0.9,1.1682485,1.4134803000000002,3.7,10.6,1.3066456,1.1441028000000002,1,0,1.71972,0.493576,0,0,2,9,5.0,0,1.6666666666666667,1.3333333333333333,2.7102733333333333,1.3232909666666668,7.333333333333333,12.0,1.6,1.0,2.2455933999999997,1.10147078,8.2,10.4,2.4,1.0,2.117244,1.0160676899999999,7.5,8.6,1.8246879999999996,0.777387
2023-01-12,Fulham,Chelsea,2,1,D Coote,1518.259974952019,1505.6540854550913,3.3,3.5,2.15,2,1,0.711266,2.39911,4,0,5,12,9.0,0,2.0,0.3333333333333333,1.8424166666666668,0.8575583333333334,5.0,11.333333333333334,1.6,1.0,1.6146628,1.6685269999999999,5.0,10.8,1.7,1.2,1.7372042,1.7274672,6.0,9.9,1.8937979999999999,1.5213576,1,2,2.39911,0.711266,3,1,7,16,7.0,0,1.0,0.6666666666666666,1.2601353333333334,1.0493363333333334,3.6666666666666665,10.333333333333334,0.6,0.8,0.8836652,1.3773138,3.6,12.4,1.0,0.9,1.0921001000000001,1.5144653,3.8,10.2,0.9203060000000001,1.8248037999999998
2023-01-13,Aston Villa,Leeds,2,1,M Oliver,1490.7001044264746,1465.2458020425343,1.91,3.6,4.0,2,1,1.64599,2.46295,2,0,0,12,9.0,0,1.3333333333333333,1.3333333333333333,1.3137133333333333,1.6362816666666669,3.3333333333333335,7.666666666666667,1.8,1.2,1.1348146,1.2510282,3.4,8.0,1.4,1.6,1.3215151,1.5797617000000002,4.2,10.7,1.8407926,1.4195402000000001,1,2,2.46295,1.64599,2,0,11,8,9.0,0,1.0,1.6666666666666667,0.79285,2.7478,4.666666666666667,13.666666666666666,2.0,2.4,1.264236,2.4759599999999997,5.8,12.8,1.5,2.1,1.4180329999999999,1.9892756000000003,5.5,12.3,1.2214798,1.9169998
2023-01-14,Wolves,West Ham,1,0,S Hooper,1445.1052664947028,1442.9952285788358,2.63,3.3,2.7,1,0,0.806232,0.735105,0,0,4,10,10.0,0,1.0,1.0,0.8803179999999999,1.5686900000000001,5.666666666666667,15.0,1.0,1.6,0.8891626,1.771956,5.4,13.0,0.8,1.8,0.9451234,1.6076125,5.1,13.5,1.0468122000000002,1.767535,0,1,0.735105,0.806232,2,0,3,7,10.0,0,1.0,2.3333333333333335,1.15292,1.5534466666666666,4.666666666666667,14.666666666666666,0.8,2.2,0.8744120000000001,1.4598879999999999,4.6,12.6,1.0,1.5,1.4980060000000002,1.309627,5.9,10.2,1.502612,1.5325038
2023-01-14,Brentford,Bournemouth,2,0,J Gillett,1520.7035820630183,1445.239878151963,1.65,4.0,5.25,2,0,1.29815,0.269283,1,0,5,5,12.0,0,2.3333333333333335,1.0,1.9553633333333333,1.3760623333333335,3.6666666666666665,7.0,2.2,1.2,2.075322,1.4060294000000002,3.2,7.8,1.5,1.6,1.7167100000000002,1.6204317000000004,3.8,8.8,1.800588,1.2520174000000002,0,2,0.269283,1.29815,1,0,3,9,11.0,0,0.0,2.3333333333333335,0.6726369999999999,2.213416666666667,5.0,11.333333333333334,1.2,2.2,1.2060542,1.9268652000000004,4.2,11.2,1.2,2.0,1.1235899000000003,1.7843486,4.3,10.4,1.0073530000000002,2.1414920000000004
2023-01-14,Man United,Man City,2,1,S Attwell,1562.2927826487837,1574.1581180017695,4.2,3.6,1.85,2,1,1.98228,0.73695,3,0,1,15,11.0,0,2.3333333333333335,0.0,2.5192633333333334,0.5812566666666666,6.666666666666667,12.333333333333334,2.0,0.8,2.2903238000000004,0.8049026000000001,5.6,11.8,1.6,0.6,1.8885863999999999,0.8039742999999999,5.3,11.4,1.99754,0.7206208000000001,1,2,0.73695,1.98228,0,0,2,5,9.0,0,1.6666666666666667,0.6666666666666666,2.748513333333333,0.3911096333333335,4.666666666666667,12.0,1.6,1.0,2.448772,1.06146658,6.6,10.2,2.2,1.0,2.146796,1.03432579,7.0,8.6,1.784346,0.8202238
2023-01-14,Brighton,Liverpool,3,0,D England,1515.1232316808387,1523.69141334725,3.4,3.6,2.1,3,0,2.40062,1.28853,1,0,7,8,11.0,0,3.0,2.0,1.5570266666666666,2.03237,3.6666666666666665,9.0,2.6,2.0,1.4747873999999999,1.7087999999999997,6.2,10.4,1.8,1.7,1.5941862,1.4354934,6.8,11.4,1.5736703999999997,1.2835228,0,3,1.28853,2.40062,3,0,1,15,12.0,0,2.0,1.6666666666666667,2.5453933333333336,1.5513206666666666,6.333333333333333,9.333333333333334,2.2,1.4,2.3691679999999997,1.5811184,5.6,8.8,1.6,1.3,2.0957261,1.8237595000000002,6.9,9.1,2.0079402,2.185864
2023-01-14,Everton,Southampton,1,2,J Brooks,1448.4756180386096,1423.9438175991693,2.25,3.25,3.3,1,2,1.18191,1.08412,0,0,6,7,11.0,0,1.0,2.3333333333333335,0.8238306333333334,2.0304666666666664,2.6666666666666665,10.333333333333334,0.6,2.4,0.9226295800000001,2.163144,4.2,9.6,0.7,1.7,0.87256076,1.8631407,3.6,10.4,1.2136388,1.6838514,2,1,1.08412,1.18191,3,0,4,19,10.0,0,0.6666666666666666,2.0,1.0117236666666667,1.2411433333333333,4.666666666666667,12.0,0.8,2.6,1.2243441999999998,1.577724,4.4,10.2,0.7,2.0,0.9966811,1.5724512000000002,4.3,10.2,0.9661877999999999,1.7573764
2023-01-14,Nott'm Forest,Leicester,2,0,P Tierney,1465.4047286014702,1457.1043405840094,2.7,3.3,2.63,2,0,1.75313,0.803421,1,0,3,11,10.0,0,0.6666666666666666,1.3333333333333333,0.8951783333333333,1.3797,4.0,12.333333333333334,1.0,1.2,1.044003,1.301004,3.2,11.6,0.7,1.3,0.9591730999999999,1.5692277,2.9,12.0,1.248535,1.3187354,0,2,0.803421,1.75313,2,0,5,12,11.0,0,0.3333333333333333,2.0,0.8755039999999998,1.7077933333333333,5.333333333333333,12.0,1.0,1.2,1.3000144,1.4434002,4.2,9.8,1.2,0.9,1.0992669000000002,1.2229036,3.9,11.6,1.3814394,1.3770022000000002
2023-01-15,Newcastle,Fulham,1,0,R Jones,1569.8553015393813,1526.200108144727,1.5,4.33,6.5,1,0,1.96256,0.989872,1,0,10,6,12.0,0,1.0,0.0,1.8372676666666665,0.5995753333333335,6.333333333333333,11.666666666666666,1.6,0.2,1.6585826000000001,0.7620222,5.2,11.8,2.0,0.3,1.7978783000000003,0.8257731700000001,5.7,11.0,2.383376,0.46852693999999995,0,1,0.989872,1.96256,3,0,5,14,3.0,1,1.6666666666666667,0.6666666666666666,1.1797486666666666,1.5166769999999998,4.0,10.333333333333334,1.8,0.8,1.5881392,1.6696849999999999,6.0,11.0,1.8,1.0,1.753346,1.6237021999999999,6.3,10.4,1.5806104,1.9335768000000002
2023-01-15,Tottenham,Arsenal,0,2,C Pawson,1534.6346619907176,1605.30248668322,3.1,3.6,2.2,0,2,1.71032,2.04232,4,0,4,16,11.0,0,2.0,1.3333333333333333,1.0394366666666668,1.4191616666666669,4.666666666666667,11.0,2.2,1.8,1.5032260000000002,1.488055,5.6,10.2,1.8,1.5,1.5200117,1.2626712,6.5,10.1,1.8052845999999998,1.2179118,2,0,2.04232,1.71032,2,0,3,15,12.0,0,2.3333333333333335,1.0,2.026659,1.0475576666666668,5.333333333333333,11.333333333333334,2.0,0.6,2.1476794,0.7867654,5.2,10.6,2.3,0.7,2.1449824,0.9052778,5.1,10.2,2.0560414000000002,0.9185514000000001
2023-01-15,Chelsea,Crystal Palace,1,0,P Bankes,1497.7139522623834,1486.1095771201415,1.62,4.0,5.25,1,0,2.12987,0.837366,2,0,11,10,3.0,1,0.6666666666666666,1.3333333333333333,1.421912,1.138735,4.0,13.0,0.8,1.0,1.3077242,1.0438750000000003,4.2,11.6,0.8,1.1,1.0889190999999998,1.5107469999999998,4.1,11.0,1.2638942,1.2041268,0,1,0.837366,2.12987,5,0,7,17,11.0,0,0.6666666666666666,2.3333333333333335,0.9873063333333333,1.753409666666667,6.0,11.333333333333334,0.8,1.8,1.0281758,1.3380656,5.6,10.8,0.9,1.4,0.9996803999999999,1.2879221,5.1,12.1,0.975115,1.0466608
2023-01-18,Crystal Palace,Man United,1,1,R Jones,1478.1418248018144,1570.9161521020596,4.5,3.6,1.8,1,1,0.413339,1.39437,1,0,3,9,3.0,1,0.6666666666666666,1.6666666666666667,1.1258436666666667,1.5636096666666666,8.0,13.0,0.4,1.8,0.9889610000000001,1.7255238,6.0,12.8,0.7,1.4,0.9182229999999999,1.3943451,5.3,12.5,1.0242458,1.5291834,1,1,1.39437,0.413339,2,0,3,10,4.0,0,2.0,0.3333333333333333,2.4677966666666666,0.6678813333333333,4.0,13.0,2.2,0.4,2.583342,0.83658,4.8,12.4,1.6,0.6,1.9042024000000002,0.8410849,5.0,11.6,1.7796328,0.8873277999999999
2023-01-19,Man City,Tottenham,4,2,S Hooper,1565.5347485484936,1524.9416102132295,1.36,5.0,8.5,4,2,2.34166,1.16499,1,0,8,10,5.0,0,1.0,1.0,1.6066666666666662,0.8506193000000001,3.6666666666666665,9.0,1.4,1.2,2.117498,1.28914578,5.2,10.0,1.7,0.9,1.919388,1.06121879,6.7,8.8,2.1918800000000003,0.96795678,2,4,1.16499,2.34166,2,0,3,14,4.0,0,1.3333333333333333,1.3333333333333333,1.3149476666666668,1.3490583333333337,4.333333333333333,13.0,2.0,1.8,1.481818,1.603423,5.4,11.4,1.7,1.7,1.6138796,1.3769297,6.7,10.3,1.2347388000000001,1.3074306
2023-01-21,Liverpool,Chelsea,0,0,M Oliver,1515.1610208920708,1505.6817045807104,1.85,3.75,4.0,0,0,1.30125,1.84467,3,0,5,16,7.0,0,1.0,2.3333333333333335,1.8059233333333333,1.7876773333333331,4.666666666666667,10.333333333333334,1.8,1.8,2.333778,1.6977704,5.2,10.2,1.4,1.3,2.148064,1.7818535,6.7,9.5,2.1835120000000003,1.461655,0,0,1.84467,1.30125,1,0,5,9,6.0,0,0.6666666666666666,1.0,1.6741853333333332,1.0894506666666668,7.0,11.666666666666666,1.0,0.8,1.6618772,0.9393282000000001,5.8,11.4,0.7,1.1,1.1782631000000001,1.3499416000000002,5.1,10.9,1.1528420000000001,1.477973
2023-01-21,Bournemouth,Nott'm Forest,1,1,A Madley,1438.9525827999269,1473.4638235782024,2.75,3.1,2.75,1,1,1.80549,1.57544,1,0,4,10,7.0,0,0.0,2.3333333333333335,0.6147079999999998,2.0082066666666667,3.3333333333333335,11.0,0.6,1.8,0.9487228,1.7414312000000003,4.2,11.0,1.0,2.1,1.0356272,1.7960386,3.9,10.5,1.2398268,1.4272052,1,1,1.57544,1.80549,2,0,6,7,7.0,0,1.3333333333333333,0.3333333333333333,1.3205296666666666,0.9352803333333334,2.0,14.666666666666666,1.0,0.8,1.135237,1.2176082000000001,3.2,11.8,0.8,1.2,1.1123515,1.5838511,3.1,11.8,0.6698112,1.8197199999999998
2023-01-21,Leicester,Brighton,2,2,T Bramall,1449.0452456072771,1523.653624136018,3.6,3.5,2.05,2,2,1.35941,1.94491,0,0,5,9,7.0,0,0.3333333333333333,1.6666666666666667,1.0396476666666665,1.7042300000000001,5.333333333333333,13.0,0.6,1.6,1.0071186,1.5194462000000002,4.6,11.2,1.1,0.9,1.061484,1.2833256,4.2,11.2,0.8170944,1.068805,2,2,1.94491,1.35941,1,0,6,9,7.0,0,3.0,1.6666666666666667,2.02152,1.89285,5.333333333333333,8.333333333333334,2.6,1.6,1.5801614000000002,1.7080019999999998,5.8,9.8,2.1,1.6,1.7442747,1.4871823,6.9,11.3,1.6147019999999999,1.587464
2023-01-21,Southampton,Aston Villa,0,1,M Salisbury,1436.3299402657192,1498.2889576775378,2.88,3.25,2.55,0,1,0.672444,1.16432,1,0,2,19,7.0,0,1.0,1.3333333333333333,0.804067,1.2994,4.666666666666667,15.333333333333334,1.0,2.0,1.1107122,1.529904,3.6,12.6,0.9,1.7,1.0949783,1.4171062,4.6,11.3,1.0271744,1.387526,1,0,1.16432,0.672444,2,0,2,9,8.0,0,1.6666666666666667,0.6666666666666666,1.2985266666666666,1.288285,3.3333333333333335,9.333333333333334,1.6,1.2,1.3482999999999998,1.6401803999999998,2.8,9.2,1.5,1.6,1.4203953999999999,1.8039221,3.8,10.0,0.8022376,1.7399832
2023-01-21,West Ham,Everton,2,0,S Attwell,1434.7640962370986,1436.0894953720597,1.8,3.75,4.75,2,0,2.46879,0.286826,1,0,4,9,7.0,0,0.6666666666666666,1.6666666666666667,1.0557816666666668,1.1927639999999997,4.0,11.333333333333334,0.6,2.0,0.9829171999999999,1.4144463999999999,4.8,12.0,0.7,1.5,1.2278405000000001,1.3352654,5.8,10.0,1.4934,1.0867502,0,2,0.286826,2.46879,1,0,9,6,7.0,0,1.0,2.3333333333333335,0.8089573,1.9849199999999996,4.0,9.666666666666666,0.8,2.4,0.88443158,1.926388,3.8,9.2,0.7,1.7,0.9541673600000001,1.7889407,3.7,10.4,0.53148272,2.04243
2023-01-21,Crystal Palace,Newcastle,0,0,C Pawson,1479.0823576327673,1576.9573407827556,4.4,3.5,1.85,0,0,0.333154,1.44384,4,0,3,13,3.0,1,0.3333333333333333,2.0,0.67941,1.7297933333333333,6.666666666666667,12.333333333333334,0.6,1.8,0.8425248,1.7568937999999998,5.6,12.0,0.8,1.5,0.9248761,1.4364395,5.4,12.1,0.7765256,1.5949294,0,0,1.44384,0.333154,2,0,15,7,6.0,0,0.3333333333333333,0.0,1.903514333333333,0.8258693333333333,8.0,11.666666666666666,1.0,0.0,1.7668926000000003,0.6295406,6.8,11.0,1.6,0.2,1.7495033,0.8112943699999999,5.8,10.2,1.2123806,1.1830193999999998
2023-01-22,Leeds,Brentford,0,0,P Bankes,1457.656948791471,1526.9908774150545,2.38,3.6,2.88,0,0,0.374736,0.17114,2,0,2,10,9.0,0,1.0,1.3333333333333333,1.4125830000000004,1.9089666666666665,7.333333333333333,12.666666666666666,1.4,2.2,1.311762,2.49397,5.4,11.2,1.5,2.1,1.557764,1.9886806,6.3,10.8,1.6145862000000002,2.0615514,0,0,0.17114,0.374736,2,0,3,18,8.0,0,2.3333333333333335,0.3333333333333333,1.6372033333333331,1.1712276666666668,3.3333333333333335,5.0,2.2,0.8,2.090872,1.2004940000000002,3.6,6.6,1.6,1.1,1.7330590000000001,1.4027290000000001,3.8,8.4,1.632832,1.9888460000000001
2023-01-22,Man City,Wolves,3,0,D Coote,1572.7177238737702,1453.3363988364401,1.2,8.0,11.0,3,0,3.32757,0.469277,1,0,5,10,3.0,1,2.0,1.3333333333333333,1.599443333333333,1.2136153333333335,4.0,8.0,2.0,1.2,2.26483,0.86411978,4.8,10.2,1.7,1.1,1.8800179999999997,1.16760299,6.6,9.4,2.11314,1.18072518,0,3,0.469277,3.32757,2,0,7,10,8.0,0,0.6666666666666666,0.6666666666666666,0.7421419999999999,1.404881666666667,6.333333333333333,11.0,0.8,1.0,0.7919050000000001,1.544227,5.4,12.0,0.9,1.5,0.9509017,1.438031,5.3,13.7,0.8434346000000001,1.44769
2023-01-22,Arsenal,Man United,3,2,A Taylor,1614.995538460708,1569.9756192711068,1.8,3.8,4.2,3,2,2.90273,0.272246,1,0,12,8,7.0,0,2.0,0.6666666666666666,2.0780056666666664,1.275491,4.0,12.0,2.2,0.6,2.0804514,1.0730664,4.6,11.0,2.2,0.6,2.1008114,0.9260398000000001,4.9,10.7,2.2339234,0.8920042,2,3,0.272246,2.90273,2,0,4,9,4.0,0,2.0,0.6666666666666666,2.116826666666667,0.6097703333333334,3.3333333333333335,12.666666666666666,2.0,0.4,2.186888,0.5788118,4.8,12.4,1.7,0.7,1.9020334,0.8036038,4.9,11.3,1.6932828,0.8968268
2023-01-23,Fulham,Tottenham,0,1,P Tierney,1519.0980689013527,1517.758634887953,3.3,3.6,2.1,0,1,1.09339,0.993805,1,0,3,10,8.0,0,1.0,0.6666666666666666,1.0120226666666667,1.9379599999999997,4.333333333333333,12.333333333333334,1.6,0.6,1.4456776,1.386869,5.0,12.0,1.6,0.9,1.6905952,1.6571292,6.3,10.9,1.7125751999999999,1.6755216000000002,1,0,0.993805,1.09339,3,0,8,10,4.0,0,2.0,2.0,1.5134833333333333,1.7238350000000002,3.6666666666666665,12.666666666666666,1.6,2.0,1.198724,1.728293,4.2,12.6,1.7,2.1,1.4809696,1.5550918,6.3,10.5,1.3134086,1.5958156000000001
2023-02-03,Chelsea,Fulham,0,0,S Attwell,1507.655242003947,1507.3506954228867,1.62,4.0,5.25,0,0,1.41471,0.493341,1,0,6,16,13.0,0,0.6666666666666666,0.6666666666666666,2.12455,0.9499606666666668,7.666666666666667,11.666666666666666,0.6,0.8,1.6480552,1.1109642000000002,5.6,11.6,0.7,1.1,1.3069896,1.3348386,5.4,11.1,1.2036842,1.2219102,0,0,0.493341,1.41471,4,0,2,12,11.0,0,0.6666666666666666,1.0,0.9315093333333332,1.7851583333333332,4.333333333333333,12.0,1.0,0.8,1.1245015999999999,1.5012792,4.0,11.0,1.3,1.0,1.5107342000000001,1.6853609999999999,5.7,10.8,1.6686152,1.6387368000000002
2023-02-04,Everton,Arsenal,1,0,D Coote,1427.7624123515643,1622.061637635141,8.5,4.5,1.4,1,0,2.09191,0.690102,4,0,7,13,14.0,0,0.6666666666666666,2.6666666666666665,0.879232,2.020073333333333,6.666666666666667,7.0,0.8,2.2,0.78804558,1.9288619999999999,4.6,8.8,0.7,1.7,0.9268460599999999,1.7864107,4.5,9.7,1.376852,1.5354514000000001,0,1,0.690102,2.09191,1,0,5,8,13.0,0,1.6666666666666667,0.6666666666666666,1.9718956666666667,0.9806963333333334,6.666666666666667,11.0,2.4,1.0,2.2050054,1.0250478,6.2,11.4,2.2,0.6,2.1091164000000004,0.8767493000000002,5.7,10.4,2.300154,0.8561514000000001
2023-02-04,Aston Villa,Leicester,2,4,D England,1508.2325732214583,1449.465460937769,1.95,3.6,3.8,2,4,1.4989,2.49784,0,0,11,10,14.0,0,1.3333333333333333,0.6666666666666666,1.2808566666666668,1.3226386666666667,3.0,9.0,1.4,1.0,1.35029,1.6088478000000002,2.4,8.8,1.6,1.4,1.2922854000000001,1.7475235000000002,3.3,9.7,1.6809066000000001,1.6648441999999999,4,2,2.49784,1.4989,2,0,3,10,14.0,0,0.6666666666666666,1.6666666666666667,1.2050136666666666,1.6776566666666666,5.333333333333333,11.0,0.6,2.0,0.9578686,1.764284,5.2,11.4,1.3,1.1,1.1000824000000002,1.4431357999999999,3.8,10.3,1.3058736,1.4978462000000001
2023-02-04,Brentford,Southampton,3,0,D Bond,1526.7222899673045,1426.3863247217987,1.85,3.6,4.2,3,0,2.36747,0.644385,1,0,4,10,13.0,0,1.6666666666666667,0.3333333333333333,1.1894633333333333,0.9162096666666667,4.0,9.333333333333334,1.8,0.6,1.467076,0.9544412,3.8,8.8,1.4,1.1,1.5595370000000002,1.2245346,3.9,9.0,1.6789460000000003,0.874538,0,3,0.644385,2.36747,2,0,4,9,14.0,0,0.6666666666666666,1.0,0.7953113333333334,1.1898233333333332,4.0,17.333333333333332,0.8,1.6,0.9583470000000002,1.213932,4.0,14.8,0.8,1.7,1.1097747999999998,1.3628112000000001,4.4,12.5,1.1627822,1.4466864000000002
2023-02-04,Brighton,Bournemouth,1,0,C Pawson,1523.233408805526,1438.220270649416,1.33,5.25,8.5,1,0,2.55696,0.908298,3,0,7,14,14.0,0,3.0,1.0,2.2842800000000003,1.2723,5.0,9.0,2.8,1.6,1.803322,1.7490099999999997,4.8,8.8,2.3,1.6,1.7230976999999998,1.4324873,6.4,10.7,1.8738473999999996,1.3869006000000001,0,1,0.908298,2.55696,1,0,3,7,14.0,0,0.3333333333333333,2.0,0.9179316666666665,1.9491399999999999,4.0,8.666666666666666,0.2,2.0,0.8185368000000001,1.902768,4.4,10.6,0.9,2.0,1.0533472,1.7918446,3.7,10.4,0.7355516000000001,2.077646
2023-02-04,Man United,Crystal Palace,2,1,A Marriner,1562.9095200966738,1480.168189402845,1.4,4.75,8.0,2,1,2.07035,1.3798,1,1,5,9,13.0,0,1.6666666666666667,1.6666666666666667,1.2162986666666666,1.3510063333333333,2.6666666666666665,11.333333333333334,1.8,1.0,1.8140011999999999,1.0639426,3.8,11.6,1.7,1.0,1.758285,1.0280242,4.5,11.5,2.1107839999999998,0.7103808,1,2,1.3798,2.07035,2,0,5,9,14.0,0,0.3333333333333333,0.6666666666666666,0.527953,1.6560266666666668,4.333333333333333,13.0,0.6,1.2,0.8248048000000001,1.5058078,6.0,12.2,0.6,1.4,0.8325745,1.4950398,5.3,12.0,1.0732266000000001,1.2779496
2023-02-04,Wolves,Liverpool,3,0,P Tierney,1448.0847992323522,1513.1874834688342,4.0,3.8,1.85,3,0,2.63328,1.30193,1,0,2,9,13.0,0,0.6666666666666666,1.3333333333333333,0.7026769999999999,1.6983116666666669,6.333333333333333,10.666666666666666,0.8,1.2,0.7832926,1.7537489999999998,5.6,13.0,0.8,1.8,0.8754613999999998,1.6460270000000001,5.6,13.0,0.9633226,1.665034,0,3,1.30193,2.63328,1,0,7,7,14.0,0,0.3333333333333333,2.0,1.5647966666666668,2.1147966666666664,5.0,13.0,1.2,1.6,2.045192,1.7798504000000002,5.0,11.8,1.3,1.3,2.078269,1.8751712,6.7,10.1,2.112616,2.102052
2023-02-04,Newcastle,West Ham,1,1,P Bankes,1575.871509012678,1443.091179257594,1.6,3.8,6.0,1,1,1.22883,1.27831,2,0,4,11,14.0,0,0.3333333333333333,0.0,1.4553076666666664,0.7645543333333334,10.0,9.666666666666666,0.8,0.0,1.7836406,0.6243504,8.8,9.6,1.6,0.2,1.8150723000000002,0.70300377,6.9,9.8,2.286626,0.43956934,1,1,1.27831,1.22883,1,0,2,13,14.0,0,1.3333333333333333,1.0,1.4987816666666667,0.7835859999999998,2.6666666666666665,11.333333333333334,1.0,1.6,1.3325310000000001,1.1506796,4.2,12.0,0.8,1.4,1.3039925,1.3115001000000002,4.8,10.6,1.308179,1.5888544
2023-02-05,Nott'm Forest,Leeds,1,0,R Jones,1474.1961357287132,1457.925536239221,2.63,3.3,2.7,1,0,0.3325,1.12331,4,0,0,15,15.0,0,1.3333333333333333,0.3333333333333333,1.5172700000000001,1.0794270000000001,3.6666666666666665,11.666666666666666,1.0,1.0,1.202821,1.3496022,4.2,11.0,0.9,1.2,1.1451345,1.6420321000000002,3.2,11.2,1.5548917999999998,1.3479822000000001,0,1,1.12331,0.3325,2,0,2,14,14.0,0,1.0,1.3333333333333333,1.3651286666666669,1.0365266666666664,7.0,9.666666666666666,0.8,1.4,1.0432472000000002,2.012106,5.4,11.8,1.5,2.0,1.3930056,1.9236189,5.9,10.8,1.5009418,1.9158098
2023-02-05,Tottenham,Man City,1,0,A Madley,1529.5060083664189,1577.969323477858,4.33,4.2,1.73,1,0,1.42168,0.773747,2,1,4,19,13.0,0,1.0,2.0,1.2897049999999999,1.8257900000000005,5.0,13.333333333333334,1.4,1.6,1.2207276,1.496445,4.8,12.6,1.8,1.9,1.5144975,1.4934578,6.8,10.8,1.6485306000000002,1.514368,0,1,0.773747,1.42168,3,0,6,14,14.0,0,2.6666666666666665,1.3333333333333333,2.135393333333333,1.2055156666666669,5.0,8.333333333333334,2.0,1.0,2.0978459999999997,0.83722498,4.8,9.4,2.0,1.0,2.1216257,1.01461069,6.5,9.7,1.646896,1.1544808
2023-02-08,Man United,Leeds,2,2,S Hooper,1569.017641423466,1450.0861836521633,1.45,5.0,6.0,2,2,2.00007,0.554798,1,0,6,7,4.0,0,1.6666666666666667,1.6666666666666667,1.2456553333333333,1.5652896666666667,4.0,9.333333333333334,2.0,1.2,1.7386152000000004,1.2223682,3.8,11.2,1.8,1.0,1.8922265,1.0457661999999999,4.6,11.4,2.182908,0.8546355999999999,2,2,0.554798,2.00007,3,0,5,11,3.0,1,0.3333333333333333,1.0,1.320332,0.7165433333333331,5.0,10.666666666666666,0.6,1.0,1.1471589999999998,1.246108,5.2,12.4,1.5,1.9,1.3858726,1.8913439999999997,5.2,11.1,1.4866758,1.85126
2023-02-11,West Ham,Chelsea,1,1,C Pawson,1448.1327650720345,1505.9367604583958,3.3,3.3,2.25,1,1,1.07615,0.900465,1,0,5,9,7.0,0,1.0,0.6666666666666666,1.494068333333333,0.7739626666666665,3.0,9.666666666666666,1.0,1.2,1.382889,1.0187896,3.6,11.2,0.9,1.4,1.1831745,1.2103171,4.7,11.1,1.2998059999999998,1.0341458,1,1,0.900465,1.07615,1,0,6,11,8.0,0,0.3333333333333333,0.0,1.7964166666666668,0.8773190000000003,7.333333333333333,11.666666666666666,0.4,0.6,1.6563872,1.0125886,6.4,12.0,0.6,1.0,1.3282226,1.3110792,5.4,11.9,1.410295,1.447767
2023-02-11,Arsenal,Brentford,1,1,P Bankes,1608.3778653123113,1532.4093605325984,1.44,4.75,7.0,1,1,1.36738,2.17538,0,0,7,9,7.0,0,1.6666666666666667,1.0,1.8783839999999998,1.3581586666666665,6.666666666666667,10.333333333333334,1.8,1.0,1.9653698000000002,1.2381258,5.8,10.4,2.1,0.7,2.0959509,0.8837083,5.9,10.1,2.3176634,0.6459134000000001,1,1,2.17538,1.36738,2,0,4,9,7.0,0,1.6666666666666667,0.0,1.27892,0.42946799999999996,4.0,11.0,2.0,0.2,1.490044,0.9065608,3.4,8.6,1.7,1.1,1.651056,1.2332326,3.7,9.3,1.440128,1.5745312
2023-02-11,Crystal Palace,Brighton,1,1,M Oliver,1474.0600680760526,1529.2861879997513,3.8,3.5,2.0,1,1,0.928279,2.64981,4,0,1,10,7.0,0,0.6666666666666666,1.0,0.7087643333333333,1.6361866666666665,3.6666666666666665,10.333333333333334,0.4,1.6,0.7502368,1.7407139999999999,5.6,11.8,0.7,1.3,0.9108378,1.5086787999999998,5.4,11.5,0.5919224,1.7121299999999997,1,1,2.64981,0.928279,1,0,6,11,7.0,0,2.0,0.6666666666666666,2.30083,1.185412666666667,6.666666666666667,10.333333333333334,2.4,1.4,2.113286,1.5892516,5.8,9.6,2.4,1.6,1.7686056999999997,1.5038168,6.2,11.1,1.572348,1.4780739999999999
2023-02-11,Fulham,Nott'm Forest,2,0,A Madley,1509.069176968438,1482.0354883157709,1.91,3.5,4.33,2,0,1.69704,0.686824,0,0,5,9,8.0,0,0.0,0.6666666666666666,0.8588676666666665,1.457025,3.3333333333333335,12.0,0.6,0.6,0.9245597999999999,1.6444789999999998,3.6,11.8,1.0,0.8,1.3125563,1.630448,5.3,11.2,1.3528532,1.7319852,0,2,0.686824,1.69704,1,0,4,11,6.0,0,1.3333333333333333,0.3333333333333333,1.2203566666666665,1.2440736666666667,3.0,11.0,1.2,0.4,1.1739058,1.1469282,2.4,13.2,1.0,1.2,1.1588842,1.5441751,3.1,11.3,0.7353772000000001,1.936082
2023-02-11,Leicester,Tottenham,4,1,M Salisbury,1462.7566448475611,1539.174077868617,3.4,3.6,2.1,4,1,1.41208,1.11709,5,0,1,14,7.0,0,2.0,2.0,1.5535569999999999,1.7323133333333331,4.333333333333333,10.333333333333334,1.4,1.8,1.3952386,1.7113,4.8,11.6,1.5,1.3,1.2843415,1.4735618000000001,3.9,9.8,0.8942912,1.3884254,1,4,1.11709,1.41208,2,0,5,9,6.0,0,1.3333333333333333,1.3333333333333333,1.1934916666666666,1.4029323333333334,5.0,14.333333333333334,1.6,1.2,1.391187,1.4077284000000003,4.6,13.4,1.8,1.7,1.5001525,1.4578925,6.6,11.5,1.3804644,1.4725476
2023-02-11,Southampton,Wolves,1,2,J Gillett,1420.6992541565048,1458.2316557317695,2.9,3.2,2.55,1,2,1.30203,0.615651,2,0,5,12,7.0,0,0.6666666666666666,1.6666666666666667,0.8003163333333333,1.571233333333333,3.3333333333333335,15.666666666666666,0.6,1.6,0.745806,1.485998,4.0,14.8,0.7,2.0,1.0503353,1.518513,4.5,12.1,1.0567674,1.278936,2,1,0.615651,1.30203,2,1,2,14,7.0,0,1.3333333333333333,1.0,1.3029296666666665,1.788201666666667,4.333333333333333,9.666666666666666,1.0,1.0,1.0657966,1.7688289999999998,5.6,10.4,1.0,1.6,1.0530057,1.6506029999999998,5.5,12.1,0.7876002000000001,1.62702
2023-02-11,Bournemouth,Newcastle,1,1,S Attwell,1432.1674914551909,1570.8299231982373,6.5,4.0,1.53,1,1,1.54458,1.54853,2,0,4,8,7.0,0,0.3333333333333333,1.3333333333333333,0.9943569999999999,1.8101833333333335,3.3333333333333335,8.666666666666666,0.2,1.8,0.9115824,2.0314039999999998,3.4,10.0,0.9,2.0,1.0631318,1.9236625999999997,3.3,10.3,1.3711428,1.5060432,1,1,1.54853,1.54458,3,0,6,10,7.0,0,0.6666666666666666,0.3333333333333333,1.5450766666666667,0.8671120000000001,9.666666666666666,8.0,0.4,0.2,1.6766426000000003,0.8178143999999999,8.6,10.6,1.6,0.3,1.8245622999999997,0.8247391000000001,6.5,10.0,1.3435186,0.9664382
2023-02-12,Leeds,Man United,0,2,P Tierney,1454.8245491381258,1564.2792759375036,3.75,3.8,1.91,0,2,1.89163,1.30375,2,0,7,10,4.0,0,0.6666666666666666,1.0,0.6842813333333333,0.8345699999999997,3.0,11.666666666666666,1.0,1.4,1.1546988,1.08843,5.6,10.8,1.5,1.8,1.2449683999999999,1.8438390000000002,5.4,11.0,1.2850694,1.9314280000000004,2,0,1.30375,1.89163,1,0,3,13,4.0,0,2.0,2.0,1.447555333333333,1.6124426666666667,5.0,8.333333333333334,1.8,1.6,1.5438632,1.1975234000000001,3.8,10.0,1.9,1.2,1.9170935,1.0012130000000001,4.7,10.9,1.6015450000000002,1.2368968
2023-02-12,Man City,Aston Villa,3,1,R Jones,1568.30125397566,1494.9413893116662,1.25,6.5,11.0,3,1,3.60987,0.275348,1,0,8,13,7.0,0,2.3333333333333335,1.0,2.1476589999999995,1.0186490000000001,6.333333333333333,11.333333333333334,1.8,1.0,1.7799293999999999,1.1063606,4.6,9.6,1.7,1.0,2.0127614,1.10391569,6.4,10.0,2.406176,1.16885458,1,3,0.275348,3.60987,2,0,4,14,8.0,0,1.6666666666666667,1.6666666666666667,1.4364033333333335,1.8777446666666666,4.333333333333333,10.333333333333334,1.6,1.2,1.31176,1.4070278000000003,4.6,9.4,1.8,1.5,1.3710267,1.7081075000000001,3.7,9.6,0.9036642,1.8302028000000004
2023-02-13,Liverpool,Everton,2,0,S Hooper,1503.040626969417,1441.446184674394,1.5,4.33,6.5,2,0,2.23291,0.402331,1,0,3,8,9.0,0,0.0,2.0,1.2972366666666666,2.2928566666666663,4.333333333333333,12.666666666666666,0.6,2.0,1.6041900000000002,1.9681964,5.2,10.8,1.2,1.6,1.9843959999999998,1.8898502000000001,6.6,9.9,2.0439220000000002,1.6482903999999998,0,2,0.402331,2.23291,3,0,3,16,9.0,0,0.6666666666666666,1.3333333333333333,1.186882,1.4143373333333331,7.333333333333333,8.666666666666666,0.8,1.8,0.96112158,1.8227303999999998,5.6,9.6,0.8,1.6,1.12994139,1.7420279,5.0,9.8,0.47684012000000003,2.03737
2023-02-15,Arsenal,Man City,1,3,A Taylor,1604.6526408391514,1574.6408728996864,2.9,3.5,2.35,1,3,1.70139,2.00841,2,0,1,11,4.0,0,1.3333333333333333,1.3333333333333333,1.653404,1.5131786666666667,8.0,8.333333333333334,1.2,0.8,1.5946338,1.4418758,6.4,10.0,2.1,0.7,2.0747919,1.0389810000000002,6.2,10.2,2.0272034000000003,0.9279592000000001,3,1,2.00841,1.70139,3,0,3,15,3.0,1,2.0,0.6666666666666666,2.5703956666666663,0.7221016666666668,6.333333333333333,12.333333333333334,2.2,1.2,2.1579594,1.0627149999999999,5.8,10.4,1.9,1.1,2.3033657,1.06209079,6.2,10.3,1.6193468,1.0389768
2023-02-18,Aston Villa,Arsenal,2,4,S Hooper,1488.6017703876398,1592.1183422487,4.5,3.6,1.5,2,4,0.335752,2.85981,2,0,2,13,6.0,0,1.3333333333333333,2.3333333333333335,0.9795226666666665,2.260051333333333,5.666666666666667,11.0,1.4,1.8,1.1233635999999998,2.0151252,4.8,10.2,1.5,1.8,1.0529445000000002,1.9686325,3.4,9.6,1.2894526,1.9634882,4,2,2.85981,0.335752,1,0,9,4,3.0,1,0.6666666666666666,1.6666666666666667,1.2529573333333335,2.0919000000000003,4.333333333333333,9.333333333333334,1.4,1.4,1.7407844000000001,1.6516532000000002,5.6,10.2,1.7,1.0,1.9442319000000001,1.2192093,5.4,10.4,2.1223804,1.1500028
2023-02-18,Brentford,Crystal Palace,1,1,P Tierney,1536.1345850057583,1473.9226734087545,1.83,3.5,4.5,1,1,0.610105,1.12202,2,0,2,10,7.0,0,1.3333333333333333,0.3333333333333333,1.5713300000000003,0.7955003333333334,3.6666666666666665,12.333333333333334,1.8,0.4,1.6222480000000001,0.9520788000000001,4.0,9.4,1.8,0.8,1.768132,1.0243536,3.5,9.1,1.8619840000000003,0.891934,1,1,1.12202,0.610105,2,0,6,8,7.0,0,0.6666666666666666,1.0,0.8804109999999999,2.0546666666666664,3.0,10.666666666666666,0.6,1.0,0.7783876000000001,1.937648,3.8,11.6,0.7,1.4,0.9032817,1.6378568000000002,4.7,11.2,1.2297532,1.3052276
2023-02-18,Brighton,Fulham,0,1,D England,1529.4235826670495,1516.6152617822956,1.65,3.8,5.5,0,1,2.71375,0.224214,0,0,10,12,7.0,0,1.3333333333333333,1.0,2.3838933333333334,1.065329,6.333333333333333,11.333333333333334,2.2,0.8,2.411922,1.1306954,5.6,10.4,2.4,1.4,1.9807237,1.4104057,6.5,11.0,1.9648634,1.5295596,1,0,0.224214,2.71375,5,0,2,14,7.0,0,0.6666666666666666,0.3333333333333333,1.0945903333333333,1.0317796666666668,3.3333333333333335,10.333333333333334,0.8,0.6,0.9969818,1.4914017999999998,4.0,11.4,1.2,0.8,1.3058223,1.5799644000000002,4.5,11.1,1.2722593999999998,1.5289108
2023-02-18,Chelsea,Southampton,0,1,D Coote,1505.9999657103065,1410.0534846032617,1.4,4.75,8.5,0,1,1.61723,0.619532,3,0,8,16,7.0,0,0.3333333333333333,0.3333333333333333,1.3866150000000002,0.9569136666666669,5.666666666666667,12.0,0.6,0.6,1.737765,0.8838746000000001,7.0,12.4,0.6,0.7,1.3107151,1.1305942,5.3,12.4,1.2461502,1.1743914,1,0,0.619532,1.61723,6,0,2,24,7.0,0,0.3333333333333333,2.0,0.872953,1.3824803333333333,3.6666666666666665,13.333333333333334,0.6,1.6,0.8664698000000002,1.3105182,4.2,14.6,0.7,2.1,1.1182729999999999,1.4221811,4.1,12.2,1.0439032,1.75809
2023-02-18,Everton,Leeds,1,0,A Madley,1434.809735588478,1446.238434425552,2.4,3.3,3.0,1,0,1.53811,0.597403,2,0,6,8,5.0,0,0.3333333333333333,1.3333333333333333,0.9270223333333331,1.797267333333333,6.333333333333333,11.666666666666666,0.6,2.0,1.0263874000000002,1.7966463999999998,6.0,10.0,0.5,1.8,0.97677849,1.9056022000000001,5.0,9.8,1.4084420000000002,1.5540384,0,1,0.597403,1.53811,3,0,4,6,6.0,0,0.6666666666666666,1.6666666666666667,1.1899126666666666,1.2121066666666664,4.666666666666667,11.666666666666666,0.6,1.4,1.2814848,1.09069,5.4,10.6,1.3,1.9,1.2728604000000001,1.783325,5.6,11.7,1.2750934,1.8694960000000003
2023-02-18,Nott'm Forest,Man City,1,1,G Scott,1474.489403501913,1587.175171490138,8.5,5.5,1.3,1,1,1.12735,2.80966,1,0,0,8,7.0,0,0.6666666666666666,1.0,0.8649213333333333,1.5419466666666668,3.3333333333333335,11.0,1.0,0.6,1.1142268,1.2117262000000002,3.0,12.2,0.9,1.4,0.9774035999999999,1.4941271,3.3,11.0,1.1210657999999998,1.1331402000000002,1,1,2.80966,1.12735,0,0,10,6,3.0,1,2.0,1.0,2.1306756666666664,1.1328060000000002,5.666666666666667,14.0,2.6,1.0,2.4122513999999997,1.006537,6.0,12.4,2.0,1.1,2.2648747,1.14784139,5.6,11.2,1.8802633999999998,1.2405354000000002
2023-02-18,Wolves,Bournemouth,0,1,M Salisbury,1468.8774252850126,1434.3936689869606,1.67,3.6,6.0,0,1,0.911415,1.15274,3,0,12,12,7.0,0,1.6666666666666667,1.3333333333333333,1.2394026666666667,1.9771766666666668,3.6666666666666665,11.0,1.4,1.0,1.0713924,1.539779,4.6,11.0,1.2,1.3,0.9527858,1.6818985000000002,4.8,12.5,1.1664086,1.7276049999999998,1,0,1.15274,0.911415,3,0,2,10,7.0,0,0.6666666666666666,1.0,1.419456,1.8936433333333333,3.6666666666666665,8.333333333333334,0.4,1.6,1.0413346,1.9905820000000003,3.8,8.2,1.0,1.9,1.1445455,1.8808006,3.7,10.0,0.7711226000000001,2.193608
2023-02-18,Newcastle,Liverpool,0,2,A Taylor,1568.6037456664676,1509.6770760553331,2.5,3.5,2.7,0,2,1.74852,2.16549,1,1,6,3,7.0,0,0.6666666666666666,0.6666666666666666,1.4070666666666665,1.0520146666666668,8.333333333333334,9.333333333333334,0.6,0.4,1.4286566,1.0233105999999998,8.0,10.0,1.5,0.3,1.8664752999999998,0.8226841,6.4,10.4,2.305606,0.6830399999999999,2,0,2.16549,1.74852,1,0,7,8,5.0,0,0.6666666666666666,1.0,1.61203,1.6267603333333334,5.0,10.333333333333334,0.6,1.8,1.6458460000000001,1.8760002,5.0,10.8,1.4,1.5,1.9879349999999998,1.6799203000000003,5.8,9.9,1.9334980000000002,2.1283819999999998
2023-02-19,Man United,Leicester,3,0,S Attwell,1572.8653906500774,1473.2288251687542,1.62,4.33,5.25,3,0,4.24663,1.39678,0,0,6,9,7.0,0,2.0,1.0,1.7913899999999998,1.2754093333333334,4.666666666666667,9.666666666666666,1.8,1.4,1.4081572,1.4284594,4.2,9.6,2.0,0.9,1.9957496,1.1325197,4.5,11.0,2.232642,0.7655292,0,3,1.39678,4.24663,2,0,6,9,8.0,0,3.3333333333333335,1.6666666666666667,1.7564433333333334,1.5203,3.0,11.0,2.0,1.6,1.5049921999999998,1.529792,4.0,11.4,1.5,1.4,1.326642,1.4234858000000001,3.8,9.9,1.6076266000000001,1.4740562000000001
2023-02-19,Tottenham,West Ham,2,0,M Oliver,1528.7018975474239,1448.069559820124,1.75,3.6,4.75,2,0,1.43042,0.365173,2,0,4,16,8.0,0,1.0,1.3333333333333333,1.1775250000000002,1.0930723333333334,5.666666666666667,12.666666666666666,1.0,2.0,1.281577,1.5326394,4.8,13.6,1.6,1.9,1.3924015,1.5103472,5.2,11.9,1.6198406000000003,1.4432374000000001,0,2,0.365173,1.43042,1,0,7,10,8.0,0,1.3333333333333333,0.6666666666666666,1.60775,0.8053736666666665,3.6666666666666665,10.333333333333334,1.2,1.0,1.370161,0.8960106,3.0,11.2,0.8,1.5,1.0930745,1.2273193,4.7,11.1,1.066543,1.3864884
2023-02-24,Fulham,Wolves,1,1,M Oliver,1528.6807071441417,1456.2230776383394,2.5,3.2,3.0,1,1,0.913133,0.997097,2,0,4,12,6.0,0,1.0,0.0,0.8048649999999999,1.6050946666666668,3.0,11.666666666666666,0.6,0.4,0.8995713999999999,1.5543298,3.4,11.8,1.2,0.6,1.2438553,1.6120074,4.7,11.4,1.3393852000000002,1.6310179999999999,1,1,0.997097,0.913133,0,0,3,17,6.0,0,1.6666666666666667,0.6666666666666666,1.386782,1.2522333333333335,5.333333333333333,11.666666666666666,1.2,1.0,1.087171,1.563875,5.4,11.0,1.1,1.3,0.9881668000000001,1.6679155,5.4,12.0,0.7391629999999999,1.636192
2023-02-25,Everton,Aston Villa,0,2,A Taylor,1443.4207779381954,1479.8477691721205,2.5,3.2,3.0,0,2,1.54109,2.06037,2,0,5,12,7.0,0,0.6666666666666666,0.6666666666666666,1.344117,1.1734716666666665,5.333333333333333,12.333333333333334,0.6,1.2,1.1002174,1.4146649999999998,6.2,10.0,0.6,1.8,1.0114234899999999,1.7889045,5.2,9.8,1.441484,1.2199389999999999,2,0,2.06037,1.54109,1,0,1,12,7.0,0,1.6666666666666667,3.6666666666666665,0.7033333333333333,2.989173333333333,5.666666666666667,12.333333333333334,1.6,2.4,0.984062,2.4205827999999996,3.8,11.6,1.7,1.8,1.0594382999999998,1.8358055,3.6,9.8,0.8164364,1.9737768000000002
2023-02-25,Leeds,Southampton,1,0,P Bankes,1437.6273920758345,1424.2630174963078,1.95,3.5,4.0,1,0,0.720048,0.391128,2,0,9,15,7.0,0,0.6666666666666666,1.6666666666666667,1.0146103333333334,1.6139766666666666,5.333333333333333,9.0,0.4,1.2,0.9083754,1.0691140000000001,4.0,10.2,0.9,1.7,1.1100687,1.781542,4.7,10.7,1.2706274,1.697154,0,1,0.391128,0.720048,4,0,2,13,7.0,0,0.6666666666666666,1.6666666666666667,0.8553156666666667,1.5334503333333334,3.6666666666666665,15.0,0.8,1.4,0.8645022000000001,1.3893162,3.4,16.6,0.8,2.0,1.0444232,1.4835201000000002,3.9,13.4,0.8962036,1.8807680000000002
2023-02-25,Leicester,Arsenal,0,1,C Pawson,1467.52535456129,1600.8723434642193,4.75,4.0,1.7,0,1,0.0203463,0.722059,0,0,0,14,6.0,0,2.6666666666666665,2.0,1.7688999999999997,2.28754,3.3333333333333335,11.0,2.0,2.0,1.4939062,2.112132,4.0,10.8,1.5,1.6,1.3969603000000002,1.7777661000000002,4.1,10.3,1.0456574,1.3729154,1,0,0.722059,0.0203463,1,0,8,9,7.0,0,2.0,2.0,1.9761933333333335,1.506514,5.666666666666667,8.0,1.8,1.8,1.9042824,1.3767396,6.8,8.0,2.0,1.2,1.9923669,1.224903,5.7,9.5,2.2186504,1.1613902
2023-02-25,West Ham,Nott'm Forest,4,0,J Gillett,1441.9098097766687,1475.9943042596797,1.75,3.6,5.0,4,0,3.05032,0.350849,0,0,12,8,6.0,0,0.6666666666666666,1.3333333333333333,0.9065443333333333,1.1865716666666666,4.666666666666667,10.666666666666666,0.8,1.0,1.1847056,0.9305546,4.2,9.6,0.8,1.6,1.0295588,1.1952212999999998,4.4,11.1,1.1196059999999999,1.0681502,0,4,0.350849,3.05032,0,0,3,5,7.0,0,0.6666666666666666,1.0,0.715558,1.87667,1.3333333333333333,11.333333333333334,1.0,0.8,1.0950488,1.6477842000000003,2.6,10.4,1.0,1.0,1.0695259,1.4743941,2.9,11.0,0.8337414000000001,1.855114
2023-02-25,Bournemouth,Man City,1,4,P Tierney,1447.0480166336338,1585.6702707323714,10.0,5.75,1.29,1,4,1.08527,2.98206,2,0,4,10,7.0,0,0.6666666666666666,0.6666666666666666,1.2018726666666666,1.6723016666666668,3.0,8.333333333333334,0.6,1.0,1.1360782,1.5780990000000001,3.2,8.8,0.9,1.6,1.1710662,1.7524821,3.7,10.0,1.5179684000000002,1.5679931999999999,4,1,2.98206,1.08527,2,0,6,9,7.0,0,2.3333333333333335,1.0,2.8093133333333333,1.034696,7.0,11.333333333333334,2.0,0.8,2.5058514,0.9990089999999998,6.4,11.6,2.0,1.0,2.3853407,0.9315643900000001,5.6,10.9,1.6096974,1.3452552
2023-02-25,Crystal Palace,Liverpool,0,0,D England,1477.3019764323258,1522.9723543281068,4.75,3.8,1.73,0,0,0.989086,1.35123,2,0,5,11,7.0,0,1.0,1.3333333333333333,1.1433663333333333,1.7767549999999999,4.0,9.0,0.8,1.0,0.8353184,1.633695,3.6,9.8,0.6,1.4,0.9121397,1.6796094,4.8,11.3,0.5768101999999999,1.970486,0,0,1.35123,0.989086,5,0,3,14,7.0,0,1.3333333333333333,1.0,1.90011,1.5947103333333332,5.666666666666667,7.666666666666667,0.8,1.2,1.658022,1.8058842,4.6,10.8,1.5,1.3,2.013595,1.6935012999999999,5.1,9.8,2.0735,2.1146140000000004
2023-02-26,Tottenham,Chelsea,2,0,S Attwell,1534.861647590879,1491.7904328172604,2.55,3.25,2.9,2,0,0.926313,0.262281,2,0,4,10,7.0,0,1.3333333333333333,1.3333333333333333,1.3230633333333335,0.8503333333333335,4.333333333333333,14.666666666666666,1.4,1.6,1.225597,1.19721,4.8,13.6,1.7,1.7,1.3537075,1.4003165000000002,5.1,12.5,1.5424526,1.223176,0,2,0.262281,0.926313,3,0,4,10,8.0,0,0.3333333333333333,0.6666666666666666,1.3108016666666669,0.7296743333333335,6.666666666666667,14.333333333333334,0.4,0.4,1.5813890000000002,0.8655278000000001,7.2,12.4,0.6,0.7,1.4445565999999999,0.9547014,5.7,12.0,1.37528,1.086797
2023-03-01,Arsenal,Everton,4,0,M Oliver,1608.7920601693577,1432.743331412673,1.36,4.75,10.0,4,0,3.06919,1.604,0,0,5,5,4.0,0,2.0,1.6666666666666667,1.7610863333333333,0.7881694333333334,6.0,8.0,1.4,1.4,1.4681482,1.32635966,6.0,8.2,1.9,1.2,1.8365768,1.17570373,6.1,9.8,1.7660834,1.2884157999999999,0,4,1.604,3.06919,2,0,1,12,4.0,0,0.3333333333333333,1.3333333333333333,1.160510333333333,1.6302276666666664,4.666666666666667,12.0,0.4,1.2,1.1720534,1.6099149999999998,6.0,11.0,0.6,1.8,1.02824249,1.7681514999999997,4.9,10.1,0.5451149799999999,2.2571660000000002
2023-03-01,Liverpool,Wolves,2,0,P Tierney,1523.3845603029736,1459.860948301942,1.5,4.75,6.0,2,0,2.70191,0.78681,2,0,5,13,4.0,0,1.3333333333333333,0.0,1.9165433333333335,1.0466456666666664,4.333333333333333,10.0,0.8,0.6,1.6705619999999999,1.5235774,5.0,10.6,1.3,1.2,2.00217,1.6106739,5.1,10.4,2.0423720000000003,1.2314586,0,2,0.78681,2.70191,3,0,2,14,5.0,0,1.0,1.0,0.8413876666666665,1.1226343333333335,5.666666666666667,14.333333333333334,1.2,1.2,1.125344,1.5994806000000001,5.2,12.4,1.0,1.1,0.9586245000000002,1.5718538,5.3,12.2,0.8270614000000001,1.5603046
2023-03-04,Brighton,West Ham,4,0,S Attwell,1517.3581373052034,1451.1652818554032,1.8,3.6,4.5,4,0,3.49993,0.250045,0,0,7,6,14.0,0,0.6666666666666666,0.6666666666666666,2.6401733333333333,0.6869303333333333,7.666666666666667,12.333333333333334,1.4,0.8,2.45321,0.9417461999999999,7.2,10.8,2.0,1.4,1.9639987,1.3252731,6.7,10.6,1.9314133999999998,1.3592944,0,4,0.250045,3.49993,3,0,3,8,7.0,0,1.6666666666666667,1.0,1.4972143333333332,0.8939113333333334,8.0,9.0,1.6,0.8,1.6477486,0.8394780000000001,6.0,9.8,1.1,1.4,1.3153329,1.1269622,5.4,10.9,0.9395116000000001,1.3222923999999998
2023-03-04,Man City,Newcastle,2,0,S Hooper,1593.4451923245383,1555.308467393694,1.45,4.5,7.0,2,0,1.34144,0.359809,2,0,8,8,7.0,0,2.6666666666666665,1.0,2.6000433333333333,1.30467,6.333333333333333,10.0,2.2,1.0,2.4367494,1.1222075999999999,6.6,11.4,2.1,1.0,2.2672977,0.97971629,5.7,10.4,2.649486,1.0551473799999997,0,2,0.359809,1.34144,4,0,4,13,14.0,0,0.6666666666666666,1.3333333333333333,1.5086266666666663,1.6627933333333338,5.333333333333333,8.0,0.6,0.8,1.586456,1.2622811999999999,8.2,7.4,1.1,0.5,1.6225193,1.0121517,6.7,9.6,1.4273446,0.9623282
2023-03-04,Aston Villa,Crystal Palace,1,0,C Pawson,1490.525215697643,1476.889770457459,2.05,3.3,3.8,1,0,0.890605,0.152761,2,0,2,14,7.0,0,1.6666666666666667,2.3333333333333335,0.8904899999999999,2.6702566666666665,2.3333333333333335,13.0,1.6,2.2,1.066938,2.2362108,4.0,11.6,1.6,1.7,1.207619,1.9381956000000002,3.4,10.4,1.2408904,2.4320124,0,1,0.152761,0.890605,3,1,4,17,7.0,0,0.6666666666666666,0.6666666666666666,1.0131283333333332,1.5370483333333336,4.0,9.666666666666666,0.6,0.8,0.9504678,1.625067,4.0,10.2,0.6,1.3,0.8964963000000001,1.6909804000000002,4.8,11.1,1.2474692,1.3887328
2023-03-04,Wolves,Tottenham,1,0,T Robinson,1453.273650964175,1541.9790909919034,3.3,3.4,2.2,1,0,0.562477,1.25588,1,0,4,11,3.0,1,0.3333333333333333,1.3333333333333333,0.8984406666666666,1.5892610000000003,5.666666666666667,14.333333333333334,1.2,1.0,1.1888505999999999,1.4743486000000001,4.2,13.2,1.0,1.1,0.9860716,1.6140488000000002,4.9,13.1,1.0901876000000001,1.5834030000000001,0,1,1.25588,0.562477,1,0,8,18,6.0,0,1.6666666666666667,1.3333333333333333,1.1579409999999999,0.6798446666666669,4.333333333333333,11.666666666666666,1.4,0.8,1.1778616000000002,0.7813342000000001,5.0,12.8,1.5,1.4,1.1882928,1.2548136,4.6,12.7,1.1649623999999998,1.577457
2023-03-04,Chelsea,Leeds,1,0,M Oliver,1484.672989416236,1445.5466300411629,1.62,4.0,5.5,1,0,1.8678,0.633995,2,0,5,10,6.0,0,0.3333333333333333,1.3333333333333333,0.9266586666666669,0.8739983333333335,6.0,12.333333333333334,0.2,0.8,1.2078712,0.8833172000000001,5.8,12.4,0.6,0.8,1.4348741999999999,0.9113227,5.8,11.9,1.5138332,0.8226058,0,1,0.633995,1.8678,0,0,7,7,7.0,0,0.3333333333333333,1.0,1.0696936666666668,1.0776626666666664,6.666666666666667,10.333333333333334,0.6,1.2,0.9774377999999999,1.1131116,5.4,11.2,0.7,1.3,1.0103425000000001,1.5626088,5.4,11.5,1.051112,1.6610260000000001
2023-03-04,Southampton,Leicester,1,0,R Jones,1416.3437795309794,1459.6056378561516,2.75,3.3,2.6,1,0,1.34332,1.67051,4,0,3,12,7.0,0,0.6666666666666666,1.0,0.7708966666666667,0.9843096666666664,3.0,16.333333333333332,0.4,1.4,0.7259038,1.2969438,3.0,15.4,0.7,1.7,0.9183079999999999,1.4134239,3.3,14.0,1.1926428,1.0862722,0,1,1.67051,1.34332,2,0,4,11,7.0,0,1.3333333333333333,1.6666666666666667,0.9430687666666665,2.028593,2.3333333333333335,12.333333333333334,2.0,1.8,1.33729126,1.9059177999999999,3.0,11.2,1.3,1.7,1.17220493,1.7126819999999998,3.8,11.2,1.4334026,2.0488022
2023-03-04,Arsenal,Bournemouth,3,2,C Kavanagh,1612.8807496541842,1439.2730950414668,1.22,7.0,12.0,3,2,2.46279,1.74267,0,0,17,6,3.0,1,3.0,0.6666666666666666,2.217019666666667,0.6533661000000001,7.333333333333333,6.0,2.2,1.2,1.9439658000000002,1.22877766,6.0,7.6,2.0,1.1,1.9546678,1.23345173,5.9,9.0,2.0022653999999998,1.4039118000000002,2,3,1.74267,2.46279,2,0,1,8,7.0,0,1.0,1.6666666666666667,1.2608633333333332,1.8140016666666667,3.3333333333333335,9.333333333333334,0.8,1.4,1.2992756,1.914881,3.4,9.0,0.7,1.6,1.1239992,1.8281561,3.8,10.0,0.6904826000000001,1.930827
2023-03-05,Nott'm Forest,Everton,2,2,J Brooks,1466.738832180945,1428.6546419278463,2.7,3.0,2.88,2,2,0.799733,1.70877,3,0,3,11,8.0,0,0.3333333333333333,2.3333333333333335,0.7216743333333334,2.5190066666666664,2.3333333333333335,8.0,0.6,1.6,0.8145925999999999,2.0971640000000003,2.6,9.2,0.8,1.2,0.9749148,1.6573861,2.9,10.5,1.0871438,1.4509922000000002,2,2,1.70877,0.799733,5,0,3,17,4.0,0,0.3333333333333333,2.0,1.5610666666666664,1.9089876666666665,4.0,10.666666666666666,0.4,1.6,1.4354882000000002,1.7299949999999995,4.4,12.2,0.6,1.9,1.11176689,1.8294285,4.5,10.5,0.62758298,2.518128
2023-03-05,Liverpool,Man United,7,0,A Madley,1529.9718576407406,1578.5688612575416,2.38,3.6,2.88,7,0,3.44269,0.837542,2,0,4,13,4.0,0,1.3333333333333333,0.0,2.0728766666666667,1.1748053333333333,5.0,11.666666666666666,1.2,0.6,1.950694,1.3120053999999999,5.0,10.0,1.2,1.1,1.997943,1.5459279000000001,5.0,10.9,2.200976,1.0662786,0,7,0.837542,3.44269,3,0,3,14,14.0,0,2.3333333333333335,0.6666666666666666,2.5168166666666667,1.2810693333333332,5.0,9.666666666666666,2.2,1.2,1.9786092,1.6251476,4.8,9.4,2.1,0.8,2.0827486,1.1019797,4.8,10.9,1.7588572,1.4995102
2023-03-06,Brentford,Fulham,3,2,A Taylor,1532.755281982187,1525.042836480539,1.95,3.6,3.75,3,2,2.44358,1.67531,0,0,2,12,16.0,0,1.6666666666666667,0.6666666666666666,1.7176516666666668,1.0445950000000002,3.3333333333333335,9.666666666666666,1.4,0.4,1.324449,0.7555608000000001,3.6,10.4,1.8,0.8,1.6998855,1.0807951,3.4,9.1,1.7254909999999999,1.004817,2,3,1.67531,2.44358,3,0,3,17,10.0,0,1.3333333333333333,0.3333333333333333,0.9447956666666667,1.4658903333333333,3.6666666666666665,11.666666666666666,0.8,0.4,0.8842236,1.3612372000000001,3.2,11.4,1.2,0.5,1.1649506,1.3740530999999998,4.1,11.7,1.1483253999999998,1.5929968
2023-03-11,Leeds,Brighton,2,2,P Tierney,1438.3247415839437,1523.8777341622324,3.75,3.6,1.95,2,2,0.596738,1.51388,1,0,4,12,7.0,0,0.3333333333333333,0.6666666666666666,0.650482,1.265679333333333,6.666666666666667,9.333333333333334,0.6,1.2,0.8795748,1.4201716000000002,6.4,9.8,0.6,1.1,1.0133668999999998,1.3331398,5.8,11.1,0.9695730000000001,1.4641916000000001,2,2,1.51388,0.596738,1,0,7,9,7.0,0,1.6666666666666667,0.6666666666666666,2.954496666666667,0.46751266666666663,7.666666666666667,9.666666666666666,1.6,0.8,2.6730720000000003,0.7340492000000001,7.2,10.4,2.1,1.2,2.1266167,1.2210256000000002,6.5,10.1,1.996584,1.2912518
2023-03-11,Bournemouth,Liverpool,1,0,J Brooks,1435.1385072063038,1539.6437708168412,7.5,5.0,1.4,1,0,1.10128,2.13465,2,0,3,7,7.0,0,1.3333333333333333,2.3333333333333335,1.3268933333333333,2.118755,2.3333333333333335,9.333333333333334,1.0,1.8,1.2867115999999998,2.092351,2.8,8.6,0.6,1.9,1.0526242,1.9975595000000002,3.6,9.6,1.5575158,1.7254852,0,1,2.13465,1.10128,1,0,8,9,6.0,0,3.0,0.0,2.4986099999999998,0.8711459999999996,4.0,13.333333333333334,2.6,0.0,2.3788460000000002,0.9528578,4.4,11.2,1.6,1.0,1.991518,1.4605271,4.8,11.0,1.6423580000000002,1.9741212000000001
2023-03-11,Everton,Brentford,1,0,S Hooper,1431.40504949417,1540.83066715596,2.7,3.25,2.7,1,0,1.71599,1.95088,2,0,5,11,6.0,0,0.6666666666666666,2.6666666666666665,1.6179533333333334,1.9764309999999998,3.0,13.666666666666666,0.6,2.0,1.3588602,1.7519211999999995,3.6,13.0,0.7,1.9,1.15999089,1.7873257999999996,4.6,11.3,1.5043960000000003,1.3878609999999998,0,1,1.95088,1.71599,1,0,8,12,5.0,0,1.6666666666666667,1.3333333333333333,1.7430216666666667,1.3882366666666668,2.6666666666666665,10.333333333333334,1.6,0.8,1.553535,1.0367662000000002,3.0,11.8,1.9,0.8,1.8222035,1.1186301000000003,3.3,9.2,1.67428,1.1567732
2023-03-11,Tottenham,Nott'm Forest,3,1,C Pawson,1531.1547568535757,1463.9884246146214,1.44,4.75,7.0,3,1,1.73482,1.62805,3,0,2,13,7.0,0,1.3333333333333333,0.3333333333333333,1.2042043333333334,0.39664366666666684,5.333333333333333,14.666666666666666,1.2,1.0,1.2302766000000003,0.6751516,5.0,14.4,1.3,1.3,1.2255021,1.0857983,4.9,13.5,1.2116232,0.9321702000000002,1,3,1.62805,1.73482,1,0,10,13,6.0,0,1.0,2.3333333333333335,0.7593106666666666,2.5229166666666667,2.0,8.0,0.8,1.8,0.6594512000000001,2.07782,2.0,10.0,0.9,1.4,0.9311361000000001,1.7137111,3.1,10.5,0.8626858000000001,1.8637799999999998
2023-03-11,Crystal Palace,Man City,0,1,R Jones,1468.9779955249658,1600.6933871309357,9.0,4.75,1.36,0,1,0.185498,2.1884,2,0,2,11,7.0,0,0.3333333333333333,0.6666666666666666,0.7546223333333333,0.9506466666666666,5.0,12.0,0.6,1.0,0.9143891999999999,1.51442,4.2,11.0,0.6,1.1,0.8695970000000001,1.5101139,5.1,11.6,0.6902766,1.7008780000000001,1,0,2.1884,0.185498,2,0,6,17,7.0,0,2.3333333333333335,0.6666666666666666,2.37772,0.8574763333333334,8.0,7.666666666666667,2.6,0.8,2.550288,0.9098334000000001,7.0,10.2,2.2,0.9,2.1651087,1.008097,5.8,9.9,1.8621653999999999,1.463594
2023-03-11,Leicester,Chelsea,1,3,A Marriner,1450.0870279300611,1491.8948778734552,3.75,3.5,1.95,1,3,2.36139,1.49478,1,1,2,10,7.0,0,0.0,1.6666666666666667,1.0292120999999999,2.104003,3.3333333333333335,11.333333333333334,1.6,1.6,1.39951126,1.7855998,2.8,11.6,1.1,1.8,1.17868993,1.7749419000000004,4.0,11.5,0.9110072599999999,1.3765618,3,1,1.49478,2.36139,2,0,5,11,7.0,0,0.3333333333333333,1.0,1.2491036666666668,0.7266133333333334,5.666666666666667,12.0,0.4,0.8,1.2124972,0.7498662000000001,5.8,12.6,0.5,0.8,1.4302762,0.9304152,5.7,12.1,1.3559152,1.0000396
2023-03-12,Fulham,Arsenal,0,3,D Coote,1516.967451306766,1617.0153374893473,6.0,4.0,1.57,0,3,0.61832,2.64355,0,0,4,10,6.0,0,1.3333333333333333,1.3333333333333333,0.9375523333333332,2.0514756666666667,3.0,14.333333333333334,1.2,0.8,1.0006076,1.6511921999999999,3.2,12.8,1.1,0.8,1.0625546,1.5762357,3.6,11.9,1.1815757999999998,1.1551094,3,0,2.64355,0.61832,1,0,8,9,8.0,0,2.6666666666666665,0.6666666666666666,2.0846796666666667,1.1223387666666667,10.0,6.666666666666667,2.6,1.4,2.1630477999999997,1.14223566,8.0,7.0,1.9,1.1,1.8788408,1.29205573,7.2,8.5,1.9070702000000002,1.06299166
2023-03-12,Man United,Southampton,0,0,A Taylor,1568.896948081441,1425.8623894570699,1.36,5.0,9.0,0,0,0.910911,1.18053,2,0,7,12,7.0,0,1.6666666666666667,2.3333333333333335,2.129307333333333,2.2437,4.0,12.0,1.8,2.0,2.0916683999999997,1.7331396,4.6,10.4,1.8,1.5,1.9528348000000002,1.3985410999999999,4.2,11.0,2.654632,0.94947,0,0,1.18053,0.910911,0,0,8,9,8.0,0,0.6666666666666666,0.3333333333333333,0.78466,1.3359293333333333,2.3333333333333335,16.333333333333332,0.6,1.2,0.860079,1.3981818000000001,3.2,14.0,0.7,1.4,0.9092129999999999,1.3060569,3.6,14.4,0.6875752,1.4759416
2023-03-12,West Ham,Aston Villa,1,1,C Kavanagh,1444.6456849983742,1498.4369906301363,2.2,3.3,3.4,1,1,2.14634,1.99139,1,0,13,8,8.0,0,1.3333333333333333,2.0,1.221846,1.7603996666666666,7.333333333333333,8.666666666666666,1.2,1.6,1.2039996,1.4820988,5.8,9.6,1.1,1.6,1.2682653,1.3163892000000001,5.0,10.8,1.6911541999999997,0.9316320000000001,1,1,1.99139,2.14634,0,0,2,6,8.0,0,1.6666666666666667,1.3333333333333333,1.0955756666666665,1.517887,1.6666666666666667,13.0,1.6,2.2,1.012195,2.1322742,4.0,12.6,1.5,1.6,1.1812425000000002,1.870561,3.2,10.7,1.1743476,1.4443788000000002
2023-03-12,Newcastle,Wolves,2,1,A Madley,1548.0602725872966,1464.0979851025027,1.65,3.75,5.5,2,1,2.45527,0.709895,1,0,10,11,8.0,0,0.3333333333333333,1.6666666666666667,1.2189529999999997,1.6838366666666669,5.333333333333333,8.666666666666666,0.4,1.2,1.2659058,1.3325948,7.0,8.8,0.7,0.6,1.5163992,0.9810676999999999,6.9,9.9,1.8176940000000001,1.0619752,1,2,0.709895,2.45527,2,0,3,10,8.0,0,0.6666666666666666,1.0,0.7821279999999998,1.6236410000000001,3.0,14.0,0.8,1.0,0.77469,1.4651386,4.6,13.6,0.9,1.0,0.9202432999999999,1.6169837999999999,5.1,12.0,0.7402713999999999,1.8553806000000002
2023-03-15,Brighton,Crystal Palace,1,0,P Bankes,1523.1435831667045,1461.0133063509948,1.44,4.2,8.0,1,0,0.588727,1.21452,1,0,1,13,4.0,0,2.0,1.0,2.5758533333333333,0.356999,8.0,9.0,1.6,0.8,2.5868659999999997,0.5815148,7.4,10.4,2.2,1.2,2.195094,1.1652624,6.1,9.6,2.465578,1.1784294,0,1,1.21452,0.588727,2,0,4,20,4.0,0,0.0,0.6666666666666666,0.44244833333333333,1.476745,3.6666666666666665,13.0,0.4,0.8,0.6755288000000002,1.53803,3.6,11.4,0.4,1.2,0.7128828,1.6393720000000003,4.6,11.6,1.0489174,1.3193498
2023-03-15,Southampton,Brentford,0,2,M Salisbury,1431.120808740063,1529.4176029577986,2.88,3.25,2.5,0,2,0.358977,1.66591,1,0,3,14,3.0,1,0.3333333333333333,0.3333333333333333,0.9716593333333333,1.1004896666666666,4.333333333333333,11.333333333333334,0.6,0.6,0.9673080000000001,1.10687,4.0,14.0,0.6,1.1,0.8565570000000001,1.296434,4.0,14.4,1.1308508,1.1361722,2,0,1.66591,0.358977,2,0,3,10,4.0,0,1.3333333333333333,1.3333333333333333,1.6681883333333332,1.50444,4.0,11.333333333333334,1.6,1.0,1.9094829999999998,1.305017,4.0,10.6,1.7,0.8,1.6882794999999997,1.1297291,3.9,9.7,1.820376,1.2405791999999998
2023-03-17,Nott'm Forest,Newcastle,1,2,P Tierney,1457.4934286286261,1554.1386156568935,5.5,3.8,1.62,1,2,0.531985,2.50027,5,0,3,17,6.0,0,1.0,3.0,0.9262106666666666,2.1646366666666665,5.333333333333333,9.666666666666666,0.8,2.4,0.9185612000000001,2.200122,4.0,9.6,1.0,1.4,1.0462335,1.6735251000000002,3.2,11.4,0.9995864000000001,1.5636421999999999,2,1,2.50027,0.531985,1,0,7,9,5.0,0,0.6666666666666666,1.6666666666666667,1.5211996666666663,1.4056083333333336,6.666666666666667,9.0,0.8,1.4,1.4681918,1.407943,6.0,9.6,0.8,0.7,1.6259162,1.0161467,7.4,9.6,1.2151044,0.9001602
2023-03-18,Southampton,Tottenham,3,3,S Hooper,1422.218636478752,1537.649752839571,4.75,3.6,1.75,3,3,2.52077,1.88473,1,0,10,13,3.0,1,0.3333333333333333,0.6666666666666666,0.9609423333333332,1.415777,4.666666666666667,11.666666666666666,0.4,0.6,0.7786974,1.3169218,3.6,14.4,0.5,1.1,0.8225836000000001,1.31372,3.9,14.5,0.8612282,1.2679262000000002,3,3,1.88473,2.52077,1,0,3,8,7.0,0,1.6666666666666667,0.6666666666666666,1.305671,0.8176026666666668,4.666666666666667,13.666666666666666,1.6,1.2,1.2929046,0.8460122,4.6,13.2,1.6,1.2,1.3420458000000002,1.1268703,4.6,13.3,1.239381,1.2394264000000002
2023-03-18,Aston Villa,Bournemouth,3,0,R Jones,1498.6156721992838,1446.4125110253722,1.7,3.8,5.0,3,0,3.45474,0.50014,1,0,9,8,6.0,0,1.3333333333333333,0.3333333333333333,1.647455,1.2800636666666665,1.6666666666666667,10.666666666666666,1.4,1.6,1.110693,2.0619742,2.2,11.8,1.5,1.4,1.2112265,1.7345009999999998,3.4,10.6,1.0807014000000001,1.7611766,0,3,0.50014,3.45474,4,0,6,13,7.0,0,1.3333333333333333,2.3333333333333335,1.3097399999999997,2.5265,2.6666666666666665,8.333333333333334,1.2,1.6,1.325308,2.007889,2.8,8.6,0.7,1.7,1.1184452,2.0196465000000003,3.1,9.3,0.9504026,2.040629
2023-03-18,Wolves,Leeds,2,4,M Salisbury,1458.0196420329057,1439.0588925794716,2.25,3.2,3.3,2,4,2.76358,1.6549,3,1,5,15,6.0,0,0.6666666666666666,1.3333333333333333,0.686394,2.1376866666666667,3.0,11.666666666666666,0.6,1.2,0.7935388000000001,1.6957866000000004,4.8,12.8,1.0,1.1,0.9324656000000001,1.6177828,4.7,11.9,1.1002152,1.378587,4,2,1.6549,2.76358,5,0,4,9,7.0,0,1.0,1.0,0.6502603333333333,1.2576026666666662,6.666666666666667,11.333333333333334,0.6,1.2,0.8879628,1.3229335999999998,6.2,10.0,0.8,1.3,1.0213307999999999,1.2056818,5.9,10.4,1.0744912000000002,1.4768940000000002
2023-03-18,Chelsea,Everton,2,2,D England,1502.4180120381448,1442.8181136923315,1.5,4.2,7.5,2,2,1.90027,1.64675,2,0,8,8,7.0,0,1.3333333333333333,1.0,1.208287,1.307232666666667,4.666666666666667,10.333333333333334,1.0,1.0,1.2285112,1.1234760000000001,5.6,11.6,0.7,0.8,1.4424492,1.0680323,6.0,11.8,1.5046372,0.8607908,2,2,1.64675,1.90027,2,0,2,12,7.0,0,1.0,2.0,1.6762533333333332,1.9399343333333332,3.0,13.333333333333334,0.8,1.6,1.6215920000000001,1.6955151999999998,4.0,12.0,0.7,1.8,1.3239896999999998,1.7460808,5.0,11.0,0.8155857799999999,2.1867905999999997
2023-03-18,Brentford,Leicester,1,1,D Bond,1538.3197752191097,1439.5638937653716,1.91,3.6,3.75,1,1,0.476467,1.42133,1,1,8,10,3.0,1,1.6666666666666667,1.0,2.0201233333333333,1.2500923333333334,4.333333333333333,11.333333333333334,1.4,1.0,1.769171,1.2479354,3.8,10.6,1.7,0.6,1.6296074999999999,1.0772481,3.6,9.6,1.763681,1.1631216000000002,1,1,1.42133,0.476467,2,0,4,11,7.0,0,0.3333333333333333,1.6666666666666667,1.3507487666666664,1.1867196666666666,2.0,11.666666666666666,1.0,1.8,1.3722212599999999,1.7847757999999998,2.6,11.6,1.2,1.8,1.3837299299999999,1.7480379,3.7,11.6,1.4463726000000001,2.1733219999999998
2023-03-19,Arsenal,Crystal Palace,4,1,S Attwell,1625.8677446689296,1454.3905278927878,1.25,5.5,15.0,4,1,1.53568,1.19194,0,0,5,8,7.0,0,3.3333333333333335,0.6666666666666666,2.7251766666666666,1.3216633333333334,10.0,6.666666666666667,3.0,0.8,2.3514798,0.8642176599999999,9.4,6.6,2.2,1.1,2.0461321000000003,1.2579354299999999,7.5,8.4,2.300696,1.5605412,1,4,1.19194,1.53568,1,0,4,10,4.0,0,0.0,1.0,0.5175930000000001,1.2225773333333334,3.3333333333333335,16.0,0.2,0.8,0.732777,1.1258134000000002,4.2,13.4,0.4,0.9,0.7555823,1.5317307,4.0,12.5,0.9412934,1.2579314
2023-04-01,Arsenal,Leeds,4,1,D England,1630.0427005279412,1451.2932292992898,1.29,6.0,9.0,4,1,3.29548,0.497609,0,0,4,11,13.0,0,3.3333333333333335,1.0,2.2140066666666667,1.18431,10.0,7.666666666666667,3.0,0.6,2.0866537999999997,1.03545526,8.6,7.4,2.4,1.2,1.9954681,1.20609743,7.7,7.7,2.0272859999999997,1.74448,1,4,0.497609,3.29548,2,0,3,13,14.0,0,2.0,1.6666666666666667,0.9618776666666666,2.0484199999999997,5.0,9.333333333333334,1.4,1.2,0.8406168,1.6148995999999998,5.6,9.8,1.0,1.3,1.0610507999999998,1.3527948000000003,5.5,10.2,0.9128812,1.700412
2023-04-01,Man City,Liverpool,4,1,S Hooper,1608.6580763049067,1528.3697669977728,1.62,4.2,5.0,4,1,3.01243,0.318171,1,0,7,9,21.0,0,2.3333333333333335,0.3333333333333333,2.170633333333333,0.5435256666666668,6.666666666666667,11.333333333333334,2.2,0.6,2.265994,0.8918634000000001,6.6,11.0,2.2,0.9,2.2119767,0.9772891999999999,6.2,10.7,2.596774,0.4690851799999999,1,4,0.318171,3.01243,1,0,1,12,21.0,0,3.0,0.3333333333333333,2.75975,0.9085439999999997,5.666666666666667,11.666666666666666,2.2,0.2,2.3591939999999996,1.0926476,5.4,11.4,1.4,1.0,2.00252,1.4843239000000001,5.2,11.1,1.648366,1.7745571999999998
2023-04-01,Chelsea,Aston Villa,0,2,A Madley,1499.1054718584323,1505.4939834998386,1.67,3.8,5.25,0,2,2.38024,0.765794,3,0,13,14,14.0,0,2.0,1.0,1.7542833333333334,1.5473783333333335,6.0,9.666666666666666,1.2,1.2,1.4284721999999999,1.2375960000000001,6.0,11.0,0.9,0.9,1.5831186000000002,1.0607353,6.5,11.7,1.7859760000000002,0.8461968000000001,2,0,0.765794,2.38024,3,0,2,16,14.0,0,1.6666666666666667,0.3333333333333333,2.112245,0.9330803333333332,4.333333333333333,9.333333333333334,1.8,1.0,1.7465713999999999,1.4400282,3.2,10.6,1.6,1.4,1.4349675000000002,1.7275767000000002,4.0,10.4,1.3417516,1.7078254000000002
2023-04-01,Bournemouth,Fulham,2,1,P Bankes,1439.5341997248174,1508.1150441271836,2.55,3.3,2.8,2,1,3.14054,0.601049,1,0,4,15,14.0,0,1.0,2.0,1.1146966666666664,2.68406,3.3333333333333335,9.333333333333334,1.0,2.0,1.11642,2.389131,3.2,9.6,0.7,1.8,1.0788773,2.1898565,3.5,8.9,1.2864878,1.9986640000000002,1,2,0.601049,3.14054,4,0,3,13,20.0,0,1.0,2.3333333333333335,1.068921,2.0280756666666666,3.6666666666666665,13.0,1.2,1.4,1.0256034,1.8969601999999999,3.6,12.4,0.9,1.0,0.9750815999999999,1.7707196,3.6,12.1,0.9435334000000001,1.997362
2023-04-01,Nott'm Forest,Wolves,1,1,C Kavanagh,1448.5442680521264,1445.7853053130875,3.0,3.1,2.55,1,1,1.11441,0.383739,3,0,4,14,15.0,0,1.3333333333333333,2.3333333333333335,0.9865893333333333,1.9812866666666664,5.333333333333333,13.666666666666666,1.0,2.4,0.8875934000000001,2.360768,3.8,10.8,1.0,1.5,1.0009101,1.7862471,3.4,11.5,0.9089395999999998,1.7890861999999998,1,1,0.383739,1.11441,5,0,3,13,14.0,0,1.3333333333333333,2.0,1.3453173333333333,1.7886833333333334,4.0,12.0,1.0,1.8,1.1639718000000001,1.7962186,3.4,13.4,1.1,1.4,1.1255713999999999,1.6800468,4.4,12.2,0.715746,2.1399825999999997
2023-04-01,Crystal Palace,Leicester,2,1,T Robinson,1450.2155720337762,1443.8397318490693,2.5,3.25,2.9,2,1,1.93471,0.198959,3,0,10,12,13.0,0,0.3333333333333333,2.0,0.863986,1.4376023333333334,3.3333333333333335,13.666666666666666,0.2,1.4,0.746761,1.3109283999999999,3.8,13.8,0.5,1.2,0.7910397,1.4723117000000001,3.7,11.8,0.5698711999999999,1.8055300000000003,1,2,0.198959,1.93471,4,0,1,16,14.0,0,0.6666666666666666,1.6666666666666667,1.8177433333333333,1.1048556666666667,3.3333333333333335,10.666666666666666,0.4,1.8,1.37407126,1.6566512,3.2,11.0,1.2,1.7,1.4395317300000001,1.5932216,3.6,11.2,1.5579762,1.8636893999999997
2023-04-01,Brighton,Brentford,3,3,M Oliver,1529.7663616249115,1534.043937135412,1.67,4.0,5.0,3,3,3.8195,1.2788,2,0,14,16,17.0,0,2.3333333333333335,0.6666666666666666,1.8675123333333332,0.6871010000000001,5.0,9.333333333333334,1.6,0.8,2.1932194,0.6427592000000001,6.2,10.2,2.0,1.1,2.1532527000000004,1.1160054,6.0,9.9,2.3519973999999997,0.7771214000000001,3,3,1.2788,3.8195,1,0,0,10,14.0,0,1.0,0.6666666666666666,1.3644189999999998,1.1654323333333334,6.333333333333333,10.666666666666666,1.4,1.0,1.4293884,1.2587254,4.6,10.8,1.6,0.7,1.5258181999999998,1.1054021000000003,4.3,10.1,1.495534,0.9913746
2023-04-02,West Ham,Southampton,1,0,P Tierney,1444.4670034292267,1423.8006718560857,1.73,3.6,5.0,1,0,1.40363,0.318261,0,0,5,10,21.0,0,1.6666666666666667,1.6666666666666667,1.8155683333333332,1.9473896666666668,9.333333333333334,8.0,1.2,1.6,1.3776056,1.6346108000000001,8.0,8.6,1.1,1.4,1.3802473000000002,1.3267001999999999,5.8,9.9,1.976278,1.008778,0,1,0.318261,1.40363,2,0,3,11,15.0,0,1.0,1.6666666666666667,1.3534256666666666,1.4871836666666667,7.0,12.0,0.8,1.2,1.158945,1.3704218000000001,5.2,12.2,0.8,1.3,1.0117236,1.3798689999999998,4.3,14.4,0.7839389999999999,1.3595137999999998
2023-04-02,Newcastle,Man United,2,0,S Attwell,1563.0877762333932,1563.6385287984479,2.4,3.4,2.9,2,0,3.33162,0.334127,0,0,7,8,16.0,0,1.3333333333333333,1.3333333333333333,1.7717829999999999,0.8611066666666668,7.0,11.0,1.0,1.4,1.7224798,1.2586780000000002,6.6,9.2,0.7,0.8,1.6995612000000002,1.0382462000000001,7.6,9.9,2.036728,1.1321332,0,2,0.334127,3.33162,0,0,4,12,21.0,0,1.0,2.3333333333333335,1.9983609999999998,2.0066666666666664,5.333333333333333,11.666666666666666,1.4,1.8,1.8597806,1.6932856,5.0,11.0,1.7,1.5,1.7991979,1.4578269,4.4,11.1,1.2510376,1.8476122
2023-04-03,Everton,Tottenham,1,1,D Coote,1446.130653872044,1536.0677174622372,3.4,3.3,2.2,1,1,0.823365,1.39177,0,1,3,10,16.0,0,1.6666666666666667,1.3333333333333333,1.690503333333333,1.5502943333333332,3.3333333333333335,13.333333333333334,1.0,2.0,1.64332,1.9560885999999997,3.2,12.8,0.8,1.6,1.3717687,1.6853767999999998,4.7,11.4,1.6138020000000002,1.2765749999999998,1,1,1.39177,0.823365,3,1,3,14,16.0,0,2.0,1.6666666666666667,1.6251433333333336,1.5704323333333334,4.333333333333333,13.0,2.0,1.0,1.4464326,1.0677502,4.2,13.0,1.5,1.5,1.3640048,1.3001948,4.5,13.3,1.283299,1.5860754
2023-04-04,Bournemouth,Brighton,0,2,D Bond,1449.7811260757028,1528.1761526625833,6.0,4.2,1.53,0,2,1.15322,2.63392,1,0,5,11,3.0,1,1.0,1.3333333333333333,1.5806533333333332,2.063479666666667,4.333333333333333,11.666666666666666,1.2,2.2,1.51398,2.3270578,3.6,10.6,0.9,1.6,1.3250291,1.9525783999999997,3.4,9.7,1.735432,1.7683458,2,0,2.63392,1.15322,1,0,5,5,3.0,1,2.0,1.6666666666666667,1.9740356666666667,1.0300193333333334,7.333333333333333,12.666666666666666,2.0,1.2,2.4271574,0.7128634,7.8,11.2,2.1,1.0,2.4195397,0.9217793999999999,6.7,10.8,1.92461,1.1520953999999999
2023-04-04,Leeds,Nott'm Forest,2,1,R Jones,1447.2548781909175,1446.7573132335112,1.7,3.75,5.0,2,1,2.43248,0.613917,1,0,11,11,3.0,1,2.3333333333333335,2.6666666666666665,0.9164156666666666,2.524313333333333,3.6666666666666665,11.333333333333334,1.6,1.8,0.8206580000000001,1.9663736,5.4,11.2,1.0,1.5,0.8645167,1.5177438,4.7,10.7,0.9681704,0.9344696000000002,1,2,0.613917,2.43248,4,0,4,13,3.0,1,1.0,2.0,1.0914816666666667,1.5396096666666665,5.666666666666667,14.666666666666666,1.0,2.4,0.8850054,1.8755837999999998,4.6,12.0,1.0,1.6,0.9900271,1.761684,3.6,11.2,1.0928806,1.783408
2023-04-04,Leicester,Aston Villa,1,2,G Scott,1435.727273821071,1517.024914710459,2.55,3.3,2.75,1,2,0.671597,1.00159,2,1,4,10,3.0,1,1.0,2.0,1.3272263333333332,1.3019856666666667,2.3333333333333335,12.333333333333334,0.6,1.6,1.13450706,1.1942672,2.2,12.4,1.3,1.8,1.31420663,1.6531996,3.1,11.6,1.32108726,1.3227537999999999,2,1,1.00159,0.671597,0,0,8,14,3.0,1,2.0,0.3333333333333333,2.070641333333333,1.6755733333333331,4.333333333333333,10.0,1.8,0.2,1.8325798000000002,1.3441142,3.2,11.2,1.7,1.3,1.4083209,1.8823485000000002,3.5,11.4,1.2514444,2.0699968
2023-04-04,Chelsea,Liverpool,0,0,A Taylor,1487.574540647812,1522.2015721016035,2.2,3.4,3.25,0,0,2.18903,0.202217,1,0,3,6,3.0,1,1.6666666666666667,1.6666666666666667,1.925096666666667,1.5913113333333335,8.666666666666666,11.0,1.2,1.4,1.5810742000000002,1.2668484,7.0,10.6,0.8,0.9,1.5812316,1.0661881000000002,7.1,11.5,1.8360500000000002,0.8318823999999999,0,0,0.202217,2.18903,4,0,5,17,3.0,1,2.6666666666666665,1.6666666666666667,1.9651703333333332,1.6504173333333332,4.333333333333333,11.333333333333334,2.0,1.0,1.9897301999999997,1.3454296,4.2,12.2,1.4,1.1,1.8238761000000001,1.5756569,4.4,11.5,1.4542942,1.8969192
2023-04-05,Man United,Brentford,1,0,J Brooks,1555.3331097913754,1535.6341460977403,1.65,4.0,5.0,1,0,1.1445,0.64499,3,0,12,8,3.0,1,0.0,3.0,0.6941933333333333,2.651613333333333,4.666666666666667,12.666666666666666,1.0,1.8,1.526592,2.24865,4.6,12.0,1.4,1.7,1.5352276,1.7230867,4.2,11.0,2.2420482,1.0497716,0,1,0.64499,1.1445,2,0,3,13,4.0,0,2.0,1.3333333333333333,1.1403923333333335,1.8666023333333335,3.6666666666666665,10.0,1.8,1.4,1.5631273999999997,1.7982213999999999,4.2,10.8,1.6,0.9,1.4437881999999997,1.2768911,3.9,10.6,1.448422,1.5273166
2023-04-05,West Ham,Newcastle,1,5,C Pawson,1452.1860783151994,1571.3931952404657,3.6,3.25,2.15,1,5,0.83342,2.84091,2,0,7,11,3.0,1,0.6666666666666666,1.6666666666666667,1.2666716666666664,1.9365269999999999,7.0,8.666666666666666,1.2,1.4,1.4431015999999999,1.51817,8.0,8.8,1.2,1.2,1.4066313,1.2070903,5.5,10.0,2.0290459999999997,0.7695582,5,1,2.84091,0.83342,1,0,6,12,3.0,1,2.0,0.6666666666666666,2.762386666666666,0.5253356666666669,8.0,9.333333333333334,1.2,1.2,2.0790978,1.0165874000000001,6.8,8.8,0.9,0.8,1.7538772000000002,1.019949,7.4,9.4,1.3623944,0.9443592000000001
2023-04-08,Fulham,West Ham,0,1,J Gillett,1497.8681177762983,1443.873889557786,2.8,3.25,2.63,0,1,0.456524,1.23261,1,0,11,10,7.0,0,1.0,2.6666666666666665,0.964893,2.7425566666666668,3.3333333333333335,13.333333333333334,1.0,1.8,0.8064052,2.3877034000000004,3.2,13.2,0.9,1.2,0.9016935,1.9395526,3.6,12.3,1.0066298,1.5440771999999998,1,0,1.23261,0.456524,1,0,4,12,3.0,1,1.0,2.0,1.4611299999999998,1.7168536666666665,8.333333333333334,9.666666666666666,1.4,2.0,1.536751,1.8002679999999998,8.0,9.0,1.1,1.5,1.3607283,1.3654113,6.1,9.3,0.7842166,1.6446224
2023-04-08,Man United,Everton,2,0,M Oliver,1563.0785958982965,1446.9901856679564,1.5,4.33,6.5,2,0,4.38578,0.949183,0,0,10,10,3.0,1,0.3333333333333333,0.6666666666666666,0.7965126666666666,1.7190466666666666,7.666666666666667,10.666666666666666,0.8,1.8,1.494742,1.999322,6.4,11.0,1.3,1.6,1.4514496000000001,1.7138906999999999,5.3,10.3,2.0744922,1.0313796,0,2,0.949183,4.38578,0,0,4,9,5.0,0,1.3333333333333333,1.0,1.395368333333333,1.7476399999999999,3.3333333333333335,11.0,1.2,1.8,1.499775,1.8223685999999997,2.8,12.4,0.8,1.5,1.3359142,1.7161417999999997,4.4,11.7,1.1297354,2.0941786000000002
2023-04-08,Aston Villa,Nott'm Forest,2,0,A Taylor,1526.4126859817773,1438.4811857149773,1.6,4.2,5.25,2,0,1.42718,0.232452,3,0,1,7,4.0,0,2.3333333333333335,0.3333333333333333,1.740708,1.1839923333333333,6.333333333333333,12.666666666666666,1.8,0.4,1.6208238000000001,1.1702156,4.6,11.6,1.7,1.3,1.3438808999999998,1.7032132,4.3,11.6,1.5651974000000002,1.6947002000000002,0,2,0.232452,1.42718,4,0,8,17,4.0,0,1.0,1.6666666666666667,0.7534373333333333,1.7721629999999997,3.6666666666666665,14.666666666666666,1.2,2.0,0.937619,1.7520158,4.8,13.6,0.9,1.8,0.8761058,1.9245898999999997,3.7,11.4,0.9710160000000002,2.14403
2023-04-08,Brentford,Newcastle,1,2,C Kavanagh,1527.8886599908192,1579.7053839978792,3.6,3.4,2.05,1,2,2.06521,1.02337,0,0,6,10,3.0,1,1.3333333333333333,1.6666666666666667,0.8000856666666666,2.1284433333333337,3.6666666666666665,11.0,1.2,1.2,1.2034094,1.6920594000000002,4.4,11.0,1.4,1.0,1.3784721999999998,1.3644128,3.7,11.4,1.4391544,1.0264656,2,1,1.02337,2.06521,0,0,5,15,3.0,1,3.0,0.6666666666666666,2.890933333333333,0.5665106666666668,6.666666666666667,9.666666666666666,2.2,1.0,2.2975757999999997,0.7501734000000001,6.8,10.6,1.4,0.9,1.9420159,1.0062273,7.5,9.0,1.7386717999999999,0.9169158
2023-04-08,Tottenham,Brighton,2,1,S Attwell,1535.2081856663247,1537.6471954007595,2.55,3.5,2.7,2,1,0.594139,1.47549,3,0,3,15,5.0,0,2.3333333333333335,1.6666666666666667,1.67044,1.6573950000000004,2.6666666666666665,11.666666666666666,1.8,1.2,1.4387026,1.1593886,4.0,12.6,1.6,1.4,1.3321498000000003,1.1782993000000002,4.4,13.1,1.4447106,1.0143142,1,2,1.47549,0.594139,1,0,7,15,4.0,0,2.0,1.0,2.3473823333333335,1.2155133333333332,6.666666666666667,11.333333333333334,2.4,1.0,2.4111914,0.8986646,6.8,9.8,1.9,0.9,2.4322007,0.9202054000000001,7.0,10.3,2.2499659999999997,1.0413214
2023-04-08,Wolves,Chelsea,1,0,P Bankes,1447.5722601317027,1486.8455434288585,4.2,3.5,1.91,1,0,0.601153,0.815308,2,0,8,14,7.0,0,1.3333333333333333,2.3333333333333335,1.285738,1.7415266666666664,3.6666666666666665,12.666666666666666,1.0,1.8,1.0413002,1.8364739999999997,3.4,12.6,1.1,1.5,1.0833221,1.7179772999999998,4.3,12.5,1.5353968,1.2201110000000002,0,1,0.815308,0.601153,5,0,8,10,4.0,0,0.6666666666666666,1.3333333333333333,2.1565133333333333,0.8715870000000002,8.0,9.333333333333334,1.2,1.0,1.966424,1.1220292,6.8,9.8,0.7,0.9,1.5871476,1.0026732,6.3,11.1,1.3802612,1.2752738000000001
2023-04-08,Southampton,Man City,1,4,R Jones,1416.081596970113,1614.826271201076,11.0,6.0,1.25,1,4,0.492801,3.05999,0,0,0,6,6.0,0,1.0,2.0,1.0660026666666667,1.651423333333333,5.333333333333333,12.666666666666666,0.8,1.2,1.1443716,1.5071382,5.4,11.8,0.6,1.3,0.9351377,1.4020409999999999,4.2,13.6,1.2395082,1.4002241999999998,4,1,3.05999,0.492801,2,0,10,10,7.0,0,2.3333333333333335,0.3333333333333333,2.1807566666666665,0.28782600000000014,7.0,11.333333333333334,2.4,0.6,2.466798,0.6152196,7.4,9.8,2.5,0.8,2.4395246999999998,0.8108783,6.7,11.1,2.1524554,1.1042376
2023-04-08,Leicester,Bournemouth,0,1,D Coote,1426.3395025497528,1440.3100833375265,1.83,3.75,4.2,0,1,0.731965,1.92396,0,0,6,10,4.0,0,1.0,1.6666666666666667,0.7639619999999997,1.137589,3.0,12.333333333333334,0.8,1.8,1.2647572,1.2501734,3.0,11.6,1.4,1.8,1.30102423,1.5780455999999998,3.0,11.4,1.16496466,1.2560858,1,0,1.92396,0.731965,3,0,6,13,4.0,0,0.6666666666666666,2.0,1.5979666666666665,2.229903,5.0,13.0,1.0,1.8,1.52757,2.2574297999999997,3.8,10.8,0.9,1.6,1.4134228,2.0861554,3.6,9.9,0.9146262000000001,2.1368110000000002
2023-04-09,Leeds,Crystal Palace,1,5,S Hooper,1455.5310057094514,1458.3280300617744,2.1,3.4,3.6,1,5,1.02075,3.22687,3,0,2,11,5.0,0,2.3333333333333335,2.3333333333333335,1.5283296666666668,2.2243256666666666,6.0,11.0,1.8,2.0,1.1631444,2.0109313999999996,5.8,10.4,1.2,1.6,1.0702911,1.5620215,5.6,10.8,1.2031264,0.7987630000000001,5,1,3.22687,1.02075,1,0,4,8,8.0,0,1.0,2.0,1.4470566666666667,0.7744553333333334,6.0,14.0,0.6,1.6,0.9358858,1.0804742,4.8,14.0,0.6,1.2,0.9431768,1.3527706,4.4,12.1,1.0122082,1.1390933999999997
2023-04-09,Liverpool,Arsenal,2,2,P Tierney,1522.930569320557,1634.0810516363135,2.88,3.6,2.38,2,2,4.64012,1.53631,4,0,5,11,5.0,0,0.3333333333333333,1.6666666666666667,0.8850126666666668,2.100913333333333,4.666666666666667,12.666666666666666,2.0,1.0,1.7599276,1.5854184,4.6,12.8,1.4,0.8,1.7152448,1.5544978999999999,4.8,11.7,2.340678,0.9469329999999999,2,2,1.53631,4.64012,4,0,4,11,8.0,0,3.6666666666666665,0.6666666666666666,2.49157,0.7692896666666668,5.666666666666667,9.333333333333334,3.6,0.8,2.6013379999999997,1.1309078000000001,7.8,7.8,2.5,1.1,2.0347431,1.2286337299999999,6.9,8.0,1.7915681999999997,0.95532966
2023-04-15,Aston Villa,Newcastle,3,0,J Brooks,1532.3947911776763,1589.9408740690144,3.6,3.4,2.05,3,0,1.91802,0.425086,1,0,7,13,7.0,0,2.0,0.3333333333333333,1.0648546666666665,1.094763,3.6666666666666665,12.333333333333334,2.0,0.4,1.7281388,1.1861538,4.4,10.2,1.8,1.3,1.3701668999999999,1.6592139999999997,4.2,11.4,1.5214354,1.2486006,0,3,0.425086,1.91802,1,0,2,15,7.0,0,3.0,0.6666666666666666,2.3986333333333327,1.0775856666666668,6.0,11.666666666666666,2.6,0.8,2.430288,0.8949273999999999,7.0,11.0,1.5,1.0,1.8480968999999998,1.1137611,7.0,9.9,1.6545777999999998,1.263327
2023-04-15,Everton,Fulham,1,3,A Taylor,1441.6648485345816,1484.699976808215,2.05,3.4,3.7,1,3,2.24262,1.92209,3,0,4,10,7.0,0,1.0,1.6666666666666667,1.1397659999999998,2.559273333333333,3.0,10.333333333333334,1.2,1.4,1.3688116,2.0856866,3.4,11.8,0.8,1.5,1.4021499,1.9078407999999996,3.9,12.0,1.542093,1.338105,3,1,1.92209,2.24262,2,0,8,6,7.0,0,0.3333333333333333,2.0,0.558631,2.3389,6.0,11.0,0.8,2.0,0.8528672,2.0914753999999998,5.0,12.4,0.7,1.2,0.8762193000000001,1.8229025999999997,4.2,12.1,0.7967572,2.3350280000000003
2023-04-15,Tottenham,Bournemouth,2,3,A Madley,1543.5664405524603,1451.6272194713092,1.45,4.5,7.0,2,3,2.30604,1.20598,1,0,8,8,7.0,0,2.0,1.6666666666666667,1.2902129999999998,1.6065416666666668,3.0,12.333333333333334,1.8,1.4,1.3722678,1.4020304,3.8,13.6,1.6,1.1,1.2750647,1.0916823,4.4,13.2,1.2214744,0.9009482,3,2,1.20598,2.30604,2,0,1,9,7.0,0,1.0,1.0,2.072573333333333,1.3223113333333334,5.0,13.0,0.8,1.2,1.5638280000000002,1.9112648,4.8,11.8,0.9,1.5,1.4252698000000001,2.0018079,3.8,10.2,1.2455615999999998,2.023574
2023-04-15,Chelsea,Brighton,1,2,R Jones,1477.4413995991354,1529.2889405146238,2.63,3.4,2.63,1,2,0.46331,2.52107,2,0,2,11,7.0,0,0.0,1.0,1.7948593333333334,0.5230546666666668,8.0,10.0,1.0,1.2,1.7559256,1.1154608,7.4,9.8,0.7,1.0,1.4842114,0.9326635,6.6,11.2,1.990914,0.7736576000000001,2,1,2.52107,0.46331,2,0,8,11,7.0,0,2.0,1.6666666666666667,2.64297,1.0087196666666667,8.666666666666666,12.0,1.8,1.4,2.0063033999999997,0.9674834000000001,6.8,11.6,1.7,1.1,2.3396877000000003,0.8507663000000001,7.0,11.0,2.043602,0.9263572
2023-04-15,Man City,Leicester,3,1,D England,1621.0324364314752,1415.02236641597,1.14,8.5,15.0,3,1,1.60702,1.92692,1,0,6,8,7.0,0,3.0,0.6666666666666666,2.7536066666666663,0.3321566666666668,7.666666666666667,12.0,3.0,0.6,2.516864,0.48830979999999996,7.4,10.6,2.5,0.7,2.5113577000000005,0.7436594,6.9,11.1,2.726594,0.5175189999999998,1,3,1.92692,1.60702,1,0,2,8,7.0,0,0.6666666666666666,1.6666666666666667,0.5341736666666663,1.6200866666666667,3.6666666666666665,12.0,0.8,1.8,1.0770482,1.3663014,3.4,11.4,1.2,1.7,1.23827973,1.5759506,3.1,11.5,1.4370838,1.9000054000000002
2023-04-15,Wolves,Brentford,2,0,P Tierney,1456.9764039614258,1517.653169919684,2.45,3.1,3.0,2,0,0.93912,1.5133,1,0,5,12,7.0,0,1.3333333333333333,1.6666666666666667,1.2494906666666665,1.1948726666666667,5.333333333333333,14.0,1.2,1.4,1.0041688,1.4591536,4.6,12.6,1.2,1.2,1.0965097,1.4667511000000002,4.4,12.9,1.4943810000000002,1.2361516,0,2,1.5133,0.93912,1,0,2,8,7.0,0,1.3333333333333333,2.0,1.3296666666666666,1.9957900000000002,3.0,11.0,1.4,1.4,1.2262754,1.5535354,4.0,10.6,1.5,1.2,1.5678792,1.4292761999999999,4.0,10.6,1.543192,1.6812694000000001
2023-04-15,Southampton,Crystal Palace,0,2,M Oliver,1409.8754317397138,1469.959746733291,2.8,3.1,2.7,0,2,0.678449,0.86306,3,0,6,6,7.0,0,1.3333333333333333,2.6666666666666665,1.1106106666666669,2.116116666666666,4.333333333333333,10.0,0.8,2.0,0.9742678000000001,1.7850341999999997,4.8,10.6,0.7,1.6,0.9171733999999999,1.591608,4.0,12.3,1.2035796,1.7793582000000001,2,0,0.86306,0.678449,1,0,2,13,6.0,0,2.6666666666666665,2.0,2.1178399999999997,0.918463,6.0,10.0,1.6,1.6,1.5507076,1.1065032,4.8,12.2,1.1,1.3,1.2325484,1.3104616,4.5,11.6,1.3816222,0.9291734
2023-04-16,West Ham,Arsenal,2,2,D Coote,1457.0420305258692,1632.6193676486937,6.0,4.2,1.55,2,2,1.96095,2.71782,1,0,7,11,8.0,0,1.0,1.6666666666666667,1.156553333333333,1.2052316666666667,5.333333333333333,11.0,0.8,2.0,1.1732090000000002,1.821403,6.4,9.8,1.2,1.4,1.4104788,1.3304405000000001,6.2,9.8,1.701972,1.280375,2,2,2.71782,1.96095,2,0,2,8,7.0,0,3.3333333333333335,1.3333333333333333,2.1224900000000004,2.1098896666666667,4.333333333333333,10.0,3.2,1.2,2.294762,1.7381318000000001,7.6,9.0,2.7,1.2,2.1193638999999997,1.48345473,6.8,8.3,1.6903661999999997,1.54128966
2023-04-16,Nott'm Forest,Man United,0,2,S Hooper,1432.4990805190782,1568.4039330316714,5.5,4.0,1.62,0,2,1.05289,3.33747,2,0,4,9,8.0,0,0.6666666666666666,1.6666666666666667,0.653593,1.4144663333333332,5.333333333333333,14.666666666666666,0.8,2.0,0.8241628000000001,1.6956978,5.8,14.8,0.8,1.9,0.741807,1.8867588999999998,3.9,12.4,0.7811956,1.7051497999999998,2,0,3.33747,1.05289,2,0,9,9,8.0,0,1.0,0.6666666666666666,1.9548023333333333,1.6419309999999998,8.666666666666666,10.0,0.6,1.8,1.5225719999999998,1.9098026000000001,7.2,11.2,1.4,1.5,1.7505906,1.7674750999999997,6.0,10.3,0.828407,2.3964018000000005
2023-04-17,Leeds,Liverpool,1,6,C Pawson,1443.8992890379348,1524.3922533081768,4.2,4.2,1.73,1,6,1.16748,2.65476,0,0,4,6,8.0,0,1.3333333333333333,3.3333333333333335,1.3169463333333333,2.3787556666666663,5.333333333333333,11.666666666666666,2.0,2.8,1.2404954,2.2827454000000005,4.8,11.2,1.3,2.0,1.0600351,1.8514585000000001,5.6,10.5,1.3323291999999998,1.409909,6,1,2.65476,1.16748,1,0,2,12,8.0,0,1.0,2.0,1.7201693333333334,2.2459233333333333,3.6666666666666665,13.333333333333334,2.0,1.4,2.1475695999999997,1.7353184000000001,4.6,12.4,1.6,1.0,2.0491318,1.5236619,4.8,11.2,1.2343515999999999,1.8080691999999998
2023-04-21,Arsenal,Southampton,3,3,S Hooper,1629.4102939828438,1399.8778585202579,1.2,7.0,13.0,3,3,2.39609,1.43063,1,0,7,10,5.0,0,2.6666666666666665,1.6666666666666667,2.5165366666666666,2.3662263333333335,3.3333333333333335,10.0,3.0,1.2,2.3457679999999996,1.7817878,4.6,9.4,2.8,1.3,2.2544078999999995,1.46201173,6.3,8.2,2.4129059999999996,1.4089258,3,3,1.43063,2.39609,5,0,2,14,6.0,0,0.3333333333333333,2.3333333333333335,0.4965036666666667,1.7755599999999996,3.0,7.666666666666667,0.8,2.4,0.8738516000000001,1.7754640000000002,4.4,10.0,0.7,1.5,0.9205798,1.441167,4.2,12.0,0.6307672,1.4038578
2023-04-22,Fulham,Leeds,2,1,P Bankes,1495.187877369446,1434.4884408917917,2.3,3.4,3.1,2,1,1.43763,1.07482,1,0,8,10,7.0,0,1.3333333333333333,1.3333333333333333,0.993221,2.2052566666666666,7.333333333333333,9.666666666666666,1.2,2.0,1.0546586000000002,2.34058,5.8,11.2,1.0,1.2,0.9694411000000001,1.8509086,4.5,11.3,0.9556814000000001,1.3107772,1,2,1.07482,1.43763,4,0,6,15,5.0,0,1.3333333333333333,4.0,1.5402366666666667,2.165182333333333,5.666666666666667,9.333333333333334,1.8,3.6,1.3546438,2.5109214,4.8,10.0,1.2,2.4,1.1213033000000001,1.9169275,5.5,10.0,0.787741,2.2930080000000004
2023-04-22,Crystal Palace,Everton,0,0,J Brooks,1479.957319952747,1431.1769479733507,2.05,3.2,3.75,0,0,0.368137,0.433712,1,0,8,12,7.0,0,3.0,0.6666666666666666,2.0082133333333334,0.6327193333333333,5.333333333333333,11.0,2.0,1.4,1.68622,0.804513,4.8,12.6,1.2,1.1,1.1808744,1.1712715,4.2,12.0,0.8741454,1.5664478000000002,0,0,0.433712,0.368137,1,1,1,14,7.0,0,0.6666666666666666,2.0,1.338389333333333,2.5665466666666665,3.6666666666666665,9.666666666666666,1.0,1.6,1.4755816,2.310158,3.6,10.4,0.8,1.8,1.4172208999999998,2.0310395999999997,3.6,11.7,1.2622068,2.4775766
2023-04-22,Liverpool,Nott'm Forest,3,2,M Oliver,1533.8031014543199,1424.6496900526213,1.17,7.5,17.0,3,2,3.32745,0.724666,0,0,9,9,5.0,0,2.6666666666666665,1.0,2.4990323333333335,1.6309399999999996,4.0,13.333333333333334,1.8,1.6,1.9899836,1.8013060000000003,4.2,12.2,2.2,0.8,2.1844148,1.3770819,4.3,11.7,2.863776,1.0815325999999998,2,3,0.724666,3.32745,1,0,3,12,6.0,0,0.3333333333333333,2.0,0.6330863333333334,2.399043333333333,5.333333333333333,13.0,0.6,1.8,0.7091308000000001,2.0162278000000002,4.6,14.0,0.7,2.1,0.8138460000000001,2.1081749000000003,4.3,11.8,0.7024184,2.068368
2023-04-22,Leicester,Wolves,2,1,A Madley,1411.466228129949,1466.9958828268764,2.38,3.3,3.0,2,1,2.66929,0.59626,1,0,1,17,7.0,0,0.6666666666666666,2.0,1.1101606666666664,1.5108566666666665,4.0,9.333333333333334,0.8,1.8,0.9901541999999999,1.3887493999999998,3.4,11.0,0.9,1.8,1.18118773,1.5867625999999997,3.0,11.3,1.0394756600000001,1.2518958,1,2,0.59626,2.66929,3,0,7,16,7.0,0,1.3333333333333333,0.3333333333333333,0.6413373333333332,1.1476726666666668,5.333333333333333,13.0,1.4,1.4,1.0794974000000002,1.5106376000000001,4.8,12.8,1.1,1.2,0.9270937000000001,1.4878881,4.7,13.2,0.6986384,1.6973506
2023-04-22,Brentford,Aston Villa,1,1,M Salisbury,1507.6336910542334,1542.3241629401825,2.5,3.25,2.88,1,1,2.03162,1.66602,3,0,8,12,7.0,0,0.3333333333333333,1.6666666666666667,1.4078333333333333,1.0356633333333336,3.6666666666666665,10.333333333333334,1.0,1.8,1.1957534,1.669564,3.8,10.2,1.2,1.4,1.4824622,1.4587497,3.8,10.4,1.5925664000000002,1.177283,1,1,1.66602,2.03162,2,0,4,8,7.0,0,2.3333333333333335,0.3333333333333333,1.4489299999999998,0.44304499999999986,5.333333333333333,11.333333333333334,2.4,0.2,1.7134648,0.8419030000000001,5.4,11.6,1.9,0.9,1.4120788999999998,1.4519386,3.8,11.7,1.2188984,2.0698274000000003
2023-04-23,Bournemouth,West Ham,0,4,A Taylor,1465.741393516051,1460.2511041917192,2.88,3.2,2.55,0,4,0.974687,2.52322,1,0,8,7,8.0,0,1.3333333333333333,1.3333333333333333,1.4277199999999999,1.8906416666666666,4.0,11.0,1.2,1.6,1.584768,1.9455427999999997,4.4,12.2,1.2,1.6,1.455038,1.9767158999999999,3.6,10.4,1.6049779999999998,1.9800418,4,0,2.52322,0.974687,2,0,5,8,7.0,0,1.3333333333333333,2.3333333333333335,1.3423266666666667,2.005084666666667,6.0,11.333333333333334,1.2,1.6,1.51539,1.6649810000000003,7.2,10.4,1.2,1.6,1.3596948,1.5735398999999999,6.5,10.0,0.7722486,1.4843872
2023-04-23,Newcastle,Tottenham,6,1,D Coote,1580.0115023065082,1529.4522665077186,1.83,3.75,4.2,6,1,3.98532,0.883001,0,0,9,7,8.0,0,2.3333333333333335,1.6666666666666667,1.4297886666666664,1.60555,4.333333333333333,14.0,2.2,1.2,2.0242512,1.1365524,5.4,11.8,1.5,1.3,1.7462215,1.2722477,5.7,10.7,2.14536,1.0955388,1,6,0.883001,3.98532,3,0,3,13,8.0,0,1.6666666666666667,1.6666666666666667,1.4306496666666666,1.1682783333333335,4.666666666666667,12.333333333333334,2.2,1.8,1.5822998,1.530731,3.8,11.6,1.7,1.4,1.4062881999999999,1.1029413,4.4,13.0,1.328655,1.2824164000000002
2023-04-25,Aston Villa,Fulham,1,0,T Bramall,1543.051343876401,1501.8471921658659,1.75,4.0,4.2,1,0,0.839159,0.079864,3,0,8,6,3.0,1,2.0,0.3333333333333333,1.6704066666666666,0.896386,4.0,9.333333333333334,2.0,0.4,1.3557207999999998,1.148199,4.4,11.6,1.9,0.7,1.5511461,1.2941136,3.8,11.1,1.6052594,0.8340498000000001,0,1,0.079864,0.839159,2,0,2,18,3.0,1,1.6666666666666667,1.0,1.2720813333333332,1.5166833333333332,9.0,8.666666666666666,1.2,1.6,1.0071226,2.066828,6.8,9.8,1.2,1.2,1.0038651,1.8590101,5.0,11.3,0.9832008,2.39104
2023-04-25,Leeds,Leicester,1,1,P Tierney,1427.8291260953717,1421.3375683491251,2.3,3.5,3.0,1,1,2.09645,2.08594,4,0,3,14,3.0,1,1.0,4.333333333333333,1.0876833333333333,2.4397533333333334,4.0,10.666666666666666,1.2,3.6,1.2386278000000002,2.2457313999999995,5.2,11.2,1.3,2.4,1.0396223,1.9303155,5.4,10.5,1.1874992,1.6801110000000001,1,1,2.08594,2.09645,2,0,6,15,3.0,1,1.0,1.6666666666666667,1.776058333333333,1.3757466666666665,3.0,11.666666666666666,1.0,1.8,1.2397462000000001,1.4127079999999999,2.8,12.2,0.7,1.8,1.30690873,1.5346796,3.0,11.6,1.3228997999999998,1.9216293999999998
2023-04-25,Wolves,Crystal Palace,2,0,R Jones,1457.1245426077003,1476.9248181364906,2.45,3.2,3.0,2,0,1.12829,0.580294,5,0,6,13,3.0,1,1.3333333333333333,0.6666666666666666,0.7121776666666665,1.6659660000000003,6.666666666666667,14.0,1.4,1.4,1.0567704,1.5534416,5.6,14.0,1.0,1.3,0.9251545999999999,1.6246141,5.2,13.4,1.1555490000000002,1.2784256,0,2,0.580294,1.12829,4,0,11,14,3.0,1,2.3333333333333335,0.3333333333333333,1.4860223333333333,0.7109703333333334,4.666666666666667,11.0,2.0,1.2,1.5169434,0.77351,5.6,11.0,1.1,1.0,1.1248602,0.9496617,4.9,12.2,1.3298302,0.9428422
2023-04-26,Nott'm Forest,Brighton,3,1,J Gillett,1419.1669182086614,1539.5235440938661,6.0,4.2,1.53,3,1,2.43846,2.33064,2,0,2,7,4.0,0,0.6666666666666666,2.3333333333333335,0.6700026666666666,2.697366666666666,5.0,12.666666666666666,0.8,2.0,0.7476670000000001,2.1816638,4.6,13.0,0.9,2.2,0.8176302,2.2712159,4.2,11.9,0.9252736,2.1479818,1,3,2.33064,2.43846,0,0,7,8,11.0,0,1.6666666666666667,1.0,2.21016,0.7368896666666666,6.666666666666667,10.333333333333334,1.8,1.2,2.2077414,0.9407978,7.0,12.0,1.7,1.0,2.3973037,0.7611562999999999,7.2,11.2,2.1588339999999997,0.7471372
2023-04-26,Chelsea,Brentford,0,2,A Madley,1467.206796019893,1506.906510118015,1.7,4.0,4.75,0,2,1.21124,0.695344,1,0,5,5,11.0,0,0.3333333333333333,1.0,1.1558826666666668,1.1081466666666668,4.333333333333333,9.0,0.6,1.4,1.5496316,1.1473967999999999,6.8,9.8,0.8,1.2,1.3890714,1.1354364000000001,6.2,10.7,1.7601299999999998,1.1539652,2,0,0.695344,1.21124,2,0,2,13,4.0,0,0.6666666666666666,1.6666666666666667,1.8700433333333333,1.2095033333333334,5.333333333333333,10.0,1.0,1.8,1.5067840000000001,1.7185020000000002,3.8,10.6,1.2,1.4,1.4680862000000001,1.4886137,4.2,10.7,1.410776,1.5956173999999999
2023-04-26,West Ham,Liverpool,1,2,C Kavanagh,1472.1140542806083,1539.2858732982797,3.9,3.9,1.85,1,2,0.939348,1.7045,0,0,3,6,3.0,1,2.3333333333333335,0.6666666666666666,1.905593333333333,1.3830103333333332,5.333333333333333,10.333333333333334,1.8,1.4,1.590766,1.4616403999999998,5.6,10.4,1.5,1.5,1.4841858,1.5481256,6.8,9.5,1.878932,1.643846,2,1,1.7045,0.939348,0,0,6,8,4.0,0,3.6666666666666665,1.6666666666666667,3.5407766666666665,1.1428186666666664,5.333333333333333,10.666666666666666,2.4,1.8,2.2285435999999996,1.7259832,4.4,12.2,2.3,1.0,2.2938688000000003,1.4093154,4.9,11.8,1.3322056,1.6918612
2023-04-26,Man City,Arsenal,4,1,M Oliver,1624.5885747174962,1622.5876332980224,1.55,4.5,5.25,4,1,2.01168,0.398372,3,0,1,13,11.0,0,3.6666666666666665,1.0,2.559813333333333,0.9126306666666668,7.666666666666667,9.0,2.8,0.6,2.2418560000000003,0.6566398,7.4,10.4,2.5,0.8,2.3393027,0.8894237,7.0,10.9,2.579666,0.6699049999999999,1,4,0.398372,2.01168,1,0,3,13,5.0,0,2.3333333333333335,2.3333333333333335,2.21674,2.677233333333333,4.333333333333333,9.666666666666666,3.0,1.8,2.2962759999999998,1.9442497999999997,4.4,9.6,3.0,1.3,2.3238779,1.40423373,6.9,8.1,2.0959098,1.51509766
2023-04-27,Everton,Newcastle,1,4,A Marriner,1434.209449789607,1586.9325815207417,4.75,3.6,1.73,1,4,0.777008,2.86368,2,0,3,8,5.0,0,0.3333333333333333,1.6666666666666667,1.208505,2.2253356666666666,3.0,11.0,0.8,1.6,1.2191260000000002,1.9936093999999998,2.8,11.0,0.8,1.6,1.420359,1.8445622999999998,3.4,11.5,1.5722350000000003,1.5845026,4,1,2.86368,0.777008,1,0,14,6,4.0,0,2.6666666666666665,1.6666666666666667,1.8112586666666664,1.6220770000000002,5.333333333333333,12.333333333333334,3.0,1.2,2.3212612,1.2067556,5.8,11.4,2.0,1.3,2.0218705,1.2327168,6.2,10.3,1.429889,1.338015
2023-04-27,Southampton,Bournemouth,0,1,D England,1406.7005192050792,1453.8784434271618,2.25,3.4,3.2,0,1,0.477034,0.988554,0,0,6,9,6.0,0,1.3333333333333333,3.0,0.8672933333333335,2.1063799999999997,2.6666666666666665,8.666666666666666,1.4,2.6,1.0881821999999999,1.9215,4.2,10.0,0.9,1.6,0.9334398,1.6192109000000001,3.9,12.2,1.0788634,1.82884,1,0,0.988554,0.477034,3,0,4,11,4.0,0,1.3333333333333333,2.0,1.3682089999999996,1.8537416666666664,5.0,9.666666666666666,1.2,1.8,1.6796773999999999,1.7592387999999999,4.8,11.0,1.1,1.9,1.3980487,2.0741848999999997,4.0,10.3,1.3050979999999999,1.9733899999999998
2023-04-27,Tottenham,Man United,2,2,A Taylor,1522.5311872934851,1576.2533234981283,2.8,3.6,2.4,2,2,2.37239,1.96508,1,0,6,8,4.0,0,1.6666666666666667,3.3333333333333335,1.2610599999999998,2.2222633333333337,4.666666666666667,12.0,1.8,2.8,1.411936,2.002185,4.0,11.6,1.7,2.0,1.3524203,1.4240986,4.3,12.4,1.3983463999999999,0.9873947999999999,2,2,1.96508,2.37239,2,0,8,7,11.0,0,1.6666666666666667,0.0,2.9559166666666665,0.8823543333333334,10.333333333333334,9.0,1.0,0.4,2.0225576,1.4318426,8.4,10.2,1.4,1.2,2.057113,1.5824911,6.5,10.3,1.2170269999999999,2.524312
2023-04-29,Crystal Palace,West Ham,4,3,C Pawson,1468.0767234426544,1462.3204465114618,2.63,3.25,2.75,4,3,2.31888,1.98262,1,0,8,9,4.0,0,0.6666666666666666,0.6666666666666666,0.6038303333333334,0.7468170000000001,7.0,13.0,1.8,0.8,1.3946142,0.692032,7.0,11.8,1.0,1.1,1.0706875999999999,1.0014802,5.4,12.8,0.881142,1.3644222000000001,3,4,1.98262,2.31888,2,0,5,17,3.0,1,2.3333333333333335,1.3333333333333333,1.807839333333333,1.7990023333333334,5.0,8.333333333333334,1.8,1.8,1.4979096,1.7388881999999999,5.2,9.6,1.5,1.6,1.4705056,1.6285291000000002,6.6,9.2,1.1298716,1.5180782000000002
2023-04-29,Brentford,Nott'm Forest,2,1,P Bankes,1517.490135311854,1430.886854412544,1.65,3.8,5.5,2,1,1.32059,0.939693,1,0,6,6,3.0,1,1.0,1.0,1.4134213333333332,1.2721266666666668,4.0,11.0,0.8,1.2,1.3900928000000001,1.1968500000000002,4.2,11.2,1.3,1.3,1.4766100999999998,1.4975357,4.2,11.0,1.5253964000000002,1.3816099999999998,1,2,0.939693,1.32059,2,0,0,13,3.0,1,1.6666666666666667,2.0,1.4053386666666665,2.9985199999999996,3.0,9.333333333333334,1.2,2.0,1.012477,2.5710439999999997,4.2,11.6,1.1,2.2,0.9487412000000001,2.2233139,4.4,11.8,0.7099868,2.39445
2023-04-29,Brighton,Wolves,6,0,D Coote,1527.8036078899836,1465.9726373015365,1.5,4.33,6.5,6,0,3.60471,0.603985,1,0,2,14,3.0,1,1.3333333333333333,2.0,2.1090666666666666,1.165303,7.333333333333333,11.333333333333334,1.8,1.8,2.5561239999999996,1.1855858000000001,8.2,11.0,1.7,1.3,2.3746717,0.9141725,7.2,10.6,2.6357734,0.7751754,0,6,0.603985,3.60471,1,0,5,11,4.0,0,1.6666666666666667,0.6666666666666666,0.88789,1.5876280000000003,6.0,13.666666666666666,1.4,0.6,0.7297124,1.3385204000000002,5.8,13.6,1.2,1.2,0.9468420999999999,1.5673695,4.6,13.5,0.6947601999999999,1.9708026
2023-04-30,Bournemouth,Leeds,4,1,C Kavanagh,1464.2473249804643,1425.9383723700375,2.55,3.5,2.7,4,1,2.51723,1.33691,1,0,2,12,3.0,1,1.3333333333333333,2.0,1.0564069999999999,1.7687646666666665,4.333333333333333,9.0,1.0,1.6,1.2492801999999998,1.7344358,4.8,10.2,1.1,1.9,1.3816301,2.0307468,4.2,10.4,1.4909994,2.1749798,1,4,1.33691,2.51723,0,0,6,14,5.0,0,1.0,3.0,1.44625,2.059443333333333,4.333333333333333,11.666666666666666,1.2,3.0,1.5583960000000001,2.0038234,5.2,11.4,1.4,2.4,1.189527,1.9850985,5.3,11.3,0.8917453999999999,2.18052
2023-04-30,Fulham,Man City,1,2,S Hooper,1494.6803995957946,1632.8227490288882,12.0,6.0,1.25,1,2,0.431813,2.32338,1,0,2,9,5.0,0,1.6666666666666667,1.0,1.146528,1.385533,6.0,11.333333333333334,1.2,1.2,0.8994314000000001,1.7059498000000002,6.4,11.4,1.2,1.3,0.9625174,1.801455,5.0,11.9,1.0245294,1.3269802,2,1,2.32338,0.431813,3,0,5,10,4.0,0,3.6666666666666665,1.0,2.2262299999999997,0.9393643333333336,5.666666666666667,10.333333333333334,3.2,0.8,2.3759040000000002,0.6643524000000001,6.0,11.4,2.9,0.8,2.463096,0.7870929,6.5,10.8,2.609704,0.9184618
2023-04-30,Man United,Aston Villa,1,0,J Gillett,1576.4339952806943,1550.2181364464723,1.73,3.9,4.6,1,0,1.3056,0.434738,2,0,1,16,3.0,1,2.0,0.6666666666666666,3.2294433333333328,1.4581543333333336,9.0,8.666666666666666,1.4,0.8,2.2333914,1.6702146,8.6,9.2,1.4,1.3,2.046586,1.6817501,6.8,10.1,2.5375782,0.9452561999999999,0,1,0.434738,1.3056,0,0,4,7,5.0,0,1.6666666666666667,0.3333333333333333,1.4743996666666668,0.8455233333333334,6.333333333333333,9.0,1.8,0.4,1.3703938,0.6881238000000001,5.6,9.6,1.8,0.3,1.6014868,1.016119,4.4,10.4,1.4970328,1.7541774000000003
2023-04-30,Newcastle,Southampton,3,1,A Taylor,1594.3254014357262,1396.3316376517766,1.3,5.25,10.0,3,1,3.91457,0.897175,1,0,11,7,3.0,1,3.3333333333333335,1.6666666666666667,2.4246953333333328,1.1926763333333337,8.333333333333334,9.333333333333334,3.4,1.4,2.2276732000000004,1.2953318,7.2,11.0,2.3,1.3,2.1533854999999997,1.1559596,7.0,9.9,2.549912,1.0741646,1,3,0.897175,3.91457,4,0,2,10,3.0,1,1.0,2.0,0.8620376666666667,1.415901333333333,4.666666666666667,9.666666666666666,0.8,2.2,0.679435,1.7422648000000003,3.4,9.2,0.8,1.7,0.9191900000000001,1.5563433000000002,4.3,10.7,0.7880162,1.4095818
2023-04-30,Liverpool,Tottenham,4,3,P Tierney,1549.0794810674263,1522.3505155109192,1.53,4.5,5.75,4,3,2.42911,1.44927,3,0,5,12,4.0,0,3.6666666666666665,1.3333333333333333,2.5622366666666667,0.9438313333333331,5.666666666666667,9.666666666666666,2.6,1.2,2.5058093999999995,1.3113667999999998,5.4,11.4,2.3,1.1,2.2477698,1.3283982,4.8,11.8,3.2690159999999997,0.8575318,3,4,1.44927,2.42911,2,0,2,6,3.0,1,1.6666666666666667,3.6666666666666665,1.8538103333333336,2.38546,5.666666666666667,9.666666666666666,1.6,2.6,1.509468,1.891047,4.6,11.6,1.8,1.8,1.4779503,1.4793986000000001,4.4,12.3,1.3064942,1.8608024
2023-05-01,Leicester,Everton,2,2,M Oliver,1423.2283220744594,1426.8166298746225,2.0,3.5,3.75,2,2,3.32486,3.28648,4,0,2,10,6.0,0,1.3333333333333333,1.6666666666666667,2.227383333333333,1.4332433333333334,3.0,13.333333333333334,1.0,1.6,1.6171424,1.445056,3.8,12.0,0.8,1.6,1.3758247300000002,1.3196615999999999,3.0,12.2,1.2909176600000003,1.1477298,2,2,3.28648,3.32486,1,0,9,12,4.0,0,0.6666666666666666,2.3333333333333335,1.1511133333333332,1.717969,2.6666666666666665,10.666666666666666,0.6,2.0,1.0451776000000002,2.1862914,3.0,10.2,0.8,2.0,1.3442488,2.07119,3.1,11.5,1.268483,2.104622
2023-05-02,Arsenal,Chelsea,3,1,R Jones,1614.3534589866304,1456.623170826054,1.6,4.0,5.5,3,1,2.7832,0.785202,0,0,7,10,6.0,0,2.0,3.0,1.8374273333333333,1.8010866666666667,4.0,10.333333333333334,2.4,2.4,2.0688144,2.1081978,4.0,10.6,2.7,1.5,2.0777341,1.5718265299999998,6.3,9.0,2.551846,1.2933698000000002,1,3,0.785202,2.7832,2,0,2,10,6.0,0,0.3333333333333333,1.6666666666666667,0.8299526666666669,1.2725223333333335,5.0,8.666666666666666,0.2,1.4,1.4118256,0.9571156000000001,6.2,9.2,0.7,1.3,1.4201488999999998,1.0973558,6.1,10.1,1.0635008000000001,1.2532512
2023-05-03,Liverpool,Fulham,1,0,S Attwell,1556.6338101479184,1486.8923450754999,1.25,5.75,11.0,1,0,1.67372,0.740125,0,0,7,10,3.0,1,3.0,2.0,2.48702,1.037761333333333,6.666666666666667,9.666666666666666,3.4,1.8,2.951188,1.1634148,5.4,10.4,2.7,1.4,2.3555577999999997,1.3744166,5.0,11.6,3.308255999999999,1.0669195999999999,0,1,0.740125,1.67372,0,0,5,8,3.0,1,1.0,1.3333333333333333,0.6497689999999999,1.412453,4.0,12.333333333333334,1.2,1.2,0.8655842,1.5425178,6.2,10.6,1.1,1.5,0.8359947,1.9651105999999998,4.7,11.9,0.9005053999999999,2.2759298
2023-05-03,Man City,West Ham,3,0,J Brooks,1640.610803549183,1454.1907855850327,1.2,7.0,13.0,3,0,2.99908,0.492075,0,0,6,8,3.0,1,3.0,1.0,1.980693333333333,0.9190350000000002,4.0,10.333333333333334,3.4,1.0,2.4029000000000003,0.7136153999999999,5.8,10.0,2.8,0.8,2.334447,0.8027394000000001,6.2,10.5,2.316488,0.655724,0,3,0.492075,2.99908,1,0,3,8,4.0,0,2.6666666666666665,2.0,1.8150626666666667,1.6660223333333333,4.333333333333333,10.333333333333334,2.2,1.6,1.7277495999999999,1.6344822,4.8,10.8,1.8,1.8,1.6322503000000002,1.7173751,6.4,9.9,1.2707336,1.7360882
2023-05-04,Brighton,Man United,1,0,A Marriner,1534.4340207298114,1584.0022144234638,1.95,3.5,3.75,1,0,2.09953,1.32105,4,0,8,10,5.0,0,3.0,1.3333333333333333,2.8188066666666667,1.168585,5.666666666666667,11.0,2.4,1.2,2.5131659999999996,1.0506228,5.8,10.6,2.2,1.2,2.4701617,0.8817431000000001,6.8,10.9,2.8453234,0.7143128,0,1,1.32105,2.09953,4,0,6,14,4.0,0,1.6666666666666667,0.6666666666666666,2.2027166666666664,1.2866726666666668,6.0,10.666666666666666,1.6,0.4,2.427686,1.0908382,8.0,10.0,1.3,1.1,1.9771389999999998,1.6697440999999997,6.3,11.0,1.5555938,2.418244
2023-05-06,Bournemouth,Chelsea,1,3,J Brooks,1471.4909386749096,1452.1807770298706,3.3,3.5,2.15,1,3,1.21755,1.76852,1,0,7,9,6.0,0,1.6666666666666667,1.6666666666666667,1.4934903333333331,1.4457213333333332,4.666666666666667,10.0,1.8,1.4,1.5220822,1.4750337999999998,4.2,10.4,1.4,1.6,1.5248260999999999,1.8662318000000002,4.0,10.6,1.7773914000000002,1.8459498,3,1,1.76852,1.21755,3,0,7,11,4.0,0,0.6666666666666666,2.3333333333333335,0.8199173333333336,1.9998713333333333,3.0,8.666666666666666,0.4,1.6,1.0928179999999998,1.3605968000000002,4.0,8.4,0.8,1.5,1.3369461,1.3137226,5.5,9.5,0.8516072000000001,1.5496412
2023-05-06,Man City,Leeds,2,1,A Madley,1644.5087164213676,1418.6947586755923,1.17,8.5,15.0,2,1,2.83472,0.140924,0,0,10,3,3.0,1,3.0,0.6666666666666666,2.444713333333333,0.4407533333333335,4.0,10.333333333333334,3.2,0.8,2.4002299999999996,0.7483962,5.6,9.8,2.8,0.7,2.433514,0.6818079,6.5,9.8,2.19433,0.6990693999999998,1,2,0.140924,2.83472,3,0,1,16,6.0,0,1.0,2.3333333333333335,1.5027266666666665,2.0136,5.0,14.333333333333334,1.0,3.6,1.339282,2.384486,4.2,12.0,1.4,2.8,1.2512132,2.1977087,5.0,11.2,1.0396468,2.3763440000000005
2023-05-06,Tottenham,Crystal Palace,1,0,D England,1514.796186430427,1476.2063843690835,1.8,3.8,4.2,1,0,1.15665,0.306669,3,0,8,15,6.0,0,2.0,4.0,1.5682203333333335,2.79317,3.6666666666666665,9.0,2.0,3.2,1.520968,2.212196,4.4,10.0,1.9,2.2,1.4798353,1.6857923,4.2,11.3,1.5867403999999998,1.3073762,0,1,0.306669,1.15665,5,0,4,14,7.0,0,1.3333333333333333,1.6666666666666667,1.0891036666666667,1.1815406666666668,9.0,11.666666666666666,2.2,1.2,1.4714482,1.0487642000000001,6.6,11.2,1.4,1.4,1.2036669999999998,1.0646192,5.7,12.6,1.4153368,0.9903791999999999
2023-05-06,Wolves,Aston Villa,1,0,S Attwell,1459.3422244617086,1542.6499173037028,2.88,3.3,2.5,1,0,0.80605,1.50158,3,0,5,20,7.0,0,1.0,2.6666666666666665,0.7761783333333332,2.2847646666666668,6.0,13.333333333333334,1.2,1.6,0.7737616,1.8365804000000001,6.2,13.2,1.1,1.7,0.9075308999999999,1.8365272000000001,4.8,12.9,1.198924,1.1639364,0,1,1.50158,0.80605,3,0,6,9,6.0,0,0.6666666666666666,0.6666666666666666,0.9799723333333333,1.139028,5.333333333333333,7.0,1.4,0.4,1.2570234,0.8149244000000001,4.8,8.2,1.6,0.4,1.4389236,0.99257,4.7,9.9,1.1719064,1.7070794
2023-05-06,Liverpool,Brentford,1,0,A Taylor,1563.0639629633108,1523.5043473672379,1.44,5.0,6.0,1,0,1.992,0.183892,4,0,7,19,3.0,1,2.3333333333333335,1.3333333333333333,1.9357766666666671,1.042914333333333,6.0,10.0,3.2,1.4,2.3579079999999997,1.0041778000000001,5.8,10.2,2.6,1.4,2.2527388000000004,1.3697481000000002,5.2,11.3,3.102618,1.0575826,0,1,0.183892,1.992,2,0,3,10,7.0,0,1.6666666666666667,0.6666666666666666,1.3491846666666667,1.272317666666667,5.333333333333333,10.333333333333334,1.2,1.2,1.5252127999999998,1.1558886000000002,4.8,9.8,1.2,1.2,1.3643111,1.4239739999999999,4.6,10.4,1.1596688,1.4946674
2023-05-07,Newcastle,Arsenal,0,2,C Kavanagh,1598.0184732241246,1618.7958527828139,2.45,3.75,2.63,0,2,1.37224,1.29061,2,0,9,16,7.0,0,4.333333333333333,1.0,3.587856666666666,0.8523946666666667,11.333333333333334,6.666666666666667,3.0,1.4,2.4424052,1.3080827999999998,8.2,10.0,2.6,1.2,2.3699905,1.0291280999999999,7.5,10.3,3.08706,0.9979376,2,0,1.29061,1.37224,1,0,4,12,5.0,0,2.3333333333333335,2.6666666666666665,1.8592206666666666,1.409170666666667,5.666666666666667,11.0,2.2,2.4,1.9663584,2.1657164,4.6,10.4,2.9,1.6,2.2838482,1.6483121,6.2,9.1,1.6036221999999998,1.8502832599999999
2023-05-07,West Ham,Man United,1,0,P Bankes,1450.292872712848,1574.3023757506041,3.4,3.75,2.05,1,0,1.76618,1.1942,0,0,5,4,4.0,0,1.3333333333333333,3.0,1.138014333333333,2.34082,3.6666666666666665,10.333333333333334,2.0,2.2,1.5796426000000001,2.1429934,4.6,10.0,1.4,2.1,1.3764258,1.9821982000000002,5.5,9.9,1.4567375999999999,1.9145762000000002,0,1,1.1942,1.76618,2,0,6,9,3.0,1,1.0,1.0,1.5305766666666665,1.6355526666666667,5.0,12.333333333333334,1.4,0.6,2.462996,1.3817462,6.8,11.2,1.1,1.2,1.978869,1.6905341,6.6,11.1,1.5590537999999998,2.4598240000000002
2023-05-08,Brighton,Everton,1,5,S Hooper,1544.133859402671,1428.4261697580607,1.33,5.25,9.0,1,5,3.23717,2.94223,1,0,15,11,4.0,0,2.6666666666666665,1.0,2.678293333333334,1.4544983333333334,5.666666666666667,10.666666666666666,2.2,1.2,2.4062879999999995,1.0841888000000002,6.4,11.6,2.3,1.1,2.4087397,0.9914267000000001,6.6,10.7,2.7224794,0.9336800000000001,5,1,2.94223,3.23717,5,0,1,13,7.0,0,1.0,2.0,1.4990666666666665,2.185559,4.333333333333333,11.333333333333334,0.8,2.2,1.5378006,2.5729093999999995,4.2,10.6,1.0,2.0,1.5187878,2.1976389999999997,3.5,11.5,1.6049790000000002,2.1557560000000002
2023-05-08,Nott'm Forest,Southampton,4,3,M Oliver,1424.87264235716,1392.6385658633783,2.1,3.6,3.4,4,3,1.91326,3.31096,1,0,2,16,9.0,0,2.0,2.0,1.3676063333333335,2.3262266666666664,1.6666666666666667,10.666666666666666,1.2,2.0,1.0776322,2.3486659999999997,3.4,11.6,1.2,2.0,1.0076256000000001,2.0503408999999997,4.1,12.6,1.1874956,2.0521778,3,4,3.31096,1.91326,0,0,11,10,8.0,0,1.3333333333333333,2.3333333333333335,0.9349463333333334,2.433071333333333,3.3333333333333335,11.0,1.0,2.6,0.7952178,2.2444528,3.2,9.0,0.9,1.9,0.9697946999999999,1.8757955000000002,4.3,10.4,0.8435447999999999,1.8690498000000002
2023-05-08,Fulham,Leicester,5,3,R Jones,1480.4621922601075,1421.6187821910212,2.63,3.5,2.6,5,3,1.75276,2.92566,0,0,2,13,5.0,0,0.3333333333333333,1.3333333333333333,0.41726733333333327,1.6120863333333333,3.0,11.666666666666666,1.2,1.2,0.9223044000000001,1.6307398,5.0,10.2,1.0,1.6,0.8875858000000001,1.8611075999999998,5.0,11.3,0.7714839999999998,1.6542914,3,5,2.92566,1.75276,3,0,7,15,7.0,0,1.6666666666666667,1.3333333333333333,2.6933633333333327,1.9930633333333334,3.0,14.0,1.2,1.6,2.147795,1.9020339999999998,3.4,12.0,1.0,1.7,1.7062761000000002,1.5761037,3.2,11.8,1.4607318,1.4915934
2023-05-13,Leeds,Newcastle,2,2,S Hooper,1415.4597937767878,1586.894326987828,4.33,4.2,1.7,2,2,2.01567,2.35118,3,1,2,16,7.0,0,1.0,2.3333333333333335,1.191428,2.4792966666666665,3.3333333333333335,14.666666666666666,1.0,3.0,1.1633168,2.3060560000000003,4.0,13.0,1.5,2.9,1.2019061,2.2944006999999997,4.4,12.1,1.4627796,2.0190734,2,2,2.35118,2.01567,2,0,6,14,6.0,0,2.3333333333333335,1.3333333333333333,2.71683,0.9882643333333334,11.333333333333334,9.666666666666666,2.6,1.6,2.5121792,1.1531628,9.0,10.2,2.6,1.2,2.4712335999999997,1.0240451,8.0,10.6,1.9306632000000001,1.2251286000000001
2023-05-13,Aston Villa,Tottenham,2,1,P Bankes,1531.9800725300588,1522.0323324504602,2.25,3.6,2.9,2,1,1.79987,1.18505,3,0,8,9,7.0,0,0.3333333333333333,0.6666666666666666,0.925159,0.7305046666666666,6.0,7.333333333333333,1.0,0.6,1.2719034,0.929644,5.8,8.6,1.5,0.5,1.5000210999999999,1.0578989,5.1,9.4,1.7059408,0.2780606,1,2,1.18505,1.79987,3,0,3,14,7.0,0,2.0,2.0,1.659436666666667,1.566953,5.333333333333333,9.666666666666666,1.8,3.0,1.6334702,1.9784318000000003,5.4,10.0,1.8,2.2,1.502869,1.6902311,4.6,11.8,1.3729302,2.0642084
2023-05-13,Chelsea,Nott'm Forest,2,2,P Tierney,1464.424666425013,1432.2785864112138,1.5,4.5,6.0,2,2,0.999181,1.96797,3,0,2,13,7.0,0,1.3333333333333333,2.0,1.2549873333333337,1.5653646666666667,4.666666666666667,8.666666666666666,1.0,1.8,1.0087160000000002,1.5636634,4.8,9.4,1.1,1.4,1.48757,1.3428463000000002,5.8,9.6,1.628818,1.166235,2,2,1.96797,0.999181,1,0,5,15,5.0,0,2.6666666666666665,2.0,1.7638043333333335,2.3207299999999997,1.3333333333333333,12.0,2.0,2.2,1.4137938,2.7254219999999996,2.2,11.4,1.4,2.1,1.1189783,2.2105599000000002,4.0,13.1,0.8277556,2.0485040000000003
2023-05-13,Crystal Palace,Bournemouth,2,0,M Salisbury,1468.9702383490503,1459.2470492797672,1.83,3.6,4.2,2,0,1.40237,0.262022,0,0,11,5,7.0,0,1.3333333333333333,2.0,1.0686143333333333,1.4225200000000002,7.666666666666667,12.333333333333334,1.2,1.2,0.8874080000000001,1.0759442,6.6,12.4,1.4,1.4,1.2190577999999999,1.0912237,5.7,12.3,1.1592622000000001,1.2309842000000002,0,2,0.262022,1.40237,2,0,2,12,7.0,0,2.0,1.3333333333333333,1.5744446666666665,1.1941546666666667,4.333333333333333,10.666666666666666,1.8,2.0,1.3808002,1.6823447999999999,4.4,9.6,1.3,1.6,1.4723141,1.7968047999999999,4.6,10.7,1.2722608,1.8865138000000001
2023-05-13,Man United,Wolves,2,0,J Brooks,1562.4805993813256,1470.0120692353526,1.36,5.0,7.5,2,0,3.10118,0.268789,3,0,11,9,6.0,0,0.3333333333333333,0.6666666666666666,1.2736166666666664,1.4334826666666667,4.333333333333333,13.0,1.0,0.8,1.82468,1.5451456000000001,6.0,11.0,0.8,1.3,1.673626,1.7274740999999998,6.6,11.1,2.3986842,0.9212442,0,2,0.268789,3.10118,2,0,7,9,7.0,0,1.0,2.0,0.8461083333333331,1.8955279999999999,5.333333333333333,14.666666666666666,1.2,1.6,0.814741,1.9738348,5.6,14.4,1.2,1.5,0.9094549000000001,1.7164942,5.1,13.5,0.6161378000000001,2.509118
2023-05-13,Southampton,Fulham,0,2,T Bramall,1385.2326218093244,1487.1690503363118,2.75,3.3,2.5,0,2,0.149649,1.27085,2,0,1,17,5.0,0,1.3333333333333333,2.6666666666666665,1.561723,2.272128,6.333333333333333,9.666666666666666,1.4,2.6,1.3588495999999999,2.0151068000000003,5.4,9.8,1.1,2.3,1.1665587,1.9000705,5.1,10.2,0.9056062,1.6924488,2,0,1.27085,0.149649,0,0,8,12,5.0,0,2.0,2.0,0.9748993333333335,2.3075866666666665,3.0,10.0,1.6,1.6,0.8884384000000001,1.7673478,3.8,11.6,1.4,1.8,0.9715485000000001,2.0539639,4.8,11.4,1.0036876,2.0679238
2023-05-14,Brentford,West Ham,2,0,M Oliver,1516.293962603653,1462.1146490821266,2.0,3.5,3.6,2,0,4.42571,0.203312,1,0,7,5,8.0,0,1.3333333333333333,0.6666666666666666,0.7332753333333333,1.380977666666667,3.6666666666666665,9.666666666666666,1.0,1.0,1.1489492000000001,1.3496146,4.2,9.8,1.2,1.2,1.1876123,1.451575,4.1,10.2,1.6674934000000001,1.3451446,0,2,0.203312,4.42571,0,0,5,5,7.0,0,1.3333333333333333,2.3333333333333335,1.4136249999999997,2.1707199999999998,4.333333333333333,9.666666666666666,1.8,1.8,1.5406886,1.8382694000000002,4.2,8.6,1.5,1.7,1.5280393,1.7516252,5.7,9.5,1.2961139999999998,2.0498202
2023-05-14,Everton,Man City,0,3,A Taylor,1443.0922648181395,1647.743681320172,9.0,4.75,1.36,0,3,1.18597,1.04338,1,0,8,12,6.0,0,2.6666666666666665,2.3333333333333335,2.3352393333333334,3.1419033333333335,4.333333333333333,11.0,1.8,2.0,1.93641,2.3431873999999997,3.6,11.4,1.5,1.7,1.6526108000000002,2.214437,3.5,11.6,1.4200146000000002,2.037758,3,0,1.04338,1.18597,0,0,6,4,8.0,0,2.3333333333333335,0.6666666666666666,2.7190600000000003,0.3549373333333335,7.0,7.0,2.8,0.8,2.355176,0.6780208,5.6,8.4,2.9,0.7,2.43602,0.5831652999999999,6.5,9.5,2.672698,0.6645464
2023-05-14,Arsenal,Brighton,0,3,A Madley,1629.9199990191105,1529.4677643425923,1.73,4.2,4.2,0,3,0.958651,2.21276,1,0,5,13,7.0,0,2.0,1.6666666666666667,1.4907273333333333,1.3897073333333336,4.666666666666667,11.666666666666666,2.2,2.0,1.9172184,1.5121404,4.6,10.6,2.7,1.6,2.1059902,1.6251361,6.1,9.8,2.494648,1.1296102000000001,3,0,2.21276,0.958651,2,0,2,17,6.0,0,2.6666666666666665,1.6666666666666667,2.9804700000000004,1.6224216666666667,8.333333333333334,11.666666666666666,2.2,1.8,2.758624,1.5538070000000002,8.0,10.8,2.0,1.6,2.3824636999999997,1.2606452000000001,7.4,11.2,2.0949999999999998,1.0491734000000001
2023-05-15,Leicester,Liverpool,0,3,C Pawson,1414.9119241148169,1570.2743477268957,5.25,4.33,1.57,0,3,0.527496,1.77085,2,0,4,11,7.0,0,2.0,2.6666666666666665,2.7788199999999996,2.3785633333333336,5.0,13.333333333333334,1.8,2.4,2.586534,1.867794,3.6,13.0,1.3,2.1,1.8317910999999998,1.6170476999999999,3.5,12.2,1.9518204000000001,1.660614,3,0,1.77085,0.527496,1,0,4,17,9.0,0,2.0,1.0,2.03161,0.7910956666666663,6.333333333333333,13.666666666666666,2.2,1.2,2.225356,0.8074602000000001,6.8,11.6,2.0,1.4,2.1076698,1.3043831,5.5,11.9,1.4028596,1.6819136000000001
2023-05-18,Newcastle,Brighton,4,1,R Jones,1583.7926190832557,1543.7834173921997,2.0,3.8,3.5,4,1,4.11359,0.593493,2,0,6,17,5.0,0,1.6666666666666667,1.6666666666666667,2.545996666666666,1.4011516666666666,8.666666666666666,12.333333333333334,3.0,1.4,2.897398,1.1726928,9.8,10.0,2.6,1.3,2.4608246,1.1546226000000002,7.6,10.9,3.011804,0.8229616,1,4,0.593493,4.11359,4,0,1,16,4.0,0,1.6666666666666667,1.6666666666666667,2.5164866666666668,1.7406436666666665,8.333333333333334,12.666666666666666,2.4,1.6,2.696962,1.6528752,6.8,12.0,2.1,1.4,2.4523517,1.2968365,6.9,12.0,2.234776,1.121556
2023-05-20,Tottenham,Brentford,1,3,J Gillett,1514.0188236228282,1523.1210299571073,1.83,3.9,4.0,1,3,1.61667,1.15344,1,0,8,11,7.0,0,1.6666666666666667,2.0,1.2636566666666667,1.511883,4.333333333333333,11.666666666666666,1.6,2.8,1.4092722,2.0972098000000003,4.4,11.2,1.9,2.3,1.495786,1.8139704,4.1,11.4,1.6328077999999997,1.3162538,3,1,1.15344,1.61667,1,0,2,9,6.0,0,1.3333333333333333,0.6666666666666666,1.9767306666666666,1.0450016666666668,5.333333333333333,7.0,1.4,0.6,1.7314312,1.202453,5.2,9.2,1.2,1.2,1.4635923,1.4360085,4.5,9.7,0.8632652000000001,1.821272
2023-05-20,Bournemouth,Man United,0,1,C Kavanagh,1451.2273316015844,1568.353777231695,6.0,4.75,1.5,0,1,0.815723,1.71783,1,0,3,6,7.0,0,1.6666666666666667,2.0,1.3322673333333332,1.5026,3.6666666666666665,11.0,1.2,2.0,1.1920086,1.5016108,4.6,10.2,1.2,1.8,1.3883883000000001,1.7235768,4.5,11.2,1.8006454,1.7727238,1,0,1.71783,0.815723,0,0,6,7,7.0,0,0.6666666666666666,0.6666666666666666,1.872143333333333,1.3781663333333334,7.666666666666667,10.666666666666666,1.0,0.8,1.777422,1.3883254,6.4,11.0,1.0,0.6,1.8999898000000002,1.4100840000000001,7.4,10.6,1.6303854000000002,2.124522
2023-05-20,Fulham,Crystal Palace,2,2,J Smith,1495.9678507252195,1476.9899560272331,2.45,3.4,2.9,2,2,1.95519,1.70785,3,0,7,13,7.0,0,2.3333333333333335,1.3333333333333333,1.2545783333333334,1.5830096666666666,5.0,11.0,1.6,1.4,0.8550824,1.5823136,3.8,12.0,1.4,1.5,0.9311025,1.8245707999999996,5.3,10.9,0.9394094,2.0400039999999997,2,2,1.70785,1.95519,0,0,4,12,7.0,0,2.0,1.3333333333333333,1.3426396666666667,1.1337640000000002,7.666666666666667,9.333333333333334,1.2,1.2,0.99527,0.9926587999999998,8.4,10.8,1.6,1.3,1.340745,0.8985858999999999,6.6,11.7,1.2337665999999998,1.1039638
2023-05-20,Liverpool,Aston Villa,1,1,J Brooks,1577.5965076502212,1539.9935813576908,1.45,5.0,6.25,1,1,0.918508,1.46948,3,0,9,16,5.0,0,1.6666666666666667,0.0,1.8121900000000004,0.48383766666666633,6.0,15.333333333333334,2.2,0.8,1.914036,0.7680262000000001,5.8,13.2,2.3,1.3,2.0712898,1.2470047000000002,5.1,12.7,2.81248,0.9268525999999999,1,1,1.46948,0.918508,5,0,4,13,7.0,0,0.6666666666666666,1.0,1.2453960000000002,1.0988999999999998,6.0,8.333333333333334,0.8,0.8,1.2482734,1.0816368,6.0,7.8,1.6,0.5,1.4808691,0.9617699000000002,5.7,9.7,1.0739443999999998,1.4390214000000001
2023-05-20,Wolves,Everton,1,1,D Coote,1464.1388913849833,1437.0306929478872,2.75,3.3,2.6,1,1,1.28976,2.46976,5,0,1,18,7.0,0,0.3333333333333333,2.6666666666666665,0.5596079999999999,2.7358233333333337,5.666666666666667,13.333333333333334,0.8,2.0,0.6806748,2.2914108,6.0,13.8,1.1,1.7,0.8800861000000001,1.9010241999999997,5.4,13.3,1.2476386,1.2130764,1,1,2.46976,1.28976,1,0,7,10,6.0,0,2.3333333333333335,2.0,2.4715599999999998,2.535136666666667,6.0,12.333333333333334,1.6,2.0,1.7250799999999997,2.1674453999999996,4.4,11.8,1.3,1.8,1.6003308,2.2388017000000002,4.0,11.1,1.851671,2.6432434000000002
2023-05-20,Nott'm Forest,Arsenal,1,0,A Taylor,1434.870279891133,1615.6043459695031,5.25,4.33,1.57,1,0,1.1397,0.4902,3,0,3,11,7.0,0,2.3333333333333335,2.3333333333333335,1.6069743333333333,1.876910333333333,2.3333333333333335,14.666666666666666,2.4,2.2,1.5968098,2.2577641999999996,2.4,12.6,1.5,2.0,1.1529703,2.136996,3.5,13.3,1.4102010000000003,2.3726158,0,1,0.4902,1.1397,2,0,6,12,6.0,0,1.6666666666666667,1.3333333333333333,1.677487,1.456734,5.333333333333333,11.666666666666666,1.8,2.2,1.5653846,1.5625024,5.2,11.6,2.4,1.7,1.9555763,1.6721451000000003,4.9,10.5,1.7173323999999996,2.120662
2023-05-21,West Ham,Leeds,3,1,P Bankes,1455.2875817286722,1418.5615016813601,2.4,3.5,2.88,3,1,2.48001,0.645828,1,0,9,6,7.0,0,0.3333333333333333,1.6666666666666667,0.820522333333333,2.872996666666667,4.333333333333333,5.666666666666667,1.0,2.2,1.076707,2.528474,4.2,8.0,1.4,1.8,1.3337365,1.9950572000000002,4.9,9.2,1.3807056,1.7551382,1,3,0.645828,2.48001,3,0,5,11,8.0,0,1.3333333333333333,2.6666666666666665,1.1645013333333334,2.56771,3.0,15.333333333333334,1.2,2.2,1.3329548,2.2453399999999997,3.6,15.0,1.5,2.9,1.3437993000000001,2.3781307000000003,4.2,12.5,0.9410326,2.569728
2023-05-21,Brighton,Southampton,3,1,P Tierney,1536.5849614491965,1376.4338214204167,1.22,7.0,11.0,3,1,2.41418,0.863659,2,0,4,8,3.0,1,1.6666666666666667,3.0,2.0144743333333337,2.6714903333333333,6.0,14.666666666666666,2.4,1.8,2.3495326000000003,1.9879012000000003,5.6,13.6,2.1,1.8,2.4528282999999997,1.5867435,6.9,12.3,2.6699273999999997,1.4721170000000001,1,3,0.863659,2.41418,5,0,3,9,8.0,0,1.3333333333333333,3.0,1.452594666666667,2.3662266666666665,4.666666666666667,12.333333333333334,1.4,2.6,1.2530896,2.0966648,4.4,12.0,1.1,2.5,1.0634706,1.9360643999999998,4.4,11.0,1.4275112,2.1076922
2023-05-21,Man City,Chelsea,1,0,M Oliver,1653.8052531904243,1461.8329729450938,1.25,6.0,11.0,1,0,1.20557,1.15648,0,0,5,12,7.0,0,2.6666666666666665,0.3333333333333333,2.292393333333333,0.6063230000000002,7.333333333333333,5.0,2.8,0.6,2.242448,0.5298308,5.6,7.6,2.8,0.6,2.242152,0.5932353,6.5,9.0,2.492986,0.6552923999999999,0,1,1.15648,1.20557,2,0,2,9,8.0,0,2.0,2.0,1.1843010000000003,1.9895733333333332,3.6666666666666665,11.333333333333334,1.4,2.0,1.0454906000000002,1.8370267999999998,3.6,10.0,1.2,1.6,1.4007081,1.4762438,5.5,9.9,1.0252182,1.5779212
2023-05-22,Newcastle,Leicester,0,0,A Marriner,1590.9910750262588,1407.5897641914914,1.36,5.5,7.0,0,0,2.05089,0.0839072,2,0,12,9,4.0,0,2.0,1.6666666666666667,2.6123366666666663,1.2999243333333335,7.0,15.666666666666666,2.6,1.4,2.9230519999999998,1.1147912,9.2,12.0,2.8,1.3,2.6221566,1.1607734,7.5,11.7,3.343468,0.7996812,0,0,0.0839072,2.05089,0,0,1,5,7.0,0,1.6666666666666667,3.3333333333333335,2.2593386666666664,2.27003,4.333333333333333,12.0,1.6,2.4,2.3066492,1.90056,4.0,13.6,1.2,2.1,1.6484017000000002,1.6446546999999998,3.7,12.3,1.7117618000000001,1.5734814
2023-05-24,Brighton,Man City,1,1,S Hooper,1540.9793854103484,1657.6038410037966,4.0,4.33,1.75,1,1,2.11486,1.92973,2,0,5,16,3.0,1,2.3333333333333335,1.6666666666666667,1.7401443333333333,1.9786333333333335,2.3333333333333335,13.666666666666666,1.8,2.0,2.1114266,2.039836,6.0,12.4,2.1,1.6,2.3122963,1.5452293999999998,5.9,11.5,3.035018,1.4019447999999999,1,1,1.92973,2.11486,1,0,1,11,3.0,1,2.0,0.3333333333333333,1.6945566666666663,0.8277913333333334,7.0,6.333333333333333,2.2,0.4,2.081226,0.6814524,6.4,7.4,2.7,0.6,2.228565,0.6729024,6.2,9.4,2.319442,0.6762703999999999
2023-05-25,Man United,Chelsea,4,1,S Attwell,1576.7242047010145,1458.0343851317216,1.6,4.33,5.0,4,1,4.92231,1.68364,1,0,3,12,5.0,0,1.0,0.3333333333333333,2.004403333333333,0.9502306666666667,7.666666666666667,8.333333333333334,0.8,0.4,1.727972,1.076992,6.0,11.0,1.1,0.6,1.9806816999999999,1.3736033,7.3,10.1,2.1695941999999997,0.695646,1,4,1.68364,4.92231,1,0,4,6,4.0,0,1.6666666666666667,1.3333333333333333,1.3080603333333336,1.4636966666666666,3.6666666666666665,11.0,1.2,1.8,1.1841246,1.5739268000000002,3.6,9.6,0.9,1.6,1.3668781,1.3606618,5.2,9.7,1.204058,1.6337726
2023-05-28,Arsenal,Wolves,5,0,A Marriner,1602.2627753111053,1461.6829608801472,1.36,5.25,8.0,5,0,3.02466,0.38772,0,0,8,8,8.0,0,0.6666666666666666,1.3333333333333333,0.9131536666666666,1.5749000000000002,5.0,12.333333333333334,1.2,1.8,1.1842066,1.5043164,5.0,12.0,2.1,1.8,1.7402412999999999,1.7242830999999998,4.7,10.8,2.1938202,1.2236281999999998,0,5,0.38772,3.02466,0,0,4,11,8.0,0,0.6666666666666666,1.0,0.7881996666666665,2.357506666666667,4.333333333333333,15.666666666666666,0.8,1.8,0.8193748000000001,2.2515048,4.8,14.2,1.1,1.6,0.9380725999999999,1.9024732,5.2,14.1,0.5125336,2.588972
2023-05-28,Aston Villa,Brighton,2,1,D Coote,1542.73118002169,1542.594889882977,2.0,3.6,3.5,2,1,2.55845,1.23117,4,0,4,15,8.0,0,1.0,1.0,1.59031,0.9698693333333331,6.0,10.333333333333334,0.8,0.8,1.2089653999999999,0.8590144000000001,6.0,8.8,1.4,0.6,1.2823430999999998,1.0036067,5.2,10.2,1.8877938,0.48451839999999996,1,2,1.23117,2.55845,4,0,3,16,4.0,0,1.6666666666666667,2.0,1.7075110000000002,2.3023263333333333,3.3333333333333335,13.333333333333334,1.8,2.2,2.1144926,2.1615720000000005,5.4,13.6,2.0,1.7,2.2603903,1.6228804000000001,5.9,12.6,1.8266905999999998,1.7136300000000002
2023-05-28,Brentford,Man City,1,0,J Brooks,1534.5755956136002,1655.988336531168,3.8,4.0,1.83,1,0,1.43893,1.18649,4,0,3,12,8.0,0,1.6666666666666667,0.6666666666666666,1.9210139999999996,1.2706606666666669,4.0,8.0,1.8,0.6,1.5557952,1.1925830000000002,4.0,8.6,1.4,1.2,1.5312895999999998,1.4555425000000002,3.9,9.6,2.0639194000000005,1.050745,0,1,1.18649,1.43893,0,0,4,8,4.0,0,1.6666666666666667,0.3333333333333333,1.392893333333333,1.4857700000000003,4.0,9.0,2.0,0.4,2.002496,1.0180618,5.6,7.6,2.7,0.7,2.2026980000000003,0.8658386,5.7,8.8,2.108976,0.8821884000000001
2023-05-28,Chelsea,Newcastle,1,1,J Gillett,1452.7673554571493,1584.9438103777852,2.9,3.5,2.38,1,1,2.01924,1.51899,0,0,10,9,3.0,1,1.0,2.3333333333333335,1.2797670000000003,2.6986166666666667,2.6666666666666665,9.333333333333334,1.4,2.2,1.2786046,2.4193200000000004,3.4,9.8,0.8,1.8,1.3452151,1.6882177999999999,4.8,9.5,1.4486002,1.2304789999999999,1,1,1.51899,2.01924,0,0,3,11,6.0,0,2.0,1.0,2.8385533333333335,0.8976900666666668,8.0,13.333333333333334,1.8,1.2,2.760494,0.97617104,8.8,12.6,2.6,1.3,2.4940835999999997,1.13575142,8.0,11.8,1.9008451999999998,1.5218656
2023-05-28,Crystal Palace,Nott'm Forest,1,1,T Bramall,1479.2247615858903,1448.2118505495307,1.67,4.0,5.0,1,1,1.00786,0.436439,0,0,5,9,8.0,0,1.3333333333333333,1.0,1.1389629999999997,1.1246206666666667,6.333333333333333,10.333333333333334,1.6,1.6,1.2632126000000001,1.2969544,7.6,10.8,1.8,1.4,1.390078,1.0352321999999998,6.6,10.9,1.241919,1.0131426000000001,1,1,0.436439,1.00786,2,0,4,13,8.0,0,2.3333333333333335,1.6666666666666667,1.6736433333333334,1.6001136666666664,3.3333333333333335,14.0,2.2,1.6,1.6798165999999999,1.6903142,2.4,12.4,1.5,1.8,1.2137418,1.9359889999999997,3.5,12.7,0.8957396000000001,1.9013762
2023-05-28,Everton,Bournemouth,1,0,S Attwell,1439.4866234527233,1442.8569041322648,1.5,4.5,6.5,1,0,1.12933,0.432084,1,0,9,11,8.0,0,2.0,1.6666666666666667,2.1993199999999997,1.85677,5.333333333333333,11.666666666666666,1.8,2.2,2.1322896,2.3517699999999997,5.6,11.0,1.3,1.9,1.6757078,2.1726897,4.2,11.0,1.3489906,1.8343600000000002,0,1,0.432084,1.12933,3,0,3,12,8.0,0,0.3333333333333333,2.0,0.7650983333333331,1.629573333333333,4.0,9.0,1.2,1.4,1.1602158,1.3405327999999999,3.6,10.0,1.2,1.6,1.4199466,1.5498857999999998,4.2,10.5,0.9761312,1.6744298
2023-05-28,Leeds,Tottenham,1,4,A Taylor,1411.2757380133105,1502.5642579663354,2.75,3.8,2.3,1,4,1.19151,2.03315,3,0,12,7,7.0,0,1.3333333333333333,2.3333333333333335,0.9341406666666666,2.5553033333333333,2.6666666666666665,14.333333333333334,1.2,2.4,1.2471564000000002,2.4538159999999998,3.4,14.2,1.2,3.0,1.2428921000000002,2.3497737,4.3,12.7,1.746566,2.1865334,4,1,2.03315,1.19151,0,0,3,5,8.0,0,1.0,1.6666666666666667,1.3194566666666665,1.0866596666666668,6.333333333333333,13.333333333333334,1.6,2.2,1.556006,1.5308338000000001,5.4,10.8,1.7,2.5,1.483971,1.7665094,4.7,11.2,1.3587642,2.311687
2023-05-28,Leicester,West Ham,2,1,S Hooper,1413.637028839965,1462.5733453967218,1.91,3.8,3.6,2,1,2.03013,0.970352,1,0,3,8,6.0,0,1.0,2.6666666666666665,1.1790210666666663,1.8581666666666667,4.0,10.333333333333334,1.2,2.2,1.78957264,2.191486,4.0,11.2,1.1,2.0,1.51465942,1.8020969999999998,3.4,11.7,1.5850416,1.7158280000000001,1,2,0.970352,2.03013,1,0,5,10,7.0,0,1.3333333333333333,1.0,1.483167333333333,2.088579333333333,6.333333333333333,5.0,1.4,2.0,1.3848394000000002,2.3167396,5.4,8.0,1.6,1.9,1.4413745,2.0278139,5.3,8.8,1.2867674,2.2349761999999997
2023-05-28,Man United,Fulham,2,1,R Jones,1581.9912343755868,1493.7330451665623,1.5,4.33,6.0,2,1,2.74766,1.88167,1,0,5,14,3.0,1,2.3333333333333335,0.3333333333333333,3.247106666666666,0.9227173333333333,6.666666666666667,9.333333333333334,1.4,0.6,2.451314,1.3267723999999999,6.4,10.2,1.5,0.5,2.4395,1.2088053000000003,7.2,10.1,2.971874,0.796268,1,2,1.88167,2.74766,2,0,4,10,8.0,0,3.0,1.6666666666666667,1.6596,1.5943863333333332,5.666666666666667,12.666666666666666,2.0,1.6,1.2301476,1.7560517999999998,4.8,11.0,1.6,1.4,1.0647895,1.7310008,5.6,11.2,0.9227956,1.6091376
2023-05-28,Southampton,Liverpool,4,4,D England,1372.0393974592648,1574.8589089862219,6.5,4.75,1.44,4,4,1.33964,4.00345,0,0,2,4,7.0,0,1.3333333333333333,3.0,1.4414226666666667,1.8660966666666663,5.0,12.0,1.0,2.6,1.1396954000000001,2.1002827999999996,4.6,11.0,1.2,2.6,1.1139388000000001,2.0108914,4.4,10.5,0.8637405999999999,1.6134368,4,4,4.00345,1.33964,2,0,9,10,8.0,0,1.6666666666666667,0.3333333333333333,1.5604526666666667,0.7269559999999996,6.666666666666667,17.333333333333332,2.0,0.8,1.7568376,0.8740526000000001,6.4,14.8,2.3,1.0,2.1313235,1.0927097,5.9,13.1,1.3300996,1.5671568
2023-08-12,Arsenal,Nott'm Forest,2,1,M Oliver,1607.0556627061742,1450.7730938973102,1.18,7.0,15.0,2,1,0.84262,0.966305,2,0,8,12,76.0,0,1.6666666666666667,1.3333333333333333,1.4911703333333335,1.2467266666666668,6.333333333333333,11.0,2.0,1.0,1.7094642,1.1795244,6.0,11.0,2.2,1.7,1.8891393,1.6438611,5.0,10.8,2.4916162,1.0627841999999998,1,2,0.966305,0.84262,2,0,3,12,76.0,0,1.3333333333333333,1.0,1.1813696666666667,0.8324136666666666,4.0,13.0,1.8,1.6,1.2794124,1.4257582,2.8,13.6,1.5,1.8,1.1459447,1.9984011,3.5,12.6,0.860244,1.6164522
2023-08-12,Bournemouth,West Ham,1,1,P Bankes,1434.4725561527857,1452.891676212101,2.7,3.4,2.55,1,1,1.51025,1.4834,1,0,10,9,76.0,0,0.0,1.3333333333333333,0.5032763333333331,1.4165099999999997,2.6666666666666665,10.0,1.0,1.6,1.0489218,1.470992,3.4,10.2,1.0,1.6,1.149101,1.6027139,4.1,10.2,1.3356819999999998,1.9960799999999999,1,1,1.4834,1.51025,4,0,4,14,76.0,0,1.3333333333333333,1.6666666666666667,1.217891333333333,2.3672226666666667,6.333333333333333,7.0,1.0,1.6,1.1823858,2.2589896,5.4,6.6,1.6,1.6,1.4550677,1.9467358999999997,5.1,8.7,1.2343158,2.5496974000000003
2023-08-12,Everton,Fulham,0,1,S Attwell,1447.8709714322024,1487.758821904894,2.2,3.4,3.3,0,1,2.59001,1.58144,0,0,10,12,76.0,0,0.6666666666666666,1.3333333333333333,1.5950199999999999,0.9217413333333333,8.0,11.0,1.8,1.4,2.2027539999999997,1.8654508,6.8,11.6,1.2,1.7,1.6239658,2.0258711000000003,4.9,10.9,1.2316586,1.5306008,1,0,1.58144,2.59001,2,0,4,6,76.0,0,1.6666666666666667,1.3333333333333333,1.70257,1.5350530000000002,6.333333333333333,11.666666666666666,2.0,1.6,1.520119,1.8409078,5.2,11.2,1.6,1.4,1.1928516,1.6917128,5.7,10.9,1.1789198,1.5305616
2023-08-12,Newcastle,Aston Villa,5,1,A Madley,1582.8957822530328,1551.0173986598027,1.75,3.75,4.6,5,1,4.32208,1.486,4,0,6,12,76.0,0,1.6666666666666667,0.6666666666666666,2.5611566666666667,0.8988800666666669,7.0,12.333333333333334,1.4,1.2,2.2813779999999997,1.20058404,7.2,13.4,2.2,1.3,2.3618916000000003,1.25433342,7.7,11.7,3.0873219999999995,0.74963724,1,5,1.486,4.32208,4,0,5,17,76.0,0,1.6666666666666667,1.0,1.9425999999999999,1.111576,5.333333333333333,12.333333333333334,1.0,1.0,1.5528236,1.0892756000000001,5.2,10.6,1.4,0.7,1.4616087,0.8886997000000001,5.4,10.1,1.2146816,1.1466750000000003
2023-08-13,Brentford,Tottenham,2,2,R Jones,1546.3250145357672,1511.6661286056496,2.75,3.4,2.45,2,2,1.90756,1.45316,1,0,3,12,77.0,0,2.0,0.3333333333333333,2.3393599999999997,1.0021573333333336,4.0,8.666666666666666,1.6,0.6,1.7045124,1.1876330000000002,4.2,8.4,1.2,0.9,1.5473026,1.1922415000000002,4.2,9.8,2.256412,1.003777,2,2,1.45316,1.90756,4,0,6,13,77.0,0,2.0,2.0,1.6116233333333332,1.3816066666666666,4.666666666666667,10.0,2.0,2.0,1.4881579999999999,1.3761198000000001,4.8,10.2,1.8,2.3,1.498813,1.6335834000000002,4.7,10.9,1.3884481999999998,2.0458350000000003
2023-08-13,Chelsea,Liverpool,1,1,A Taylor,1454.8153835819016,1570.965121090298,2.9,3.4,2.38,1,1,1.93258,1.29994,3,0,4,5,77.0,0,0.6666666666666666,2.0,1.619786666666667,2.548956666666667,5.333333333333333,8.0,1.4,1.8,1.5254122,2.166478,5.0,9.6,0.9,1.7,1.3091151,1.7635374000000001,4.5,9.0,1.3764002,1.3811182,1,1,1.29994,1.93258,3,0,4,12,77.0,0,2.6666666666666665,1.6666666666666667,2.2309360000000003,1.112205333333333,7.333333333333333,14.333333333333334,2.0,1.0,2.0717056,0.8521266000000001,7.2,14.4,2.7,1.4,2.5114468000000003,1.0077707,6.3,12.4,2.0671554,1.2325987999999999
2023-08-14,Man United,Wolves,1,0,S Hooper,1587.9654576372552,1456.8900734850783,1.33,5.5,9.0,1,0,1.97087,1.72228,2,0,8,14,78.0,0,2.3333333333333335,0.6666666666666666,3.1292666666666666,1.4603443333333335,4.666666666666667,11.0,1.8,0.6,2.736636,1.2832004,6.2,10.2,1.6,0.6,2.5998159999999997,1.3324733000000002,6.5,10.7,3.2925060000000004,1.043604,0,1,1.72228,1.97087,3,0,7,10,78.0,0,0.3333333333333333,2.6666666666666665,0.6487563333333333,2.8652,4.0,12.666666666666666,0.4,2.8,0.6712608,2.7403779999999998,4.4,13.8,0.9,1.7,0.7004866000000001,2.0394492,5.1,13.7,0.44809859999999996,2.7028499999999998
2023-08-19,Fulham,Brentford,0,3,D Bond,1498.337050373047,1543.6659820214115,2.7,3.3,2.63,0,3,0.399899,3.46888,2,1,5,13,7.0,0,1.3333333333333333,1.3333333333333333,1.8060999999999998,2.3485066666666667,5.0,9.666666666666666,2.2,1.4,1.688382,2.0241658,5.0,10.8,1.7,1.3,1.3053432,1.8274528,5.0,10.5,1.2067834000000002,1.8528639999999998,3,0,3.46888,0.399899,2,0,5,12,6.0,0,2.0,1.0,1.4999766666666663,1.4187733333333334,2.6666666666666665,11.0,1.6,0.8,1.8219064,1.2903264,3.6,9.6,1.4,1.0,1.6735596000000001,1.2231075,4.2,9.7,0.8381932000000001,1.380706
2023-08-19,Man City,Newcastle,1,0,R Jones,1651.860746425359,1590.3112775995467,1.67,4.0,5.0,1,0,1.22528,0.257154,1,0,3,12,8.0,0,1.3333333333333333,0.6666666666666666,1.8389866666666663,1.2882740000000001,3.3333333333333335,9.0,1.6,0.4,1.553182,1.2414543999999998,4.2,8.6,2.2,0.6,1.9541789999999999,0.9597376000000001,4.9,8.5,2.131614,0.8229541999999999,0,1,0.257154,1.22528,5,0,0,11,7.0,0,2.0,0.6666666666666666,2.630653333333333,1.1963824,7.0,10.666666666666666,2.4,1.0,2.871346,1.23966204,6.6,12.6,2.5,1.3,2.6917625999999997,1.1964124200000001,7.8,11.4,1.6364612,1.7590296000000003
2023-08-19,Liverpool,Bournemouth,3,1,T Bramall,1569.362926435043,1433.2814436317256,1.2,7.0,13.0,3,1,3.25448,1.3867,1,1,10,11,6.0,0,2.0,2.0,2.073966,1.5805666666666662,7.333333333333333,12.666666666666666,2.0,1.2,1.9969496,1.0906176,6.6,14.8,2.6,1.3,2.1774288000000004,1.0473976999999999,6.2,12.5,2.0681576,0.9134866,1,3,1.3867,3.25448,3,0,2,13,7.0,0,0.3333333333333333,1.0,0.9193523333333332,1.4435200000000001,5.333333333333333,9.0,0.4,1.6,0.8475258,1.5002900000000001,5.0,9.6,1.1,1.5,1.1848040000000002,1.4876619,4.6,10.0,0.9625200000000002,1.2093478
2023-08-19,Tottenham,Man United,2,0,M Oliver,1514.3251611200053,1592.9605615891871,2.8,3.6,2.38,2,0,2.53904,2.44604,1,0,5,9,6.0,0,2.3333333333333335,2.0,1.7009933333333336,1.4175033333333333,5.666666666666667,9.666666666666666,1.8,1.6,1.488936,1.2718098000000002,5.6,11.6,1.9,2.4,1.504952,1.7420029,5.0,10.8,1.6091777999999999,1.2213318000000002,0,2,2.44604,2.53904,3,0,6,8,5.0,0,2.3333333333333335,0.6666666666666666,3.213613333333333,1.76253,5.333333333333333,13.333333333333334,2.0,0.4,2.8919699999999997,1.2744204,6.6,11.2,1.5,0.6,2.3583250000000002,1.409783,6.3,11.1,1.9071259999999999,1.6213426000000002
2023-08-19,Wolves,Brighton,1,4,A Madley,1451.8949695331464,1541.6590085266726,4.0,3.8,1.85,1,4,2.68821,3.15562,3,1,5,14,5.0,0,0.3333333333333333,2.3333333333333335,1.1332533333333332,2.48843,4.0,13.0,0.4,1.8,0.8949197999999999,2.41361,4.8,13.6,0.8,1.7,0.8343407,2.1250951999999996,5.5,13.4,0.9528746,1.3760484,4,1,3.15562,2.68821,6,0,3,11,7.0,0,2.0,1.3333333333333333,2.57117,2.1247066666666665,4.666666666666667,14.333333333333334,2.0,1.8,2.1442366,2.2702738000000005,3.8,13.4,2.2,1.7,2.4205993,1.9615745,5.3,12.7,1.7778265999999998,2.1064922000000004
2023-08-20,Aston Villa,Everton,4,0,A Taylor,1543.6019033132889,1437.2927429640492,1.7,4.0,4.5,4,0,3.24336,0.721465,3,0,7,8,8.0,0,1.3333333333333333,2.3333333333333335,1.8379766666666668,2.1572526666666665,4.333333333333333,15.0,1.2,1.8,1.7630760000000003,1.6925716000000002,5.4,12.6,1.3,1.1,1.5100497,1.253748,5.1,10.4,1.7085358,0.6307244000000001,0,4,0.721465,3.24336,4,0,6,12,8.0,0,0.6666666666666666,0.6666666666666666,2.0630333333333333,1.1010946666666668,8.666666666666666,11.0,1.4,1.2,2.06346,1.5167667999999999,7.0,11.6,1.1,1.7,1.8006303,2.0448380999999998,5.6,11.1,2.016273,2.5211414
2023-08-20,West Ham,Chelsea,3,1,J Brooks,1454.0827887331611,1456.4175782371567,3.75,3.5,2.0,3,1,1.71234,1.60916,2,1,3,12,8.0,0,1.6666666666666667,1.3333333333333333,1.644587333333333,1.3954026666666668,6.0,10.0,1.2,1.2,1.3806508000000002,1.9612235999999998,5.6,7.8,1.6,1.7,1.4801467000000001,2.0521085,5.1,8.9,1.5959816,1.8206516000000001,1,3,1.60916,1.71234,3,0,9,9,7.0,0,1.0,2.0,1.878486666666667,2.5804133333333334,6.0,6.666666666666667,1.0,1.8,1.5582242,2.1829560000000003,4.4,8.4,1.0,1.8,1.2834701000000002,1.8733097,4.6,8.9,1.24183,2.1459566000000003
2023-08-21,Crystal Palace,Arsenal,0,1,D Coote,1476.6635182381108,1611.526921683581,5.5,4.0,1.6,0,1,1.06916,2.20593,2,0,1,14,85.0,0,1.6666666666666667,1.0,1.3726933333333333,0.8845503333333333,6.666666666666667,8.666666666666666,1.8,1.4,1.3487258,1.1585842,6.4,9.8,1.8,1.1,1.37167,0.9253081,6.7,10.8,1.4063914,0.6627504,1,0,2.20593,1.06916,1,1,8,10,9.0,0,2.3333333333333335,0.6666666666666666,1.4524933333333332,0.8312416666666667,7.333333333333333,10.666666666666666,1.8,1.0,1.3213481999999999,1.215745,6.2,11.4,2.0,1.7,1.6438533,1.6907307,5.4,10.9,1.2866624,2.2249380000000003
2023-08-25,Chelsea,Luton,3,0,R Jones,1448.0622420548498,1492.6496627181918,1.29,5.5,11.0,3,0,3.41419,0.465741,2,0,6,15,5.0,0,1.0,1.6666666666666667,1.8536600000000003,1.5104233333333335,7.666666666666667,7.666666666666667,0.8,2.0,1.6802199999999998,2.1318300000000003,5.8,7.6,1.1,2.0,1.3628553,1.9844284,4.7,8.8,1.3251102,1.6006627999999998,0,3,0.465741,3.41419,3,0,4,12,13.0,0,1.0,4.0,1.88594,4.36748,7.0,12.0,1.0,4.0,1.88594,4.36748,7.0,12.0,1.0,4.0,1.88594,4.36748,7.0,12.0,1.88594,4.36748
2023-08-26,Bournemouth,Tottenham,0,2,T Robinson,1428.3935538409735,1524.8610172870153,3.8,3.75,1.91,0,2,0.483582,2.26115,1,0,6,18,7.0,0,0.6666666666666666,1.6666666666666667,1.109678,1.9557366666666667,5.0,11.333333333333334,0.4,1.6,0.8813558,1.797482,4.0,10.4,1.1,1.8,1.131078,1.7399134,4.2,10.0,1.407088,1.7659759999999998,2,0,2.26115,0.483582,3,0,2,11,7.0,0,2.6666666666666665,1.0,2.00845,1.84837,4.666666666666667,9.0,2.0,1.6,1.7654139999999998,1.699684,5.0,10.4,1.9,2.3,1.6994421,1.8390579000000002,5.2,10.2,1.4007262,2.2626739999999996
2023-08-26,Arsenal,Fulham,2,2,P Tierney,1619.4049194251675,1487.9150338842378,1.2,7.0,13.0,2,2,3.23088,0.849817,0,0,8,6,5.0,0,2.6666666666666665,0.3333333333333333,2.0244033333333333,0.8077283333333334,8.0,10.0,1.6,1.0,1.5044122,1.155129,7.0,11.0,1.9,1.5,1.7108153000000001,1.3336347,5.8,10.8,2.0010442,1.1565233999999998,2,2,0.849817,3.23088,3,1,3,5,7.0,0,0.6666666666666666,1.6666666666666667,1.2876696666666665,2.935516666666667,4.333333333333333,9.666666666666666,1.2,1.4,1.4178098000000001,2.1328098,5.6,10.8,1.4,1.5,1.1531240999999999,1.9500788,4.7,11.2,1.1107898,1.6000396000000001
2023-08-26,Brentford,Crystal Palace,1,1,P Bankes,1554.0879985102208,1468.7855204965242,2.15,3.4,3.5,1,1,0.948011,1.06061,0,0,8,9,7.0,0,2.0,0.6666666666666666,2.2717899999999998,1.0131830000000002,3.6666666666666665,12.0,2.2,0.6,2.478904,0.9719062,4.0,10.0,1.6,0.8,1.8139265999999998,1.1607604,4.1,9.9,2.224882,1.089735,1,1,1.06061,0.948011,0,0,6,15,5.0,0,1.0,1.3333333333333333,1.2616233333333333,1.5325196666666667,3.3333333333333335,11.666666666666666,1.0,1.0,1.0987818,1.2032462,5.0,10.8,1.6,1.1,1.285115,1.1260052,5.8,11.0,1.3369486,1.1878658
2023-08-26,Everton,Wolves,0,1,C Pawson,1431.7445712687725,1442.7495578619921,2.3,3.3,3.2,0,1,1.89792,1.40228,3,0,7,10,6.0,0,0.3333333333333333,1.6666666666666667,1.480268333333333,1.7522946666666668,8.333333333333334,11.666666666666666,0.4,1.8,1.6193069999999998,1.5180048,8.0,11.4,1.1,1.9,1.7778585,1.9305961,5.8,11.4,1.5849876000000003,1.5685348000000001,1,0,1.40228,1.89792,4,0,0,14,7.0,0,0.3333333333333333,3.3333333333333335,1.599403333333333,2.7170500000000004,5.333333333333333,11.666666666666666,0.4,2.6,1.2713518000000001,2.744418,4.8,12.4,0.8,2.1,1.0430464000000002,2.3591263999999996,5.2,13.4,0.7158068,2.874142
2023-08-26,Man United,Nott'm Forest,3,2,S Attwell,1582.424705422177,1446.3018349199035,1.3,6.0,8.0,3,2,3.02803,0.960354,4,0,11,13,7.0,0,1.0,1.0,2.38819,2.0476633333333334,6.333333333333333,12.0,1.6,0.8,2.760942,1.7284706,5.6,11.0,1.3,0.8,2.269182,1.558398,6.0,11.0,2.809524,1.1982234,2,3,0.960354,3.02803,4,1,3,11,14.0,0,1.0,1.0,0.8474813333333332,0.7802266666666665,3.3333333333333335,12.0,1.8,1.6,1.2847348,1.3301642,3.4,13.4,1.5,1.8,1.1811835,1.8394151,3.4,12.5,1.0070146,1.4995401999999998
2023-08-26,Brighton,West Ham,1,3,A Taylor,1550.8044201978269,1462.438124915468,1.53,4.75,5.25,1,3,1.3743,2.9527,1,0,17,10,7.0,0,3.0,1.3333333333333333,2.9180899999999994,2.3775333333333335,4.0,12.666666666666666,2.6,1.2,2.656662,1.9851978000000003,4.2,12.4,2.5,1.5,2.5030973,1.9865495000000002,4.9,13.0,2.846644,1.7885217999999998,3,1,2.9527,1.3743,3,0,4,9,6.0,0,1.6666666666666667,1.3333333333333333,1.388697333333333,1.7165133333333333,4.0,12.0,1.6,1.4,1.3698827999999998,2.0442156000000002,5.2,9.4,1.7,1.6,1.4552857000000001,1.9412425,4.7,9.0,1.0263518,2.65681
2023-08-27,Burnley,Aston Villa,1,3,M Salisbury,1492.378171183642,1549.1500750085656,3.4,3.4,2.15,1,3,0.630605,2.83691,2,0,4,12,16.0,0,0.0,3.0,0.311032,2.40074,6.0,11.0,0.0,3.0,0.311032,2.40074,6.0,11.0,0.0,3.0,0.311032,2.40074,6.0,11.0,0.311032,2.40074,3,1,2.83691,0.630605,0,0,6,11,7.0,0,2.3333333333333335,2.0,2.4292700000000003,2.0915716666666664,5.333333333333333,13.333333333333334,2.0,1.6,2.1114319999999998,1.6756546,5.6,12.4,1.5,1.1,1.6916677,1.3026493000000001,5.7,10.5,1.3115636,1.8767716
2023-08-27,Newcastle,Liverpool,1,2,J Brooks,1583.6736804693535,1574.250816225795,2.2,3.75,3.0,1,2,1.62037,0.856121,1,0,5,16,8.0,0,2.0,1.0,2.032741333333333,1.57684,3.0,11.333333333333334,2.0,0.8,2.4525408,1.0815840399999999,5.4,12.0,2.5,1.1,2.6749694,1.12713842,7.6,11.0,3.154674,0.8702370399999999,2,1,0.856121,1.62037,2,1,9,10,8.0,0,2.6666666666666665,2.0,2.8526233333333337,1.552973333333333,7.666666666666667,11.0,2.4,1.4,2.2494456,1.3311792,7.2,13.2,2.3,1.3,2.2374008000000005,1.0693196999999999,7.0,12.4,2.2867,1.1813088
2023-09-02,Brentford,Bournemouth,2,2,R Madley,1550.1337496739916,1419.4393341834277,1.73,3.8,4.75,2,2,3.07185,2.11013,1,0,5,6,7.0,0,2.0,1.0,2.108150333333333,0.9712230000000002,5.333333333333333,11.0,2.0,0.8,1.7833642,1.1433658000000002,4.2,10.8,1.7,0.7,1.7573976999999998,1.1729094,4.7,10.0,2.0081602,0.9686530000000001,2,2,2.11013,3.07185,2,0,2,13,7.0,0,0.6666666666666666,2.0,1.126844,2.3330100000000003,6.0,13.333333333333334,0.4,1.6,0.9256678,1.969238,4.8,11.6,0.8,1.8,1.0588382,1.7354244,4.7,10.9,0.8550679999999999,1.7138508000000001
2023-09-02,Burnley,Tottenham,2,5,D England,1482.285261780499,1533.815236944561,3.6,4.0,1.85,2,5,1.66604,2.39785,4,0,7,15,6.0,0,0.5,3.0,0.4708185,2.618825,5.0,11.5,0.5,3.0,0.4708185,2.618825,5.0,11.5,0.5,3.0,0.4708185,2.618825,5.0,11.5,0.4708185,2.618825,5,2,2.39785,1.66604,3,0,4,9,7.0,0,2.0,0.6666666666666666,2.08445,1.612394,4.333333333333333,11.0,2.2,1.2,1.9806339999999998,1.4364263999999998,4.8,9.8,1.9,2.0,1.6949531,1.7668181,4.6,10.5,1.6763560000000002,1.5623264000000001
2023-09-02,Chelsea,Nott'm Forest,0,1,T Robinson,1457.6189231256803,1441.4148249961968,1.4,4.5,8.5,0,1,2.28442,1.1505,3,0,8,10,8.0,0,1.6666666666666667,1.3333333333333333,2.3186433333333336,1.1593403333333334,6.333333333333333,9.666666666666666,1.4,1.8,2.1317619999999997,1.9838642,6.6,8.8,1.3,1.8,1.6579433000000001,1.7788954999999997,5.1,9.2,1.9152862,1.189597,1,0,1.1505,2.28442,4,0,0,9,7.0,0,1.3333333333333333,2.0,0.7876993333333333,1.62617,3.3333333333333335,12.0,1.4,1.6,1.0941535999999998,1.2735782,3.6,12.4,1.7,1.9,1.2539737,1.9995001000000001,2.9,11.9,1.0541521999999999,1.4396562
2023-09-02,Man City,Fulham,5,1,M Oliver,1658.498343555552,1492.9288664797994,1.17,8.0,15.0,5,1,2.00152,1.46427,2,0,4,12,14.0,0,1.3333333333333333,0.3333333333333333,1.6041699999999997,0.6690386666666668,4.0,9.333333333333334,1.2,0.4,1.589562,1.0556912,3.6,10.2,2.0,0.5,1.9160050000000002,0.792761,4.6,8.9,2.055266,0.4890009999999999,1,5,1.46427,2.00152,4,0,5,12,7.0,0,1.0,1.6666666666666667,0.9437186666666667,3.0965900000000004,4.0,8.0,1.2,1.8,1.3336032,2.7490560000000004,4.6,9.4,1.4,1.6,1.0943428,2.1656847999999997,4.2,10.7,1.2647804,2.0783838
2023-09-02,Brighton,Newcastle,3,1,S Attwell,1536.7760365271965,1571.7017046329552,2.5,3.8,2.55,3,1,1.32258,0.90476,4,0,5,14,7.0,0,3.0,1.6666666666666667,2.9657999999999998,2.50895,8.666666666666666,10.666666666666666,2.2,1.6,2.448686,2.4030060000000004,6.8,12.8,2.0,1.8,2.2800563,2.2214210000000003,6.4,12.6,2.7015979999999997,2.1148518,1,3,0.90476,1.32258,4,0,3,17,6.0,0,2.0,1.3333333333333333,2.0665346666666666,1.1891336666666668,3.6666666666666665,13.0,1.4,1.0,1.9538967999999997,1.13410964,5.2,11.8,2.0,1.2,2.4384743999999996,1.12445042,7.2,11.9,1.4832180000000001,1.5910436000000001
2023-09-03,Crystal Palace,Wolves,3,2,R Jones,1472.7397693327534,1454.1504736250495,1.91,3.3,4.33,3,2,2.32935,1.13911,1,0,4,12,8.0,0,0.6666666666666666,1.0,1.0458766666666666,1.1967933333333336,4.0,12.666666666666666,1.2,1.0,1.2495699999999998,1.1615183999999998,5.4,11.0,1.2,1.1,1.068489,1.1187312999999999,6.0,11.7,1.2332813999999999,1.0641446,2,3,1.13911,2.32935,3,0,2,12,8.0,0,0.6666666666666666,1.6666666666666667,1.93759,2.34147,4.0,12.666666666666666,0.6,2.2,1.49805,2.5037659999999997,3.4,13.4,0.7,2.1,1.0893624,2.3975884,4.7,13.6,0.8770108000000001,2.719868
2023-09-03,Liverpool,Aston Villa,3,0,S Hooper,1586.2227920621933,1559.2429844117087,1.65,4.5,4.5,3,0,2.73138,0.615503,0,0,7,12,7.0,0,2.0,1.0,1.8035136666666671,1.6465499999999997,7.666666666666667,11.0,2.2,1.6,2.0664998000000003,1.5497539999999999,8.2,11.8,2.2,1.2,1.9902678999999999,1.1588901,7.0,12.5,2.0535636,1.0458934,0,3,0.615503,2.73138,1,0,3,7,7.0,0,2.6666666666666665,2.0,2.5220900000000004,1.8913833333333334,6.0,12.0,2.2,1.6,2.31884,1.5647656,5.2,12.8,1.5,1.2,1.7835567,1.3232012,5.6,10.3,1.5457416,1.5965686000000001
2023-09-03,Arsenal,Man United,3,1,A Taylor,1614.391086829606,1587.3117153458838,1.75,3.8,4.5,3,1,1.90973,0.966109,2,0,12,8,8.0,0,1.6666666666666667,1.0,2.0931433333333334,0.9617606666666667,8.0,9.333333333333334,2.0,0.8,1.958858,0.8825404000000001,7.6,9.6,1.9,1.5,1.7621213,1.2225214,6.4,10.6,2.1680022,1.0403607999999998,1,3,0.966109,1.90973,3,0,3,7,8.0,0,1.3333333333333333,1.3333333333333333,2.481646666666667,1.7405579999999998,8.333333333333334,11.666666666666666,2.0,1.2,3.022982,1.7573968,6.6,12.2,1.4,0.8,2.375477,1.4171944,6.3,11.6,1.7288400000000004,1.9185726000000003
2023-09-16,Wolves,Liverpool,1,3,M Oliver,1446.3746503609716,1593.7703343656924,6.0,5.0,1.45,1,3,0.538833,2.82701,1,0,4,10,13.0,0,1.3333333333333333,2.3333333333333335,1.7431999999999999,2.4609633333333334,2.3333333333333335,13.333333333333334,0.8,2.6,1.46792,2.4756839999999998,3.6,12.2,0.8,2.2,1.1436474,2.3635943999999998,4.2,13.2,1.3702860000000001,1.8441108,3,1,2.82701,0.538833,3,0,4,4,13.0,0,2.6666666666666665,0.6666666666666666,2.2806603333333335,1.2075243333333332,8.666666666666666,11.0,2.6,1.4,2.4290742,1.3789586,7.8,11.0,2.3,1.1,2.0929559,1.1265056,7.1,12.9,1.9269721999999998,1.2718868
2023-09-16,Fulham,Luton,1,0,M Salisbury,1488.640455356865,1471.1984838437438,1.67,3.75,5.5,1,0,1.75704,1.45705,2,0,6,6,14.0,0,1.0,3.3333333333333335,0.904662,2.9004266666666667,4.333333333333333,10.0,1.0,2.4,1.2354192,2.80779,4.2,9.2,1.5,2.0,1.2327834000000002,2.2819209000000003,4.5,10.1,1.1954584000000001,2.3001180000000003,0,1,1.45705,1.75704,2,0,2,14,15.0,0,0.6666666666666666,3.0,1.4580403333333336,3.0023166666666667,6.666666666666667,10.666666666666666,0.6666666666666666,3.0,1.4580403333333336,3.0023166666666667,6.666666666666667,10.666666666666666,0.6666666666666666,3.0,1.4580403333333336,3.0023166666666667,6.666666666666667,10.666666666666666,1.1758405,3.890835
2023-09-16,Aston Villa,Crystal Palace,3,1,D England,1551.6954421082096,1480.5155925968313,1.91,3.6,4.0,3,1,2.31518,1.11696,5,0,4,13,13.0,0,2.3333333333333335,1.3333333333333333,2.2319243333333336,1.36115,5.333333333333333,8.666666666666666,2.0,2.0,2.1480446,1.9273400000000003,5.0,11.6,1.4,1.4,1.6785050000000001,1.3931771999999998,5.5,10.2,2.0717718,0.7285269999999999,1,3,1.11696,2.31518,3,0,2,9,13.0,0,1.3333333333333333,1.3333333333333333,1.486373333333333,1.431017,3.6666666666666665,13.666666666666666,1.4,1.4,1.434966,1.3369360000000001,4.0,12.4,1.3,1.3,1.215118,1.1647973999999999,6.2,11.6,0.9036966,1.1733179999999999
2023-09-16,West Ham,Man City,1,3,A Madley,1488.3610063897158,1662.7867546784864,7.0,4.5,1.45,1,3,0.895632,4.15046,3,0,4,7,15.0,0,2.6666666666666665,1.0,1.9634399999999996,1.6686333333333334,4.333333333333333,11.333333333333334,2.0,1.2,1.6688144,1.7092559999999999,4.4,11.6,1.7,1.6,1.5268269,2.0129978,4.9,9.8,1.7717655999999997,1.5743015999999999,3,1,4.15046,0.895632,2,0,11,11,14.0,0,3.0,0.3333333333333333,1.8758466666666662,0.6774853333333334,4.0,10.666666666666666,2.0,0.6,1.748752,1.1172491999999998,3.4,10.2,2.1,0.5,1.9149889999999998,0.8993508,4.9,8.8,1.776744,1.0965209999999999
2023-09-16,Man United,Brighton,1,3,J Gillett,1579.7668661729479,1546.055589616276,2.15,4.0,2.88,1,3,0.719951,1.93908,2,0,8,8,13.0,0,1.3333333333333333,2.3333333333333335,2.146726333333333,1.8030413333333335,6.666666666666667,9.333333333333334,1.4,1.6,2.2317418,1.8026148,6.6,11.2,1.4,1.1,2.3415279,1.5646936,6.5,10.7,3.1540100000000004,1.3033466,3,1,1.93908,0.719951,2,0,1,9,14.0,0,2.6666666666666665,1.6666666666666667,1.9508333333333334,2.1818900000000006,8.333333333333334,11.666666666666666,2.6,1.6,2.2902299999999998,2.1980120000000003,6.8,12.4,2.2,1.9,2.2023612999999997,2.179792,6.1,13.0,1.9047366000000001,2.5514722
2023-09-16,Newcastle,Brentford,1,0,C Pawson,1562.4221515438758,1545.1370766337843,1.53,4.2,6.0,1,0,1.50126,0.633678,3,0,8,8,14.0,0,0.6666666666666666,2.0,0.927428,1.1346603333333336,2.6666666666666665,14.666666666666666,1.6,1.6,1.7246707999999997,1.3818442000000002,3.4,13.4,1.7,1.4,2.2425824,1.17900762,6.1,13.0,2.695834,0.8620262399999999,0,1,0.633678,1.50126,5,0,3,12,14.0,0,2.0,1.0,2.496247,1.1902130000000002,6.0,9.0,1.8,1.0,2.1670462,1.2420578000000002,4.8,10.2,1.8,0.8,1.8614207,1.2173204,4.4,9.4,1.4029712,1.2317858000000002
2023-09-17,Bournemouth,Chelsea,0,0,D Coote,1424.436007223635,1445.4601004951198,4.33,3.75,1.8,0,0,1.32515,1.39677,1,0,1,15,15.0,0,1.0,2.3333333333333335,1.3268039999999999,2.862493333333333,3.3333333333333335,14.666666666666666,0.8,1.8,1.1845492,2.2400420000000003,4.6,13.0,1.0,1.6,1.1723825,1.7902874,4.1,11.5,1.308867,1.713562,0,0,1.39677,1.32515,5,0,7,20,15.0,0,1.3333333333333333,1.3333333333333333,2.4359233333333337,1.109527,7.666666666666667,11.333333333333334,1.2,1.2,2.251918,1.2295022000000002,7.4,9.6,1.3,1.7,1.7652613,1.8244111,5.4,9.7,1.4006004,2.368194
2023-09-17,Everton,Arsenal,0,1,S Hooper,1420.343655505715,1621.935936002542,6.0,4.5,1.5,0,1,0.28317,0.802605,1,0,1,12,22.0,0,0.0,2.0,1.736465,2.075693333333333,7.666666666666667,11.333333333333334,0.4,1.4,1.7616969999999998,1.5897847999999999,7.8,11.0,1.0,1.7,1.7433885,1.8786150999999998,6.1,11.4,1.5160476,1.4645728,1,0,0.802605,0.28317,1,0,11,10,14.0,0,2.0,1.0,2.448846666666667,0.9616953333333335,9.333333333333334,8.0,2.6,0.8,2.242764,0.8478222000000001,8.8,8.8,1.9,1.3,1.7134852999999999,1.1760693000000002,6.9,10.4,1.4205864,1.510746
2023-09-23,Crystal Palace,Fulham,0,0,P Tierney,1474.1215103571183,1496.4476906053965,1.91,3.4,4.2,0,0,0.37236,0.542678,3,0,3,10,7.0,0,1.6666666666666667,2.0,1.5023066666666665,1.4674336666666667,4.0,12.0,1.2,1.6,1.3167879999999998,1.408934,3.6,11.8,1.4,1.6,1.2900003,1.3529442,5.6,11.3,1.625524,1.2052242,0,0,0.542678,0.37236,2,0,2,15,7.0,0,1.3333333333333333,2.3333333333333335,1.3570423333333332,2.229816666666667,4.666666666666667,7.666666666666667,1.0,2.0,1.2104932,2.549668,4.6,8.4,1.5,1.8,1.3653061000000002,2.1952879,4.9,9.8,1.4096094,2.1439438
2023-09-23,Luton,Wolves,1,1,J Smith,1463.3912485952123,1438.8383546997613,3.25,3.4,2.2,1,1,2.24101,0.762984,0,0,10,12,7.0,0,0.3333333333333333,2.0,1.3150770000000003,2.13217,5.0,11.333333333333334,0.5,2.5,1.45779275,2.6909975,5.5,11.5,0.5,2.5,1.45779275,2.6909975,5.5,11.5,2.02244,1.22528,1,1,0.762984,2.24101,2,1,1,17,7.0,0,1.3333333333333333,2.0,1.026741,2.3514266666666668,2.0,12.0,1.0,2.2,1.4981426,2.4361539999999997,3.6,12.0,0.7,2.5,1.0847017,2.588266,4.0,12.9,0.9840358,2.464796
2023-09-23,Man City,Nott'm Forest,2,0,A Taylor,1669.6074445896556,1452.383918514726,1.14,8.5,15.0,2,0,1.33984,0.729109,3,1,6,5,7.0,0,3.0,0.6666666666666666,2.4590866666666664,0.8723520000000001,6.0,11.666666666666666,2.4,0.6,2.192898,0.8734036,5.4,10.2,2.2,0.5,2.0976969999999997,0.9457327,5.5,8.9,2.053234,0.7021805999999999,0,2,0.729109,1.33984,7,0,6,17,5.0,0,1.3333333333333333,1.3333333333333333,0.938883,2.0400336666666665,2.6666666666666665,12.0,1.2,1.4,0.8438786,1.5941162,3.0,12.2,1.7,1.5,1.2618476,1.6422152,2.7,12.3,1.0963136000000002,1.6324222
2023-09-23,Brentford,Everton,1,3,M Oliver,1537.3255422443412,1414.2074351630276,1.8,3.8,4.2,1,3,1.57402,2.51497,2,0,1,9,7.0,0,1.0,1.3333333333333333,1.5511796666666662,1.5573333333333335,5.333333333333333,9.0,1.6,1.2,2.0059958,1.3050118,4.8,10.2,1.6,0.9,1.8552541000000002,1.2463224,4.5,9.3,2.3584122,1.2027404000000002,3,1,2.51497,1.57402,2,0,4,12,6.0,0,0.0,2.0,0.9675183333333331,1.8160816666666666,4.666666666666667,11.333333333333334,0.2,1.4,1.324379,1.4923537999999996,6.6,11.4,1.0,1.8,1.7283342999999998,1.9220618999999999,6.1,11.2,1.9707294000000002,2.2926574
2023-09-23,Burnley,Man United,0,1,T Harrington,1473.2312522653551,1567.1331979577988,4.2,4.2,1.73,0,1,0.935444,0.840273,1,0,9,6,5.0,0,1.3333333333333333,3.0,1.0347653333333333,1.9801849999999999,5.0,12.333333333333334,1.0,3.0,0.853832,2.08532375,5.25,12.0,1.0,3.0,0.853832,2.08532375,5.25,12.0,0.8692256666666666,2.545166666666667,1,0,0.840273,0.935444,2,0,5,12,7.0,0,1.6666666666666667,2.6666666666666665,1.5713633333333332,1.6030546666666667,7.333333333333333,9.333333333333334,1.2,2.0,1.8262,1.8140968000000002,7.2,10.0,1.5,1.3,2.281418,1.5486486,6.7,10.1,1.5290458,1.8260406
2023-09-24,Brighton,Bournemouth,3,1,J Brooks,1558.689257831425,1423.3188728017808,1.36,5.25,7.5,3,1,2.14533,1.58984,3,0,4,12,8.0,0,2.3333333333333335,1.6666666666666667,1.54532,1.5258036666666666,7.666666666666667,11.0,3.0,1.4,2.431812,1.8303122000000003,6.4,11.0,2.4,1.5,2.0725523,1.9575641000000001,4.7,12.8,2.3186799999999996,1.7073577999999998,1,3,1.58984,2.14533,3,0,4,17,7.0,0,0.6666666666666666,1.3333333333333333,1.306287333333333,2.243256666666667,3.0,15.333333333333334,0.8,1.6,1.3631624,2.2935299999999996,4.2,13.6,0.9,1.6,1.2060421,1.8822610000000002,3.8,11.9,1.035898,1.8670128
2023-09-24,Arsenal,Tottenham,2,2,R Jones,1628.0721563452294,1544.0589755717363,1.67,4.33,4.33,2,2,2.3429,2.21166,3,0,11,12,7.0,0,2.0,1.0,1.9810716666666668,0.6996986666666666,10.333333333333334,8.0,1.8,0.8,1.7983529999999999,0.8269122000000001,9.4,9.2,1.9,0.9,1.7539086000000002,1.0032183000000001,7.7,10.1,1.9933082,1.0765422,2,2,2.21166,2.3429,4,0,4,19,22.0,0,3.0,0.6666666666666666,2.3993466666666667,1.5318873333333334,3.6666666666666665,9.666666666666666,3.0,1.0,2.1368699999999996,1.5389464,4.0,9.4,2.3,1.6,1.8464380000000002,1.5348901,4.7,10.1,1.8660720000000002,1.4097123999999999
2023-09-24,Liverpool,West Ham,3,1,C Kavanagh,1601.3066300269027,1481.5403164785466,1.4,5.0,7.0,3,1,4.14262,1.53878,0,0,7,12,8.0,0,2.6666666666666665,0.6666666666666666,2.1381703333333335,0.9249019999999998,6.666666666666667,8.666666666666666,2.4,0.8,2.1937862,1.2187972000000002,6.8,9.8,2.2,0.9,2.1327459,1.0354619,7.0,12.1,2.1140176,0.8791399999999999,1,3,1.53878,4.14262,2,0,4,13,8.0,0,2.0,1.6666666666666667,1.6912039999999997,2.515733333333333,4.666666666666667,9.666666666666666,2.0,1.4,1.6538704,2.133322,4.2,11.0,1.5,1.5,1.4181281000000001,2.1961558,4.8,8.8,1.3670088000000002,2.272566
2023-09-24,Chelsea,Aston Villa,0,1,J Gillett,1446.577234916974,1558.0895243479226,1.91,3.75,3.8,0,1,1.19716,1.13479,2,0,5,9,7.0,0,1.0,0.3333333333333333,2.365126666666667,0.9804636666666667,7.0,15.0,1.0,1.0,2.127424,1.1907342,6.8,11.8,1.2,1.4,1.8264180999999997,1.6786061,5.9,10.7,2.1299222,1.2806282000000002,1,0,1.13479,1.19716,3,0,11,11,8.0,0,2.0,1.6666666666666667,1.9225310000000002,1.4929816666666664,4.333333333333333,10.333333333333334,2.2,2.0,2.0993906,1.9044979999999998,5.0,11.2,1.6,1.5,1.8261071000000002,1.4968868,5.1,10.9,1.5818946,1.8817246
2023-09-30,Newcastle,Burnley,2,0,T Bramall,1570.2336859333188,1464.2039435314427,1.3,5.75,9.0,2,0,3.08516,0.801849,1,0,5,7,14.0,0,1.0,1.6666666666666667,1.34213,0.9374596666666669,5.333333333333333,13.666666666666666,1.6,1.4,1.7211247999999997,1.1047318000000002,4.4,12.8,1.5,1.3,2.0012514,1.15265792,5.8,13.1,2.721638,0.73063984,0,2,0.801849,3.08516,3,0,3,15,7.0,0,1.0,2.3333333333333335,1.1363783333333333,1.3146393333333333,6.666666666666667,10.333333333333334,0.8,2.6,0.8701544,1.8363136,6.0,10.8,0.8,2.6,0.8701544,1.8363136,6.0,10.8,0.807651,0.705795
2023-09-30,Wolves,Man City,2,1,C Pawson,1441.2250499096995,1672.9787580304135,8.0,5.75,1.33,2,1,0.673985,0.98075,5,0,0,18,7.0,0,1.3333333333333333,2.3333333333333335,0.8136423333333331,2.46579,2.3333333333333335,13.0,1.2,2.2,1.3062833999999999,2.490182,2.4,13.4,0.8,2.0,1.1006016,2.451896,3.6,13.5,1.2902286,2.1068528,1,2,0.98075,0.673985,4,0,6,12,7.0,0,3.3333333333333335,0.6666666666666666,2.497273333333333,1.0296703333333335,7.0,9.333333333333334,2.8,0.4,2.2235679999999998,0.7314394,5.8,9.6,2.1,0.5,1.9317729999999997,0.9694361,5.5,8.6,2.1421599999999996,1.1892848
2023-09-30,Aston Villa,Brighton,6,1,A Madley,1566.6176507587527,1563.59228168631,2.55,3.75,2.55,6,1,1.90746,1.72819,4,0,1,19,6.0,0,1.3333333333333333,1.3333333333333333,1.355157666666667,1.6818333333333335,6.0,10.333333333333334,2.2,1.0,2.0291486,1.279514,6.2,10.0,1.7,1.4,1.8961123,1.4860428,5.8,11.3,2.1512038,0.8669018,1,6,1.72819,1.90746,4,0,3,21,6.0,0,3.0,1.0,1.8023300000000002,1.071517,3.3333333333333335,11.666666666666666,2.8,1.4,1.9873820000000002,1.7710922000000004,6.0,11.2,2.4,1.6,2.0658093,2.020683,4.9,12.3,1.8264246,2.2077704000000002
2023-09-30,Bournemouth,Arsenal,0,4,M Salisbury,1418.415848946896,1624.1492599408793,5.5,4.5,1.53,0,4,0.644443,4.0742,0,0,6,11,6.0,0,1.0,1.6666666666666667,1.6750399999999999,2.2046499999999996,2.3333333333333335,15.0,0.8,2.0,1.3790804,2.425916,3.0,15.2,0.6,1.8,1.1133031,1.9631029999999998,4.0,12.4,1.0704509999999998,1.7255340000000001,4,0,4.0742,0.644443,1,0,6,10,6.0,0,2.0,1.0,1.6850783333333332,1.1536463333333333,11.333333333333334,10.0,1.8,1.0,2.0984089999999997,1.0759832,10.0,9.2,1.8,1.0,1.7098786000000001,1.1458641,8.1,10.3,1.0375434000000001,1.17519
2023-09-30,Everton,Luton,1,2,A Taylor,1429.038711984613,1461.0045533852742,1.57,3.8,6.5,1,2,3.65377,1.5102,0,0,3,8,7.0,0,1.0,1.0,1.5653533333333332,1.259635,4.0,11.333333333333334,0.6,1.6,1.6015070000000002,1.7207409999999999,5.6,11.6,1.2,1.5,1.9021305000000002,1.7930958999999997,6.2,11.6,1.41728,1.0523578,2,1,1.5102,3.65377,1,0,6,10,7.0,0,0.6666666666666666,1.3333333333333333,1.9068333333333334,1.2484346666666666,7.0,11.333333333333334,0.6,2.2,1.6144362,2.3053947999999997,6.4,11.6,0.6,2.2,1.6144362,2.3053947999999997,6.4,11.6,1.269577,3.17957
2023-09-30,Man United,Crystal Palace,0,1,C Kavanagh,1576.1605066917111,1473.041400628906,1.55,4.2,5.75,0,1,1.55408,1.19015,3,0,10,10,7.0,0,1.0,2.0,0.8421109999999997,1.5947513333333332,5.333333333333333,9.0,1.2,2.0,1.6000806,1.6567295999999998,6.6,9.6,1.6,1.2,2.2460253,1.4655749999999999,6.6,10.4,2.6777642000000004,1.6374048,1,0,1.19015,1.55408,2,0,4,8,7.0,0,1.3333333333333333,1.6666666666666667,1.2728899999999996,1.3323226666666668,3.0,10.333333333333334,1.0,1.4,1.1896879999999999,1.4301818000000002,3.2,12.0,1.4,1.4,1.2692069,1.294383,4.8,10.9,0.9544766000000001,1.5006642
2023-09-30,Tottenham,Liverpool,2,1,S Hooper,1547.9818719760863,1606.5496517232689,2.9,4.0,2.15,2,1,2.18823,1.12299,5,0,12,11,6.0,0,3.0,1.3333333333333333,2.29022,1.4975073333333333,3.3333333333333335,13.0,2.6,1.2,2.172572,1.7692244,4.2,12.2,2.3,1.6,1.830365,1.5726721000000001,4.5,11.2,1.998158,1.4154418,1,2,1.12299,2.18823,4,2,5,17,6.0,0,3.0,0.6666666666666666,3.23367,0.897705333333333,6.0,9.333333333333334,2.8,0.8,2.7623222,1.1400372,7.4,9.8,2.4,1.0,2.3796359,1.1153274,7.0,12.3,2.1514742,1.1917838
2023-10-01,Nott'm Forest,Brentford,1,1,P Tierney,1449.0126050739682,1522.494265422756,2.75,3.1,2.7,1,1,0.800317,1.75862,1,1,1,6,8.0,0,0.6666666666666666,1.0,0.8618013333333333,1.4773036666666666,3.6666666666666665,14.0,1.0,1.6,0.9024126000000001,1.6605122,3.4,13.0,1.4,1.6,1.0909125,1.5431352,3.1,13.3,1.450021,2.0553841999999998,1,1,1.75862,0.800317,2,0,11,10,8.0,0,1.0,2.0,1.7598493333333332,2.04212,3.0,9.0,1.4,1.4,1.9392878000000002,1.5173738,4.4,9.6,1.5,1.1,1.8805971,1.4038501,4.0,9.6,1.2270468,1.3442138
2023-10-02,Fulham,Chelsea,0,2,T Robinson,1497.5278003336086,1438.049108506144,3.6,3.5,2.05,0,2,0.889383,1.98461,1,0,8,15,9.0,0,0.6666666666666666,1.6666666666666667,1.2546626666666667,1.2769766666666669,4.333333333333333,11.0,0.8,2.0,1.0027408000000002,2.106138,4.2,10.2,1.5,1.7,1.3455613999999998,2.0651519,4.6,10.5,1.2593404,2.376564,2,0,1.98461,0.889383,4,0,1,12,8.0,0,0.0,0.6666666666666666,1.626116666666667,1.20348,6.666666666666667,13.0,0.8,1.0,1.98034,1.1577042000000002,7.0,12.6,0.9,1.4,1.7692820999999999,1.6703301,5.7,10.5,1.522914,2.076584
2023-10-03,Luton,Burnley,1,2,P Bankes,1471.8096947496153,1458.6493211173795,2.9,3.0,2.63,1,2,1.53058,0.920206,4,0,7,14,3.0,1,1.0,1.0,1.7360866666666668,2.057931333333334,6.0,12.0,0.8,1.6,1.5392882,2.1626528,6.2,11.2,0.8333333333333334,2.0,1.5970635,2.5301240000000003,6.333333333333333,11.333333333333334,2.1317250000000003,0.994132,2,1,0.920206,1.53058,2,0,6,6,3.0,1,0.3333333333333333,1.3333333333333333,0.8483146666666667,1.5437426666666667,5.333333333333333,10.333333333333334,0.8,2.4,0.9683178,1.9731976,5.4,11.6,0.6666666666666666,2.5,0.8587701666666666,2.0444546666666668,5.5,11.5,0.8047500000000001,1.8954775000000001
2023-10-07,Luton,Tottenham,0,1,J Brooks,1459.7345508040337,1557.9406495970336,6.0,4.75,1.45,0,1,0.848118,2.37947,2,0,5,16,4.0,0,1.3333333333333333,1.3333333333333333,1.760596666666667,1.7789866666666667,7.666666666666667,12.0,1.0,1.4,1.7522560000000003,1.6638560000000002,6.8,11.6,0.8571428571428571,2.0,1.5875658571428573,2.3001357142857146,6.428571428571429,11.714285714285714,1.9313433333333334,0.96949,1,0,2.37947,0.848118,1,1,6,7,7.0,0,3.0,1.6666666666666667,2.2659133333333332,1.7106433333333333,6.666666666666667,13.0,2.6,1.0,2.319586,1.6123103999999997,5.4,11.8,2.2,1.3,1.904261,1.4420601,5.5,11.7,2.071394,1.5183184
2023-10-07,Burnley,Chelsea,1,4,S Attwell,1470.7244650629611,1451.3585425248154,4.5,3.8,1.73,1,4,0.956642,1.97566,2,0,7,11,4.0,0,0.6666666666666666,1.3333333333333333,0.8858330000000002,1.8186710000000001,6.0,9.0,1.0,2.0,1.026238,1.7119316000000002,5.8,10.4,0.8571428571428571,2.2857142857142856,0.8675467142857143,1.9710440000000002,5.571428571428571,10.714285714285714,0.88578025,2.11894325,4,1,1.97566,0.956642,4,0,3,8,5.0,0,0.6666666666666666,0.3333333333333333,1.5261800000000003,1.116441,4.333333333333333,13.666666666666666,1.0,0.4,2.0554300000000003,0.9931128000000001,5.4,13.2,0.9,1.2,1.8678249999999998,1.5624714000000002,5.6,10.4,1.566132,2.0109506
2023-10-07,Everton,Bournemouth,3,0,D Coote,1418.2335706202718,1412.3805565141372,1.91,3.6,3.8,3,0,3.16482,0.981732,1,0,8,14,7.0,0,1.3333333333333333,1.3333333333333333,2.1506366666666668,1.2956083333333333,2.6666666666666665,10.666666666666666,0.8,1.8,1.8142589999999998,1.7064929999999996,4.2,10.8,1.1,1.5,1.9388595,1.6116298999999998,5.6,11.2,1.9108399999999999,1.1457218,0,3,0.981732,3.16482,2,0,7,15,7.0,0,0.3333333333333333,2.3333333333333335,1.1864776666666665,2.5387666666666666,3.6666666666666665,14.333333333333334,0.6,2.2,1.230629,2.58986,3.8,14.8,0.5,1.9,1.0559924,2.193671,3.9,12.6,1.1561552000000002,2.200672
2023-10-07,Man United,Brentford,2,1,A Madley,1561.7825985714146,1522.1064266825065,1.67,4.2,4.75,2,1,1.29356,1.02509,0,0,7,10,7.0,0,0.6666666666666666,1.3333333333333333,1.038101333333333,1.3548913333333334,7.666666666666667,10.0,1.2,1.8,1.4216886,1.3869516000000002,7.4,10.0,1.4,1.3,2.0913153,1.5577111000000001,6.5,10.5,2.0041181999999997,1.5387068,1,2,1.02509,1.29356,5,0,5,17,6.0,0,0.6666666666666666,1.6666666666666667,1.3221059999999998,1.605515666666667,5.0,10.333333333333334,1.0,1.6,1.5972358000000002,1.5974574000000001,5.6,9.2,1.6,1.1,2.0380699,1.2846818,4.8,9.6,1.439702,1.2620292000000002
2023-10-07,Crystal Palace,Nott'm Forest,0,0,C Pawson,1487.4193087492026,1449.4004438142176,2.2,3.1,3.6,0,0,0.982452,1.22105,0,0,3,7,7.0,0,0.6666666666666666,1.0,0.8931566666666665,1.4706460000000001,3.0,9.0,1.2,1.2,1.213886,1.2998117999999999,3.8,10.8,1.1,1.1,1.1563339,1.2515290000000001,4.4,10.8,1.2362199999999999,0.9172357999999999,0,0,1.22105,0.982452,1,0,7,12,6.0,0,0.6666666666666666,1.3333333333333333,0.7450736666666667,1.3020369999999997,4.0,13.0,1.0,1.4,0.869215,1.8437122000000001,3.0,11.8,1.4,1.5,1.0769749,1.5869382,3.2,12.6,0.8485414,1.700554
2023-10-08,West Ham,Newcastle,2,2,P Bankes,1476.2972947821804,1575.788308347382,3.2,3.75,2.1,2,2,0.931345,1.97865,3,0,4,11,14.0,0,1.3333333333333333,2.3333333333333335,1.219897333333333,3.4385066666666666,4.666666666666667,11.0,2.0,1.8,1.6649464000000003,2.659796,4.2,10.8,1.6,1.5,1.5227986000000002,2.3105097999999997,4.9,9.3,1.558702,1.8608296,2,2,1.97865,0.931345,3,0,2,18,8.0,0,1.3333333333333333,1.0,1.8303933333333333,0.9193690000000002,5.333333333333333,10.666666666666666,1.0,1.2,1.4737407999999999,0.9679016,4.2,11.8,1.7,1.1,2.1725434,1.10378182,5.4,12.2,1.5791528,1.4719556
2023-10-08,Brighton,Liverpool,2,2,A Taylor,1555.3866584287005,1596.5908741023215,3.0,3.8,2.2,2,2,2.23187,2.51029,1,0,8,12,8.0,0,2.3333333333333335,2.6666666666666665,1.9375333333333333,1.4057503333333334,2.6666666666666665,14.0,2.2,2.4,1.701896,1.6149422000000002,6.0,13.2,2.4,1.8,2.179279,1.8000699999999998,5.1,12.8,2.2649099999999995,1.8525939999999999,2,2,2.51029,2.23187,2,0,1,20,8.0,0,2.3333333333333335,1.3333333333333333,2.6975400000000005,1.4219476666666662,5.333333333333333,11.0,2.4,1.0,2.3360241999999998,1.3003432,6.4,11.0,2.4,1.2,2.2927349,1.3157612,6.8,12.1,2.0219022,1.5239306
2023-10-08,Arsenal,Man City,1,0,M Oliver,1630.184552373638,1658.4021610274328,2.9,3.3,2.4,1,0,0.386558,0.858071,2,0,5,8,8.0,0,2.3333333333333335,0.6666666666666666,2.406568333333334,1.0464243333333332,9.333333333333334,10.666666666666666,2.4,1.0,2.472063,0.9910398,9.6,9.2,2.0,1.0,1.9882376000000002,1.0730844,8.3,10.1,2.270158,1.0763222000000001,0,1,0.858071,0.386558,3,0,4,7,8.0,0,2.0,1.0,2.1570166666666664,0.7662420000000001,7.666666666666667,9.333333333333334,2.4,0.8,1.9395699999999998,0.80403,6.0,10.4,2.0,0.6,1.7463760000000002,1.0227422000000002,5.1,9.5,2.1296340000000002,1.0868878
2023-10-08,Wolves,Aston Villa,1,1,R Jones,1455.80164691268,1574.8232740163621,3.5,3.4,2.1,1,1,1.76232,1.81618,2,1,2,19,8.0,0,1.3333333333333333,1.6666666666666667,0.6586006666666665,2.016256666666667,1.6666666666666667,15.0,1.4,1.6,0.9034384,2.055208,1.4,14.2,0.9,2.1,1.0873951,2.399813,3.1,13.3,1.1993676,2.1869439999999996,1,1,1.81618,1.76232,2,0,10,9,8.0,0,3.3333333333333335,0.6666666666666666,1.7858100000000003,1.3474366666666666,5.333333333333333,14.333333333333334,2.6,1.2,1.7619685999999999,1.480859,5.0,12.2,2.3,1.4,1.9367003,1.5782568,5.3,12.3,1.5085365999999998,1.9599465999999999
2023-10-21,Liverpool,Everton,2,0,C Pawson,1597.131333118537,1426.360544767164,1.33,5.75,7.5,2,0,2.28568,0.0937725,1,0,12,9,13.0,0,2.0,1.6666666666666667,2.591966666666667,1.986293333333333,4.333333333333333,16.333333333333332,2.4,1.2,2.666858,1.4226432,4.8,13.0,2.3,1.4,2.3666789,1.4861986,6.5,12.4,2.6077976,1.0388709999999999,0,2,0.0937725,2.28568,1,1,4,9,14.0,0,2.3333333333333335,1.0,3.1111866666666663,1.3553173333333335,5.0,11.333333333333334,1.4,1.0,2.30293,1.2541673999999998,4.6,11.2,0.9,1.4,1.9611185000000002,1.3860861,6.3,11.3,2.386981,2.533834
2023-10-21,Bournemouth,Wolves,1,2,P Tierney,1404.2535823672451,1457.4842709496234,2.38,3.4,3.0,1,2,1.01839,2.30454,2,1,3,15,14.0,0,0.3333333333333333,3.3333333333333335,1.0720049999999999,3.1281166666666667,5.666666666666667,14.333333333333334,0.6,2.4,1.330259,2.770594,4.0,14.2,0.5,2.0,1.1279634,2.369916,4.4,12.9,0.9558296000000001,2.1866700000000003,2,1,2.30454,1.01839,6,0,12,10,13.0,0,1.3333333333333333,1.0,1.0664296666666666,1.6793133333333337,1.0,18.0,1.4,1.8,0.9754463999999998,2.0388599999999997,1.8,15.2,1.0,2.0,1.2367482,2.271313,2.6,14.3,1.0828748000000001,2.2927619999999997
2023-10-21,Brentford,Burnley,3,0,J Smith,1514.8991353232543,1458.4790516039384,1.83,3.75,4.2,3,0,3.15685,0.693129,5,0,5,14,14.0,0,1.0,2.0,1.4525766666666664,1.5362823333333335,5.666666666666667,12.0,1.0,1.8,1.6126516000000002,1.6440474000000003,5.0,10.8,1.5,1.3,1.6980079,1.3937066000000002,4.6,10.8,1.7880742,1.6650719999999999,0,3,0.693129,3.15685,2,1,5,12,14.0,0,1.0,2.3333333333333335,0.892899,2.1971333333333334,5.333333333333333,10.666666666666666,0.8,1.8,0.8843584,1.6274936,5.8,9.6,0.875,2.5,0.878683625,1.971621,5.75,10.75,0.8432353333333333,1.7738450000000003
2023-10-21,Man City,Brighton,2,1,R Jones,1649.3143886786527,1554.846199412485,1.4,5.25,6.5,2,1,0.962509,0.963733,2,1,2,9,13.0,0,1.0,1.0,1.0595536666666663,0.5965506666666668,5.333333333333333,8.0,2.2,1.0,1.8661282,0.8299108000000001,6.2,9.4,1.7,0.7,1.7278450999999997,0.9428009999999999,4.9,9.8,1.721386,0.7495873999999999,1,2,0.963733,0.962509,2,0,2,11,13.0,0,2.0,3.0,2.03513,2.0025299999999997,5.0,15.0,2.4,2.2,1.8734099999999998,1.5264602000000003,4.2,13.6,2.3,1.9,2.161048,1.9647331000000001,5.5,13.2,1.7295106,2.3975322
2023-10-21,Newcastle,Crystal Palace,4,0,T Robinson,1574.6565354207055,1484.6706392532178,1.45,4.5,7.0,4,0,3.73336,1.08795,2,0,6,7,13.0,0,1.6666666666666667,0.6666666666666666,2.188356666666667,0.7889573333333334,5.0,11.0,1.4,1.4,1.8180399999999999,0.9091146,4.6,13.2,1.7,1.1,2.1352904,0.9953493200000001,5.0,12.6,2.515952,0.7723110400000001,0,4,1.08795,3.73336,3,0,8,12,14.0,0,0.3333333333333333,0.0,0.8483206666666664,1.105936,3.3333333333333335,8.333333333333334,1.0,1.0,1.1982544,1.3544196,3.2,9.2,1.1,1.0,1.2239122,1.257969,4.3,10.1,1.0764478,1.5858222
2023-10-21,Nott'm Forest,Luton,2,2,S Barrott,1452.1491133102024,1450.8297995062128,1.67,3.75,5.5,2,2,3.27549,1.49555,3,0,4,12,14.0,0,0.3333333333333333,1.0,0.9168253333333333,1.360304,4.666666666666667,11.666666666666666,0.6,0.8,0.9213542,1.4345966,3.8,12.0,1.0,1.2,1.0077539,1.3540873999999998,3.7,12.2,1.3995064,1.7396142,2,2,1.49555,3.27549,0,0,2,11,14.0,0,1.0,1.3333333333333333,1.2962993333333335,2.3178153333333333,6.0,13.333333333333334,0.8,1.2,1.5173916000000003,1.8946939999999999,6.0,13.2,0.75,1.875,1.495134875,2.3100525,6.25,12.25,1.32973275,3.29812
2023-10-21,Chelsea,Arsenal,2,2,C Kavanagh,1463.6039559838382,1639.2723247224183,3.2,3.4,2.25,2,2,1.71838,1.05791,3,0,2,7,14.0,0,2.0,0.6666666666666666,1.7191433333333335,0.9936050000000001,3.0,9.666666666666666,1.2,0.6,1.767724,1.091293,4.8,11.8,1.3,1.2,1.9497430000000002,1.5375786000000002,5.7,10.3,2.169518,1.1139922,2,2,1.05791,1.71838,3,0,7,14,13.0,0,2.3333333333333335,0.6666666666666666,2.2678860000000003,1.2380579999999999,7.333333333333333,10.0,2.2,0.6,1.9031986000000003,0.9926906000000001,9.0,9.6,2.1,0.7,1.9310283,0.9376155,8.3,9.6,1.772709,0.9017426000000001
2023-10-22,Aston Villa,West Ham,4,1,D Coote,1573.1406499794189,1477.429067708857,1.85,3.6,4.0,4,1,2.34143,0.659622,0,0,8,9,14.0,0,2.6666666666666665,0.6666666666666666,1.6194766666666667,1.5625566666666668,7.333333333333333,13.0,2.2,1.2,1.5578226000000002,1.7072019999999999,5.8,11.8,2.2,1.4,1.9383312999999998,1.6359838,5.5,12.3,2.364864,1.196567,1,4,0.659622,2.34143,1,0,7,15,14.0,0,1.3333333333333333,2.6666666666666665,1.1219189999999999,3.42391,4.0,10.333333333333334,1.8,2.0,1.5087474,2.733694,4.4,10.6,1.7,1.7,1.4393151,2.3889547999999996,4.8,10.0,1.6341024000000002,2.215948
2023-10-23,Tottenham,Fulham,2,0,A Taylor,1566.8454008948545,1484.2183663149372,1.5,4.5,6.0,2,0,1.63523,0.745838,2,0,3,10,16.0,0,1.6666666666666667,1.0,2.259786666666667,1.4380026666666668,7.333333333333333,12.333333333333334,2.4,1.0,2.2876719999999997,1.2927259999999998,5.6,11.4,2.2,1.3,2.026543,1.496205,5.3,10.9,1.974596,1.3988437999999999,0,2,0.745838,1.63523,0,0,5,14,21.0,0,0.3333333333333333,0.6666666666666666,1.0630336666666664,1.2713400000000001,5.333333333333333,12.0,0.8,1.8,1.1006376,1.809284,4.8,10.6,1.0,1.6,1.2592237,1.9710469,5.2,10.7,1.2639749999999998,2.188486
2023-10-27,Crystal Palace,Tottenham,1,2,A Madley,1478.7380005438622,1572.9563140029481,4.5,3.75,1.75,1,2,0.561834,0.989103,2,0,11,19,6.0,0,0.3333333333333333,1.3333333333333333,1.0868506666666664,2.169496666666667,5.0,9.0,0.4,1.4,0.9499744,1.8732695999999998,4.0,9.2,0.9,1.4,1.1924702,1.6051027999999998,4.0,10.8,1.1522364,1.1090414,2,1,0.989103,0.561834,1,0,2,11,4.0,0,1.6666666666666667,0.3333333333333333,2.0676433333333333,0.9056486666666667,7.0,9.333333333333334,2.4,1.0,2.1624879999999997,1.3451772,5.8,11.2,2.3,1.1,2.071561,1.3908018,5.3,10.5,2.140658,1.44964
2023-10-28,Bournemouth,Burnley,2,1,S Barrott,1394.0587705731116,1451.7098665601648,2.15,3.5,3.3,2,1,1.10052,0.90255,2,0,10,9,7.0,0,0.3333333333333333,3.0,0.8815216666666665,3.1811866666666666,5.333333333333333,13.666666666666666,0.4,2.4,1.1119109999999999,2.6171320000000002,4.2,14.6,0.6,2.1,1.1482301,2.4285870000000003,4.4,13.8,0.996363,2.304012,1,2,0.90255,1.10052,3,0,5,12,7.0,0,1.0,2.6666666666666665,0.8566590000000001,2.2210300000000003,6.0,9.666666666666666,0.6,2.2,0.8614540000000002,2.1177046,6.0,10.0,0.7777777777777778,2.5555555555555554,0.8580664444444444,2.1033131111111114,5.666666666666667,10.88888888888889,0.80570875,2.11959625
2023-10-28,Wolves,Newcastle,2,2,A Taylor,1467.679082743757,1580.589174130061,4.2,4.0,1.75,2,2,0.863393,2.31987,1,0,8,13,7.0,0,1.6666666666666667,1.0,1.5802816666666668,1.2717733333333336,4.666666666666667,15.666666666666666,1.4,1.4,1.2085324,1.7766680000000001,3.8,14.8,1.1,2.0,1.3382262,2.126176,3.7,13.5,1.3906216,2.2498639999999996,2,2,2.31987,0.863393,4,0,7,15,7.0,0,2.6666666666666665,0.6666666666666666,2.93239,0.9403813333333334,4.333333333333333,10.666666666666666,2.0,1.0,2.2406379999999997,0.9554804000000001,4.8,11.4,1.7,1.0,2.0972674,1.04479502,5.0,11.6,1.4021468,1.502823
2023-10-28,Chelsea,Brentford,0,2,S Hooper,1466.8153797305743,1521.668320367028,1.65,4.0,5.25,0,2,1.71801,2.48137,1,0,10,12,7.0,0,2.6666666666666665,1.0,1.8928833333333337,0.9679783333333333,2.0,9.0,1.6,0.8,1.6545159999999999,1.072775,3.6,11.2,1.4,1.0,1.953217,1.1511386000000001,5.5,10.4,2.109346,1.0217762000000001,2,0,2.48137,1.71801,4,0,1,7,7.0,0,1.6666666666666667,1.0,1.9801866666666665,0.9290020000000001,7.0,13.666666666666666,1.2,1.4,1.6296516,1.3606472,5.0,12.4,1.5,1.2,1.8983488999999998,1.3013525000000001,4.9,11.3,1.6079416000000002,1.1223412
2023-10-29,West Ham,Everton,0,1,S Attwell,1471.6330361355444,1422.1721394507601,2.15,3.5,3.3,0,1,0.618578,0.733813,4,0,4,7,7.0,0,1.3333333333333333,3.0,1.0432489999999996,2.8208999999999995,5.0,13.0,1.4,2.6,1.0501318,2.92712,5.0,11.8,1.8,1.9,1.4849461,2.1805268,5.0,11.0,1.5571014,1.9156596000000001,1,0,0.733813,0.618578,1,0,3,11,8.0,0,1.3333333333333333,1.3333333333333333,2.304120833333333,1.5925373333333335,5.0,10.333333333333334,1.4,1.2,1.9421005,1.4308473999999998,4.0,11.0,0.9,1.3,1.8518987500000001,1.5103161,5.9,11.0,1.7484394999999995,2.325998
2023-10-29,Aston Villa,Luton,3,1,J Brooks,1578.9366815527314,1452.5766115547506,1.25,6.5,9.5,3,1,3.07654,0.453117,3,0,6,11,7.0,0,3.6666666666666665,1.0,2.02169,1.3833773333333335,6.333333333333333,12.333333333333334,3.0,0.8,1.9030079999999998,1.2928504,6.8,12.2,2.5,1.4,2.0255263,1.6100952,5.9,11.9,2.473176,1.0914814,1,3,0.453117,3.07654,2,0,4,10,8.0,0,1.0,1.6666666666666667,1.2914160000000001,2.191722,4.666666666666667,13.666666666666666,1.2,1.4,1.5250916,2.198384,6.0,12.6,0.8888888888888888,1.8888888888888888,1.4951809999999999,2.4173233333333335,5.777777777777778,12.11111111111111,1.3628962,3.293594
2023-10-29,Brighton,Fulham,1,1,M Salisbury,1549.020660734628,1478.1074532068435,1.55,4.2,5.5,1,1,1.31996,0.552523,0,0,7,12,8.0,0,1.3333333333333333,3.3333333333333335,1.6412643333333332,1.7934196666666666,4.333333333333333,14.666666666666666,2.0,2.4,1.8016406,1.53801,3.6,13.0,2.3,2.0,2.0459353,1.8680110000000003,5.2,12.7,2.288312,1.9687059999999998,1,1,0.552523,1.31996,3,0,3,8,6.0,0,0.0,1.3333333333333333,0.7259663333333334,1.3307333333333335,5.0,14.666666666666666,0.4,1.8,1.0798418,1.490154,5.2,12.4,0.8,1.8,1.2067225000000001,2.119605,4.9,10.9,1.0368086,1.966
2023-10-29,Liverpool,Nott'm Forest,3,0,C Kavanagh,1601.3197384349407,1450.4023012616647,1.29,5.75,11.0,3,0,2.70428,0.642014,2,0,8,9,8.0,0,1.6666666666666667,1.3333333333333333,1.972986666666667,1.504624166666666,6.0,15.333333333333334,2.2,1.2,2.577718,1.3182970999999999,5.8,12.4,2.4,1.3,2.5033961,1.3486278500000002,6.8,11.7,2.6665336,1.0208471,0,3,0.642014,2.70428,3,0,3,13,8.0,0,1.0,1.0,1.7656189999999998,1.412207333333333,4.0,10.0,0.8,1.2,1.3463521999999999,1.2768226,4.6,12.6,1.0,1.2,1.1385059000000002,1.4037243,3.6,11.9,1.0054636000000001,1.6954724000000003
2023-10-29,Man United,Man City,0,3,P Tierney,1568.9898899306668,1655.1399273565096,5.0,3.8,1.67,0,3,0.714628,4.54595,4,0,7,9,22.0,0,1.0,0.6666666666666666,1.229304333333333,1.0502280000000002,7.333333333333333,10.666666666666666,1.0,1.6,1.0747946000000002,1.3998988,6.6,9.4,1.5,1.4,2.0488883,1.5786478,6.6,10.8,1.7132982,1.3673908000000001,3,0,4.54595,0.714628,1,0,12,4,8.0,0,1.0,1.3333333333333333,0.9337766666666664,0.6747586666666668,4.0,9.333333333333334,1.6,1.0,1.658326,0.7298034,5.8,8.8,1.8,0.8,1.703539,0.9235263000000001,4.6,9.5,1.9153021999999997,0.7412273999999999
2023-11-04,Burnley,Crystal Palace,0,2,P Bankes,1441.777472422213,1469.7197106524234,2.75,3.25,2.6,0,2,1.4998,1.43653,0,0,12,9,7.0,0,0.6666666666666666,3.0,0.8507736666666667,2.0776766666666666,5.666666666666667,11.666666666666666,0.8,2.4,0.8548752000000001,2.169754,5.2,11.2,0.8,2.5,0.8625147999999999,2.0030338,5.6,11.0,0.8999526,2.0902865999999998,2,0,1.43653,1.4998,5,0,1,12,8.0,0,0.3333333333333333,2.0,0.8774119999999996,1.981171,7.333333333333333,12.666666666666666,0.4,1.2,0.8389492000000001,1.6080541999999998,5.8,11.2,0.8,1.4,1.0778686,1.5084941,4.7,11.5,1.232704,2.1011642
2023-11-04,Brentford,West Ham,3,2,T Bramall,1531.8164538074134,1458.5827590652525,2.05,3.6,3.5,3,2,1.82944,1.75505,1,0,4,12,7.0,0,2.0,0.6666666666666666,2.221103333333333,1.234899666666667,3.6666666666666665,12.666666666666666,1.6,1.2,1.99919,1.4039971999999998,4.6,11.4,1.6,1.2,2.0025929000000002,1.3545045,4.7,10.8,2.1316582,1.5663998,2,3,1.75505,1.82944,4,0,3,14,6.0,0,1.0,2.3333333333333335,0.7365149999999997,1.6846309999999995,5.0,11.0,1.0,2.6,0.9287914,2.6693946,4.6,10.6,1.5,1.9,1.2988028999999999,2.1893253,4.5,11.1,1.5719564,2.2782080000000002
2023-11-04,Fulham,Man United,0,1,J Brooks,1481.7066924443757,1559.7411304657323,3.2,3.6,2.2,0,1,1.18241,0.697095,5,0,9,9,6.0,0,0.3333333333333333,1.6666666666666667,0.729248,1.6466,5.333333333333333,12.333333333333334,0.4,1.0,0.8974924,1.353842,4.8,11.6,0.7,1.7,1.0664558,2.0808159999999996,4.5,10.4,1.3508544,2.3088100000000003,1,0,0.697095,1.18241,2,0,4,15,6.0,0,0.6666666666666666,1.6666666666666667,1.1874226666666663,2.2537300000000005,8.0,9.666666666666666,0.8,1.6,1.0244984,1.9271428,7.4,9.8,1.1,1.6,1.6281200999999998,1.8648788,7.0,10.5,1.4328904000000002,1.5932233999999998
2023-11-04,Everton,Brighton,1,1,T Robinson,1435.222416521052,1545.421421497096,3.1,3.6,2.2,1,1,0.617607,0.442489,4,0,3,15,6.0,0,1.3333333333333333,0.6666666666666666,1.3308018333333334,1.29533,5.0,11.333333333333334,1.6,1.0,2.0322291,1.3940419999999998,4.4,10.8,0.9,1.2,1.67830405,1.4431979,5.5,11.1,2.3179380000000003,1.2556514,1,1,0.442489,0.617607,2,0,3,5,6.0,0,1.3333333333333333,1.6666666666666667,1.5051876666666668,1.3417739999999998,5.666666666666667,11.666666666666666,1.6,2.4,1.6778165999999999,1.5045244000000002,4.8,13.6,2.3,1.9,2.0548143,1.6674183000000002,5.6,12.3,1.8035586,1.7673159999999999
2023-11-04,Newcastle,Arsenal,1,0,S Attwell,1579.0779636629504,1636.0609009756822,2.8,3.2,2.6,1,0,1.12355,0.535473,5,0,0,14,7.0,0,2.6666666666666665,1.3333333333333333,2.677293333333333,0.9608960000000003,5.0,13.333333333333334,2.2,0.8,2.52366,0.863643,5.6,11.0,1.9,1.2,2.1241654,1.1227436000000002,4.5,12.2,2.852446,0.9731196000000001,0,1,0.535473,1.12355,1,0,11,9,14.0,0,2.3333333333333335,0.6666666666666666,1.839556,1.0736313333333332,6.0,10.666666666666666,2.0,0.8,1.7328346000000003,1.1431448,8.0,10.8,2.3,0.8,1.9877993,0.9954835000000001,8.4,9.8,1.726169,0.9709706
2023-11-04,Man City,Bournemouth,6,1,C Pawson,1664.388686821444,1403.9911647110634,1.1,11.0,19.0,6,1,2.39949,0.643127,0,0,12,8,6.0,0,1.6666666666666667,0.6666666666666666,2.1221766666666664,0.6883063333333336,6.0,6.666666666666667,1.6,0.8,1.737424,0.6936026,6.0,7.4,2.0,0.7,1.9651609999999997,0.7835031,5.7,8.8,1.3469437999999998,0.9141492,1,6,0.643127,2.39949,1,0,1,9,7.0,0,1.0,2.0,1.0335473333333332,2.1239699999999995,6.666666666666667,13.0,0.8,2.6,1.066985,2.518288,6.0,13.4,0.8,2.1,1.2150737,2.4059090000000003,5.1,13.5,1.3000972000000002,2.553162
2023-11-05,Nott'm Forest,Aston Villa,2,0,J Gillett,1445.822908584698,1584.0341966048481,4.2,3.75,1.85,2,0,0.592447,1.33116,1,0,0,6,7.0,0,0.6666666666666666,1.6666666666666667,1.7128513333333333,1.727427333333333,4.666666666666667,12.333333333333334,0.6,1.6,1.3335959999999998,1.6561484,4.2,12.0,0.9,1.5,1.0887373,1.6251323,3.6,12.1,1.5669124,1.5725962,0,2,1.33116,0.592447,1,0,10,9,7.0,0,2.6666666666666665,1.0,2.4113833333333337,0.9583530000000001,8.0,9.666666666666666,3.0,0.8,2.0552799999999998,1.1600818,7.2,11.8,2.6,1.4,2.0773353,1.5322898999999999,6.1,11.5,1.5778766,2.128709
2023-11-05,Luton,Liverpool,1,1,A Madley,1447.4790965026339,1605.8991311119073,12.0,6.5,1.22,1,1,1.3411,3.03925,1,0,4,7,7.0,0,1.0,2.0,0.9322616666666667,2.9105000000000003,3.6666666666666665,12.333333333333334,1.2,1.8,1.167513,2.6610952,4.8,12.2,0.9,2.0,1.3909746,2.483245,5.6,11.9,1.6605370000000002,1.321985,1,1,3.03925,1.3411,1,0,7,13,7.0,0,2.3333333333333335,0.6666666666666666,2.500083333333334,0.9892188333333328,7.0,12.666666666666666,2.2,1.0,2.553172,1.3389332999999999,6.6,13.4,2.3,0.9,2.3734791,1.27886525,6.7,11.6,1.7232702,1.7023766000000002
2023-11-06,Tottenham,Chelsea,1,4,M Oliver,1581.974603894387,1456.6672462901888,2.0,3.75,3.5,1,4,0.959108,4.05865,1,2,1,12,10.0,0,1.6666666666666667,0.3333333333333333,1.6679343333333332,0.7185966666666667,3.6666666666666665,9.333333333333334,1.8,0.8,1.8807386000000001,1.124336,5.4,11.6,2.4,0.9,2.0088043000000004,1.3316412,4.7,10.5,1.8271639999999998,1.1549954,4,1,4.05865,0.959108,5,0,6,21,9.0,0,2.0,1.6666666666666667,1.8040166666666668,1.4986406666666667,5.0,9.0,1.6,1.2,1.7187639999999997,1.304019,4.2,9.6,1.3,1.1,1.923094,1.2473766000000002,5.5,10.7,1.7299680000000002,1.9611650000000005
2023-11-11,Man United,Luton,1,0,G Scott,1569.22252330278,1450.2384368323642,1.33,5.25,9.5,1,0,2.74105,0.408265,0,0,11,9,7.0,0,1.0,1.3333333333333333,0.9017609999999997,2.25115,6.0,11.333333333333334,0.8,1.0,1.0199272000000001,1.7758088,6.6,11.2,1.0,1.5,1.4230636,1.7949528000000001,6.9,10.6,1.4620498000000002,1.9321248,0,1,0.408265,2.74105,2,0,3,11,6.0,0,1.3333333333333333,2.0,1.096589,3.1304266666666667,3.3333333333333335,9.333333333333334,1.0,1.8,1.1336929999999998,2.5381912,4.4,11.6,0.9,1.7,1.3364906,2.350422,5.3,11.4,1.0763316,3.0354059999999996
2023-11-11,Bournemouth,Newcastle,2,0,C Kavanagh,1401.2604270406055,1588.9911278010547,4.75,4.0,1.73,2,0,2.78424,0.306141,2,0,6,10,7.0,0,1.3333333333333333,3.0,0.9206789999999998,1.8688599999999997,4.666666666666667,11.0,0.8,3.2,0.8776424,2.56912,5.4,11.8,0.8,2.6,1.1283614,2.4975180000000003,4.2,13.5,0.9144169999999999,2.1878420000000003,0,2,0.306141,2.78424,1,0,5,4,7.0,0,2.3333333333333335,0.6666666666666666,2.39226,0.8289386666666667,4.333333333333333,12.0,2.2,0.8,2.448118,0.844002,4.0,12.2,1.9,1.1,2.0846213999999996,0.9743669,4.2,12.5,1.3958848,1.2723676000000002
2023-11-11,Wolves,Tottenham,2,1,T Robinson,1469.1902932108676,1567.0951703253495,3.1,3.75,2.2,2,1,1.90884,0.432315,4,0,11,19,14.0,0,1.6666666666666667,1.3333333333333333,1.6434176666666664,1.718146666666667,7.333333333333333,14.0,1.6,1.2,1.2734444,1.67524,4.6,15.4,1.3,1.7,1.3857935000000001,2.055697,4.1,13.7,1.3053482,2.219886,1,2,0.432315,1.90884,3,0,3,15,5.0,0,1.6666666666666667,1.6666666666666667,1.1944803333333331,1.788774,2.0,11.0,1.6,1.2,1.6302282,1.4674859999999998,4.8,10.2,2.1,1.2,1.9014000999999996,1.6183551999999999,4.5,11.2,2.0478466,1.1804948
2023-11-11,Arsenal,Burnley,3,1,M Oliver,1626.147736837578,1430.8573854982328,1.18,7.0,17.0,3,1,2.63194,0.327706,0,1,3,8,7.0,0,1.0,1.0,0.6599803333333335,1.2333336666666666,7.666666666666667,10.333333333333334,1.8,1.0,1.6794082000000004,1.3112207999999999,8.0,10.6,1.8,0.9,1.7388805999999999,1.0690665000000001,8.7,9.9,1.7425376000000004,1.1703924,1,3,0.327706,2.63194,1,0,3,9,7.0,0,0.3333333333333333,2.3333333333333335,1.0318263333333333,1.8979666666666668,7.333333333333333,11.0,0.8,2.4,0.9944653999999999,1.8400280000000002,7.0,10.0,0.8,2.4,0.9813915999999999,1.9066128000000002,6.2,10.8,0.825077,1.9157810000000002
2023-11-11,Crystal Palace,Everton,2,3,S Barrott,1480.6397975764035,1436.657289225494,2.45,3.2,3.0,2,3,1.89194,1.7904,1,0,9,9,7.0,0,1.0,2.0,1.028771333333333,2.0740876666666668,6.666666666666667,14.333333333333334,0.8,1.2,1.0517831999999998,1.7994785999999998,5.4,11.6,0.9,1.3,1.1207356,1.6148302,4.3,11.8,1.0630312,1.2195741999999998,3,2,1.7904,1.89194,4,0,2,18,7.0,0,0.6666666666666666,1.0,0.4817308333333332,1.1155823333333335,3.3333333333333335,11.666666666666666,1.2,1.0,1.6527565000000002,1.1677357999999998,4.2,11.4,0.9,1.3,1.6271317499999998,1.4442384,4.9,11.5,1.3067561,1.8022795999999999
2023-11-12,Liverpool,Brentford,3,0,P Tierney,1603.139790782177,1538.1592180541963,1.4,5.0,6.5,3,0,1.56004,1.44954,1,0,6,16,7.0,0,2.0,0.3333333333333333,2.6764033333333335,0.6922954999999996,9.0,10.333333333333334,1.8,1.0,2.3324979999999997,1.2993972999999999,6.6,13.6,2.3,0.9,2.5474100999999996,1.21971725,7.0,11.7,3.023688,0.8553538999999999,0,3,1.44954,1.56004,2,0,8,12,8.0,0,2.6666666666666665,0.6666666666666666,2.48922,1.3887296666666666,3.3333333333333335,11.0,2.0,1.0,2.050274,1.2520132,5.2,12.0,1.7,1.2,1.9947808999999999,1.3846935,4.8,10.8,1.8735276000000003,1.1426092
2023-11-12,Aston Villa,Fulham,3,1,S Hooper,1571.8203640775514,1472.225299607328,1.57,4.2,5.5,3,1,2.86039,0.648745,2,0,2,4,7.0,0,2.3333333333333335,1.3333333333333333,2.24971,0.5683953333333333,8.0,9.666666666666666,2.8,1.2,2.0945539999999996,1.0391392,7.0,11.4,2.5,1.1,2.0618513,1.1593266,6.6,10.7,2.576794,0.9358708,1,3,0.648745,2.86039,5,0,2,17,8.0,0,0.3333333333333333,1.3333333333333333,0.8269236666666666,1.2174283333333333,5.666666666666667,10.333333333333334,0.2,1.2,0.7825664000000001,1.201851,5.4,12.2,0.6,1.6,0.9965298,1.8757594999999998,5.0,10.3,0.8310252,1.7119900000000001
2023-11-12,Chelsea,Man City,4,4,A Taylor,1471.5466798592265,1667.119424491902,5.0,3.7,1.73,4,4,3.47238,3.19324,5,0,3,12,6.0,0,2.0,1.6666666666666667,2.498346666666667,1.4994626666666664,6.0,13.333333333333334,2.4,1.2,2.291062,1.2688826,4.4,12.0,1.6,1.1,2.135701,1.2132934,5.7,12.3,2.066432,1.2580622,4,4,3.19324,3.47238,3,0,3,15,8.0,0,3.6666666666666665,0.6666666666666666,2.635983,0.7738293333333335,8.666666666666666,7.0,2.4,1.0,1.9493540000000003,0.6764062,7.2,8.0,2.6,0.7,2.086461,0.7039228,6.5,8.8,2.5871942,0.5963669999999999
2023-11-12,West Ham,Nott'm Forest,3,2,M Salisbury,1452.2399948184695,1458.0367411119948,1.85,3.6,4.0,3,2,2.06402,1.42128,2,0,9,9,8.0,0,1.0,2.6666666666666665,1.0110833333333331,1.6348943333333328,4.666666666666667,12.0,1.2,2.6,1.100675,2.2051906,4.4,12.0,1.6,2.0,1.3772727,2.1692563,4.3,11.5,1.327581,1.8235822,2,3,1.42128,2.06402,2,0,4,12,7.0,0,1.3333333333333333,1.6666666666666667,1.503317,1.8436633333333328,2.3333333333333335,10.333333333333334,1.0,1.2,1.3062635999999999,1.6544124,3.0,9.8,1.0,1.4,1.1043381,1.6574623,3.2,11.4,0.9406054000000001,2.0678044
2023-11-25,Man City,Liverpool,1,1,C Kavanagh,1663.4040143236987,1609.6900905251382,1.73,4.2,4.2,1,1,1.79622,0.766278,1,0,9,9,13.0,0,4.333333333333333,1.6666666666666667,3.37956,1.6100450000000002,9.0,9.0,3.0,1.4,2.391852,1.2360852000000002,6.6,8.6,2.7,1.1,2.1657110000000004,1.0200576,6.3,9.5,1.5857278000000001,0.8114785999999998,1,1,0.766278,1.79622,3,0,6,11,13.0,0,2.3333333333333335,0.3333333333333333,2.4345233333333334,1.1442179999999995,7.0,12.666666666666666,2.2,0.6,2.419908,1.1516593,6.8,13.4,2.3,0.8,2.3779660999999996,1.22600125,6.6,12.2,2.0711322,1.5840805999999998
2023-11-25,Burnley,West Ham,1,2,S Barrott,1427.1172240409223,1460.6924347804772,3.4,3.5,2.05,1,2,1.44228,1.36963,1,0,4,11,14.0,0,0.6666666666666666,2.3333333333333335,0.9100186666666668,1.722996666666667,6.666666666666667,10.0,0.6,2.8,0.8759653999999999,2.0603000000000002,6.4,10.6,0.8,2.4,0.9511017,1.8861158000000002,6.1,10.5,1.1377062,1.8974446,2,1,1.36963,1.44228,3,0,5,7,13.0,0,1.6666666666666667,2.0,1.4792159999999999,1.3281776666666663,5.333333333333333,10.0,1.6,2.4,1.205723,1.6609226,5.4,11.2,1.8,2.1,1.4353346999999999,2.1603593,4.8,11.0,1.6262864000000001,2.342046
2023-11-25,Luton,Crystal Palace,2,1,J Gillett,1444.9779769106622,1467.7332094782537,3.6,3.3,2.1,2,1,0.996153,1.83546,6,0,4,15,14.0,0,0.6666666666666666,1.6666666666666667,0.7341606666666668,2.95228,3.6666666666666665,9.333333333333334,0.8,1.6,0.90923,2.9023600000000003,3.6,11.0,0.9,1.5,1.3307430000000002,2.283108,5.2,11.3,1.5966496,1.665438,1,2,1.83546,0.996153,1,0,5,12,14.0,0,1.6666666666666667,1.6666666666666667,1.2967679999999997,1.4264343333333336,7.0,13.333333333333334,1.0,1.8,1.1921412,1.8467426,6.4,11.8,1.1,1.5,1.2030135999999998,1.5732772000000002,5.1,11.3,1.17844,2.0100862
2023-11-25,Newcastle,Chelsea,4,1,S Hooper,1575.4718836387221,1475.2620900274298,2.55,3.5,2.63,4,1,2.15227,0.968061,4,0,4,13,14.0,0,1.0,1.3333333333333333,1.2498536666666666,1.3943686666666668,4.0,11.0,1.8,1.2,1.8923142,1.2404802,4.0,11.6,1.4,1.2,1.6830274999999997,1.1041909,4.1,11.7,2.2127399999999997,0.7830142,1,4,0.968061,2.15227,4,1,2,19,13.0,0,2.6666666666666665,2.3333333333333335,3.0830133333333336,2.2112393333333333,6.333333333333333,15.0,2.8,2.0,2.588616,1.729654,4.8,12.0,1.9,1.2,2.322023,1.3613834,5.1,12.6,2.2049700000000003,1.1685246
2023-11-25,Nott'm Forest,Brighton,2,3,A Taylor,1449.5843011499871,1543.986548792654,3.2,3.6,2.15,2,3,2.22655,1.21792,2,0,6,12,13.0,0,1.3333333333333333,2.0,0.885247,2.033153333333333,2.3333333333333335,10.333333333333334,1.2,1.6,1.4304561999999998,1.7154924,3.6,11.0,1.1,1.5,1.1498356,1.7796022999999999,3.3,11.4,1.3027498,1.1766362,3,2,1.21792,2.22655,4,1,4,7,21.0,0,1.0,1.3333333333333333,0.9087273333333333,0.7108796666666667,4.0,9.333333333333334,1.2,2.4,1.3372483999999998,1.3100778000000002,4.6,12.2,2.0,1.9,1.6623152,1.5405849999999999,5.3,11.7,1.6458223999999997,1.3791474
2023-11-25,Brentford,Arsenal,0,1,T Robinson,1531.6089183112354,1629.8878982948884,4.5,3.75,1.75,0,1,1.66315,1.82699,1,0,1,9,13.0,0,1.6666666666666667,1.6666666666666667,1.9201166666666662,1.6777,4.333333333333333,10.333333333333334,1.8,1.4,1.9884580000000003,1.4039578000000001,4.6,12.4,1.4,1.5,1.7928469,1.5007076000000001,5.1,10.8,2.1160342,1.6267778,1,0,1.82699,1.66315,1,0,8,7,14.0,0,1.6666666666666667,1.3333333333333333,1.4084410000000005,1.056545333333333,7.0,10.333333333333334,2.0,0.8,1.7372162000000002,0.9344299999999999,6.4,9.8,1.9,0.9,1.9178126,1.0052066,8.2,9.5,1.7352236,0.9677406
2023-11-26,Tottenham,Aston Villa,1,2,R Jones,1556.0084882903404,1577.5248087243515,2.3,3.8,2.8,1,2,2.22542,2.39755,0,0,9,11,15.0,0,1.3333333333333333,2.3333333333333335,0.7935086666666665,2.1764413333333334,2.0,12.666666666666666,1.4,1.4,1.2790452,1.6246559999999999,3.0,11.0,2.0,1.2,1.7993156000000003,1.6184832,4.2,11.4,1.7876556000000001,1.9053916000000002,2,1,2.39755,2.22542,4,0,3,13,14.0,0,2.0,1.3333333333333333,2.422696666666667,0.5647696666666666,6.0,8.0,2.2,1.2,2.28514,0.8232502,7.2,8.4,2.4,1.2,2.0235543,1.1520546,6.1,10.3,1.5469085999999999,1.3827824000000004
2023-11-26,Everton,Man United,0,3,J Brooks,1449.5638773236437,1574.482983224482,2.7,3.4,2.55,0,3,2.49764,2.07334,3,0,6,10,15.0,0,1.6666666666666667,1.0,1.0472733333333333,0.9843356666666668,2.6666666666666665,14.666666666666666,1.6,1.0,1.2800825,1.2440837999999999,4.0,13.4,1.2,1.4,1.54717075,1.4752884,4.1,12.1,1.9234574000000002,1.0278611999999998,3,0,2.07334,2.49764,0,0,5,8,15.0,0,0.6666666666666666,1.0,1.3842576666666664,2.045541666666667,7.333333333333333,11.0,0.8,1.0,1.4000826,1.670373,7.8,10.6,1.0,1.5,1.5000816000000001,1.6635513000000004,7.2,10.1,1.3334694,1.4764693999999998
2023-11-27,Fulham,Wolves,3,2,M Salisbury,1466.520854960528,1480.2769752458767,2.38,3.3,3.0,3,2,2.49057,1.57875,2,0,6,13,15.0,0,0.6666666666666666,1.6666666666666667,0.7945593333333333,1.625815,4.666666666666667,11.333333333333334,0.4,1.8,0.8037798,1.699457,5.4,12.6,0.6,1.9,0.9032603,1.9027974999999997,4.8,11.4,1.2367844,1.8630970000000002,2,3,1.57875,2.49057,2,0,2,13,16.0,0,2.0,1.3333333333333333,1.6922576666666664,1.2568583333333334,10.333333333333334,14.0,1.8,1.2,1.5026156,1.3135009999999998,6.6,15.8,1.5,1.7,1.4044495,1.9018415000000002,4.5,14.6,1.4662388,1.891508
2023-12-02,Brentford,Luton,3,1,A Taylor,1522.706239491813,1453.9100738534642,1.45,4.5,6.5,3,1,3.25952,0.227176,1,0,7,10,7.0,0,1.0,2.0,1.6473766666666663,1.7140266666666666,4.333333333333333,11.0,1.6,1.2,2.11607,1.5106438,3.8,10.8,1.3,1.5,1.8643608,1.5773456,4.4,10.8,2.259062,1.7800538,1,3,0.227176,3.25952,2,0,5,8,7.0,0,1.0,1.0,0.9151726666666669,2.5385866666666668,3.6666666666666665,11.0,1.2,1.6,0.9388369999999998,2.793558,3.4,10.8,1.0,1.4,1.2281143,2.344126,4.7,12.0,1.0648364,2.900778
2023-12-02,Arsenal,Wolves,2,1,P Bankes,1638.7905771143107,1471.600176468824,1.25,5.5,12.0,2,1,3.30368,1.07886,1,0,4,10,7.0,0,1.3333333333333333,0.6666666666666666,1.6648010000000004,1.0381353333333332,7.333333333333333,8.0,1.4,0.8,1.2877741999999999,1.1381713999999998,6.8,9.2,1.9,0.9,1.8799185999999999,1.0646056,8.2,9.2,2.1004016,1.0426726,1,2,1.07886,3.30368,2,0,0,10,5.0,0,2.0,2.0,1.4503276666666665,1.7475850000000002,7.0,15.0,1.8,1.6,1.6835685999999999,1.615465,7.0,14.8,1.6,1.6,1.2935035,1.8353365,4.2,14.5,1.4375328,1.995448
2023-12-02,Newcastle,Man United,1,0,R Jones,1581.1619106679439,1582.6359074003624,1.91,3.75,3.8,1,0,2.90191,0.422674,1,0,7,6,7.0,0,1.6666666666666667,1.0,1.1939870000000001,1.4292580000000001,3.0,10.333333333333334,2.2,1.0,1.9270381999999997,1.2478234,4.4,10.6,1.8,1.2,1.8725390999999998,1.078469,4.5,11.9,2.3191200000000003,0.8054022,0,1,0.422674,2.90191,2,0,3,13,6.0,0,1.6666666666666667,0.0,1.8371616666666661,1.3627716666666665,6.666666666666667,10.666666666666666,1.4,0.8,1.5039346,1.931871,6.8,10.2,1.3,1.3,1.4628116000000002,1.6594113,7.1,10.1,1.4045714,1.8128528
2023-12-02,Nott'm Forest,Everton,0,1,P Tierney,1440.571254015275,1441.4109531477634,2.75,3.25,2.6,0,1,0.673085,0.623789,1,0,4,15,7.0,0,2.0,2.0,1.4134256666666667,1.5376999999999998,3.3333333333333335,10.0,1.6,2.2,1.6315562,1.762586,3.4,11.0,1.1,1.5,1.2764552,1.5985912999999998,3.6,11.5,1.5201198000000002,1.3221802,1,0,0.623789,0.673085,0,0,3,14,6.0,0,1.3333333333333333,2.0,1.6352156666666666,1.4692563333333333,3.6666666666666665,14.333333333333334,1.0,1.6,1.1466465,1.4624053999999997,3.6,12.6,1.2,1.3,1.72478825,1.3582864,4.1,11.9,1.1708840999999999,1.9227156
2023-12-03,Liverpool,Fulham,4,3,S Attwell,1612.8509716049543,1475.1976537375806,1.25,6.5,9.0,4,3,2.72831,1.51005,0,0,3,6,8.0,0,1.6666666666666667,0.6666666666666666,1.7885226666666671,1.528953333333333,6.333333333333333,13.333333333333334,2.0,0.4,2.0711056,1.0645293,7.8,11.6,2.2,0.8,2.3689818,1.24358625,6.3,12.3,2.6848,0.8679219,3,4,1.51005,2.72831,0,0,4,7,6.0,0,1.3333333333333333,2.0,1.440575,1.7120783333333334,5.666666666666667,13.0,1.0,1.8,1.1240172,1.6182849999999998,5.0,12.2,0.9,1.8,1.1123274,1.7137845000000003,4.9,11.4,0.7908108,1.6378920000000001
2023-12-03,West Ham,Crystal Palace,1,1,M Oliver,1471.45153821053,1458.8011125354517,2.0,3.5,3.8,1,1,1.1466,0.987682,2,0,2,17,8.0,0,2.3333333333333335,2.0,1.7295666666666663,1.5643333333333331,5.666666666666667,10.0,1.6,2.2,1.29338,1.5536486,5.6,10.4,1.7,2.1,1.4010637,2.1436713,5.0,10.5,1.244383,1.9786726000000001,1,1,0.987682,1.1466,0,0,3,7,8.0,0,1.6666666666666667,1.6666666666666667,1.72131,1.4287843333333334,5.0,11.0,1.2,2.2,1.3627428,1.8017632,6.8,12.8,1.1,1.6,1.2804986,1.5780914000000001,5.0,11.0,1.3334100000000002,2.0197146
2023-12-03,Bournemouth,Aston Villa,2,2,T Bramall,1414.779671202938,1588.6279503124415,3.4,4.0,1.95,2,2,2.54937,0.89511,5,0,7,16,22.0,0,1.6666666666666667,2.3333333333333335,1.5092956666666666,1.2027269999999997,5.666666666666667,9.333333333333334,1.2,2.4,1.3056018,1.8155082,5.4,11.6,0.9,2.3,1.2681154,2.2026841,4.6,13.2,1.3745486,1.7968402,2,2,0.89511,2.54937,3,0,7,12,7.0,0,1.6666666666666667,1.3333333333333333,2.196366666666667,1.1555373333333334,5.0,8.666666666666666,2.4,1.2,2.401414,0.9158702000000002,5.8,9.2,2.3,1.2,1.9796182999999998,1.3115361,5.8,10.5,1.4590366,1.7017454
2023-12-03,Chelsea,Brighton,3,2,C Pawson,1469.5720629982081,1552.9995959273663,1.73,4.2,4.2,3,2,1.66304,0.855058,3,1,5,16,8.0,0,3.0,3.0,2.8330303333333333,2.101539333333333,3.6666666666666665,17.333333333333332,2.2,2.6,2.3870962,1.9687796000000002,4.6,14.2,1.7,1.6,2.0774101,1.5300363000000001,4.7,13.0,2.07807,1.8035619999999999,2,3,0.855058,1.66304,5,0,8,12,8.0,0,1.6666666666666667,1.3333333333333333,0.9934563333333334,1.1322266666666667,4.666666666666667,8.0,1.6,1.6,1.2351944,1.3738958000000001,4.8,9.4,1.9,2.0,1.4685452,1.494419,5.4,11.3,1.2582824000000001,1.2868154
2023-12-03,Man City,Tottenham,3,3,S Hooper,1660.2431332438825,1544.9053467022504,1.29,6.0,9.0,3,3,2.90729,0.433077,4,0,10,14,8.0,0,3.6666666666666665,2.0,2.4629833333333333,1.6272616666666666,8.0,10.666666666666666,3.2,1.4,2.5794818000000004,1.3120292,7.6,9.0,2.7,1.2,2.222805,1.07097,6.9,9.2,1.6999158,0.9133033999999999,3,3,0.433077,2.90729,4,0,8,14,7.0,0,1.0,2.6666666666666665,1.2056143333333333,2.788346666666667,4.333333333333333,12.666666666666666,1.4,1.8,1.2482351999999999,1.9345423999999998,3.6,11.8,1.9,1.4,1.7679535999999998,1.6136342,4.6,11.6,1.6820795999999998,1.4655464
2023-12-05,Wolves,Burnley,1,0,J Gillett,1467.3431159489803,1416.3581206108695,1.85,3.6,4.2,1,0,1.11886,0.781542,2,0,6,11,3.0,1,1.6666666666666667,2.0,1.52215,2.075521666666667,4.333333333333333,14.0,1.8,1.8,1.5468765999999998,1.9129649999999998,6.6,13.0,1.6,1.8,1.2611615,1.9759125000000002,4.2,14.1,1.1494742,1.675225,0,1,0.781542,1.11886,4,0,8,15,10.0,0,0.6666666666666666,2.3333333333333335,1.0899286666666668,1.8127000000000002,6.333333333333333,9.666666666666666,0.6,2.4,0.9730930000000001,1.939094,5.8,10.6,0.7,2.1,0.9287257,1.7832937999999998,5.8,10.1,0.7290880000000001,2.30101
2023-12-05,Luton,Arsenal,3,4,S Barrott,1447.4561574341672,1643.0476376341544,17.0,7.0,1.18,3,4,0.526254,2.58815,2,0,3,14,3.0,1,1.0,1.6666666666666667,0.5438646666666668,2.61201,4.0,11.333333333333334,1.0,1.8,0.6851621999999999,2.790364,4.0,10.2,1.1,1.6,1.1051269000000001,2.4943739999999996,5.0,11.4,1.3913922,1.787474,4,3,2.58815,0.526254,1,0,8,7,3.0,1,2.0,0.6666666666666666,2.587536666666667,1.0232386666666666,5.0,8.333333333333334,1.6,1.0,1.8711986,1.1823291999999999,6.6,9.6,1.9,0.8,1.8871986,1.0875099000000001,7.8,9.6,1.6594355999999997,1.0865386
2023-12-06,Fulham,Nott'm Forest,5,0,J Smith,1470.3431045130353,1428.8847518913158,2.0,3.4,3.75,5,0,3.09427,0.218659,0,0,6,7,3.0,1,2.3333333333333335,3.0,1.549788333333333,2.38915,4.0,12.333333333333334,1.6,2.2,1.2768595999999999,1.836901,4.8,10.8,1.0,2.0,1.1783507,1.6635275,5.0,11.6,1.3438603999999998,1.8372770000000003,0,5,0.218659,3.09427,1,0,1,10,4.0,0,1.3333333333333333,2.3333333333333335,1.4403050000000002,1.3019096666666663,4.666666666666667,13.0,1.2,2.0,1.1110752,1.5882337999999998,3.4,11.6,1.0,1.6,1.2287137,1.4325282,4.0,12.1,1.0327906,1.8750024
2023-12-06,Brighton,Brentford,2,1,P Bankes,1542.3263174348374,1529.16015591111,1.91,3.8,3.75,2,1,1.54099,1.22007,3,0,7,10,3.0,1,2.0,2.0,0.838489,1.5023989999999998,5.0,8.0,1.6,1.8,0.9598319999999999,1.2044458000000002,4.8,9.4,2.0,2.0,1.416621,1.365453,4.5,11.5,1.678808,1.7020226,1,2,1.22007,1.54099,1,0,3,8,4.0,0,1.0,1.6666666666666667,2.1240699999999997,1.2047353333333335,5.333333333333333,10.333333333333334,1.6,1.4,2.1366039999999997,1.4174532,4.2,10.0,1.4,1.4,1.8831278,1.3890502,4.6,11.2,1.4696596000000002,1.3746374
2023-12-06,Aston Villa,Man City,1,0,J Brooks,1585.463588965679,1655.5853709478256,4.75,4.2,1.7,1,0,2.1922,1.00198,2,0,6,13,3.0,1,2.3333333333333335,1.3333333333333333,2.051016666666667,1.8078450000000001,4.0,9.666666666666666,2.0,1.4,2.11215,1.2938198,5.6,9.8,2.5,1.1,2.0075790000000002,1.2933351,6.2,11.0,2.5002,0.9213267999999999,0,1,1.00198,2.1922,2,0,0,13,3.0,1,2.6666666666666665,2.6666666666666665,2.63225,1.557245,7.333333333333333,12.666666666666666,3.4,1.8,2.968438,1.205898,9.2,10.0,2.5,1.4,2.313382,0.9678507,7.5,9.4,2.7456942,1.2286366
2023-12-06,Man United,Chelsea,2,1,C Kavanagh,1574.304666797812,1480.245341490737,2.88,3.4,2.45,2,1,4.03949,2.3512,4,0,12,12,4.0,0,1.3333333333333333,0.3333333333333333,1.7456879999999997,1.9359383333333333,6.333333333333333,10.0,1.0,0.8,1.3297573999999999,2.307235,6.0,10.8,1.0,1.2,1.202276,1.8535669,6.3,10.1,1.4046538,1.821707,1,2,2.3512,4.03949,0,0,4,12,3.0,1,2.6666666666666665,3.3333333333333335,2.0344936666666666,2.066856,3.3333333333333335,15.666666666666666,2.4,2.6,2.3760282,1.9282092000000002,5.2,16.0,2.0,1.7,2.0152721,1.5004921,4.4,13.6,2.0767502,1.2565106
2023-12-06,Crystal Palace,Bournemouth,0,2,C Pawson,1460.8622067748433,1417.9440325497005,2.25,3.5,3.1,0,2,1.26441,1.79997,1,0,3,10,3.0,1,1.3333333333333333,2.0,1.5716939999999997,1.3110510000000002,5.666666666666667,9.333333333333334,1.4,1.6,1.3426892000000001,1.2844111999999999,5.8,11.8,0.9,1.5,1.1463318,1.5788404,4.9,10.5,1.2275871999999999,1.1364682,2,0,1.79997,1.26441,3,0,9,17,3.0,1,1.6666666666666667,2.6666666666666665,1.9922456666666666,1.2002469999999998,4.666666666666667,11.666666666666666,1.6,2.2,1.6191293999999998,1.3615662,5.4,11.8,1.1,2.3,1.4746941999999998,2.0660800999999998,4.7,13.0,1.3423057999999999,2.807194
2023-12-07,Everton,Newcastle,3,0,T Robinson,1453.0974552717225,1589.4931512704943,3.25,3.25,2.25,3,0,2.95393,1.29564,3,0,5,18,5.0,0,1.3333333333333333,1.6666666666666667,1.6372763333333333,1.5461216666666668,3.6666666666666665,14.0,1.2,1.2,1.2526498,1.1398863999999997,3.4,13.6,1.3,1.2,1.59737515,1.2853669,3.7,12.3,2.0434014,1.1620732,0,3,1.29564,2.95393,0,0,2,8,5.0,0,1.6666666666666667,1.0,1.7867736666666667,1.3916583333333337,5.333333333333333,7.666666666666667,1.6,1.0,1.7607481999999997,1.1147681999999999,4.6,10.4,1.8,1.0,2.0006931000000003,1.0351243,4.7,10.9,1.1533149999999999,1.4253676
2023-12-07,Tottenham,West Ham,1,2,M Salisbury,1549.5631089983074,1469.3904439711384,1.75,4.2,4.2,1,2,1.61268,1.7409,3,0,8,11,4.0,0,1.6666666666666667,2.3333333333333335,1.0302706666666668,2.40456,6.666666666666667,13.333333333333334,1.6,2.4,1.0078045999999998,2.3668328,4.6,12.6,2.0,1.7,1.5851463,1.8560050000000001,5.2,11.9,1.9094056000000001,2.1542136,2,1,1.7409,1.61268,3,0,4,12,4.0,0,2.0,1.3333333333333333,1.5267499999999998,1.2837473333333331,5.333333333333333,11.0,1.6,1.6,1.3907756,1.282899,4.6,10.8,1.5,2.1,1.2204536999999998,2.1050095000000004,4.8,11.3,1.3096723999999997,2.355642
2023-12-09,Crystal Palace,Liverpool,1,2,A Madley,1447.98368954382,1617.7055208294996,6.0,4.5,1.5,1,2,1.79152,1.3708,5,1,6,17,3.0,1,0.6666666666666666,1.6666666666666667,1.362517333333333,1.3142410000000002,3.6666666666666665,9.666666666666666,1.2,1.6,1.4832044,1.4465846,4.2,10.0,0.8,1.4,1.1610768,1.5273194,5.0,10.6,1.0145992,1.2686402,2,1,1.3708,1.79152,2,0,5,17,6.0,0,2.6666666666666665,1.3333333333333333,1.6848760000000003,1.5852699999999995,5.0,11.0,2.4,1.0,2.1596316,1.3477848,6.0,11.0,2.3,1.1,2.3686748,1.33304095,5.9,11.7,2.0531636,1.6192505999999998
2023-12-09,Brighton,Burnley,1,1,S Hooper,1550.2510140745874,1409.4481298703672,1.5,4.75,6.0,1,1,2.96247,1.05162,0,0,9,5,3.0,1,2.3333333333333335,2.0,1.204656,1.70322,6.333333333333333,9.666666666666666,1.8,1.6,1.0752834,1.2559580000000001,5.8,9.2,1.9,2.0,1.438462,1.396984,4.7,11.1,1.712146,1.3554966,1,1,1.05162,2.96247,4,0,1,8,4.0,0,0.6666666666666666,2.0,0.8505093333333335,1.7068100000000002,5.0,11.666666666666666,0.6,2.0,0.9907756000000001,1.531496,6.4,11.2,0.6,2.1,0.9261148,1.8246003000000002,6.2,10.6,0.7250266,1.90775
2023-12-09,Man United,Bournemouth,0,3,P Bankes,1580.1399275824062,1430.8225497807239,1.55,4.33,5.75,0,3,1.11296,1.9742,3,0,10,7,3.0,1,1.6666666666666667,0.6666666666666666,2.178501333333333,2.583583333333333,6.666666666666667,11.0,1.4,0.4,1.9947297999999996,1.8682850000000002,7.0,11.4,1.1,1.0,1.5096140999999998,1.8977139,7.2,10.6,2.0685616,1.904131,3,0,1.9742,1.11296,1,0,4,10,3.0,1,2.0,0.6666666666666666,2.37786,0.8218869999999997,7.333333333333333,14.333333333333334,1.8,1.8,1.7754454,1.1535402,6.6,12.2,1.1,2.1,1.4436782,1.8853361,5.4,13.4,1.4249597999999999,2.40918
2023-12-09,Wolves,Nott'm Forest,1,1,S Barrott,1474.2531066894826,1421.7246871164007,1.85,3.6,4.33,1,1,1.02199,1.21801,0,0,4,9,4.0,0,1.3333333333333333,1.6666666666666667,1.2588233333333332,2.191930666666667,2.6666666666666665,11.333333333333334,1.6,1.6,1.3097406,1.8655953999999997,5.4,13.2,1.5,1.5,1.2591364999999999,1.8211316999999998,4.6,14.0,1.2654796,1.2661314000000001,1,1,1.21801,1.02199,1,0,3,11,3.0,1,0.6666666666666666,3.0,1.0394313333333334,1.645326333333333,3.6666666666666665,12.333333333333334,1.2,2.4,1.0264042,1.6662317999999998,3.0,11.0,0.9,2.0,1.1800001,1.6611901,3.6,11.5,0.8464224,2.0369724000000002
2023-12-09,Aston Villa,Arsenal,1,0,J Gillett,1595.7548348785879,1649.3317626622404,3.3,3.6,2.1,1,0,0.628499,1.71667,4,0,3,16,3.0,1,1.6666666666666667,1.0,1.828286666666667,1.9255900000000004,5.333333333333333,12.666666666666666,1.6,1.2,1.9352820000000002,1.4035924000000002,5.6,10.2,2.3,1.0,1.9952809999999999,1.2818371000000002,6.4,11.0,2.4756039999999997,0.8983308000000001,0,1,1.71667,0.628499,2,0,3,11,4.0,0,2.3333333333333335,1.3333333333333333,2.5729400000000004,1.0894213333333331,6.666666666666667,8.0,2.0,1.2,2.1772466,0.9439040000000001,6.8,8.2,2.0,1.0,1.9550405999999998,1.0435244,7.4,9.5,2.0165446,1.1351554
2023-12-10,Everton,Chelsea,2,0,M Oliver,1465.261534895705,1474.4100807061427,3.1,3.5,2.25,2,0,1.11437,0.885512,2,0,4,12,3.0,1,1.3333333333333333,1.0,2.0251196666666664,1.3473550000000003,4.666666666666667,14.0,1.6,1.2,1.6966732,1.2752987999999998,3.8,15.0,1.6,1.1,1.86445115,1.3346703999999998,4.1,12.9,2.5775534,1.2606802,0,2,0.885512,1.11437,2,0,8,12,4.0,0,1.6666666666666667,2.6666666666666665,1.6607670000000005,2.3489393333333335,3.6666666666666665,15.666666666666666,2.6,2.6,2.5026661999999997,2.2398332000000005,4.0,16.0,2.1,1.9,2.1107151,1.7719261,4.1,12.8,2.2676362,1.7993786
2023-12-10,Fulham,West Ham,5,0,P Tierney,1477.5031692879504,1483.2194089190348,2.38,3.5,2.9,5,0,2.1884,0.983,2,0,3,5,4.0,0,3.6666666666666665,2.0,2.3649633333333333,1.508573,5.333333333333333,9.0,2.4,2.0,1.7852089999999996,1.6166408,5.4,10.6,1.4,1.5,1.3413507,1.4852414,5.1,11.1,1.8827345999999998,1.1872327999999999,0,5,0.983,2.1884,1,0,6,10,3.0,1,1.6666666666666667,1.0,1.419043333333333,1.347547333333333,3.6666666666666665,12.0,2.0,1.6,1.61524,1.4586724,4.6,11.8,1.5,2.1,1.2720156999999999,2.0640335,4.6,11.2,1.4127964,2.2736899999999998
2023-12-10,Luton,Man City,1,2,T Robinson,1441.1720324060811,1645.2941250349168,17.0,8.0,1.14,1,2,0.689037,2.23353,2,0,6,16,5.0,0,2.0,2.6666666666666665,0.5831943333333335,2.5610433333333336,4.0,12.333333333333334,1.4,2.0,0.6997895999999999,2.692686,3.8,11.0,1.3,1.9,0.9336513,2.6768906,4.3,11.6,1.048441,2.1525072,2,1,2.23353,0.689037,1,0,3,6,4.0,0,1.3333333333333333,1.6666666666666667,1.9018299999999997,1.1305183333333335,6.333333333333333,12.0,2.8,2.0,2.259644,1.5014124,6.8,11.8,2.2,1.4,1.9985339999999998,1.0975075,6.4,9.6,2.1159982,1.4879501999999998
2023-12-10,Tottenham,Newcastle,4,1,C Kavanagh,1535.734144050411,1577.329071646512,2.15,3.8,3.1,4,1,4.40118,1.61368,1,0,3,10,3.0,1,1.6666666666666667,2.3333333333333335,1.423725666666667,2.34858,8.333333333333334,12.0,1.4,2.6,1.13252,2.602646,5.8,12.6,1.6,1.7,1.5066293,1.8634910000000002,5.6,12.1,1.7241336,2.0131856,1,4,1.61368,4.40118,3,0,6,12,3.0,1,1.6666666666666667,1.3333333333333333,2.1166066666666667,1.448221666666667,4.333333333333333,9.0,1.2,1.2,1.5559021999999998,1.5328756000000001,3.6,9.0,1.7,1.0,2.0397811,1.1982593,4.6,10.0,1.3610121999999998,1.7710975999999998
2023-12-15,Nott'm Forest,Tottenham,0,2,J Gillett,1424.8548227430574,1545.2048984561786,4.2,4.2,1.73,0,2,1.70569,1.60738,2,0,6,16,6.0,0,0.3333333333333333,2.3333333333333335,0.7032513333333333,1.580016333333333,2.6666666666666665,12.0,1.0,2.6,1.1515168,1.6043977999999999,3.6,12.0,1.0,1.9,1.2288902,1.6294051,3.3,10.9,1.5135778,1.2854078,2,0,1.60738,1.70569,4,1,4,11,5.0,0,2.6666666666666665,2.0,2.148979,2.08729,6.333333333333333,11.666666666666666,2.0,2.0,1.8209344,2.1136519999999996,6.2,12.2,1.8,1.6,1.7255813,1.790569,5.5,11.2,1.2891249999999999,1.7137964
2023-12-16,Newcastle,Fulham,3,0,S Barrott,1567.8583172407443,1485.9533476579195,1.8,3.8,4.0,3,0,4.27933,0.471042,0,0,5,7,6.0,0,0.6666666666666666,2.3333333333333335,1.9370766666666668,2.592594666666667,5.0,8.666666666666666,1.2,2.0,1.6539281999999997,2.3060169999999998,4.8,8.6,1.7,1.4,2.0510230999999997,1.5750095,4.4,10.4,2.59925,0.7632014,0,3,0.471042,4.27933,2,1,1,12,6.0,0,4.333333333333333,1.3333333333333333,2.2642399999999996,1.3099896666666666,4.333333333333333,6.333333333333333,3.4,1.8,1.9864069999999998,1.6738218,4.2,9.8,1.8,1.5,1.3844866999999998,1.4378364,4.8,11.0,0.7999668,1.78325
2023-12-16,Burnley,Everton,0,2,A Taylor,1414.659920528817,1473.8082748027498,3.6,3.4,2.1,0,2,0.811435,2.22305,0,0,8,9,7.0,0,0.6666666666666666,1.3333333333333333,1.091814,1.8169866666666667,4.333333333333333,11.333333333333334,0.6,1.8,1.0205895999999999,1.903886,5.6,10.4,0.7,2.1,0.9377324,2.03682,5.4,10.8,1.3000412000000001,1.6039885999999999,2,0,2.22305,0.811435,1,0,6,8,6.0,0,2.0,0.0,1.5640296666666664,0.9514123333333334,4.0,14.666666666666666,1.8,1.0,1.7960258,1.3639033999999997,4.0,14.4,1.5,1.0,1.72439115,1.2658196,4.1,12.9,1.1513489,1.4086606
2023-12-16,Man City,Crystal Palace,2,2,P Tierney,1651.3685766296342,1441.0407765815594,1.18,8.0,13.0,2,2,2.41646,1.64977,1,0,6,12,6.0,0,1.6666666666666667,1.6666666666666667,2.0476,1.1047713333333335,4.333333333333333,11.0,2.0,2.0,2.226452,1.5105944,5.0,11.4,2.2,1.5,2.087903,1.0935003,6.1,9.7,1.8810698000000001,0.7070647999999999,2,2,1.64977,2.41646,1,0,1,9,7.0,0,0.6666666666666666,1.6666666666666667,1.3478706666666662,1.4391233333333335,4.0,11.333333333333334,1.0,2.0,1.5542024,1.4207846,5.2,11.0,0.9,1.6,1.3029928,1.6101316,5.3,11.3,1.3075544000000001,1.7859985999999999
2023-12-17,Brentford,Aston Villa,1,2,D Coote,1521.23545927136,1605.5699850577575,3.2,3.75,2.1,1,2,0.796812,1.4664,6,1,7,19,11.0,0,1.3333333333333333,1.3333333333333333,2.0475799999999995,1.1983853333333334,3.6666666666666665,9.0,1.4,1.8,1.884344,1.3820492000000002,4.6,10.2,1.5,1.5,1.941767,1.3930232,4.6,10.8,2.296596,1.403463,2,1,1.4664,0.796812,4,1,12,6,8.0,0,1.3333333333333333,0.6666666666666666,1.2386030000000003,1.7560066666666667,5.333333333333333,13.666666666666666,1.8,0.8,1.7947498,1.6284370000000004,4.2,11.6,2.3,1.0,1.9446518999999998,1.3337881,5.6,11.5,1.5149579999999998,1.6653434000000005
2023-12-17,Arsenal,Brighton,2,0,T Robinson,1639.5166124830707,1545.0392234161375,1.44,5.0,6.0,2,0,2.76976,0.663054,1,0,10,11,8.0,0,2.0,1.6666666666666667,2.536166666666667,0.7445376666666665,5.0,9.333333333333334,2.0,1.2,2.413486,0.8448938,5.2,8.6,1.9,1.1,2.0464471,1.0780572999999998,6.6,9.6,2.1149616,1.0884812,0,2,0.663054,2.76976,3,0,1,9,8.0,0,1.6666666666666667,1.6666666666666667,1.7861726666666666,1.3115766666666666,8.0,9.0,1.8,1.6,1.4037853999999998,1.3557774000000002,6.2,7.8,1.7,2.0,1.540801,1.4301509,5.5,10.7,1.041478,1.4754332
2023-12-17,Liverpool,Man United,0,0,M Oliver,1624.6484337917602,1564.751922961964,1.3,6.0,8.0,0,0,1.97111,0.632715,2,0,12,13,8.0,0,2.3333333333333335,1.6666666666666667,1.6217960000000005,1.699263333333333,4.666666666666667,11.333333333333334,2.2,1.2,1.8929356,1.5776860000000001,5.4,12.6,2.2,1.1,2.2230538,1.45830965,6.0,13.0,2.6841860000000004,1.0468313,0,0,0.632715,1.97111,4,1,0,8,8.0,0,0.6666666666666666,1.6666666666666667,1.8583746666666665,2.409103333333333,8.333333333333334,10.666666666666666,1.2,1.0,2.0779028,2.026643,8.2,9.8,1.0,1.0,1.548915,1.9012259,7.4,10.5,0.9998982,1.8854267999999998
2023-12-17,West Ham,Wolves,3,0,C Kavanagh,1474.7692305490657,1471.1229710628259,2.15,3.5,3.3,3,0,1.03828,0.556206,3,0,6,12,7.0,0,1.0,2.3333333333333335,1.2901666666666662,1.5962539999999994,4.0,13.0,1.6,2.0,1.46083,1.5304644,5.2,11.0,1.4,2.3,1.2807525,1.8678275,4.8,11.5,1.131235,1.8543770000000002,0,3,0.556206,1.03828,1,0,6,15,8.0,0,1.0,1.0,1.0732366666666664,1.7677440000000004,3.3333333333333335,10.0,1.4,1.4,1.34146,1.6452233999999997,4.6,12.4,1.5,1.3,1.3074522,1.6602317,4.6,13.9,1.3728487999999999,2.2766
2023-12-21,Crystal Palace,Brighton,1,1,J Brooks,1447.5567286993698,1539.213903384502,3.3,3.3,2.15,1,1,1.65409,1.33653,5,0,3,12,5.0,0,1.0,2.0,1.5685666666666664,1.86241,3.3333333333333335,12.0,1.0,1.8,1.5057684000000002,1.5459965999999998,3.6,11.0,1.0,1.8,1.3489548,1.6963696,5.0,11.4,1.2984312,1.4342646000000001,1,1,1.33653,1.65409,2,0,1,11,4.0,0,1.0,1.3333333333333333,1.7221713333333335,1.6804833333333333,5.666666666666667,8.0,1.6,1.8,1.4478984000000001,1.7862080000000002,5.8,8.6,1.4,2.1,1.3925733999999999,1.5481429,5.2,10.4,0.8284508,1.6478932
2023-12-23,West Ham,Man United,2,0,S Hooper,1482.9575641041101,1568.0720614049803,2.6,3.6,2.6,2,0,1.51468,0.730496,2,0,4,13,6.0,0,1.6666666666666667,2.0,1.2540599999999997,1.4524286666666661,5.333333333333333,11.333333333333334,1.6,1.6,1.255682,1.3574496,4.6,11.6,1.6,2.0,1.2307025,1.5091861,5.0,11.4,1.1597646000000001,1.1355262,0,2,0.730496,1.51468,3,0,4,15,6.0,0,0.6666666666666666,1.3333333333333333,1.9283883333333334,2.0988366666666662,7.333333333333333,9.0,1.0,1.0,1.6562358,2.3392120000000003,6.0,9.6,0.9,1.0,1.5281592,2.0047924999999998,6.9,10.1,0.9332193999999999,1.8977028
2023-12-23,Fulham,Burnley,0,2,R Welch,1479.8247809882985,1404.6354082434946,1.67,3.75,5.25,0,2,1.38096,0.41714,2,0,8,5,7.0,0,3.3333333333333335,1.0,1.917904,1.8269963333333334,3.3333333333333335,8.0,3.2,1.8,1.9508664,1.9576098000000002,4.0,8.8,1.8,1.8,1.3773231000000001,1.8285334,4.7,10.7,1.9690066000000002,1.0924228,2,0,0.41714,1.38096,1,0,6,17,7.0,0,0.3333333333333333,1.3333333333333333,0.8815323333333334,2.10146,5.666666666666667,10.666666666666666,0.6,1.8,0.8829166,2.06119,4.8,10.4,0.7,2.1,0.938691,1.950609,5.9,10.2,0.7513094,2.194128
2023-12-23,Luton,Newcastle,1,0,D England,1435.0975808113637,1573.9868839103653,4.75,4.2,1.65,1,0,1.81844,1.41488,2,0,6,11,13.0,0,1.6666666666666667,3.0,0.4808223333333335,2.6937333333333338,4.666666666666667,12.666666666666666,1.4,2.2,0.569377,2.531542,4.2,12.8,1.2,2.0,0.8515349999999999,2.5348666,4.3,12.2,0.8801323999999999,2.415172,0,1,1.41488,1.81844,1,0,7,5,7.0,0,1.3333333333333333,2.3333333333333335,2.3962166666666667,2.6087173333333333,4.333333333333333,9.0,1.8,1.6,2.4485659999999996,1.8433774,4.8,9.2,1.8,1.4,2.1704401,1.5419288,4.4,10.4,1.5027962,2.3868175999999997
2023-12-23,Nott'm Forest,Bournemouth,2,3,R Jones,1416.5745759942706,1446.210554401166,2.75,3.4,2.55,2,3,0.791806,1.89067,0,1,6,10,8.0,0,0.3333333333333333,2.6666666666666665,1.047453,1.9078799999999996,3.3333333333333335,12.333333333333334,0.6,2.4,1.2083987999999999,1.5130697999999998,4.0,12.8,0.9,2.0,1.3194275000000002,1.6142811,3.8,11.9,1.6946524,1.2551598,3,2,1.89067,0.791806,3,0,6,10,14.0,0,2.3333333333333335,0.6666666666666666,2.1078466666666666,1.0908266666666664,6.666666666666667,14.333333333333334,2.0,1.6,1.9501814,1.1956222,5.4,12.4,1.4,2.1,1.5085832,1.8569550999999997,5.7,12.9,1.3977738,2.017402
2023-12-23,Tottenham,Everton,2,1,S Attwell,1553.4851452049654,1483.8327870880723,1.75,4.2,4.0,2,1,1.57527,1.98385,1,0,3,6,8.0,0,2.3333333333333335,1.0,2.5404133333333334,1.6867566666666667,5.0,10.666666666666666,2.2,1.6,2.0559474,2.073022,6.4,11.4,1.8,1.5,1.6674962999999998,1.848839,4.7,11.2,2.1667236,2.1113236,1,2,1.98385,1.57527,4,0,8,18,7.0,0,2.3333333333333335,0.0,2.0971166666666665,0.9975290000000001,5.0,12.666666666666666,1.6,0.6,1.8825558,1.1478024,4.8,12.4,1.6,0.8,1.5813191500000001,1.1959430999999998,4.4,12.9,1.0929649000000001,1.2561436000000001
2023-12-23,Liverpool,Arsenal,1,1,C Kavanagh,1621.328295348744,1645.3419325147063,2.38,3.6,2.8,1,1,0.982901,0.851681,2,0,4,13,6.0,0,2.0,1.3333333333333333,2.023406666666667,1.311428333333333,6.666666666666667,12.0,2.0,1.0,1.6793076,1.436009,6.4,12.6,1.9,1.0,2.0059028000000003,1.36770315,6.5,13.1,2.249884,0.8656183000000001,1,1,0.851681,0.982901,5,0,5,14,6.0,0,2.0,1.3333333333333333,2.358193333333334,0.6059356666666665,7.0,9.666666666666666,1.8,1.0,2.4410499999999997,0.9119634,6.6,9.2,1.9,0.9,2.0891331,0.9231966999999999,6.5,9.5,1.5450386,1.1319666
2023-12-24,Wolves,Chelsea,2,1,D Coote,1462.9346375077814,1465.8633407990978,3.75,3.75,1.91,2,1,1.74626,1.75447,3,0,10,11,7.0,0,0.6666666666666666,1.3333333333333333,0.8990186666666665,1.012610666666667,5.333333333333333,11.666666666666666,1.0,1.8,1.0709332,1.7664164,3.6,11.6,1.4,1.5,1.2867744,1.5399587000000001,5.1,13.7,1.3350806000000002,1.3135834,1,2,1.75447,1.74626,5,0,6,9,14.0,0,1.3333333333333333,2.0,1.633250666666667,2.002972666666667,5.666666666666667,13.333333333333334,1.8,2.8,1.8680385999999998,2.2708856,4.4,14.2,2.1,2.0,2.0795503,1.7698841,4.4,13.1,2.0478166,1.8443759999999998
2023-12-26,Bournemouth,Fulham,3,0,T Robinson,1457.0822829524811,1466.1188858380417,2.15,3.6,3.2,3,0,2.07911,0.324365,0,0,6,10,3.0,1,2.6666666666666665,0.6666666666666666,1.88828,1.0563919999999996,6.333333333333333,12.333333333333334,2.4,0.8,2.19969,0.8740853999999999,6.4,12.6,1.6,2.0,1.5386662,1.7216027,5.9,12.2,1.6193926,1.6965081999999998,0,3,0.324365,2.07911,2,0,5,10,3.0,1,1.6666666666666667,1.6666666666666667,1.3468006666666668,1.8931566666666668,4.0,7.333333333333333,2.6,1.8,1.7289444,1.7252878000000003,4.4,7.2,1.8,1.8,1.4264808,1.6717863999999998,4.7,9.7,0.7856396,2.564644
2023-12-26,Newcastle,Nott'm Forest,1,3,C Kavanagh,1561.754501011258,1405.7028474429555,1.5,4.33,5.75,1,3,2.79106,3.1074,3,0,10,10,3.0,1,1.3333333333333333,1.6666666666666667,2.4359633333333335,2.2302206666666673,6.0,8.0,1.0,1.6,2.3010879999999996,2.0134532,5.4,7.6,1.6,1.3,2.1140631,1.6306383,4.9,9.1,2.838084,0.69704,3,1,3.1074,2.79106,3,0,2,11,3.0,1,1.0,2.0,1.238502,1.5066799999999996,5.0,12.333333333333334,0.6,2.4,0.9214500000000001,1.6476198,4.0,12.4,1.1,2.3,1.2765031,1.7051029,3.7,11.7,0.9442026,1.9734024
2023-12-26,Man United,Aston Villa,3,2,C Pawson,1557.3504644507339,1614.8707241746445,2.6,3.5,2.6,3,2,1.20104,1.83637,1,0,3,10,3.0,1,0.0,1.6666666666666667,0.8253903333333333,1.8199966666666665,4.666666666666667,10.0,0.4,1.4,1.387667,2.14262,5.8,11.0,0.9,1.1,1.4458008,2.0372455,6.3,10.6,1.9803375999999997,2.0609409999999997,2,3,1.83637,1.20104,3,0,6,10,9.0,0,1.3333333333333333,0.3333333333333333,1.4290330000000004,1.1718206666666666,7.0,11.666666666666666,1.6,0.8,1.5159517999999998,1.6580504,6.2,12.0,1.9,1.0,1.9005458999999998,1.2406503,6.7,10.2,1.58128,1.5852738000000002
2023-12-26,Burnley,Liverpool,0,2,P Tierney,1418.3413033937513,1620.2962127291532,6.5,5.25,1.4,0,2,0.972389,1.68451,2,0,4,7,3.0,1,1.0,1.0,0.7600650000000001,2.188826666666667,5.0,11.333333333333334,0.8,1.2,0.9008034,1.8109940000000002,5.4,12.0,0.7,2.0,0.8883844000000002,1.935647,5.9,11.3,1.1291202,1.5690286,2,0,1.68451,0.972389,1,0,4,10,3.0,1,1.0,0.6666666666666666,1.4416036666666667,1.0919719999999995,7.0,14.333333333333334,1.6,1.2,1.5638798,1.3164372,6.0,12.0,1.9,0.9,1.9918938999999998,1.23404825,6.4,12.7,1.7619216000000002,1.8697879999999998
2023-12-27,Brentford,Wolves,1,4,A Madley,1511.934720154473,1471.3066101793947,1.95,3.5,4.2,1,4,2.59347,1.89483,1,0,8,5,10.0,0,1.6666666666666667,1.6666666666666667,1.7588006666666665,1.0781886666666667,5.666666666666667,12.333333333333334,1.0,1.8,1.6778184,1.3243192000000001,5.2,11.6,1.5,1.4,1.8640462,1.2881662000000003,5.2,11.8,2.1411544000000005,1.193749,4,1,1.89483,2.59347,1,0,2,14,3.0,1,1.0,1.6666666666666667,1.1081519999999998,1.3369200000000003,6.666666666666667,11.666666666666666,1.0,1.4,1.1044352,1.6191964000000003,5.2,11.2,1.4,1.5,1.3940019,1.6173307000000001,6.1,13.0,1.256268,2.0183860000000005
2023-12-27,Chelsea,Crystal Palace,2,1,M Salisbury,1457.4913681274845,1448.4653821992533,1.67,4.0,5.0,2,1,2.73005,0.958077,3,0,4,13,3.0,1,0.6666666666666666,2.0,1.6637273333333333,2.3000399999999996,6.0,11.0,1.2,2.4,1.5244566,1.9814896000000002,5.0,13.6,2.0,2.2,2.0565363000000003,1.8555717999999999,4.9,12.8,1.9537940000000003,1.7444735999999998,1,2,0.958077,2.73005,2,0,3,16,6.0,0,1.3333333333333333,1.6666666666666667,1.6984599999999996,1.7079300000000002,3.3333333333333335,12.666666666666666,1.0,1.6,1.4694943999999999,1.6140719999999997,3.2,11.0,1.1,1.9,1.4161186000000001,1.7079176,5.0,11.9,1.3994784,1.9584746
2023-12-27,Everton,Man City,1,3,J Brooks,1477.400396204498,1644.8526245118237,5.75,4.0,1.57,1,3,1.23529,2.28321,4,0,8,13,4.0,0,1.6666666666666667,0.6666666666666666,1.7737566666666666,1.0907390000000001,6.0,12.666666666666666,1.8,0.4,1.7797978,1.0481883999999997,5.2,14.0,1.4,1.0,1.46322215,1.2552968999999998,4.4,13.3,2.0696734,1.1357426,3,1,2.28321,1.23529,2,0,4,5,11.0,0,1.3333333333333333,1.3333333333333333,1.88399,1.510335666666667,3.0,10.333333333333334,1.6,1.6,2.071096,1.1460724000000002,5.6,10.8,2.3,1.5,2.231474,1.1910788,6.1,9.7,2.3665542000000004,1.4909606
2023-12-28,Brighton,Tottenham,4,2,J Gillett,1538.3052498846184,1559.9175360885397,2.5,3.6,2.6,4,2,3.84702,2.06955,3,0,7,18,7.0,0,0.6666666666666666,1.3333333333333333,1.654018,1.8251566666666668,3.6666666666666665,8.333333333333334,1.2,1.6,1.4716204000000002,1.6717160000000004,5.2,9.4,1.4,1.6,1.3534073999999998,1.5228059,5.0,9.4,2.040124,1.3848686000000001,2,4,2.06955,3.84702,2,0,6,6,5.0,0,2.6666666666666665,0.6666666666666666,2.5279433333333334,1.7677399999999999,3.3333333333333335,9.0,2.4,1.4,1.9259174000000001,1.9902819999999999,5.2,10.4,1.9,1.6,1.5870763,1.9624122,4.4,11.1,1.168269,1.5863544
2023-12-28,Arsenal,West Ham,0,2,M Oliver,1646.374015134297,1493.6791610583566,1.33,5.5,7.5,0,2,2.7884,1.59711,2,0,10,8,5.0,0,1.0,0.6666666666666666,1.7793703333333335,0.7581513333333332,6.0,12.0,1.8,1.2,2.2459882,0.7759136000000001,6.0,10.6,1.6,1.0,1.7668812000000003,0.9570425,6.4,9.9,2.2869676,1.0278702000000002,2,0,1.59711,2.7884,0,0,3,8,5.0,0,1.6666666666666667,1.6666666666666667,1.178653333333333,1.1583673333333329,5.333333333333333,11.666666666666666,1.6,1.4,1.2846920000000002,1.2150928,4.4,12.8,1.6,1.8,1.289036,1.3843707,5.0,11.6,1.3016404,1.882846
2023-12-30,Luton,Chelsea,2,3,P Tierney,1447.329963710471,1465.530373628255,6.5,4.2,1.5,2,3,2.64093,1.57463,2,0,7,14,7.0,0,1.6666666666666667,2.0,1.0112436666666669,2.0788533333333334,5.0,13.666666666666666,1.6,2.0,0.8514120000000001,2.266308,4.8,12.8,1.2,1.8,0.880321,2.5843339999999997,4.2,11.9,1.0741968,2.2222540000000004,3,2,1.57463,2.64093,2,0,2,21,3.0,1,1.0,1.6666666666666667,1.7900106666666666,1.2729023333333334,6.0,11.333333333333334,1.4,1.8,1.8768543999999998,1.7426510000000004,5.4,12.4,1.8,2.2,2.1319752999999997,1.8557153,5.0,13.3,2.0035786,2.0022996
2023-12-30,Nott'm Forest,Man United,2,1,T Robinson,1421.2269720603572,1567.2790930002027,3.2,3.6,2.15,2,1,0.744348,0.651905,2,0,4,9,4.0,0,1.6666666666666667,2.0,1.8682986666666668,2.09637,4.666666666666667,12.333333333333334,1.2,2.4,1.4083130000000001,2.081074,3.6,11.6,1.2,2.2,1.2596941,1.8346539,3.5,11.6,1.1979156,1.3341838,1,2,0.651905,0.744348,4,0,5,11,4.0,0,1.0,1.3333333333333333,0.8547503333333335,1.774053333333333,2.3333333333333335,11.0,1.0,1.6,1.5433402,1.9295119999999997,5.8,10.4,1.0,1.2,1.4365488000000002,2.1183735,5.9,10.6,0.9112640000000001,2.01355
2023-12-30,Aston Villa,Burnley,3,2,S Attwell,1604.9420956251756,1412.2139586030498,1.36,5.25,7.5,3,2,2.92587,1.11923,4,0,6,9,4.0,0,1.6666666666666667,1.3333333333333333,1.3104230000000003,1.238174,7.0,10.666666666666666,1.6,1.2,1.4037158,1.4531744,6.8,11.4,2.0,1.2,1.9025649000000002,1.1845223,6.3,10.3,2.2198117999999996,0.8960267999999999,2,3,1.11923,2.92587,1,1,2,14,4.0,0,0.6666666666666666,1.3333333333333333,0.7336546666666667,1.76284,6.0,11.0,0.6,1.2,0.8068251999999999,1.87397,5.4,11.2,0.6,1.8,0.8899591000000001,1.906532,5.6,10.9,0.6961115999999999,1.8389499999999999
2023-12-30,Wolves,Everton,3,0,T Bramall,1484.1245615153148,1470.3981462417878,2.63,3.3,2.7,3,0,2.64477,0.519641,2,0,5,9,3.0,1,2.0,1.6666666666666667,1.3990986666666665,1.7954066666666673,6.0,13.333333333333334,1.6,1.2,1.2676292,1.4771544,5.6,12.0,1.7,1.5,1.4072529,1.6950597000000003,6.1,12.5,1.3318686,1.3012413999999999,0,3,0.519641,2.64477,3,0,2,14,3.0,1,1.3333333333333333,1.6666666666666667,1.8140633333333334,1.5566383333333336,7.333333333333333,13.0,1.8,1.0,1.9020979999999998,1.3702133999999997,6.2,13.8,1.5,1.1,1.5773739,1.2550499,4.8,13.7,1.4709804,1.1140615999999999
2023-12-30,Crystal Palace,Brentford,3,1,R Jones,1440.426376698483,1499.116768818553,2.2,3.3,3.4,3,1,1.61057,1.28731,0,0,7,14,3.0,1,1.3333333333333333,1.6666666666666667,1.4206456666666663,2.1610133333333335,2.3333333333333335,12.333333333333334,1.0,1.8,1.4635734,1.930762,3.2,12.8,1.2,1.7,1.4031313,1.6075865999999999,4.5,12.3,1.4327588,1.4573606,1,3,1.28731,1.61057,1,0,4,10,3.0,1,1.0,2.6666666666666665,1.5367839999999997,1.6340733333333333,6.0,10.666666666666666,1.2,2.0,1.9066043999999998,1.3912772,5.2,10.2,1.5,1.7,1.9475311999999998,1.3976175,4.9,11.3,1.5869380000000004,1.3825834000000001
2023-12-31,Fulham,Arsenal,2,1,J Smith,1457.5752997125821,1630.917381655303,5.25,4.5,1.55,2,1,1.52829,1.6591,4,0,5,11,5.0,0,0.0,2.6666666666666665,0.7254556666666666,2.2585266666666666,4.666666666666667,9.0,2.0,1.6,1.4918074000000001,1.5954478,4.6,7.8,1.8,1.9,1.3843334999999999,1.7161743999999999,4.7,9.3,2.067322,0.7789288000000001,1,2,1.6591,1.52829,1,0,4,10,3.0,1,1.0,1.0,2.136613666666667,1.0810216666666665,8.333333333333334,11.0,1.4,1.4,2.1429321999999997,0.8795636,7.2,10.2,1.5,1.2,2.0070654,1.0309464,6.9,9.9,1.5037928,0.9848708
2023-12-31,Tottenham,Bournemouth,3,1,S Hooper,1551.0179490894589,1465.6258690779407,1.75,4.2,4.0,3,1,2.15027,1.58229,3,0,4,9,3.0,1,2.0,1.6666666666666667,1.7507333333333335,2.5121866666666666,4.333333333333333,7.666666666666667,2.2,1.6,2.253212,2.178228,4.8,8.8,1.9,2.0,1.6305083,2.2725304,4.7,10.7,2.1547316000000003,2.3589259999999994,1,3,1.58229,2.15027,3,0,13,18,5.0,0,3.0,0.6666666666666666,1.9813266666666667,0.7430436666666663,5.333333333333333,10.0,2.6,0.8,2.0586640000000003,0.8777301999999999,6.4,12.6,1.9,1.6,1.6821328999999998,1.3466192,5.9,12.1,1.4579398,1.7466972000000003
2024-01-01,Liverpool,Newcastle,4,2,A Taylor,1626.4235575198547,1546.2303763938564,1.45,4.5,7.0,4,2,6.67151,0.910974,3,0,7,16,6.0,0,1.0,0.3333333333333333,1.546173666666667,0.8189283333333329,6.666666666666667,12.0,1.8,1.0,1.7475262,1.151671,5.6,11.8,1.9,0.7,1.9093159,1.1081001499999998,6.7,11.7,1.9893282000000003,1.0172,2,4,0.910974,6.67151,5,0,3,15,6.0,0,1.3333333333333333,1.3333333333333333,2.8284233333333333,1.798960666666667,7.333333333333333,7.333333333333333,1.0,2.2,2.278918,2.5503983999999997,6.0,8.4,1.3,1.6,2.0198331000000005,1.8325833,5.3,9.4,1.3900422,2.5642366
2024-01-02,West Ham,Brighton,0,0,S Barrott,1509.1357945373506,1547.2048368836993,2.45,3.75,2.75,0,0,0.9831,2.1552,1,0,2,4,5.0,0,2.3333333333333335,0.0,1.3833566666666666,1.358367333333333,4.333333333333333,11.0,1.8,1.2,1.374794,1.5752364,4.6,11.0,1.7,1.4,1.3827848,1.4290676999999998,4.6,10.9,1.2764316,0.8858954000000001,0,0,2.1552,0.9831,0,0,0,6,5.0,0,1.6666666666666667,1.6666666666666667,1.948868,2.1644666666666663,3.0,12.666666666666666,1.6,1.4,2.0700127999999998,1.7530180000000002,5.0,10.6,1.6,1.6,1.5149224000000001,1.4787319,4.9,10.0,0.9030102,1.7862094
2024-01-12,Burnley,Luton,1,1,T Harrington,1408.4287414865478,1436.1326459816278,2.0,3.6,3.6,1,1,1.52023,0.965167,1,0,2,7,13.0,0,1.3333333333333333,1.6666666666666667,0.8362530000000001,1.9971133333333333,4.0,12.666666666666666,1.0,1.6,0.8743627999999999,2.2353720000000004,4.2,11.0,0.8,1.8,0.9325692,1.883434,5.3,11.1,1.1365092,1.737876,1,1,0.965167,1.52023,0,0,8,12,13.0,0,1.3333333333333333,1.6666666666666667,1.716135666666667,1.7410133333333333,6.333333333333333,13.666666666666666,1.6,2.4,1.1803674000000002,2.214142,5.4,12.6,1.4,2.0,1.0596022,2.5038500000000004,4.4,11.7,0.8188616,3.201274
2024-01-13,Chelsea,Fulham,1,0,A Taylor,1476.7276913570981,1470.7265443690012,1.6,4.2,5.25,1,0,2.0456,0.697847,5,0,6,13,14.0,0,2.0,1.6666666666666667,2.019716666666667,1.7817556666666665,4.0,14.333333333333334,1.4,1.8,1.8591723999999996,2.0998254000000003,4.8,13.4,1.9,2.2,2.1176003,2.0140173,5.0,14.7,2.2603720000000003,1.709131,0,1,0.697847,2.0456,1,0,4,9,13.0,0,0.6666666666666666,2.0,1.0778716666666666,1.3851166666666668,6.0,8.666666666666666,1.4,1.8,1.1786113999999999,1.883536,4.4,8.6,1.9,1.9,1.4819102000000002,1.7500883999999999,4.9,9.6,0.701345,2.6534199999999997
2024-01-13,Newcastle,Man City,2,3,C Kavanagh,1540.0598452579911,1651.854874474534,5.5,4.33,1.55,2,3,1.23638,2.55452,1,0,3,7,12.0,0,1.0,2.6666666666666665,1.7056379999999998,3.8657833333333342,6.666666666666667,10.0,1.4,2.4,2.2019848,3.2939144,6.2,9.8,1.3,1.8,1.8789435,2.413395,4.9,9.4,2.649624,1.10093,3,2,2.55452,1.23638,2,0,13,7,17.0,0,2.3333333333333335,1.3333333333333333,2.3110666666666666,1.1913656666666668,4.333333333333333,7.666666666666667,2.0,1.6,2.168494,1.2398748000000002,4.6,10.0,2.6,1.5,2.3739879000000004,1.275952,6.1,9.5,2.6515820000000003,1.660707
2024-01-14,Everton,Aston Villa,0,0,D Coote,1462.4888753233502,1608.7273127416777,2.8,3.5,2.45,0,0,1.03664,1.3435,1,0,4,13,15.0,0,0.6666666666666666,2.6666666666666665,1.246260333333333,2.16775,6.0,15.0,1.2,1.6,1.4152402,1.6400393999999998,5.6,13.0,1.4,1.4,1.5559567,1.4576691,4.7,14.0,1.6837674,1.3960382,0,0,1.3435,1.03664,4,0,5,14,15.0,0,2.3333333333333335,2.0,2.0762133333333335,1.0390273333333333,8.0,8.333333333333334,1.8,1.2,1.8098678,1.1671464,6.6,10.8,1.9,1.3,1.9610089000000002,1.2304831000000003,6.1,10.3,1.5853179999999998,1.4730178000000003
2024-01-14,Man United,Tottenham,2,2,J Brooks,1554.8517467147649,1557.061524769547,2.2,3.75,3.0,2,2,0.923233,1.31224,2,0,8,8,15.0,0,1.3333333333333333,2.0,0.861147,1.3651326666666665,4.0,12.0,0.8,1.8,0.8658232,1.6081416000000002,4.4,10.2,1.1,1.1,1.4302765,1.7382133,5.7,10.8,1.9618335999999998,2.223197,2,2,1.31224,0.923233,1,0,13,5,14.0,0,2.3333333333333335,2.0,1.9316966666666666,2.4710533333333333,4.333333333333333,7.0,2.6,1.4,2.36073,2.1465059999999996,4.0,8.4,2.0,2.0,1.7466250000000003,2.3745760000000002,4.9,10.5,1.1062850000000002,2.1861348
2024-01-20,Arsenal,Crystal Palace,5,0,P Tierney,1617.766136998884,1450.388683332224,1.3,5.75,9.0,5,0,3.52167,0.288083,0,0,6,8,20.0,0,0.6666666666666666,1.6666666666666667,1.7663936666666669,1.3694336666666667,6.333333333333333,10.666666666666666,0.8,1.2,1.9571222,1.0799708000000001,6.4,10.8,1.4,1.2,2.0671844,1.0119373999999999,6.6,9.5,2.3760676,0.9049602,0,5,0.288083,3.52167,0,0,7,12,21.0,0,1.6666666666666667,1.3333333333333333,1.4075789999999995,1.78463,4.333333333333333,14.0,1.6,1.6,1.5328054,1.82823,4.0,13.6,1.4,1.6,1.5080049,1.6374073,4.1,11.8,1.3735038000000002,1.7578126
2024-01-20,Brentford,Nott'm Forest,3,2,D England,1489.154462184812,1433.654318345795,1.91,3.6,4.0,3,2,1.94219,1.22251,1,0,6,10,21.0,0,1.0,3.0,1.5591973333333329,1.6572666666666667,6.333333333333333,11.333333333333334,1.4,2.4,1.8314364,1.3479932,5.8,10.4,1.5,1.8,1.9737532000000002,1.4293185000000002,4.8,10.6,2.0284784,1.4340892,2,3,1.22251,1.94219,3,0,4,14,21.0,0,2.3333333333333335,1.6666666666666667,1.5478513333333332,1.777878333333333,4.0,10.0,1.6,1.6,1.5134508,1.592601,4.2,11.4,1.4,2.0,1.2699275,1.6294163999999998,3.6,11.2,1.3214726,2.3351239999999995
2024-01-21,Bournemouth,Liverpool,0,4,A Madley,1459.5822933978525,1632.59408865572,4.2,4.5,1.7,0,4,0.834585,1.53344,1,0,8,9,21.0,0,2.3333333333333335,1.6666666666666667,1.8506900000000002,1.0888136666666661,8.333333333333334,12.666666666666666,2.4,1.0,1.865248,1.1287622,7.6,13.0,2.0,1.6,1.7421887000000003,1.2451642,6.5,12.4,1.906326,0.9465411999999999,4,0,1.53344,0.834585,2,0,5,12,20.0,0,2.3333333333333335,1.0,3.112973666666667,0.9116813333333328,5.0,13.0,1.8,0.8,2.5361662,1.0318558,6.4,13.8,2.1,0.9,2.3478989,1.1898202999999998,6.2,12.4,1.8742255999999997,1.6266197999999998
2024-01-22,Brighton,Wolves,0,0,C Pawson,1547.835223563489,1492.0338324337524,1.65,4.33,5.0,0,0,1.3701,1.14116,1,0,8,10,20.0,0,1.6666666666666667,1.0,2.44625,1.5689133333333334,2.6666666666666665,11.666666666666666,1.2,1.2,2.1928548,1.7056240000000003,3.6,9.8,1.5,1.4,1.6340691,1.480791,4.7,9.5,2.380462,1.4808105999999999,0,0,1.14116,1.3701,4,0,2,13,23.0,0,3.0,0.6666666666666666,2.0952866666666665,1.6225270000000005,5.666666666666667,11.333333333333334,2.0,1.2,1.5728111999999999,1.4247741999999999,5.4,11.6,1.8,1.4,1.4412759,1.6451847999999998,5.4,12.4,1.4826371999999999,2.0888780000000002
2024-01-30,Nott'm Forest,Arsenal,1,2,S Hooper,1426.8613988727768,1622.0195904719162,7.5,5.0,1.4,1,2,0.631618,1.39143,0,0,2,6,10.0,0,2.3333333333333335,1.6666666666666667,1.6914193333333334,1.7950516666666665,3.3333333333333335,11.333333333333334,1.8,2.0,1.5143508,1.7766410000000001,4.4,12.0,1.4,2.3,1.3329338,1.6905194,4.0,12.0,1.2282958000000002,1.1983328,2,1,1.39143,0.631618,1,0,11,7,10.0,0,2.0,1.3333333333333333,2.6563900000000005,1.1378276666666667,6.666666666666667,8.666666666666666,1.8,1.0,2.3181222000000004,1.0118875999999999,7.0,10.2,1.9,1.1,2.3658041,0.9283906999999999,6.1,9.4,1.7285182,1.0658188
2024-01-30,Fulham,Everton,0,0,T Bramall,1462.6036839234532,1464.9212676047282,2.45,3.2,3.0,0,0,2.37499,2.83317,1,0,15,6,17.0,0,0.6666666666666666,1.6666666666666667,0.8501673333333333,1.9279366666666666,4.666666666666667,10.0,0.4,2.0,0.8805007999999999,2.096056,4.6,9.4,1.9,1.9,1.4334539,1.8849388999999999,4.4,9.6,2.136498,0.9713298000000001,0,0,2.83317,2.37499,2,0,6,13,16.0,0,0.3333333333333333,2.0,0.9305236666666664,2.0904933333333333,4.666666666666667,13.333333333333334,0.8,1.6,1.3996942,1.7316369999999996,5.6,13.2,1.3,1.3,1.59786,1.5477702,4.8,13.8,1.428146,1.5192999999999999
2024-01-30,Luton,Brighton,4,0,R Jones,1437.0595341993026,1544.6203664091997,4.2,4.2,1.75,4,0,3.63312,1.01366,2,0,7,13,18.0,0,1.3333333333333333,1.3333333333333333,1.8081790000000002,1.5032466666666666,7.0,12.333333333333334,1.6,2.0,1.3279656,1.8662839999999998,6.0,13.4,1.3,1.9,1.0065639,2.328324,5.0,11.8,1.3341628,1.9293299999999998,0,4,1.01366,3.63312,2,0,4,14,8.0,0,1.3333333333333333,0.6666666666666666,2.4574399999999996,1.3979366666666666,5.0,11.333333333333334,1.0,1.0,1.8743807999999997,1.723532,3.4,10.8,1.4,1.3,1.6390831000000001,1.5396547,4.8,9.3,1.2455524,1.859308
2024-01-30,Aston Villa,Newcastle,1,3,J Brooks,1606.2949204602996,1531.5396794965302,1.85,4.0,3.8,1,3,1.44485,3.3224,4,0,8,14,16.0,0,1.6666666666666667,1.6666666666666667,2.035246666666667,1.11897,5.666666666666667,11.0,1.6,1.2,1.6401278000000001,1.1740784,6.4,11.0,1.6,1.2,1.7877049,1.2888354000000002,6.0,10.6,2.3366998000000003,0.9879484,3,1,3.3224,1.44485,1,0,7,12,17.0,0,1.6666666666666667,3.3333333333333335,1.6461379999999999,4.111143333333334,5.333333333333333,10.666666666666666,1.6,2.2,2.1265248,2.9245824,5.6,8.8,1.4,2.1,1.8902265,2.6152997,5.2,8.7,1.108263,3.72586
2024-01-31,Man City,Burnley,3,1,S Barrott,1660.375040235995,1407.501853268873,1.08,12.0,21.0,3,1,1.84756,1.49114,2,0,7,3,18.0,0,2.6666666666666665,1.6666666666666667,2.418063333333333,1.3738133333333336,7.666666666666667,8.0,2.0,1.4,2.09794,1.4005354000000003,5.2,8.6,2.7,1.6,2.533189,1.3032167000000001,7.2,9.3,2.0963938,0.891197,1,3,1.49114,1.84756,2,0,3,13,19.0,0,1.0,2.0,1.2039496666666667,1.8585156666666667,2.6666666666666665,9.333333333333334,1.0,1.6,0.9680848000000001,1.8359114,4.4,10.8,0.8,1.7,0.9943372,1.8698986999999998,5.0,10.6,0.7394475999999999,2.2040200000000003
2024-01-31,Tottenham,Brentford,3,2,D Coote,1558.7096891724777,1495.9473816578302,1.67,4.2,4.75,3,2,3.36194,1.59637,2,0,5,13,17.0,0,2.3333333333333335,2.3333333333333335,1.8440200000000002,2.1175143333333333,7.666666666666667,6.666666666666667,2.2,1.6,1.742942,2.0084165999999994,6.0,7.4,2.1,1.8,1.7819382000000001,2.0610343,6.1,9.8,2.392964,1.863654,2,3,1.59637,3.36194,3,0,3,15,11.0,0,1.6666666666666667,3.0,1.9409899999999995,1.57597,6.0,8.333333333333334,1.4,2.6,1.5679703999999999,1.54706,5.6,10.4,1.5,2.0,1.8522872000000004,1.4822566,4.9,10.2,1.4926760000000001,1.5446339999999998
2024-01-31,Liverpool,Chelsea,4,1,P Tierney,1639.4514089578893,1484.8505518026461,1.57,4.33,5.25,4,1,3.6627,0.477972,2,0,8,15,10.0,0,3.3333333333333335,0.6666666666666666,3.296486666666667,0.9059826666666662,5.333333333333333,12.666666666666666,2.2,0.6,2.5686942,0.8404688,6.4,12.8,2.2,0.9,2.2308149,1.2090774,5.9,12.7,2.7827742,1.070992,1,4,0.477972,3.6627,4,0,1,16,18.0,0,2.0,1.0,2.11676,1.4322846666666667,4.0,15.666666666666666,1.4,1.4,1.7980523999999996,1.4314968000000001,5.2,13.6,2.0,2.0,2.1503593,1.8356649999999999,4.6,14.8,1.5067746,2.338664
2024-02-01,West Ham,Bournemouth,1,1,T Robinson,1508.5054078575608,1452.7249730956833,2.4,3.75,2.75,1,1,1.3128,1.13487,1,0,1,13,30.0,0,1.3333333333333333,0.0,1.364963333333333,1.891365333333333,3.0,8.333333333333334,1.4,1.0,1.2232340000000002,1.6837404,4.2,9.4,1.7,1.3,1.419237,1.5712064,4.4,10.6,1.349336,1.1701728,1,1,1.13487,1.3128,3,0,5,11,11.0,0,1.3333333333333333,2.3333333333333335,1.4986616666666668,1.3360249999999994,9.0,12.333333333333334,2.0,1.8,1.672171,1.1825682,7.4,11.4,1.9,1.8,1.7238082,1.1680541999999998,7.0,11.8,1.5780514,1.5437872
2024-02-01,Wolves,Man United,3,4,J Gillett,1495.2486895880418,1553.2035823118342,2.63,3.6,2.55,3,4,2.27609,3.22698,2,0,4,10,10.0,0,2.3333333333333335,0.3333333333333333,1.8935866666666665,1.4944036666666671,3.0,12.0,1.8,1.0,1.5966451999999998,1.4551922,5.0,12.4,1.6,1.2,1.4690526,1.5502078000000001,4.8,12.4,1.688144,0.9411956,4,3,3.22698,2.27609,5,0,5,10,18.0,0,2.0,2.0,0.9253926666666666,1.2976526666666663,5.333333333333333,9.666666666666666,1.2,1.6,0.8278777999999999,1.4757495999999999,4.0,10.4,1.2,1.3,1.4528903,1.7511962999999997,6.1,10.1,0.902226,1.9259376
2024-02-03,Brighton,Crystal Palace,4,1,S Hooper,1533.2599427569435,1446.1352298591917,1.7,4.0,4.75,4,1,1.92591,0.241137,1,0,3,8,4.0,0,0.0,1.3333333333333333,1.5129866666666665,1.9191266666666664,4.0,10.0,1.0,1.4,1.944502,1.8962040000000002,4.0,11.8,1.3,1.6,1.6962002000000003,1.8412060000000001,4.9,10.2,2.208108,1.2069846,1,4,0.241137,1.92591,3,0,2,14,14.0,0,1.3333333333333333,2.6666666666666665,0.952243333333333,2.51301,5.666666666666667,14.0,1.4,2.2,1.232118,2.2584039999999996,4.2,12.6,1.2,2.1,1.3931602,1.8395943,4.7,11.8,1.1438144000000001,2.1621865999999996
2024-02-03,Everton,Tottenham,2,2,M Oliver,1466.566413246491,1565.316361070055,3.0,3.6,2.25,2,2,3.25881,0.922371,3,0,9,8,4.0,0,0.0,1.0,1.463150333333333,2.121086666666667,4.0,13.333333333333334,0.4,1.6,1.5217182,2.044348,5.6,14.2,1.0,1.1,1.702137,1.5960752,5.2,13.3,1.7675740000000002,1.5762404,2,2,0.922371,3.25881,0,0,5,14,3.0,1,2.6666666666666665,1.6666666666666667,2.2748166666666667,1.3672976666666667,7.333333333333333,9.0,2.4,2.0,2.093854,1.9865526,6.2,7.8,2.3,1.8,2.0749007,2.0297872999999997,6.3,9.6,1.1709124,2.2584146
2024-02-03,Newcastle,Luton,4,4,T Bramall,1545.2347904057438,1448.4199578515588,1.44,4.75,6.5,4,4,2.37353,2.67463,2,0,8,13,4.0,0,2.3333333333333335,2.6666666666666665,1.8232513333333333,3.55696,4.333333333333333,11.333333333333334,1.6,2.4,1.9351388,3.119344,6.0,9.8,1.7,2.0,2.1918524,2.4813607,5.4,9.5,2.67219,1.5047394,4,4,2.67463,2.37353,2,0,2,16,4.0,0,2.3333333333333335,1.3333333333333333,2.4130723333333335,1.3695066666666664,7.333333333333333,13.0,1.8,1.2,1.9493388,1.551386,6.8,13.2,1.6,1.6,1.3245642,2.122036,5.3,12.1,0.7098549999999999,2.774566
2024-02-03,Burnley,Fulham,2,2,D Bond,1404.667369909112,1460.9585382816904,2.9,3.4,2.38,2,2,1.00428,1.28806,2,0,2,11,3.0,1,1.3333333333333333,2.3333333333333335,1.3768666666666667,1.9128656666666668,2.3333333333333335,11.333333333333334,1.2,1.8,1.1040258,1.7608134,3.4,11.6,0.9,1.8,0.9934711999999999,1.9110017,4.1,11.0,1.2492268000000002,1.5357774000000002,2,2,1.28806,1.00428,2,0,13,7,4.0,0,0.6666666666666666,0.6666666666666666,1.533709,2.17929,8.0,8.666666666666666,0.4,1.4,1.2612904,1.806824,7.4,8.2,1.8,1.6,1.6060784,1.8822169,5.7,8.5,0.7304098,2.798548
2024-02-04,Bournemouth,Nott'm Forest,1,1,R Welch,1455.9392894064856,1420.5665197866226,1.7,4.2,4.5,1,1,1.1895,0.456548,3,1,11,19,3.0,1,0.6666666666666666,2.6666666666666665,1.183915,1.665503333333333,8.666666666666666,12.666666666666666,1.6,2.0,1.504305,1.2225362,7.6,11.6,1.8,1.8,1.7272432000000002,1.2090792000000001,6.5,12.0,1.8695650000000001,0.7923212,1,1,0.456548,1.1895,2,0,6,12,5.0,0,1.6666666666666667,2.0,0.8661586666666666,1.328508333333333,3.3333333333333335,9.666666666666666,2.0,2.0,1.2995364,1.733451,3.6,10.0,1.3,2.2,1.2539676,1.6232604,3.8,11.4,1.4375718000000002,2.1827060000000005
2024-02-04,Chelsea,Wolves,2,4,T Robinson,1480.3455948595843,1485.1898273487711,1.62,4.0,5.5,2,4,2.35967,2.48996,3,0,10,15,4.0,0,1.6666666666666667,2.0,1.3660673333333335,2.3338256666666664,3.0,16.666666666666668,1.6,1.8,1.7165443999999996,1.9411628,3.8,14.4,1.7,2.3,1.7922915,2.1060242,4.1,14.3,2.325816,1.6371183999999999,4,2,2.48996,2.35967,2,0,1,11,3.0,1,2.0,1.3333333333333333,2.020673333333333,1.7055736666666672,3.6666666666666665,10.666666666666666,2.4,1.2,1.9406219999999998,1.8929322,4.6,11.4,1.7,1.5,1.5057776,1.8296743,4.1,11.5,1.2499612,2.1592200000000004
2024-02-04,Man United,West Ham,3,0,A Madley,1563.2624445511049,1505.2910915467585,1.62,4.2,5.0,3,0,0.96721,1.1807,0,0,5,10,3.0,1,2.3333333333333335,2.3333333333333335,1.600706,1.4442259999999998,6.0,9.666666666666666,2.0,2.2,1.3467308,1.5367456000000002,5.0,10.8,1.5,1.6,1.5014832999999999,1.9379787999999998,5.5,10.2,2.0035546,1.5764549999999997,0,3,1.1807,0.96721,1,0,8,5,3.0,1,1.0,0.3333333333333333,1.2976699999999997,2.026156666666666,2.0,8.333333333333334,1.6,0.2,1.2891940000000002,1.4730344,3.2,10.0,1.6,1.1,1.3750120000000001,1.5017494,4.2,10.5,1.489138,1.97224
2024-02-04,Arsenal,Liverpool,3,1,A Taylor,1628.3144695580704,1643.9563659009511,2.2,3.6,3.1,3,1,2.8526,0.542052,6,0,2,11,5.0,0,2.6666666666666665,1.0,2.1907333333333336,0.8159969999999999,7.0,8.333333333333334,1.8,1.2,2.0424562,1.0056004,7.2,9.4,1.8,1.1,2.2417531,0.9587819,6.9,9.3,3.00309,0.7909626000000001,1,3,0.542052,2.8526,2,1,4,11,4.0,0,4.0,1.0,3.955883333333334,0.7411769999999995,6.666666666666667,14.333333333333334,3.0,0.8,2.9070121999999996,0.8095202,5.6,13.2,2.5,0.9,2.2931599,1.1227645999999998,6.0,12.9,1.6788556,1.3471628
2024-02-05,Brentford,Man City,1,3,J Gillett,1489.3407097602528,1663.2095235957559,7.0,4.75,1.4,1,3,0.865741,2.10785,1,0,8,2,5.0,0,2.0,2.6666666666666665,1.608623333333333,2.0650066666666667,4.333333333333333,11.666666666666666,1.6,2.8,1.6432304000000002,1.9112500000000001,5.6,11.8,1.5,2.3,1.7637872,1.6466496,5.1,11.0,2.0510284000000003,1.3275811999999998,3,1,2.10785,0.865741,0,0,13,4,5.0,0,3.0,1.3333333333333333,2.22843,1.3209366666666666,8.0,5.0,2.6,1.4,2.267056,1.2603234,6.6,6.6,2.7,1.7,2.26335,1.3808679,6.7,9.2,2.2532959999999997,1.7650573999999999
2024-02-10,Fulham,Bournemouth,3,1,D England,1461.0652829823175,1453.2611729034106,2.38,3.5,2.8,3,1,1.7456,2.60612,1,0,1,11,7.0,0,0.6666666666666666,1.0,1.4536323333333332,1.9610166666666664,10.666666666666666,7.333333333333333,0.8,1.4,1.2427104,1.9242519999999999,8.4,8.6,1.7,1.6,1.4858274,1.8247699000000002,6.4,7.9,2.113382,1.2222138,1,3,2.60612,1.7456,2,0,14,11,6.0,0,0.6666666666666666,2.0,1.0529849999999998,1.100929333333333,8.0,13.0,1.2,1.8,1.364071,1.1554845999999999,8.6,13.4,1.8,1.3,1.7818805000000002,1.014785,7.5,13.0,1.6764,1.3264491999999999
2024-02-10,Liverpool,Burnley,3,1,T Robinson,1635.226202638951,1404.560625208485,1.17,8.0,17.0,3,1,3.14734,1.11123,3,0,9,11,6.0,0,3.0,1.3333333333333333,1.9127306666666672,1.3883856666666663,5.666666666666667,12.666666666666666,3.0,1.2,2.8188424,1.209704,5.6,12.8,2.3,1.2,2.1913611,1.2630706,5.8,12.4,3.2033062,0.8766784,1,3,1.11123,3.14734,2,0,3,13,7.0,0,1.3333333333333333,2.0,1.33855,1.366929,2.3333333333333335,10.333333333333334,1.2,2.2,1.2214538,1.7422334000000004,2.6,10.4,1.0,1.7,1.0611286,1.7766137,4.0,11.2,0.9721343999999998,2.0471440000000003
2024-02-10,Man City,Everton,2,0,J Brooks,1670.0446304036234,1467.6771247470053,1.18,8.0,13.0,2,0,1.58971,0.192072,0,0,9,6,5.0,0,3.0,1.3333333333333333,2.169976666666667,1.1977536666666668,11.0,4.666666666666667,2.8,1.4,2.24192,1.2956642,8.6,6.2,2.4,1.7,2.234186,1.4031293,6.8,8.8,2.273404,0.9966783999999999,0,2,0.192072,1.58971,2,0,0,11,7.0,0,0.6666666666666666,0.6666666666666666,2.3762066666666666,1.5469536666666668,6.333333333333333,11.333333333333334,0.6,1.6,1.7767102000000001,1.9137681999999998,5.8,12.2,1.2,1.0,1.778254,1.4809782999999999,5.5,13.1,1.6366999999999998,1.61591
2024-02-10,Tottenham,Brighton,2,1,S Barrott,1564.2056495695408,1539.2615385991546,1.8,4.2,3.8,2,1,2.10928,1.49285,2,0,9,14,7.0,0,2.3333333333333335,2.0,1.8655169999999999,1.9261376666666667,7.666666666666667,10.666666666666666,2.4,2.2,1.9632742,2.2415446,6.6,9.4,2.4,1.8,1.9445958,2.1159133,5.9,9.9,2.6202680000000003,1.7034179999999999,1,2,1.49285,2.10928,3,0,6,13,7.0,0,1.3333333333333333,1.6666666666666667,1.436556666666667,1.6718056666666665,5.0,10.666666666666666,1.6,1.4,2.0623780000000003,1.6136134000000002,4.4,11.2,1.4,1.5,1.7669992,1.6426647000000003,4.8,10.3,1.2047004000000001,2.140622
2024-02-10,Wolves,Brentford,0,2,S Hooper,1496.764134936029,1482.5056029523853,2.1,3.6,3.4,0,2,1.05781,1.84908,2,0,7,11,6.0,0,2.3333333333333335,2.0,1.9690699999999997,2.318916666666667,2.3333333333333335,11.333333333333334,2.8,1.4,2.089362,2.0139722,2.8,11.4,1.9,1.4,1.5968986,1.8165843,4.0,11.3,1.7615939999999999,1.5001286,2,0,1.84908,1.05781,3,0,4,9,5.0,0,2.0,2.6666666666666665,1.4681003333333331,2.230766666666667,5.666666666666667,9.0,1.6,3.0,1.6570162,2.0395399999999997,5.8,8.4,1.3,2.4,1.6674172999999999,1.6819296000000001,5.5,10.0,1.606932,1.9583100000000002
2024-02-10,Nott'm Forest,Newcastle,2,3,A Taylor,1423.2446362896976,1541.0047148350027,3.3,3.75,2.05,2,3,0.968075,0.511375,1,0,4,9,6.0,0,1.3333333333333333,2.0,0.7702253333333333,1.5077066666666663,4.0,10.666666666666666,1.8,1.6,1.2324848000000002,1.5932169999999999,3.6,10.4,1.2,2.0,1.0769674,1.6204184000000001,3.8,11.4,0.9093094,1.2330348,3,2,0.511375,0.968075,2,0,4,6,7.0,0,3.0,2.6666666666666665,2.31077,2.2246666666666672,6.0,10.666666666666666,2.4,3.0,2.1268687999999996,3.2905819999999997,6.2,11.4,1.7,2.3,2.2139784,2.6520175999999998,5.8,9.5,1.7115147999999998,3.457982
2024-02-11,West Ham,Arsenal,0,6,C Pawson,1498.5618372066697,1637.0446328200705,6.0,4.33,1.53,0,6,0.191065,3.99893,4,0,2,17,7.0,0,0.3333333333333333,1.3333333333333333,1.1588666666666665,1.4190933333333329,3.6666666666666665,7.333333333333333,1.0,0.8,1.3176780000000001,1.5552351999999998,3.6,8.6,1.3,1.2,1.28668,1.4563424,4.1,10.1,1.1990919999999998,1.1128908,6,0,3.99893,0.191065,0,0,6,11,7.0,0,3.3333333333333335,0.6666666666666666,2.5885666666666665,0.4872509999999998,6.333333333333333,8.666666666666666,2.2,1.2,2.44264,0.9174306,6.6,8.8,2.0,1.2,2.3443140999999996,0.8466720999999999,6.3,9.7,1.6414062,0.8595124000000001
2024-02-11,Aston Villa,Man United,1,2,R Jones,1592.599809551086,1569.9916988911937,2.15,3.75,3.1,1,2,2.64675,2.44591,3,0,10,9,12.0,0,1.3333333333333333,1.6666666666666667,1.9047400000000003,1.82609,6.333333333333333,12.333333333333334,1.6,1.8,1.803398,1.4952244000000001,7.4,10.6,1.7,1.3,1.7990738999999998,1.5618307000000002,5.8,11.1,2.0103618,1.561805,2,1,2.44591,2.64675,2,0,8,7,7.0,0,3.0,1.6666666666666667,1.7058076666666666,1.5896766666666664,6.0,9.333333333333334,2.6,1.8,1.3940736,1.4699496,5.2,9.8,1.5,1.6,1.3908703,1.8062847999999998,5.5,10.4,1.1329540000000002,1.8816276000000003
2024-02-12,Crystal Palace,Chelsea,1,3,M Oliver,1440.1336340169805,1468.7712872723264,4.2,3.8,1.85,1,3,0.719516,1.26948,2,0,1,14,9.0,0,1.3333333333333333,3.3333333333333335,0.713263333333333,2.244963333333333,5.333333333333333,13.333333333333334,1.2,2.6,0.9503914,2.160294,4.4,13.6,1.1,2.2,1.2280799,1.8531453,4.0,12.3,1.6425060000000002,1.5170020000000002,3,1,1.26948,0.719516,2,0,7,7,8.0,0,1.3333333333333333,2.6666666666666665,1.6277473333333337,2.2835023333333333,5.666666666666667,14.666666666666666,1.8,2.2,1.8375843999999997,2.0899028,4.6,15.6,1.5,2.3,1.6810205,2.0356962,4.8,14.6,1.4087568000000001,2.6407499999999997
2024-02-17,Burnley,Arsenal,0,5,J Gillett,1401.4006799733781,1644.8233699616626,10.0,5.75,1.29,0,5,0.335143,2.20575,2,0,4,11,7.0,0,1.3333333333333333,2.6666666666666665,1.2022166666666667,2.09432,2.6666666666666665,12.333333333333334,1.4,2.4,1.249222,2.0347994,2.4,11.6,1.0,1.8,1.0280236,1.9543846999999999,3.9,11.4,1.1501228000000001,1.5060834,5,0,2.20575,0.335143,1,0,6,8,6.0,0,3.6666666666666665,0.6666666666666666,2.7476533333333335,0.45491166666666655,6.333333333333333,9.666666666666666,3.4,0.8,2.684746,0.6362216,5.8,9.4,2.4,1.1,2.4138390999999997,0.7578926,6.5,9.8,1.9235621999999999,0.7924746
2024-02-17,Brentford,Liverpool,1,4,M Oliver,1494.6109734189122,1638.3861478740578,5.5,4.33,1.57,1,4,1.69518,3.08952,2,0,1,4,7.0,0,1.6666666666666667,2.0,1.4370636666666663,2.1758666666666664,5.0,8.666666666666666,1.8,2.2,1.5081382,1.872136,5.0,9.2,1.5,2.1,1.7073712999999997,1.6317066,5.1,9.7,1.8915466000000003,1.3837532,4,1,3.08952,1.69518,1,0,6,18,7.0,0,2.6666666666666665,1.6666666666666667,2.4506973333333337,1.480600666666666,7.0,12.333333333333334,3.2,1.4,3.1114083999999997,1.2374722,6.6,13.0,2.5,1.2,2.4294672999999998,1.1945716000000002,6.1,12.4,1.179416,1.6494627999999998
2024-02-17,Man City,Chelsea,1,1,A Madley,1673.662491167242,1479.671524358366,1.33,5.5,8.0,1,1,2.77713,1.82903,1,0,12,7,7.0,0,2.6666666666666665,0.6666666666666666,1.8483733333333332,0.8496510000000002,9.666666666666666,4.333333333333333,2.8,1.0,2.07657,1.0041246000000001,9.2,5.0,2.2,1.3,2.0738329999999996,1.0750985,7.4,7.9,2.111448,0.9064673999999998,1,1,1.82903,2.77713,3,0,1,12,5.0,0,2.0,3.0,1.3690406666666668,2.290725333333333,6.0,12.666666666666666,2.0,2.2,1.5454703999999997,2.0421906,5.2,14.4,1.7,2.0,1.7111623999999999,1.8924208,5.3,13.4,1.1924128,1.9767552000000002
2024-02-17,Fulham,Aston Villa,1,2,L Smith,1469.1381276936074,1580.2659712326108,2.9,3.75,2.2,1,2,1.41796,1.57297,5,0,4,11,7.0,0,1.6666666666666667,1.0,1.8028833333333332,2.1478566666666667,9.666666666666666,8.0,1.4,1.0,1.5269574,2.029654,7.6,8.8,1.7,1.3,1.5093824,1.8125509000000002,6.1,8.3,1.843648,1.6997060000000002,2,1,1.57297,1.41796,2,0,4,6,6.0,0,0.6666666666666666,1.6666666666666667,1.8117,2.2683166666666668,7.666666666666667,12.333333333333334,1.4,2.0,2.0394680000000003,1.825044,7.0,11.2,1.5,1.4,1.7777099,1.7415472,6.6,11.6,1.587786,1.5618564000000001
2024-02-17,Tottenham,Wolves,1,2,A Taylor,1571.8083384969993,1484.658764469502,1.53,4.75,5.25,1,2,1.59768,1.77591,0,0,10,8,7.0,0,2.3333333333333335,1.6666666666666667,2.1311970000000002,2.11601,6.333333333333333,13.666666666666666,2.4,1.6,1.9712202,1.7707106,7.2,11.0,2.3,1.6,2.1122161000000004,1.9744693000000002,6.0,9.9,2.7195880000000003,1.6538080000000002,2,1,1.77591,1.59768,1,0,4,13,7.0,0,2.3333333333333335,2.6666666666666665,1.9412866666666664,2.4785766666666675,4.0,10.666666666666666,2.0,1.6,1.921958,1.8650942000000001,3.8,10.8,1.8,1.4,1.5947935999999998,1.6711243,4.7,11.4,1.4322032,2.1330400000000003
2024-02-17,Nott'm Forest,West Ham,2,0,T Bramall,1414.8919566515674,1490.7831000650776,2.38,3.5,2.9,2,0,2.66942,0.520016,4,0,5,13,7.0,0,1.3333333333333333,2.0,0.6854136666666667,1.0307683333333328,4.0,9.0,1.6,2.0,0.8046198,1.13728,4.0,10.0,1.4,2.2,1.1064664,1.609177,3.8,10.8,0.9683074000000002,1.210552,0,2,0.520016,2.66942,4,1,3,15,6.0,0,0.3333333333333333,3.3333333333333335,0.8948549999999997,2.0336699999999994,3.6666666666666665,11.666666666666666,0.6,2.0,1.052955,2.2089220000000003,3.2,9.4,1.1,1.7,1.1688235,1.7120073999999998,3.8,11.1,1.374268,1.799794
2024-02-17,Newcastle,Bournemouth,2,2,M Salisbury,1549.357394473133,1445.1883281921207,1.83,4.2,3.75,2,2,2.38425,2.08098,1,0,4,9,7.0,0,3.3333333333333335,2.3333333333333335,2.0691016666666666,1.695851666666667,6.333333333333333,10.333333333333334,2.8,2.8,1.6709318,2.862717,5.0,10.6,1.9,2.5,1.9749249,2.7065577,5.5,9.5,2.716442,1.8460532,2,2,2.08098,2.38425,3,0,2,22,7.0,0,1.0,1.6666666666666667,1.6434966666666668,1.1716493333333329,10.0,13.666666666666666,0.8,2.4,1.469473,1.4397316,10.2,13.6,1.7,1.6,1.7640685,1.1587309,8.3,13.1,1.83763,1.4226872
2024-02-18,Luton,Man United,1,2,D Coote,1452.6500334222999,1582.325537209669,4.0,4.0,1.8,1,2,1.57234,3.58973,3,0,8,7,15.0,0,3.0,1.6666666666666667,2.4243056666666667,1.6358066666666666,5.666666666666667,13.666666666666666,2.4,1.6,2.3464574,1.579386,6.0,13.2,1.9,1.9,1.4579172,2.0554639999999997,5.1,13.0,1.8615562,1.76497,2,1,3.58973,1.57234,5,0,6,21,7.0,0,3.0,1.3333333333333333,2.213366666666667,2.034513333333333,6.0,9.0,2.4,1.6,1.6430475999999998,1.6320256,6.2,9.2,1.7,1.6,1.5931939,1.7807688,6.0,9.8,1.5376012000000001,1.8305956
2024-02-19,Everton,Crystal Palace,1,1,P Tierney,1464.0592639833867,1429.233396930941,1.7,3.6,5.25,1,1,2.44588,0.734685,0,0,3,8,9.0,0,0.6666666666666666,1.3333333333333333,2.0946839999999995,1.6290236666666669,5.0,10.666666666666666,0.4,1.4,1.5680665999999999,1.7750681999999998,4.2,11.8,1.1,1.2,1.7350823000000002,1.5726407999999998,5.2,12.8,1.9198080000000002,1.3460466,1,1,0.734685,2.44588,2,0,6,12,7.0,0,0.6666666666666666,4.0,0.4162453333333331,2.23902,3.3333333333333335,13.333333333333334,1.2,3.0,0.7634766,2.146884,4.0,14.0,1.1,2.3,1.1164855,1.880478,3.6,12.5,0.8249498,2.348138
2024-02-20,Man City,Brentford,1,0,D England,1667.4254500538593,1486.9765479105906,1.18,8.0,13.0,1,0,2.53766,0.503799,2,0,10,12,3.0,1,2.0,0.6666666666666666,2.15823,0.962281,11.333333333333334,5.666666666666667,2.4,1.0,2.175354,1.1228726,10.8,5.4,2.2,1.3,2.1719239999999997,1.1813737,7.7,7.7,2.3076300000000005,1.1190178,0,1,0.503799,2.53766,4,0,1,6,3.0,1,1.3333333333333333,2.3333333333333335,1.4700003333333331,2.08506,4.333333333333333,5.0,1.8,2.4,1.5897122000000001,2.167926,4.4,8.0,1.6,2.4,1.7105743,1.7579596000000002,5.1,9.2,1.4804740000000003,1.8262700000000003
2024-02-21,Liverpool,Luton,4,1,A Madley,1646.0205733823793,1444.6289970380938,1.2,7.0,13.0,4,1,3.70302,0.956512,1,0,13,15,4.0,0,2.6666666666666665,1.6666666666666667,2.259637333333334,1.886336666666666,6.333333333333333,13.333333333333334,3.2,1.2,2.3950104,1.3943134,6.4,13.4,2.5,1.0,2.4655883,1.2130846,6.4,13.6,3.2871122,0.7969144,1,4,0.956512,3.70302,4,0,4,14,3.0,1,3.0,2.0,2.626696666666667,2.32564,5.666666666666667,12.0,2.4,2.0,2.2972374,2.0143560000000003,6.4,12.4,2.0,2.0,1.5743247,2.140332,5.6,12.6,0.9456710000000002,2.594174
2024-02-24,Aston Villa,Nott'm Forest,4,2,S Barrott,1588.8049249259498,1425.349021843386,1.53,4.5,5.75,4,2,3.48861,2.25569,1,0,7,7,7.0,0,1.3333333333333333,2.0,1.8881900000000005,2.3954233333333335,7.333333333333333,9.666666666666666,1.4,1.6,1.9867880000000002,1.8684279999999998,6.6,10.4,1.5,1.4,1.6952519,1.6608012000000003,6.7,10.9,1.9676338000000002,1.921238,2,4,2.25569,3.48861,2,0,2,16,7.0,0,1.6666666666666667,1.3333333333333333,1.364681,0.7402969999999996,5.0,11.333333333333334,1.6,1.8,1.1896342,1.1109022,4.2,10.8,1.6,1.7,1.3515425,1.3517516,4.2,11.1,1.2446254,2.007802
2024-02-24,Brighton,Everton,1,1,T Harrington,1531.658849671696,1461.395765750337,1.83,3.8,4.2,1,1,1.6538,0.286655,2,1,11,9,14.0,0,1.6666666666666667,2.3333333333333335,1.4774733333333334,1.9945123333333334,4.333333333333333,11.666666666666666,1.0,1.4,1.591544,1.6215594000000002,4.2,10.2,1.3,1.4,1.8307784000000003,1.6872887000000003,4.6,10.4,2.329298,1.1447074000000002,1,1,0.286655,1.6538,3,0,3,14,5.0,0,1.0,1.6666666666666667,1.965587333333333,1.0822553333333333,4.0,9.0,0.6,1.0,1.9533144,1.3930512,4.4,10.6,0.9,1.3,1.6842773000000002,1.5165453,5.0,11.8,1.5503566,1.799235
2024-02-24,Crystal Palace,Burnley,3,0,L Smith,1431.8968951639906,1396.238674315927,1.95,3.5,4.0,3,0,2.41612,0.0760216,3,0,12,8,5.0,0,1.0,2.6666666666666665,0.5651126666666664,1.8804233333333331,3.0,13.333333333333334,1.2,2.8,0.7187981999999999,2.09005,4.6,13.2,1.1,2.3,1.0911858,2.010406,3.9,13.0,1.4080211999999999,1.4128180000000001,0,3,0.0760216,2.41612,1,1,3,13,7.0,0,1.0,3.3333333333333335,0.8168843333333334,2.2137166666666666,3.0,11.666666666666666,1.0,2.8,1.0924046,1.8907754,2.8,11.0,1.0,2.2,0.9833836999999999,2.0630737,3.5,11.0,1.038072,2.45284
2024-02-24,Man United,Fulham,1,2,M Oliver,1590.346573593875,1460.5991740002685,1.57,4.33,5.5,1,2,1.96036,1.1385,2,0,10,6,6.0,0,2.3333333333333335,0.6666666666666666,2.3342833333333335,1.7999299999999998,6.333333333333333,12.666666666666666,2.6,1.4,2.2306125999999997,1.797624,6.4,11.2,1.7,1.6,1.5482178999999998,1.7028828,5.4,10.7,1.6487866,1.730942,2,1,1.1385,1.96036,5,0,9,11,7.0,0,2.0,1.6666666666666667,1.4838733333333334,1.72779,6.0,9.666666666666666,1.2,1.2,1.5048914,2.012428,7.4,8.8,1.3,1.5,1.3417514000000001,1.947982,5.9,8.7,0.8582728,2.427326
2024-02-24,Bournemouth,Man City,0,1,J Gillett,1449.590632202601,1671.4323640237699,7.0,5.25,1.4,0,1,0.925889,1.79636,2,0,3,14,7.0,0,1.3333333333333333,2.0,1.9588666666666665,1.528799333333333,9.0,17.333333333333332,1.0,2.2,1.569211,1.4865276,8.0,14.4,1.7,1.6,1.7172295000000002,1.3076449,7.8,13.7,1.8873609999999998,0.7031208,1,0,1.79636,0.925889,2,0,8,6,4.0,0,1.3333333333333333,0.3333333333333333,2.3015000000000003,0.8416336666666667,10.333333333333334,8.333333333333334,2.0,0.6,2.1719820000000003,0.9763564,10.2,6.4,2.0,1.0,2.134961,1.1884459,7.7,7.5,2.0362180000000003,1.2437296
2024-02-24,Arsenal,Newcastle,4,1,P Tierney,1649.9853756191137,1544.9550904626526,1.36,5.25,8.0,4,1,2.59336,0.217373,1,0,9,15,7.0,0,4.666666666666667,0.3333333333333333,3.0190933333333336,0.3560866666666665,4.666666666666667,10.0,4.2,0.4,2.794076,0.39759219999999995,6.2,9.0,2.5,0.8,2.3755991,0.7387815,6.3,9.9,3.047222,0.8338318000000001,1,4,0.217373,2.59336,0,0,0,6,7.0,0,3.0,2.6666666666666665,1.756385,1.9078950000000006,5.333333333333333,9.333333333333334,2.8,2.4,1.965587,1.944611,5.2,9.4,2.1,2.4,2.0837859,2.6192626999999997,5.7,9.6,1.5546618,3.060811
2024-02-26,West Ham,Brentford,4,2,S Hooper,1480.326034873259,1482.96963394068,2.5,3.5,2.75,4,2,2.06873,1.33683,1,0,1,5,9.0,0,0.0,3.6666666666666665,0.6305936666666664,2.5451866666666665,4.333333333333333,12.333333333333334,0.2,2.4,0.8375362000000001,2.1851259999999995,3.2,10.8,1.0,1.8,1.1061651000000001,1.8801812000000002,3.9,10.9,1.007985,1.7151404,2,4,1.33683,2.06873,2,0,7,9,6.0,0,1.0,1.6666666666666667,1.3493529999999998,2.2283299999999997,2.0,6.333333333333333,1.2,2.2,1.3020340000000001,2.4309559999999997,3.4,7.2,1.3,2.4,1.4350022,1.989008,4.5,8.8,1.2913258000000003,2.021794
2024-03-02,Brentford,Chelsea,2,2,J Gillett,1474.6056486626633,1485.9085654717487,3.1,3.75,2.15,2,2,2.4732,2.1523,3,0,0,10,5.0,0,1.0,3.0,1.1786029999999996,2.565303333333333,3.0,6.333333333333333,1.2,2.4,1.250126,2.1723139999999996,4.2,6.0,1.4,2.6,1.4466781999999998,2.041782,4.9,8.9,1.5786786000000002,1.956222,2,2,2.1523,2.4732,1,0,6,9,14.0,0,2.0,2.0,1.8193933333333334,1.9955353333333334,6.0,11.333333333333334,1.6,2.0,1.5963504,2.0694306,5.0,12.6,1.5,1.9,1.7277614,2.084628,4.9,13.0,1.3811163999999998,2.3093072
2024-03-02,Everton,West Ham,1,3,C Pawson,1464.97870602645,1488.6900201512758,2.05,3.6,3.5,1,3,3.12075,2.17948,1,0,4,9,7.0,0,0.6666666666666666,1.3333333333333333,0.9748689999999997,1.326065,2.0,11.0,0.8,1.2,1.8033173999999998,1.4551111999999997,4.2,10.8,0.8,1.4,1.6015058,1.5933740999999997,4.9,12.0,1.8181980000000002,1.2338556,3,1,2.17948,3.12075,2,0,5,6,5.0,0,1.3333333333333333,3.3333333333333335,0.9266036666666664,2.668393333333333,2.0,12.333333333333334,1.0,2.8,1.0546621999999999,2.021452,3.0,11.0,1.2,1.9,1.1389481,1.8525962,3.6,10.2,1.2043452,2.045222
2024-03-02,Fulham,Brighton,3,0,S Hooper,1475.5753671516122,1528.075909395583,2.55,3.6,2.63,3,0,1.37604,1.15198,1,0,2,16,7.0,0,2.0,1.3333333333333333,1.4340200000000003,2.0464833333333337,4.666666666666667,11.0,1.6,1.2,1.593022,1.9953799999999997,8.4,9.2,1.0,1.6,1.2367614,2.045718,6.5,9.3,1.6895599999999997,1.8176999999999999,0,3,1.15198,1.37604,2,0,6,10,7.0,0,2.0,1.3333333333333333,1.6908533333333333,0.8790240000000001,6.666666666666667,10.0,1.2,1.6,1.491264,1.4822704000000002,6.4,10.8,1.2,1.4,1.8420594000000001,1.5939472000000001,5.0,10.3,1.3322588,2.22987
2024-03-02,Newcastle,Wolves,3,0,T Robinson,1539.3773565615634,1498.6577697725268,1.91,4.0,3.6,3,0,3.33495,0.507769,0,0,3,8,7.0,0,2.0,2.6666666666666665,1.037666,1.8808050000000005,2.6666666666666665,7.0,2.6,2.6,1.7617856,1.952379,4.6,9.2,2.1,2.4,1.9441552000000002,2.4384807,5.1,9.0,2.6129100000000003,2.1777144,0,3,0.507769,3.33495,1,0,5,11,14.0,0,2.0,1.6666666666666667,1.77456,1.9354766666666672,4.0,11.666666666666666,1.8,1.8,1.748186,2.080702,3.6,11.6,1.9,1.5,1.6604986,1.7527380999999997,4.5,11.6,1.5716131999999998,1.79184
2024-03-02,Nott'm Forest,Liverpool,0,1,P Tierney,1421.0194800382117,1649.655112171922,6.0,4.33,1.53,0,1,0.971466,1.32259,2,0,3,11,7.0,0,2.0,2.3333333333333335,1.964395,1.5066669999999995,3.6666666666666665,12.666666666666666,1.6,2.0,1.3962702,1.4201861999999998,3.8,11.2,1.7,2.0,1.4553105,1.5984136,4.1,11.6,1.1610534000000001,0.9930792,1,0,1.32259,0.971466,2,0,12,12,10.0,0,3.6666666666666665,1.0,3.313293333333334,1.254307333333333,9.333333333333334,14.666666666666666,3.2,1.4,2.8289263999999994,1.4186988,8.0,14.0,2.7,1.0,2.6988103000000003,1.1295838,7.2,13.4,1.6440644,1.6292548
2024-03-02,Tottenham,Crystal Palace,3,1,J Brooks,1557.8093331939747,1439.2111536666025,1.5,4.33,6.5,3,1,2.6625,0.277887,1,0,11,7,14.0,0,1.6666666666666667,1.6666666666666667,1.5431103333333336,2.1758566666666668,8.0,12.0,2.0,1.8,1.8607022,1.8094346,8.4,10.8,2.3,1.6,2.1107161,1.9779703000000002,6.2,9.6,2.158888,1.686254,1,3,0.277887,2.6625,2,0,1,16,7.0,0,1.6666666666666667,1.3333333333333333,1.2901069999999997,1.2637938666666664,6.333333333333333,11.333333333333334,1.2,2.6,0.8799082,1.84779232,5.6,12.0,1.4,2.1,1.2063568,1.83801116,4.8,12.8,0.7743504,2.607994
2024-03-02,Luton,Aston Villa,2,3,M Oliver,1440.9944582485512,1593.1344667311241,4.33,4.2,1.73,2,3,2.43312,2.08586,1,0,8,8,10.0,0,2.0,3.3333333333333335,1.7344940000000004,3.2220933333333335,4.666666666666667,12.333333333333334,2.2,2.2,1.9603538,2.440034,5.8,12.4,1.9,2.3,1.5703606,2.327088,5.6,12.5,2.0707734,1.965286,3,2,2.08586,2.43312,4,0,6,19,7.0,0,2.3333333333333335,1.6666666666666667,2.5694433333333335,2.0398533333333333,7.0,7.333333333333333,1.6,1.6,2.099336,2.09572,6.8,10.0,1.7,1.4,1.9546019000000001,1.6314332,6.7,10.4,1.42287,1.4003644000000002
2024-03-03,Burnley,Bournemouth,0,2,D Coote,1388.9244158133151,1443.93877331858,3.75,3.6,1.95,0,2,1.60461,1.43616,2,0,7,8,8.0,0,0.3333333333333333,3.6666666666666665,0.5074648666666667,2.5897366666666666,3.3333333333333335,12.333333333333334,0.8,3.2,0.8035629200000001,2.1809659999999997,3.0,12.2,0.9,2.4,0.88582386,2.0084387,3.7,11.5,0.9286954000000002,1.6733074000000001,2,0,1.43616,1.60461,4,0,2,13,8.0,0,1.0,2.0,1.8709963333333335,1.9754033333333332,6.333333333333333,15.666666666666666,1.0,1.6,1.5874717999999999,1.5391116,7.0,15.4,1.5,1.7,1.6298214000000002,1.3608398999999998,7.2,13.4,1.8589860000000002,1.6769452
2024-03-03,Man City,Man United,3,1,A Madley,1677.084222907791,1575.3703804425313,1.25,5.75,11.0,3,1,2.64173,0.153764,0,0,15,5,8.0,0,1.0,0.3333333333333333,2.3703833333333333,1.0862393333333336,10.0,8.333333333333334,1.6,0.4,2.161742,0.8633062,10.4,7.0,2.1,0.9,2.2143990000000002,1.0618148,8.5,6.8,2.2337040000000004,1.1331622,1,3,0.153764,2.64173,1,0,2,10,8.0,0,1.6666666666666667,1.3333333333333333,2.6653333333333333,1.7858633333333331,8.0,11.333333333333334,2.4,1.4,2.438038,1.7628759999999999,6.8,10.8,1.8,1.5,1.6329578999999999,1.6193128,5.4,10.6,2.1290042,1.7508416
2024-03-09,Crystal Palace,Luton,1,1,S Singh,1433.9420769758772,1433.5859887129373,1.75,3.8,4.2,1,1,3.25103,1.08531,2,0,8,20,7.0,0,1.6666666666666667,1.3333333333333333,1.142897333333333,1.7281338666666664,6.333333333333333,12.0,1.4,2.2,0.8778689999999999,1.67595832,4.4,12.8,1.4,2.2,1.0549935,1.9671811600000002,4.3,12.7,1.6383632,1.06802832,1,1,1.08531,3.25103,3,0,6,11,7.0,0,1.3333333333333333,3.0,1.653990666666667,3.1262033333333332,6.666666666666667,9.666666666666666,2.4,2.6,2.2539444000000004,2.5531599999999997,5.8,11.6,2.0,2.3,1.7909549999999999,2.2097219999999997,5.9,12.5,1.04635,2.71947
2024-03-09,Man United,Everton,2,0,S Hooper,1569.715536062143,1453.938015314009,1.83,3.6,4.0,2,0,2.9016,1.8214,1,0,5,13,6.0,0,1.3333333333333333,2.0,1.9012846666666665,1.7841899999999997,6.0,12.333333333333334,1.8,1.4,1.8233947999999998,1.8360040000000002,6.2,10.8,1.9,1.8,1.5850628,1.6863748,5.6,10.8,1.2329606,1.4884019999999998,0,2,1.8214,2.9016,2,0,8,11,7.0,0,1.0,1.6666666666666667,1.9510949999999998,1.522655,3.3333333333333335,10.333333333333334,1.0,1.8,1.8608334,1.4160092,3.8,10.0,0.7,1.7,1.6912758,1.7301786,4.7,12.1,1.1630775999999998,1.967708
2024-03-09,Arsenal,Brentford,2,1,R Jones,1655.563109520203,1473.213140736183,1.22,7.0,11.0,2,1,1.59369,0.733239,2,0,10,9,14.0,0,5.0,0.3333333333333333,2.93268,0.2478603333333332,7.0,11.333333333333334,4.0,0.6,2.608414,0.3834502,6.8,10.4,2.9,0.8,2.4632680999999996,0.6976688999999999,6.9,10.3,2.905158,0.6615344000000001,1,2,0.733239,1.59369,4,0,4,10,7.0,0,1.3333333333333333,2.3333333333333335,1.4379429999999997,2.2528966666666665,2.6666666666666665,8.333333333333334,1.4,2.2,1.5716177999999998,2.181204,2.6,7.6,1.5,2.6,1.6143170000000002,2.110372,4.2,8.0,1.3146778000000003,2.1273419999999996
2024-03-09,Wolves,Fulham,2,1,T Harrington,1491.4781447671492,1485.3595489231313,2.5,3.4,2.75,2,1,1.29589,2.94155,2,0,3,7,7.0,0,0.6666666666666666,2.0,1.1138296666666665,2.260570000000001,5.333333333333333,11.666666666666666,1.8,2.4,1.6215077999999998,2.4736719999999996,4.2,11.2,1.8,1.7,1.6090764999999998,1.9644320999999998,4.6,11.8,1.7493839999999998,1.7136362000000003,1,2,2.94155,1.29589,2,0,4,11,7.0,0,2.0,1.0,1.3108333333333333,1.56177,5.0,12.666666666666666,2.2,1.2,1.393232,1.659142,5.8,11.2,1.3,1.3,1.3272612000000001,1.7329829999999997,6.6,9.7,0.7839628000000001,2.273736
2024-03-10,Aston Villa,Tottenham,0,4,C Kavanagh,1600.542936266738,1563.0784098847,2.38,4.0,2.6,0,4,1.23267,2.25381,0,1,6,11,8.0,0,3.0,1.6666666666666667,2.3824800000000006,2.03559,5.666666666666667,10.666666666666666,2.2,2.0,2.247808,2.3750159999999996,7.0,11.0,1.9,1.6,1.9439679,1.7745472,6.7,11.0,2.2269158,2.17198,4,0,2.25381,1.23267,2,0,4,15,8.0,0,2.0,1.3333333333333333,2.1231533333333332,1.1822156666666668,10.0,9.666666666666666,2.2,1.6,2.1307542,1.6803654,8.0,11.2,2.2,1.6,1.9368481,1.8443910000000003,7.0,9.3,1.2689236000000002,2.5284086
2024-03-10,Brighton,Nott'm Forest,1,0,M Salisbury,1518.291727624064,1415.5248383129049,1.8,4.0,4.0,1,0,0.534518,0.687034,4,0,6,14,8.0,0,0.6666666666666666,2.0,1.4328766666666668,1.257325,7.666666666666667,10.666666666666666,1.2,2.2,1.44764,1.5292464000000003,6.0,10.8,1.1,1.6,1.6610103999999999,1.6263891999999998,4.7,10.8,2.3518600000000003,0.9580244,0,1,0.687034,0.534518,4,0,3,14,8.0,0,1.3333333333333333,1.6666666666666667,1.9655253333333336,1.7770719999999998,3.3333333333333335,13.333333333333334,1.4,1.8,1.4642398,1.4064181999999998,4.0,12.2,1.7,1.9,1.3818880999999998,1.5699346,3.8,11.1,1.6520316000000002,2.0866700000000002
2024-03-10,West Ham,Burnley,2,2,D England,1499.730710863717,1378.7809273360267,1.67,4.0,4.75,2,2,1.87414,0.88131,2,0,4,11,8.0,0,2.3333333333333335,1.6666666666666667,1.5894086666666662,2.3756666666666666,3.0,8.666666666666666,1.4,2.8,1.2279982,2.4186280000000004,3.8,9.6,1.5,1.5,1.2585961,1.9458312,3.5,9.8,1.214075,1.8712652000000003,2,2,0.88131,1.87414,4,0,4,18,7.0,0,0.0,3.3333333333333335,0.6719248666666667,2.0193433333333335,4.666666666666667,10.666666666666666,0.6,3.0,0.8262569200000002,2.098686,3.8,11.2,0.9,2.4,0.9651413600000002,1.9297497,3.6,11.4,0.84295232,2.3435699999999997
2024-03-10,Liverpool,Man City,1,1,M Oliver,1655.1497538972287,1682.7390672881793,3.0,3.75,2.2,1,1,2.25492,1.37289,0,0,7,6,8.0,0,3.0,0.6666666666666666,2.7050433333333337,1.207719333333333,10.333333333333334,15.0,2.6,1.2,2.3609044,1.5173976,8.8,13.4,2.8,1.0,2.6339582999999998,1.1634588999999997,7.2,13.3,3.6334942,0.8616737999999999,1,1,1.37289,2.25492,3,0,4,10,7.0,0,1.6666666666666667,0.3333333333333333,2.32525,0.5278173333333335,11.0,7.666666666666667,1.6,0.4,2.2685180000000003,0.7209108000000001,10.8,7.2,2.2,0.9,2.255219,1.0082875,9.7,6.7,2.195094,0.9904674
2024-03-11,Chelsea,Newcastle,3,2,J Brooks,1487.301073398229,1546.556981566941,1.91,4.0,3.6,3,2,1.78315,0.568435,3,0,0,12,9.0,0,2.0,1.3333333333333333,1.7502700000000004,1.9899486666666668,4.666666666666667,9.333333333333334,1.8,2.4,1.6176903999999996,2.4245012000000004,5.0,11.8,1.6,1.9,1.7078713999999997,1.9279990000000002,5.1,12.7,2.454148,1.6388364,2,3,0.568435,1.78315,1,0,4,7,9.0,0,2.0,2.0,1.9788576666666666,1.7273696666666671,2.3333333333333335,7.666666666666667,2.6,2.4,1.7642955999999999,1.7649628,3.8,8.4,2.1,2.4,1.8497172,2.4421534,4.9,9.1,1.2754004,2.6992469999999997
2024-03-13,Bournemouth,Luton,4,3,S Allison,1454.0822617958684,1435.3059099005523,1.5,4.75,5.75,4,3,2.84403,2.79419,1,0,11,16,10.0,0,1.3333333333333333,1.0,1.4810096666666668,1.9284066666666664,2.3333333333333335,16.333333333333332,1.2,1.4,1.6477297999999998,1.5974736,6.4,15.8,1.4,1.7,1.5760174,1.4100049,7.0,13.7,1.5156908,1.0011645999999998,3,4,2.79419,2.84403,2,0,3,11,4.0,0,1.3333333333333333,2.6666666666666665,1.4916473333333335,3.0133033333333334,6.0,11.0,1.8,2.8,1.7443824000000003,3.000634,5.6,11.2,1.8,2.0,1.8468605999999999,2.27601,6.2,12.2,1.181759,2.821466
2024-03-16,Luton,Nott'm Forest,1,1,D England,1427.5352035931173,1409.8945481674427,2.8,3.5,2.45,1,1,0.853782,1.95268,1,0,6,10,3.0,1,2.0,2.6666666666666665,2.104206666666667,2.7269733333333335,5.666666666666667,10.0,1.6,2.8,1.7682943999999998,3.094734,5.8,10.2,2.0,2.2,2.0573759,2.33706,5.9,11.7,2.4195900000000004,1.9357520000000001,1,1,1.95268,0.853782,2,0,7,17,6.0,0,0.6666666666666666,2.0,1.30473,1.7819059999999995,2.6666666666666665,13.666666666666666,1.2,1.8,1.510337,1.2754218,3.4,12.6,1.5,1.7,1.3714109,1.4343194000000001,3.5,11.5,1.5458364,1.9891756
2024-03-16,Fulham,Tottenham,3,0,R Jones,1477.239949605014,1575.8123232163673,3.5,3.8,1.95,3,0,2.47234,2.14564,2,0,4,9,7.0,0,2.0,1.0,1.8186966666666666,1.46941,5.0,12.666666666666666,2.0,1.2,1.72393,1.717464,4.0,12.0,1.4,1.3,1.4833202,1.8208579999999999,6.2,10.3,1.6885759999999999,1.964668,0,3,2.14564,2.47234,3,0,5,10,6.0,0,2.6666666666666665,1.0,2.1713299999999998,1.095489,8.333333333333334,10.0,2.4,1.2,1.9091282,1.6076253999999999,7.8,11.6,2.4,1.6,2.0014911,1.7970890000000002,7.0,9.7,1.6330702000000001,2.1934846
2024-03-16,Burnley,Brentford,2,1,D Bond,1383.564217842964,1469.2411761230503,3.25,3.6,2.15,2,1,2.69776,1.25123,2,0,5,14,6.0,0,0.6666666666666666,2.3333333333333335,0.8539805333333335,1.9088066666666668,4.666666666666667,13.0,0.6,3.0,0.8016629200000001,2.215902,4.2,12.6,0.9,2.6,1.01155836,1.9790677000000003,3.4,11.5,1.0873304000000001,1.5159293999999999,1,2,1.25123,2.69776,4,1,4,17,7.0,0,1.6666666666666667,2.6666666666666665,1.5144229999999996,1.9382400000000002,3.6666666666666665,9.666666666666666,1.2,2.6,1.3484496,2.28838,2.6,7.8,1.5,2.4,1.4282939000000001,2.0802579999999997,3.8,8.5,1.2038636000000003,2.1239660000000002
2024-03-17,West Ham,Aston Villa,1,1,J Gillett,1494.9474203567797,1587.8090229350707,2.63,3.75,2.45,1,1,1.32829,0.911274,3,0,7,13,7.0,0,3.0,1.6666666666666667,2.040783333333333,1.7796299999999998,3.3333333333333335,7.333333333333333,1.8,2.6,1.3666862,2.401448,3.0,10.8,1.4,1.7,1.3421821,1.9783415999999998,3.3,9.7,1.2859669999999999,1.901428,1,1,0.911274,1.32829,3,0,11,12,7.0,0,2.3333333333333335,2.6666666666666665,2.2690466666666667,2.3142066666666667,6.333333333333333,12.333333333333334,2.0,2.2,2.2053719999999997,2.161298,6.6,10.4,1.8,2.0,2.004385,1.8282612,7.0,10.5,1.66102,1.3771144000000004
2024-03-30,Newcastle,West Ham,4,3,R Jones,1536.5783982186786,1495.8904428922215,1.83,4.2,3.8,4,3,3.80922,0.994584,1,1,3,9,19.0,0,2.0,2.3333333333333335,1.3735860000000002,1.6280930000000005,2.3333333333333335,7.0,2.2,2.2,1.4032765999999999,1.5866668000000002,3.0,7.2,2.3,2.6,1.7650727,2.4386243999999997,4.6,9.3,2.424034,2.1850598000000003,3,4,0.994584,3.80922,1,0,4,8,13.0,0,2.0,1.3333333333333333,1.7939699999999996,1.6377779999999997,5.333333333333333,10.0,2.0,1.6,1.5941312,1.7839168,4.0,10.0,1.3,1.8,1.3235431,1.9964194,3.6,9.7,1.2920611999999998,2.3468360000000006
2024-03-30,Bournemouth,Everton,2,1,S Barrott,1461.8529681033033,1448.6056825228573,2.2,3.6,3.2,2,1,1.39268,0.93378,1,0,9,14,17.0,0,2.0,1.3333333333333333,1.7353596666666669,2.0650533333333327,5.333333333333333,14.333333333333334,1.8,1.8,1.9786358,2.0650020000000002,6.4,15.2,1.5,1.8,1.6713534000000003,1.6102433,7.5,14.3,1.5746227999999998,1.3809806,1,2,0.93378,1.39268,2,0,8,11,21.0,0,0.6666666666666666,2.0,1.742935,2.2449600000000003,5.0,11.333333333333334,0.6,1.8,1.5733514,1.811855,3.6,10.6,0.6,1.7,1.6750308,1.8628116,4.7,11.4,1.1305876,2.2329739999999996
2024-03-30,Chelsea,Burnley,2,2,D England,1497.2796567464914,1394.3019175342667,1.29,6.0,9.5,2,2,4.46643,2.10422,2,0,12,12,19.0,0,2.0,1.6666666666666667,1.9214933333333335,1.939588333333333,2.3333333333333335,11.0,2.2,2.0,1.8787259999999997,1.8056482000000003,4.8,11.0,1.9,1.9,1.7976351999999998,1.8734054999999998,4.3,12.7,2.116302,1.1138754,2,2,2.10422,4.46643,2,1,4,7,14.0,0,1.3333333333333333,1.6666666666666667,1.7278933333333335,1.52051,5.333333333333333,13.333333333333334,0.8,2.6,1.11896892,1.83668,4.6,12.8,1.1,2.5,1.1840954600000002,1.9357396999999998,3.5,12.2,0.9357863200000001,2.442206
2024-03-30,Nott'm Forest,Crystal Palace,1,1,C Kavanagh,1412.0927558566113,1432.2221557882622,2.2,3.3,3.4,1,1,0.784652,0.900972,1,0,4,14,14.0,0,0.3333333333333333,1.0,1.2037266666666666,0.9036299999999997,4.333333333333333,14.0,1.0,1.4,1.7072580000000002,1.3439032000000002,4.0,14.2,1.3,1.7,1.2559388999999999,1.2405916,4.0,12.1,1.1969854,0.8794632,1,1,0.900972,0.784652,1,0,6,12,21.0,0,1.6666666666666667,1.3333333333333333,1.9816789999999997,1.2746105333333333,7.0,14.666666666666666,1.4,1.6,1.4798476,1.5078383199999998,5.6,14.0,1.3,2.1,1.2151195,1.8340661600000001,5.0,13.8,0.4999737999999999,2.657202
2024-03-30,Tottenham,Luton,2,1,J Gillett,1564.7066599453221,1425.3369959039487,1.2,8.0,11.0,2,1,2.46523,0.402402,2,0,3,16,14.0,0,2.3333333333333335,1.3333333333333333,2.3539833333333333,1.3276323333333335,6.666666666666667,10.666666666666666,2.0,1.4,2.153782,1.4503313999999998,7.8,10.8,2.2,1.8,2.0585281,1.8459379999999999,7.2,10.1,2.376334,1.3450614,1,2,0.402402,2.46523,4,0,6,14,14.0,0,1.6666666666666667,2.0,1.577760666666667,2.6825799999999997,5.0,10.666666666666666,1.6,2.6,1.6245828,2.767324,5.4,10.8,2.0,2.3,1.9609101000000002,2.39084,5.9,11.6,1.6951618,2.738368
2024-03-30,Aston Villa,Wolves,2,0,P Tierney,1586.866000399629,1499.5977440852664,1.6,4.33,5.0,2,0,1.28271,1.66232,3,0,5,11,13.0,0,1.3333333333333333,2.3333333333333335,1.4099346666666668,2.0050733333333333,7.666666666666667,14.0,2.0,2.0,1.8582767999999998,1.9377739999999999,6.8,11.0,1.7,2.0,1.9488724000000002,1.881409,6.9,11.1,2.3477500000000004,2.279408,0,2,1.66232,1.28271,4,0,4,19,21.0,0,1.3333333333333333,1.6666666666666667,1.1931896666666664,2.624726666666667,4.0,10.333333333333334,1.6,1.8,1.4254678,2.4165859999999997,4.0,10.6,2.0,1.5,1.6830449,2.1547591,4.3,11.0,1.5619258,2.251174
2024-03-30,Brentford,Man United,1,1,S Hooper,1458.5034764317475,1575.0478688532946,3.0,3.8,2.2,1,1,3.16487,0.989565,2,0,14,7,14.0,0,1.3333333333333333,2.0,1.4858896666666663,2.1479166666666667,2.6666666666666665,12.333333333333334,1.2,2.2,1.2596596,2.210028,3.2,10.4,1.5,2.3,1.4246859,2.1889770000000004,3.8,9.2,1.9139562,2.0934019999999998,1,1,0.989565,3.16487,2,0,4,14,21.0,0,1.3333333333333333,1.6666666666666667,1.6719080000000002,1.8672099999999998,5.666666666666667,9.666666666666666,1.6,1.4,2.2102728,1.964144,6.2,11.4,2.1,1.6,1.8021732,1.7170467999999999,5.7,10.6,2.0136578,1.9762516
2024-03-31,Liverpool,Brighton,2,1,D Coote,1654.2195959180583,1523.922017769526,1.36,5.5,7.5,2,1,3.21149,0.43922,5,0,8,20,21.0,0,2.0,0.6666666666666666,2.4268433333333337,1.1002893333333328,10.666666666666666,11.0,2.6,0.8,2.7034779999999996,1.2214556,9.4,12.4,2.8,1.0,2.7611602,1.2155798,7.5,12.6,3.887898,0.9659156,1,2,0.43922,3.21149,3,0,4,6,21.0,0,0.6666666666666666,1.3333333333333333,1.1134326666666667,0.783243,7.666666666666667,11.0,1.4,1.4,1.3518116,0.9400292000000002,6.4,10.8,1.2,1.4,1.6481568,1.4181165999999998,5.2,11.3,1.430044,1.951126
2024-03-31,Man City,Arsenal,0,0,A Taylor,1683.6692252673497,1659.5350741333357,1.91,3.8,3.8,0,0,1.22009,0.511402,0,0,7,9,21.0,0,1.6666666666666667,0.6666666666666666,1.9369933333333336,1.1115243333333333,9.0,7.0,1.4,0.6,2.225154,1.1334804,9.8,8.0,2.1,0.8,2.150862,1.0688024999999999,9.5,6.5,2.278758,0.8339609999999998,0,0,0.511402,1.22009,2,0,4,20,22.0,0,3.6666666666666665,0.6666666666666666,2.1309333333333336,0.4285849999999998,8.333333333333334,10.666666666666666,4.0,0.6,2.648866,0.4037744,6.6,10.8,2.9,0.9,2.3456611,0.7046874,6.9,10.1,2.0213782,0.7338034
2024-04-02,Nott'm Forest,Fulham,3,1,M Oliver,1410.9501988341406,1488.3456128760592,2.7,3.4,2.63,3,1,1.94619,1.04304,0,0,3,7,3.0,1,0.6666666666666666,1.0,1.1414553333333333,0.7630906666666664,4.666666666666667,15.0,0.8,1.6,1.3303044,1.4200944,3.8,14.4,1.2,1.7,1.2599693,1.2654983000000002,4.0,12.6,1.2050462000000002,0.9292766,1,3,1.04304,1.94619,0,0,8,8,17.0,0,2.3333333333333335,0.6666666666666666,2.2633099999999997,1.5311700000000001,3.3333333333333335,12.0,2.0,1.0,1.869278,1.6253680000000004,4.6,11.6,1.7,1.0,1.6981176999999998,1.8275109999999999,6.1,10.2,1.2780643999999999,1.6770479999999999
2024-04-02,Burnley,Wolves,1,1,T Bramall,1398.6765360456357,1493.5996186666953,2.45,3.6,2.75,1,1,1.12581,1.01021,0,0,7,10,3.0,1,2.0,1.6666666666666667,1.89443,2.5306,4.333333333333333,13.0,1.2,2.0,1.4727843200000001,2.2888159999999997,4.6,12.0,1.1,2.4,1.28259446,2.0897957,3.7,11.5,1.4324046000000004,1.4292734,1,1,1.01021,1.12581,2,0,4,12,3.0,1,0.6666666666666666,2.0,1.155326333333333,2.519736666666667,4.0,12.333333333333334,0.8,1.8,1.2599398000000002,2.201194,4.6,12.2,1.8,1.6,1.6746509,2.1075831,3.7,11.8,1.5154238,1.9890219999999998
2024-04-02,Newcastle,Everton,1,1,T Harrington,1543.7588612522222,1440.6832201497728,2.0,3.75,3.5,1,1,2.65009,1.69834,0,0,7,9,3.0,1,3.0,2.0,2.5708683333333333,1.095167666666667,3.3333333333333335,8.0,2.4,2.4,2.0628456,1.5919686,2.8,7.8,2.6,2.6,1.8668887,2.2273427999999997,3.9,9.2,2.627666,1.7624966,1,1,1.69834,2.65009,3,0,3,14,3.0,1,0.6666666666666666,2.3333333333333335,1.958643333333333,2.15792,6.666666666666667,10.333333333333334,0.8,1.8,1.7216930000000001,1.7724489999999995,5.2,10.6,0.6,1.6,1.6448798,1.7737586,4.7,11.2,1.2134154,1.982556
2024-04-02,West Ham,Tottenham,1,1,J Brooks,1488.7099798586778,1569.524980227501,3.3,4.2,1.95,1,1,1.47017,1.39423,1,0,9,13,3.0,1,2.0,2.3333333333333335,1.3990046666666665,1.867268,5.0,10.666666666666666,2.6,2.0,1.6890448,2.0118768,4.2,8.6,1.4,2.2,1.2632905,2.0985014,3.7,9.7,1.3550049999999998,1.6526428000000002,1,1,1.39423,1.47017,4,0,5,9,3.0,1,2.0,1.3333333333333333,2.2882266666666666,1.3691373333333337,4.0,13.666666666666666,2.0,1.4,2.224972,1.2322418,6.6,11.2,2.2,1.5,2.0980961000000002,1.5014762,6.9,11.1,1.7407222,2.3468146
2024-04-02,Bournemouth,Crystal Palace,1,0,G Scott,1469.7754304763878,1433.364712810733,1.95,3.8,3.6,1,0,1.30969,0.174389,3,0,9,13,3.0,1,2.6666666666666665,1.3333333333333333,1.8909566666666668,1.777526666666666,7.333333333333333,14.333333333333334,2.0,1.4,1.7359478,1.9026380000000003,5.4,15.8,1.4,1.9,1.6027104,1.6711848,7.8,14.7,1.4373368,1.5028636,0,1,0.174389,1.30969,2,0,2,14,3.0,1,1.0,1.6666666666666667,1.4766296666666665,1.5108206666666666,5.0,16.0,1.4,1.2,1.5161388,1.41087272,6.6,13.6,1.3,2.1,1.1398077,1.7788783599999998,5.3,13.8,0.4885528,2.2681224
2024-04-03,Arsenal,Luton,2,0,C Pawson,1661.9104002346346,1420.51867562177,1.1,10.0,19.0,2,0,1.14384,0.292082,1,0,3,12,3.0,1,2.0,0.6666666666666666,1.5661506666666671,0.7235673333333331,7.666666666666667,14.666666666666666,3.4,0.4,2.1806264,0.539382,7.0,12.6,2.8,0.8,2.3116332,0.7284063,6.8,10.7,2.669944,0.6755714,0,2,0.292082,1.14384,1,0,1,8,4.0,0,1.6666666666666667,2.3333333333333335,1.3501246666666669,2.4206466666666664,5.0,11.666666666666666,1.6,2.2,1.5137608,2.519766,5.8,10.8,1.9,2.2,1.7370573,2.4798999999999998,5.8,11.6,1.5826088,2.927368
2024-04-03,Brentford,Brighton,0,0,A Madley,1460.116736559116,1518.9101156981255,2.38,3.8,2.75,0,0,0.423299,1.22404,1,0,1,9,4.0,0,1.0,1.6666666666666667,1.716446333333333,1.7603383333333333,7.333333333333333,11.333333333333334,1.4,2.2,1.7918737999999999,1.9004090000000002,5.8,10.6,1.3,2.2,1.5469539,2.1656825,4.6,8.9,2.0282362000000003,1.912349,0,0,1.22404,0.423299,1,0,5,12,3.0,1,0.6666666666666666,1.6666666666666667,0.7085726666666666,1.7581879999999999,5.333333333333333,10.0,0.8,1.6,1.0544736000000001,1.5340998000000003,6.6,10.4,1.2,1.5,1.5584258,1.5738565999999998,5.5,10.8,1.2505819999999999,2.2626060000000003
2024-04-03,Man City,Aston Villa,4,1,D England,1681.2938991660508,1592.8641258182001,1.3,6.0,8.0,4,1,3.87704,1.18643,1,0,2,6,3.0,1,1.3333333333333333,0.6666666666666666,1.7449033333333333,0.973362,8.666666666666666,8.0,1.2,0.4,1.9137460000000002,0.8699548000000001,8.8,8.4,1.8,0.7,2.04455,0.9964137,9.8,6.9,2.153264,0.6380134,1,4,1.18643,3.87704,2,0,3,13,4.0,0,1.0,1.6666666666666667,1.1422180000000004,1.74814,7.333333333333333,11.333333333333334,2.0,1.8,1.8002248,1.986646,7.0,12.0,1.7,1.7,1.8935064000000001,1.9275370000000003,6.8,11.2,1.5499948,1.4834100000000003
2024-04-04,Chelsea,Man United,4,3,J Gillett,1492.9050382351224,1573.4346087259262,2.0,4.0,3.4,4,3,3.48048,1.56686,3,0,12,7,5.0,0,2.3333333333333335,2.0,2.8006266666666675,1.715285,6.0,11.0,2.2,1.6,2.300078,1.7285002000000003,5.2,10.4,2.0,1.9,2.0688312,1.9092015,4.9,13.0,2.6769799999999995,1.3637077999999998,3,4,1.56686,3.48048,0,0,3,15,5.0,0,1.3333333333333333,1.3333333333333333,1.3483096666666665,2.5426666666666664,3.6666666666666665,12.333333333333334,1.4,1.4,1.9190038,2.067768,5.4,12.8,1.9,1.5,1.7810257000000003,1.8498968000000002,5.8,11.0,2.0811897999999998,2.460356
2024-04-06,Aston Villa,Brentford,3,3,M Salisbury,1586.8940399310893,1460.0820073586492,1.7,4.0,4.75,3,3,1.16333,1.42064,2,0,11,15,3.0,1,1.3333333333333333,1.6666666666666667,1.1268046666666671,2.2892166666666665,6.333333333333333,12.0,1.4,2.2,1.3397888,2.310916,6.2,13.2,1.5,1.9,1.7195624000000003,2.2033180000000003,6.5,11.6,2.0191179999999997,2.388026,3,3,1.42064,1.16333,2,0,3,11,3.0,1,0.6666666666666666,1.0,1.6131329999999995,1.6371216666666666,6.333333333333333,11.0,1.0,1.4,1.6091676,1.7314710000000002,4.6,10.6,1.1,1.9,1.4296468,1.9518925,4.4,8.3,1.1348356000000002,1.99113
2024-04-06,Crystal Palace,Man City,2,4,P Tierney,1426.0705389133605,1687.2639850531616,9.5,5.25,1.33,2,4,1.49472,2.26381,1,0,2,13,4.0,0,0.6666666666666666,1.0,1.442130333333333,1.059884,5.333333333333333,15.333333333333334,1.2,1.2,1.4040796,1.18363472,5.8,14.0,1.2,2.0,1.0614389,1.63684236,5.2,13.6,1.9302652000000002,1.01093032,4,2,2.26381,1.49472,1,0,9,3,3.0,1,1.6666666666666667,0.6666666666666666,2.1566733333333334,1.317584,4.333333333333333,8.333333333333334,1.8,0.6,2.181622,1.0064810000000002,7.2,7.2,1.9,0.6,2.176802,0.9914186999999999,8.7,6.8,2.022966,1.3036439999999998
2024-04-06,Everton,Burnley,1,0,M Oliver,1445.060116964459,1399.6783315173925,1.65,4.0,5.25,1,0,0.659844,0.34699,2,0,3,11,4.0,0,0.6666666666666666,1.6666666666666667,1.4845066666666664,2.3147900000000003,6.333333333333333,12.0,0.8,1.8,1.572185,2.1555299999999997,5.2,11.8,0.7,1.4,1.7627497,1.7742905999999998,4.8,11.2,2.2194740000000004,1.4926492,0,1,0.34699,0.659844,1,1,5,13,4.0,0,1.6666666666666667,1.3333333333333333,1.97593,2.2426233333333334,5.333333333333333,10.333333333333334,1.4,1.6,1.682742,2.0076340000000004,5.4,11.4,1.1,2.4,1.24315246,2.0943,4.2,11.8,1.13278432,2.750318
2024-04-06,Fulham,Newcastle,0,1,S Allison,1477.845350563373,1539.381964437536,2.38,3.8,2.8,0,1,0.834564,1.18012,1,0,14,10,4.0,0,1.6666666666666667,1.6666666666666667,2.15231,1.7959066666666665,5.333333333333333,9.333333333333334,2.0,1.2,1.794294,1.7000120000000003,5.4,11.0,1.6,1.2,1.6495927,1.85622,6.4,9.9,1.877386,2.061976,1,0,1.18012,0.834564,2,0,3,13,4.0,0,2.3333333333333335,2.3333333333333335,2.3425816666666663,1.4920246666666668,4.666666666666667,8.333333333333334,2.2,2.2,2.1160135999999996,1.5154406000000002,3.4,7.8,2.5,2.3,2.0408003,1.7300258,4.3,8.6,1.1061114,2.692189
2024-04-06,Luton,Bournemouth,2,1,A Madley,1417.519565909782,1477.0696043737603,3.75,3.8,1.91,2,1,1.30478,0.616108,0,0,7,7,3.0,1,0.6666666666666666,1.6666666666666667,0.5160886666666668,1.8539166666666667,4.333333333333333,10.666666666666666,1.2,2.0,1.0855532,2.331362,4.4,10.8,1.8,2.3,1.6697488,2.442261,5.1,11.2,2.2266584000000003,2.043312,1,2,0.616108,1.30478,0,0,2,14,4.0,0,2.3333333333333335,1.3333333333333333,1.8488,1.300786333333333,9.666666666666666,14.333333333333334,1.8,1.0,1.5816898,1.4606658,6.8,14.0,1.4,1.6,1.5754504,1.4735967,7.4,14.2,1.768084,1.839506
2024-04-06,Brighton,Arsenal,0,3,J Brooks,1518.9448448985922,1664.9095099466226,5.0,4.33,1.62,0,3,0.428514,4.16518,1,0,8,14,3.0,1,0.6666666666666666,0.6666666666666666,0.7325926666666667,1.4406076666666667,5.0,10.666666666666666,0.6,1.2,1.0007116,1.1969036000000002,6.4,10.2,0.8,1.3,1.2961278,1.4092315,5.3,10.2,1.8662695999999996,0.8851071999999999,3,0,4.16518,0.428514,2,0,7,13,3.0,1,1.3333333333333333,0.3333333333333333,1.0829773333333337,0.7484703333333331,5.666666666666667,13.666666666666666,2.6,0.4,1.6096083999999997,0.5595854,6.4,12.8,3.0,0.6,2.1471772000000002,0.5979034999999999,6.1,11.1,1.9533224,0.7812412
2024-04-06,Wolves,West Ham,1,2,T Harrington,1492.5978231949384,1489.3083679770184,2.5,3.6,2.7,1,2,1.78341,1.14133,5,0,4,15,4.0,0,1.0,1.3333333333333333,1.3228066666666665,1.7833566666666671,3.6666666666666665,12.666666666666666,1.0,1.6,1.2504198,2.05654,4.0,12.4,1.5,1.6,1.5861889,1.9608170999999999,3.9,11.6,1.8041639999999997,2.0583442,2,1,1.14133,1.78341,2,0,4,7,4.0,0,1.6666666666666667,2.0,1.2643479999999998,2.038241333333333,6.666666666666667,11.333333333333334,2.0,1.8,1.5693327999999998,2.0233567999999997,5.8,10.2,1.5,2.3,1.3119975,2.0224044,4.4,10.6,1.2943779999999998,2.6710000000000003
2024-04-07,Man United,Liverpool,2,2,A Taylor,1562.8444069239536,1659.2314979894588,4.75,4.5,1.6,2,2,0.814509,4.43457,5,0,6,9,3.0,1,2.0,1.6666666666666667,1.8193416666666666,2.82225,4.0,14.0,1.6,2.0,1.5144298,2.449396,4.8,11.6,2.1,1.7,1.8725212,2.12351,5.6,11.4,1.5906886,1.4578419999999999,2,2,4.43457,0.814509,2,0,11,10,7.0,0,1.3333333333333333,0.6666666666666666,2.2630000000000003,0.9278586666666663,9.0,12.666666666666666,2.4,0.8,2.716308,1.0870536,9.2,14.2,2.8,1.1,2.9138582,1.1622629,7.9,13.6,1.6344224,1.4652439999999998
2024-04-07,Tottenham,Nott'm Forest,3,1,S Hooper,1568.9265921091603,1421.450461146827,1.4,5.5,6.5,3,1,1.61978,2.00122,2,0,12,11,5.0,0,1.0,1.6666666666666667,2.0017,1.4483040000000003,4.333333333333333,11.666666666666666,2.0,1.2,2.1842820000000005,1.1710937999999997,5.6,11.4,2.0,1.5,2.0224921,1.4902642,7.0,11.1,2.4393260000000003,1.1090838,1,3,2.00122,1.61978,3,0,2,12,5.0,0,1.6666666666666667,1.0,1.561174,0.9325979999999996,4.666666666666667,12.666666666666666,1.0,1.0,1.2684044,0.9309803999999999,4.0,12.6,1.3,1.5,1.3323373,1.1755833,3.9,11.9,1.3148924000000002,1.6017200000000003
2024-04-13,Newcastle,Tottenham,4,0,T Robinson,1549.3377374233996,1573.5763053157807,2.7,4.0,2.3,4,0,3.1483,0.737596,0,0,16,14,7.0,0,2.0,1.3333333333333333,2.5464766666666665,1.1758293333333336,4.333333333333333,10.333333333333334,2.2,1.4,2.308563,1.1636814,4.0,9.2,2.4,2.0,2.0351743,1.5580302000000001,4.3,9.2,2.910408,1.5912606,0,4,0.737596,3.1483,4,0,3,12,6.0,0,2.0,1.0,1.8264133333333332,1.2912640000000002,6.666666666666667,12.0,2.0,1.2,1.9757380000000002,1.5157603999999998,5.8,12.2,2.1,1.4,2.0532461,1.5980629,6.9,11.7,1.6056582000000001,1.8714445999999998
2024-04-13,Burnley,Brighton,1,1,S Hooper,1392.6217482501784,1511.3698221690902,3.5,3.75,2.0,1,1,1.8522,0.889445,1,0,4,18,7.0,0,1.0,1.3333333333333333,1.1923400000000002,2.045494666666667,5.333333333333333,10.0,1.4,1.4,1.431218,1.8523707999999999,5.0,12.4,1.0,2.2,1.12873746,1.9755284,4.4,11.8,1.3535206000000002,1.438282,1,1,0.889445,1.8522,2,0,5,8,7.0,0,0.3333333333333333,1.6666666666666667,0.697258,2.599989666666667,5.666666666666667,10.666666666666666,0.4,1.6,0.7556544,1.9726086000000003,5.8,11.2,0.8,1.6,1.1234591999999999,1.7274394999999998,6.1,11.0,1.06435,2.1506458
2024-04-13,Man City,Luton,5,1,J Brooks,1692.0440113573022,1427.5066149829568,1.1,11.0,19.0,5,1,4.64245,0.809775,1,0,12,7,7.0,0,2.6666666666666665,1.0,2.4536466666666668,1.0641840000000002,6.0,6.0,2.4,1.0,2.275112,1.1202472,7.4,6.6,2.0,0.7,2.218427,0.9917767,8.9,6.8,2.61073,0.836885,1,5,0.809775,4.64245,0,0,1,6,7.0,0,1.0,1.6666666666666667,0.6664213333333334,1.4083926666666666,4.666666666666667,9.666666666666666,1.4,2.0,1.1294472,1.8043776,4.6,10.0,1.6,2.4,1.4369148,2.4025057999999997,5.1,10.6,1.1060992,2.68143
2024-04-13,Nott'm Forest,Wolves,2,2,C Pawson,1416.8007479402065,1480.7960911832906,2.1,3.4,3.5,2,2,1.76244,1.45688,2,0,10,15,6.0,0,1.6666666666666667,1.6666666666666667,1.577354,1.1879306666666662,3.0,11.0,1.2,1.4,1.4743552,0.9904184,3.8,12.8,1.3,1.6,1.4692975000000001,1.1984182999999997,3.9,12.5,1.4679606,0.8595986,2,2,1.45688,1.76244,3,0,1,10,7.0,0,0.6666666666666666,1.6666666666666667,1.485313333333333,1.1832833333333337,4.0,15.333333333333334,0.8,1.8,1.2519198,1.9652699999999999,4.0,12.8,1.3,1.8,1.5000529,2.022986,3.8,12.2,1.4892338,1.940164
2024-04-13,Bournemouth,Man United,2,2,T Harrington,1467.0825553005855,1563.8878992076193,2.4,3.9,2.6,2,2,2.38519,1.52274,4,0,7,13,7.0,0,1.3333333333333333,1.0,1.1061593333333335,0.8043163333333329,6.666666666666667,13.666666666666666,2.0,1.2,1.5197336,1.3623498,6.6,14.0,1.5,1.4,1.5536027000000001,1.4507307,6.8,14.7,1.5323578,1.2310534,2,2,1.52274,2.38519,0,0,2,14,6.0,0,2.0,2.3333333333333335,1.1236446666666666,3.693306666666666,4.333333333333333,12.666666666666666,1.8,2.0,1.2852596,3.1086099999999997,4.0,12.2,2.1,1.7,1.8616488,2.435743,5.4,11.5,1.7491657999999997,2.7012340000000004
2024-04-14,Liverpool,Crystal Palace,0,1,C Kavanagh,1658.188005705793,1421.2905126092198,1.22,7.0,12.0,0,1,3.04497,2.12879,1,0,11,10,7.0,0,1.6666666666666667,1.3333333333333333,3.300326666666667,0.8755396666666663,8.666666666666666,12.0,2.0,1.0,2.985318,0.9109194,10.2,12.6,2.6,1.1,2.6901642,1.1526164,8.3,13.0,3.195894,0.8715648,1,0,2.12879,3.04497,1,0,1,10,8.0,0,1.0,2.0,0.8566936666666664,1.4527173333333334,3.3333333333333335,13.0,1.0,2.0,1.2197996,1.6211924,3.8,15.0,1.1,2.3,1.0498539,1.7344923600000002,4.7,13.5,0.46581399999999995,1.8257264
2024-04-14,West Ham,Fulham,0,2,S Attwell,1501.1100999886662,1467.8895775775093,2.38,3.6,2.8,0,2,1.45307,3.61413,1,0,8,6,8.0,0,2.0,2.0,1.2020279999999997,2.328953333333333,5.666666666666667,9.333333333333334,1.8,1.8,1.3617027999999998,1.7558888,5.6,10.4,1.6,2.3,1.2948505,2.0872584,4.7,10.0,1.386479,1.7045148,2,0,3.61413,1.45307,2,0,3,13,8.0,0,1.3333333333333333,1.3333333333333333,1.4499813333333333,1.7573166666666669,8.666666666666666,9.0,1.6,1.2,1.7335068,1.5439640000000001,6.4,10.8,1.6,1.2,1.6632643999999999,1.769672,7.4,10.0,1.4217993999999998,1.6504640000000002
2024-04-14,Arsenal,Aston Villa,0,2,D Coote,1672.4845326761247,1581.981679274757,1.29,5.75,10.0,0,2,1.89003,0.929049,3,0,4,12,8.0,0,1.6666666666666667,0.0,1.940140666666667,0.6468953333333332,4.666666666666667,15.0,2.2,0.4,2.0014944,0.5782596,6.6,13.8,3.2,0.4,2.3977852000000004,0.4879258999999999,6.4,11.4,2.341032,0.4145658,2,0,0.929049,1.89003,1,0,6,7,8.0,0,2.0,2.3333333333333335,1.2108233333333338,2.32,6.333333333333333,13.0,1.4,2.4,1.1552828000000002,2.1084199999999997,7.2,12.4,1.8,2.2,1.7015454,2.241718,7.1,11.7,1.4200068,2.0186100000000002
2024-04-15,Chelsea,Everton,6,0,P Tierney,1503.495240037095,1452.1167002316731,1.7,4.2,4.5,6,0,3.37093,1.21791,1,0,4,5,11.0,0,3.0,2.3333333333333335,3.2433533333333338,1.4131716666666667,8.0,10.333333333333334,2.4,2.0,2.7422779999999998,1.8979690000000002,6.2,10.4,2.2,2.1,2.1438742,1.9700798000000002,5.7,12.4,2.827066,1.4854644000000001,0,6,1.21791,3.37093,4,0,8,21,9.0,0,1.0,1.0,1.0973213333333331,1.4632533333333335,4.666666666666667,12.0,0.8,1.6,1.6468228,1.8941679999999999,5.2,11.2,0.8,1.4,1.7250701000000004,1.6746396000000001,4.7,11.0,0.9864494,2.037576
2024-04-20,Luton,Brentford,1,5,J Gillett,1424.8315831506961,1464.9943680149815,3.1,3.75,2.15,1,5,0.497799,3.7809,1,0,4,13,7.0,0,1.0,2.6666666666666665,0.8022123333333334,2.1341326666666665,3.0,7.0,1.0,2.2,0.7325642,2.1640616,4.2,9.0,1.3,2.5,1.2504293,2.6293978,5.0,9.6,1.9594284000000002,1.8516076000000001,5,1,3.7809,0.497799,2,0,9,9,14.0,0,1.3333333333333333,1.3333333333333333,1.6696029999999997,1.125645,6.0,9.0,1.2,1.6,1.3986555999999999,1.5336770000000002,5.2,10.8,1.3,1.9,1.4851367,1.8574405000000003,3.9,9.2,1.0491476000000002,2.0122340000000003
2024-04-20,Wolves,Arsenal,0,2,P Tierney,1480.6811010295626,1658.4047612138154,8.5,4.5,1.4,0,2,0.164516,1.66179,3,0,1,14,7.0,0,1.3333333333333333,1.6666666666666667,1.416833333333333,1.3431933333333337,3.0,12.333333333333334,1.2,1.6,1.441742,1.650768,3.2,12.6,1.5,2.0,1.5316249000000002,2.06222,3.7,11.9,1.811594,1.9357162000000003,2,0,1.66179,0.164516,2,0,2,9,6.0,0,1.6666666666666667,0.6666666666666666,2.399683333333334,0.5498816666666665,4.666666666666667,12.333333333333334,1.4,0.6,1.8608284000000002,0.7205948,5.6,13.2,2.7,0.6,2.2346212000000003,0.5520225,6.2,11.8,2.4545384,0.561286
2024-04-21,Everton,Nott'm Forest,2,0,A Taylor,1445.2169514910408,1416.9157380939346,2.05,3.5,3.6,2,0,0.473233,1.18916,3,0,6,15,6.0,0,0.6666666666666666,2.3333333333333335,1.192031333333333,2.12267,4.666666666666667,15.333333333333334,0.6,2.2,1.2662548,2.1324579999999997,6.0,13.6,0.8,2.0,1.5635441,1.7742336,4.9,11.8,2.1043848000000005,1.1054051999999999,0,2,1.18916,0.473233,2,0,4,9,8.0,0,2.0,2.0,1.9032833333333334,1.373233333333333,5.0,11.333333333333334,1.6,1.6,1.6894364,1.1748908,5.2,13.0,1.4,1.7,1.5998867,1.2251563,4.3,12.8,1.4706344000000002,1.5372379999999999
2024-04-21,Aston Villa,Bournemouth,3,1,T Robinson,1596.0614507370663,1468.1379532853898,1.85,4.0,3.6,3,1,2.62687,2.05211,1,0,8,8,7.0,0,2.0,2.3333333333333335,1.0929363333333335,2.395903333333333,6.666666666666667,11.666666666666666,1.8,1.6,1.0945586,2.0356639999999997,7.2,11.6,1.9,1.9,1.6499652999999999,2.098481,6.9,11.0,1.9628140000000003,2.007674,1,3,2.05211,2.62687,3,0,4,14,8.0,0,1.3333333333333333,1.3333333333333333,1.436996,1.0006363333333328,6.0,13.333333333333334,2.0,1.6,1.7095396,1.3459758000000002,7.6,14.0,1.6,1.5,1.6786347,1.4717247,7.0,14.9,1.5748476,1.6704080000000001
2024-04-21,Crystal Palace,West Ham,5,2,G Scott,1438.2248492919541,1488.4895819542992,2.1,3.6,3.4,5,2,3.7185,1.34536,3,0,4,9,7.0,0,1.0,1.6666666666666667,1.265966333333333,2.2061566666666668,1.6666666666666667,12.333333333333334,1.0,1.4,1.5899802,1.6976863999999998,3.8,13.8,1.2,1.8,1.2339246000000001,1.68682236,4.1,13.3,1.8983912,1.19638632,2,5,1.34536,3.7185,2,0,0,9,7.0,0,1.0,1.3333333333333333,1.3548566666666664,2.263923333333333,7.0,8.666666666666666,1.4,1.8,1.2774888,2.3024528,6.4,9.4,1.6,2.2,1.3220874999999999,2.3519503999999998,4.7,10.1,1.2032219999999998,2.470002
2024-04-21,Fulham,Liverpool,1,3,C Pawson,1480.5100956118763,1641.2536690230588,5.25,4.5,1.57,1,3,0.83885,1.02445,3,0,1,5,7.0,0,1.0,1.3333333333333333,1.8305779999999998,1.5264600000000002,8.333333333333334,10.333333333333334,1.4,1.2,2.1811248,1.6041820000000002,6.6,10.2,1.8,1.2,1.7871783999999997,1.631662,6.2,10.7,1.5693008000000002,1.7313660000000002,3,1,1.02445,0.83885,0,0,4,11,7.0,0,1.3333333333333333,1.3333333333333333,3.5636766666666673,1.127506333333333,10.0,13.333333333333334,1.2,1.0,2.8537079999999997,1.145375,9.8,11.6,2.2,1.2,2.8413171999999998,1.2820369,8.9,12.8,2.1844343999999998,1.433668
2024-04-23,Arsenal,Chelsea,5,0,S Hooper,1665.1403835471535,1510.3949887777273,1.44,5.0,6.0,5,0,3.45858,1.60343,2,0,4,12,3.0,1,1.6666666666666667,0.6666666666666666,2.5723333333333342,0.5073596666666665,4.333333333333333,11.333333333333334,1.4,0.4,1.8744484,0.6068502,4.0,13.2,2.7,0.5,2.2616572,0.5053123,5.3,12.0,2.014704,0.542759,0,5,1.60343,3.45858,2,0,2,11,8.0,0,4.0,1.6666666666666667,3.772613333333334,1.6296633333333332,9.333333333333334,8.0,3.4,1.8,3.050658,1.5861250000000002,6.8,9.0,2.5,1.9,2.3235042,1.8277778000000002,5.9,10.8,1.4606824,2.4546951999999997
2024-04-24,Wolves,Bournemouth,0,1,S Attwell,1473.9454786962244,1463.074546581614,2.7,3.6,2.5,0,1,0.484454,2.40311,4,0,8,10,4.0,0,1.0,2.0,1.134935333333333,1.5218533333333337,2.0,13.0,0.8,1.8,1.2154672,1.394816,2.8,14.0,1.2,1.8,1.3204675,1.9057009999999999,3.4,12.3,1.3155432,2.164146,1,0,2.40311,0.484454,1,1,12,17,3.0,1,1.3333333333333333,2.3333333333333335,1.6844693333333336,1.8181299999999994,4.333333333333333,13.666666666666666,1.4,1.6,1.5511556,1.3125118,6.2,13.6,1.6,1.7,1.7648956999999998,1.6887569,6.3,14.4,1.7582956000000003,1.933222
2024-04-24,Crystal Palace,Newcastle,2,0,T Bramall,1447.9447190838384,1558.312060296653,2.75,3.6,2.4,2,0,1.43661,0.55129,3,0,7,10,3.0,1,2.6666666666666665,2.0,2.4473366666666663,2.2180466666666665,2.3333333333333335,10.666666666666666,1.8,1.6,1.6834741999999998,1.7496964,3.0,11.6,1.6,1.6,1.5816609,1.6287673599999999,4.3,12.8,2.3199772,1.20799632,0,2,0.55129,1.43661,3,0,2,15,11.0,0,2.0,0.3333333333333333,2.32617,1.090166666666667,8.666666666666666,12.0,2.4,1.4,2.2712329999999996,1.2096468,6.6,10.4,2.5,1.9,2.0177643,1.4873048,5.2,9.4,1.1599406,1.5247998
2024-04-24,Everton,Liverpool,2,0,A Madley,1452.728781682615,1648.4326585675437,7.0,5.0,1.4,2,0,1.89111,1.87155,0,0,4,6,3.0,1,1.0,2.0,0.783662333333333,1.6356933333333332,5.666666666666667,15.666666666666666,1.0,1.8,0.9966214000000001,1.7899699999999998,5.6,14.4,0.8,1.8,1.2849864,1.8009124999999997,4.6,12.5,1.9917034,1.0745372,0,2,1.87155,1.89111,3,0,13,13,3.0,1,1.6666666666666667,1.3333333333333333,2.8346633333333338,1.2607163333333329,8.666666666666666,10.333333333333334,1.6,1.2,2.79408,1.1188518,8.2,11.4,2.1,1.2,2.5774922,1.3181247,8.5,12.4,2.0826364,1.434521
2024-04-25,Brighton,Man City,0,4,J Gillett,1509.6948497216138,1694.7190431895629,6.5,5.0,1.4,0,4,0.572021,1.90507,2,0,4,10,12.0,0,0.3333333333333333,1.3333333333333333,0.847333,2.146893,6.0,11.333333333333334,0.6,1.2,0.7031474000000001,2.0678406000000003,5.6,10.8,0.9,1.7,1.0753937,1.7985435000000003,5.8,10.8,1.1825684,1.3042332,4,0,1.90507,0.572021,0,0,4,3,12.0,0,4.333333333333333,1.3333333333333333,3.5944333333333334,1.163641666666667,7.666666666666667,5.333333333333333,2.8,1.0,2.675256,1.2514494,6.8,7.0,2.2,0.7,2.471887,0.9861801,8.8,7.1,2.019086,1.3555300000000001
2024-04-27,West Ham,Liverpool,2,2,A Taylor,1478.7697121624149,1634.7139955792552,5.5,5.0,1.5,2,2,0.794025,2.29298,0,0,5,8,6.0,0,1.3333333333333333,2.6666666666666665,1.313253333333333,3.0386799999999994,4.0,7.333333333333333,1.6,2.6,1.2809028,2.863898,5.0,8.6,1.8,2.1,1.437517,2.3239074000000004,4.5,9.3,1.63888,1.6275548,2,2,2.29298,0.794025,2,0,8,10,3.0,1,1.0,1.3333333333333333,1.9803233333333339,1.619583333333333,9.333333333333334,11.333333333333334,1.4,1.4,2.717406,1.2224958000000001,9.4,12.8,2.0,1.1,2.710442,1.2219757000000002,9.4,12.6,2.348536,1.242223
2024-04-27,Fulham,Crystal Palace,1,1,S Attwell,1473.3311060673914,1459.3843368104558,2.1,3.5,3.5,1,1,1.39418,1.05387,0,0,5,11,6.0,0,1.0,1.3333333333333333,1.762514666666667,1.2192133333333335,6.0,9.333333333333334,1.4,1.4,1.7605847999999997,1.549894,6.0,9.0,1.7,1.3,1.7422574000000002,1.633679,5.0,10.5,1.3879508,1.415032,1,1,1.05387,1.39418,2,0,9,15,3.0,1,2.6666666666666665,0.6666666666666666,2.4279666666666664,1.6472066666666667,4.0,9.666666666666666,2.0,1.4,1.7906018,1.7030239999999999,3.2,11.2,1.7,1.3,1.6533703,1.55694836,4.9,12.4,0.8433446,2.0495384000000003
2024-04-27,Man United,Burnley,1,1,J Brooks,1562.832501222815,1394.2967206976548,1.5,4.75,5.5,1,1,3.06197,1.89591,1,0,6,7,14.0,0,2.3333333333333335,2.6666666666666665,1.3013696666666668,3.4334133333333328,3.6666666666666665,12.666666666666666,2.0,1.8,1.5590548,3.057302,4.0,13.0,1.9,1.6,1.6912247999999999,2.446653,5.1,11.9,1.5133824,1.9774819999999997,1,1,1.89591,3.06197,3,0,5,11,14.0,0,0.6666666666666666,1.0,1.1083333333333336,0.8531663333333334,5.333333333333333,13.666666666666666,1.2,1.2,1.6253959999999998,1.6554318,5.0,12.4,0.9,2.1,1.2135294600000002,1.9356668999999997,4.6,12.5,0.9039543200000001,2.5127748
2024-04-27,Wolves,Luton,2,1,D Coote,1461.9334780007332,1414.261241831883,1.95,3.8,3.6,2,1,1.49011,0.90435,3,0,4,14,3.0,1,0.6666666666666666,1.6666666666666667,0.7019499999999996,1.942446666666667,3.3333333333333335,11.333333333333334,0.8,1.6,0.979894,1.6188960000000001,3.6,12.2,0.8,1.7,1.1199169000000002,1.9100449999999998,4.1,12.2,0.9572160000000001,1.999372,1,2,0.90435,1.49011,1,0,4,14,7.0,0,1.3333333333333333,3.6666666666666665,0.8707846666666668,3.0131526666666666,4.0,8.666666666666666,1.0,3.0,0.6613675999999999,2.5297055999999998,3.8,9.6,1.3,2.8,1.1429752,2.6485148,4.6,10.2,1.0767517999999998,2.8693160000000004
2024-04-27,Everton,Brentford,1,0,D England,1466.4474446709035,1475.5647093337948,2.3,3.5,3.0,1,0,1.21399,0.956356,1,0,6,10,3.0,1,1.3333333333333333,2.0,1.194084333333333,2.14388,6.0,14.0,1.2,1.4,1.1880874000000001,1.8857439999999996,4.8,13.4,1.0,1.6,1.4548902000000001,1.8290964999999997,5.0,12.0,1.7181634000000003,1.264373,0,1,0.956356,1.21399,2,0,6,12,7.0,0,2.6666666666666665,1.3333333333333333,1.8749463333333327,0.961723,4.333333333333333,9.666666666666666,2.0,1.4,2.0081878,1.3144988,6.2,10.6,1.6,2.0,1.6783186999999997,1.8014394000000002,4.4,9.2,1.7045678000000002,1.6042618000000002
2024-04-27,Aston Villa,Chelsea,2,2,C Pawson,1601.124857440842,1505.8929351266931,2.15,3.8,3.0,2,2,0.612257,1.56401,3,0,2,13,6.0,0,2.6666666666666665,1.3333333333333333,1.5730830000000005,1.787593333333333,8.333333333333334,10.0,2.2,1.6,1.4376778,2.180428,6.6,10.8,2.1,1.8,1.6479772999999998,2.059101,6.7,10.9,1.958838,1.928914,2,2,1.56401,0.612257,5,0,4,14,4.0,0,3.3333333333333335,2.6666666666666665,2.81828,2.0811166666666665,6.0,7.666666666666667,3.0,2.4,2.9408839999999996,1.7832010000000005,6.0,9.4,2.4,2.4,2.2792871999999997,2.1038511,5.5,10.6,1.4664424,2.6182252000000004
2024-04-28,Nott'm Forest,Man City,0,2,S Hooper,1409.4039079023605,1701.2682368852286,8.0,6.0,1.3,0,2,2.17312,0.932063,0,0,4,8,7.0,0,1.0,2.3333333333333335,1.65094,1.1832976666666664,5.333333333333333,12.0,1.4,1.8,1.5367323999999998,1.098781,4.6,11.4,1.2,1.6,1.6219952,1.2213420999999998,4.3,12.8,1.6268336,1.0486996,2,0,0.932063,2.17312,0,0,5,6,3.0,1,4.333333333333333,1.0,2.93711,0.9588386666666668,8.333333333333334,4.333333333333333,3.4,0.8,2.781692,0.9148696000000001,6.8,5.6,2.4,0.7,2.503423,1.024175,8.3,6.8,1.889196,1.2226582000000001
2024-04-28,Bournemouth,Brighton,3,0,P Tierney,1475.0865472771052,1503.145656025948,2.25,3.8,2.9,3,0,2.48132,1.35682,2,0,8,14,4.0,0,1.3333333333333333,1.6666666666666667,2.280136666666667,1.5446879999999996,7.666666666666667,14.666666666666666,1.2,1.4,1.7532415999999997,1.2226465999999998,6.8,14.2,1.6,1.4,1.7445947,1.5626422999999998,6.1,15.0,1.7714957999999998,1.4442918,0,3,1.35682,2.48132,2,0,2,10,3.0,1,0.3333333333333333,2.6666666666666665,0.6299933333333333,2.640816666666667,5.666666666666667,10.666666666666666,0.4,2.0,0.7106480000000001,2.3114478000000003,5.2,10.0,0.9,1.7,1.0312298,1.6257385,5.8,10.4,1.039507,1.7944617999999999
2024-04-28,Tottenham,Arsenal,2,3,M Oliver,1564.6019824425273,1669.6424371981877,4.2,4.2,1.75,2,3,2.60458,1.51469,2,0,8,12,15.0,0,1.3333333333333333,2.0,1.2505353333333333,2.2065633333333334,6.666666666666667,10.666666666666666,1.2,2.0,1.6724952000000002,1.8988863999999999,5.6,11.6,1.8,1.6,1.7908117000000001,1.7532558999999999,6.7,11.6,2.090894,1.1900538,3,2,1.51469,2.60458,1,0,6,16,5.0,0,2.3333333333333335,0.6666666666666666,2.3368,0.8989983333333331,3.3333333333333335,11.0,2.4,0.4,2.4638839999999997,0.6835182,4.0,11.6,2.9,0.4,2.3222552000000003,0.6114501,5.5,12.1,2.5086104000000002,0.4678656
2024-05-02,Chelsea,Tottenham,2,0,R Jones,1510.0855311707671,1555.891137294894,2.15,3.8,3.0,2,0,2.22432,1.27064,0,0,4,12,5.0,0,2.6666666666666665,2.3333333333333335,2.1794566666666673,1.7629156666666665,3.3333333333333335,10.0,2.8,2.4,2.897056,1.7919654,6.8,9.8,2.5,2.2,2.387891,1.7988068,5.8,10.4,3.0921320000000003,1.589477,0,2,1.27064,2.22432,1,0,9,16,4.0,0,1.6666666666666667,2.6666666666666665,1.6539853333333336,2.2214033333333334,7.666666666666667,11.666666666666666,1.6,2.0,1.7642832,1.7073563999999997,6.2,12.0,1.8,1.7,1.9590326,1.5788438999999999,7.0,11.4,1.4907294,2.316458
2024-05-03,Luton,Everton,1,1,T Robinson,1407.2647540542148,1474.9933032606266,2.6,3.6,2.55,1,1,0.950391,1.22959,1,0,8,14,6.0,0,1.0,4.0,0.7373080000000001,3.304486666666666,3.0,11.0,1.0,3.0,0.7617571999999999,2.3346816,3.4,9.6,1.3,2.6,1.137759,2.4272237999999997,4.6,10.2,1.3323642000000002,2.4050556,1,1,1.22959,0.950391,3,0,7,12,6.0,0,1.6666666666666667,0.0,1.1927776666666665,1.339022,5.333333333333333,10.333333333333334,1.2,1.2,1.0912174000000001,1.5469971999999996,5.4,12.6,1.0,1.5,1.3317012,1.8512636,5.3,12.2,1.1916170000000001,2.39382
2024-05-04,Brentford,Fulham,0,0,G Scott,1467.0188507440716,1471.2343127245124,2.1,3.8,3.2,0,0,0.809379,1.45579,1,0,7,3,7.0,0,2.6666666666666665,1.6666666666666667,2.0526319999999996,0.9583729999999999,6.0,10.666666666666666,1.8,1.2,1.9492129999999999,1.0177448,6.6,9.6,1.5,1.7,1.6044363000000001,1.6138864000000002,4.9,10.0,1.7244580000000003,1.9126549999999998,0,0,1.45579,0.809379,1,0,6,6,7.0,0,1.3333333333333333,1.3333333333333333,1.9490533333333333,1.17713,3.0,9.666666666666666,1.0,1.6,1.5449528,1.33154,6.2,9.4,1.5,1.3,1.7071154,1.478454,5.4,10.5,2.005056,1.531958
2024-05-04,Arsenal,Bournemouth,3,0,D Coote,1678.353282345821,1484.169795783539,1.22,7.5,11.0,3,0,3.91372,0.4687,2,0,6,16,6.0,0,3.3333333333333335,0.6666666666666666,2.211686666666667,1.4575086666666666,4.0,12.333333333333334,2.6,0.8,2.538054,1.1460177999999999,4.6,12.4,2.6,0.6,2.0738312,0.8528015999999999,5.5,12.6,2.1359000000000004,0.7550346,0,3,0.4687,3.91372,3,0,1,12,6.0,0,1.6666666666666667,1.0,2.31218,1.489381333333333,8.0,15.0,1.6,1.4,1.9875675999999998,1.4591328,6.6,14.4,1.7,1.2,1.7846287,1.4598993,6.7,14.2,1.7176935999999998,1.6809928000000003
2024-05-04,Man City,Wolves,5,1,C Pawson,1705.4358361393824,1468.9299657784013,1.08,12.0,21.0,5,1,4.52542,0.396887,0,0,6,4,6.0,0,3.6666666666666665,0.3333333333333333,2.4931943333333337,1.1849720000000001,7.0,5.333333333333333,3.8,0.8,2.7240866,1.2472132,6.4,5.0,2.5,0.6,2.3189163,1.0585840000000002,7.6,6.7,2.9837940000000005,0.6330339999999999,1,5,0.396887,4.52542,4,0,0,17,7.0,0,0.6666666666666666,1.3333333333333333,0.7130266666666664,1.656416666666667,4.333333333333333,12.666666666666666,1.0,1.6,1.075874,1.5746040000000001,3.6,12.6,1.0,1.6,1.1631469,1.8155720000000002,3.8,12.5,1.2826178000000001,1.820718
2024-05-04,Burnley,Newcastle,1,4,A Taylor,1400.0655541920453,1546.8724425700357,3.4,4.0,1.95,1,4,1.28632,4.25643,2,0,4,8,7.0,0,0.6666666666666666,1.0,1.3650333333333335,1.5370863333333336,4.666666666666667,14.0,1.0,1.2,1.4650260000000002,2.0175798,5.0,11.8,0.9,1.9,1.2919974600000002,1.9271299,4.8,12.3,1.5231046000000001,1.358559,4,1,4.25643,1.28632,2,0,11,8,10.0,0,1.6666666666666667,0.6666666666666666,1.6265699999999998,1.0029233333333336,7.0,14.0,2.0,1.2,2.2678039999999995,1.1403387999999999,6.2,12.0,2.1,1.7,1.8355403,1.3635028,4.6,9.6,0.6057186,1.5231518000000002
2024-05-05,Brighton,Aston Villa,1,0,R Jones,1494.0624075195142,1596.9322613967681,2.75,3.75,2.45,1,0,2.63566,0.0644055,2,0,7,13,7.0,0,0.3333333333333333,2.6666666666666665,0.9394286666666666,2.07953,3.6666666666666665,9.333333333333334,0.2,2.2,0.894168,2.1654138000000005,4.8,10.8,0.5,1.9,0.9743208000000001,1.8497568000000002,5.7,10.6,1.0229526,1.4570152,0,1,0.0644055,2.63566,1,0,3,10,8.0,0,2.3333333333333335,1.0,1.3893920000000002,1.8353833333333334,5.333333333333333,9.333333333333334,2.2,2.0,1.3035871999999997,2.1607659999999997,6.0,11.2,2.1,1.9,1.551906,2.073706,6.5,11.6,1.3371165999999999,2.1892880000000003
2024-05-05,Chelsea,West Ham,5,0,A Madley,1519.6772108259768,1481.4630916091642,1.65,4.5,4.5,5,0,4.21838,0.893899,1,0,8,12,3.0,1,1.3333333333333333,2.3333333333333335,1.7972533333333338,1.7804923333333333,3.3333333333333335,12.333333333333334,2.8,2.0,2.4486339999999998,1.6252494000000002,5.2,9.8,2.5,1.8,2.3743559999999997,1.6768747999999998,5.2,10.1,3.0650619999999997,1.345613,0,5,0.893899,4.21838,3,0,6,10,8.0,0,1.3333333333333333,3.0,1.1974849999999997,3.208536666666666,4.333333333333333,7.666666666666667,1.4,2.2,1.2407909999999998,2.56065,5.2,8.6,2.0,2.1,1.4649178999999999,2.2862634,4.7,8.6,1.236154,3.02026
2024-05-05,Liverpool,Tottenham,4,2,P Tierney,1632.020616132506,1546.2994576396843,1.5,5.75,5.0,4,2,3.26222,1.17205,1,0,8,14,8.0,0,1.6666666666666667,1.6666666666666667,1.7296600000000006,1.1746616666666665,8.333333333333334,11.333333333333334,1.4,1.6,2.533704,1.2934568000000002,9.4,10.8,1.9,1.2,2.625006,1.1902552000000002,9.3,12.5,3.072348,1.2017284,2,4,1.17205,3.26222,4,0,3,12,3.0,1,0.6666666666666666,3.0,1.5376053333333333,2.2957700000000005,6.666666666666667,13.333333333333334,1.2,2.2,1.5253652,2.0717399999999997,7.4,12.0,1.6,1.8,1.8751685999999999,1.6519909,7.0,11.6,1.5603832,2.1095599999999997
2024-05-06,Crystal Palace,Man United,4,0,J Gillett ,1461.4811301533348,1557.0636677284244,2.38,3.75,2.8,4,0,2.0656,0.341417,1,0,6,12,9.0,0,2.6666666666666665,1.0,2.0696599999999994,1.0969433333333332,6.666666666666667,11.333333333333334,2.2,1.4,1.966498,1.719922,4.6,11.4,1.7,1.3,1.6852888,1.4517783599999998,5.2,12.7,2.463396,1.06435832,0,4,0.341417,2.0656,1,0,3,8,9.0,0,1.6666666666666667,1.6666666666666667,1.7997396666666667,2.9052233333333333,4.666666666666667,10.0,1.8,2.0,1.5911288,3.072204,4.2,11.8,1.7,1.7,1.9007007999999999,2.518174,5.2,11.6,1.5645318,2.6489219999999998
2024-05-11,Bournemouth,Brentford,1,2,M Donohue,1480.4102213402741,1465.4268992687173,1.95,4.0,3.5,1,2,1.07237,1.92722,2,0,3,16,7.0,0,1.3333333333333333,1.0,1.7843766666666667,1.9183313333333327,7.0,14.333333333333334,1.4,1.6,1.9580859999999998,1.9809207999999998,6.4,14.0,1.7,1.4,1.7389098,1.6716352999999997,6.5,14.0,2.082582,1.3563838000000001,2,1,1.92722,1.07237,2,0,8,12,7.0,0,1.6666666666666667,0.6666666666666666,1.8488783333333327,1.0558596666666666,7.333333333333333,8.0,1.6,1.0,1.4781148,1.1109898,5.2,8.8,1.5,1.6,1.6349943,1.5056994000000001,5.5,9.7,1.6284730000000003,1.4333137999999999
2024-05-11,Fulham,Man City,0,4,A Taylor,1472.8262641998667,1708.5073557881178,13.0,7.0,1.2,0,4,0.0886245,3.15218,1,1,1,9,7.0,0,0.6666666666666666,1.3333333333333333,1.2296066666666665,0.9625663333333333,4.0,7.333333333333333,0.8,1.0,1.6275027999999998,1.1041778,5.8,9.0,1.4,1.1,1.7108984,1.4020949,5.6,10.0,1.3831947999999998,1.311212,4,0,3.15218,0.0886245,0,0,7,6,7.0,0,3.6666666666666665,0.3333333333333333,2.4541843333333335,1.0473426666666668,5.0,4.333333333333333,4.0,0.8,2.8537626000000005,1.0893046000000002,7.2,4.6,2.9,0.7,2.5176922999999998,1.0478928,7.2,5.9,1.6540385999999998,1.4841339999999998
2024-05-11,Newcastle,Brighton,1,1,D England,1554.424663115812,1505.2900770195624,1.57,4.75,4.75,1,1,2.45163,1.91556,3,0,8,9,7.0,0,2.6666666666666665,1.0,2.6520066666666664,1.153508666666667,9.666666666666666,12.333333333333334,2.0,0.8,2.357246,1.198686,7.8,11.8,2.2,1.6,2.2100458,1.3953273000000002,5.3,9.8,3.0653619999999995,1.2038537999999999,1,1,1.91556,2.45163,4,0,4,16,6.0,0,0.3333333333333333,2.3333333333333335,1.5215003333333332,1.4835985000000003,4.333333333333333,11.0,0.4,2.2,1.176492,2.0936351,5.2,11.0,0.5,1.7,1.0886018,1.6452693500000002,5.8,10.6,1.0123010000000001,1.8688698000000001
2024-05-11,Tottenham,Burnley,2,1,J Gillett,1540.2638679809988,1392.5133336462688,1.36,5.75,7.0,2,1,3.00238,0.950331,3,0,9,10,6.0,0,1.3333333333333333,3.0,1.6824233333333334,2.333743333333334,6.666666666666667,13.333333333333334,1.4,2.8,1.4809291999999998,2.43015,7.0,12.6,1.7,2.0,1.8326056000000002,1.8006219,6.3,12.0,2.1899539999999997,1.1944218,1,2,0.950331,3.00238,5,0,3,14,7.0,0,1.0,2.0,1.6781433333333335,2.7359483333333334,4.333333333333333,12.333333333333334,0.8,1.6,1.3014459999999999,1.9755797999999998,5.0,12.0,1.0,1.8,1.38711516,2.1321979,4.8,12.0,1.06089032,2.4957008000000003
2024-05-11,West Ham,Luton,3,1,M Oliver,1474.2169555806688,1407.487162898715,1.8,4.2,3.8,3,1,3.71009,0.640456,1,0,7,9,6.0,0,1.3333333333333333,4.0,1.0110946666666663,3.4099533333333327,3.6666666666666665,9.0,1.2,3.0,1.1255368,3.12548,4.6,8.0,1.6,2.4,1.3474347999999998,2.5744184,5.2,9.1,1.383939,1.8187848000000002,1,3,0.640456,3.71009,3,0,6,15,8.0,0,1.0,2.6666666666666665,0.7841800000000001,2.166866666666667,5.333333333333333,13.666666666666666,1.2,2.8,0.8934190000000001,2.3518316,4.8,10.8,1.2,2.4,0.9894860999999999,2.3415968000000005,4.6,10.8,1.0405598,2.517132
2024-05-11,Nott'm Forest,Chelsea,2,3,T Harrington,1405.2363086482067,1526.9233468544721,3.4,3.8,2.0,2,3,2.44569,2.41068,2,0,5,14,13.0,0,0.6666666666666666,2.0,1.70824,0.9540586666666663,6.0,10.666666666666666,1.2,2.0,1.8144259999999999,1.1049992,4.6,10.2,1.0,1.8,1.5723652000000001,1.2625468,4.2,12.3,1.5275735999999998,1.131109,3,2,2.41068,2.44569,3,0,6,8,6.0,0,3.0,0.6666666666666666,2.668903333333334,0.9255986666666667,5.333333333333333,12.666666666666666,3.0,1.4,2.596214,1.4906572000000002,4.4,10.8,2.7,1.7,2.669246,1.6943131,5.3,10.6,1.6836499999999996,2.0081366
2024-05-11,Wolves,Crystal Palace,1,3,T Bramall,1465.858446129666,1472.5017121810642,2.88,3.5,2.38,1,3,1.1561,2.51452,3,0,8,13,7.0,0,1.0,2.3333333333333335,0.7904836666666665,2.610960000000001,4.0,13.666666666666666,1.0,2.2,0.7985694000000001,2.2514220000000003,2.8,13.0,0.9,2.0,1.0252446,2.108346,3.4,12.9,1.043676,1.8104259999999996,3,1,2.51452,1.1561,2,1,3,12,5.0,0,2.3333333333333335,0.3333333333333333,1.518693333333333,0.7622956666666666,7.333333333333333,12.333333333333334,2.6,0.6,2.0806739999999997,1.3354434,5.4,11.2,1.8,1.3,1.6502368,1.4783179,4.6,13.1,0.9071816,1.8391984000000001
2024-05-12,Man United,Arsenal,0,1,P Tierney,1546.043085700695,1682.112856789086,7.0,5.5,1.36,0,1,0.551669,1.73104,0,0,4,5,6.0,0,1.0,2.3333333333333335,1.6420423333333334,2.1155666666666666,3.6666666666666665,9.666666666666666,1.6,2.6,1.4614992,2.85235,4.0,10.6,1.5,2.0,1.6902514999999998,2.460059,4.7,11.7,1.9411298000000001,2.094216,1,0,1.73104,0.551669,2,0,7,6,8.0,0,3.6666666666666665,0.6666666666666666,2.96233,1.5589033333333333,5.333333333333333,14.666666666666666,2.6,0.8,2.487762,1.154055,4.4,13.0,2.4,0.6,2.2446282,0.8661572999999999,5.5,13.4,2.0117624000000003,0.9505686000000001
2024-05-13,Aston Villa,Liverpool,3,3,S Hooper,1585.7045918967199,1638.0562057911914,4.2,4.33,1.7,3,3,2.71655,1.89968,1,0,5,11,8.0,0,1.6666666666666667,1.3333333333333333,1.1011775000000001,2.0839266666666663,4.333333333333333,10.333333333333334,2.0,1.4,1.0791822999999998,1.91249,6.0,10.6,1.7,1.8,1.20948555,2.111703,6.1,11.9,1.3835674,1.790578,3,3,1.89968,2.71655,1,0,4,15,8.0,0,2.0,2.0,2.475583333333334,1.2857283333333331,9.666666666666666,12.333333333333334,1.8,1.6,2.2992339999999998,1.3649650000000002,8.8,11.6,1.9,1.3,2.642276,1.1379422000000001,9.5,12.1,2.189228,1.061992
2024-05-14,Tottenham,Man City,0,2,C Kavanagh,1544.9079464429926,1713.84185962331,6.5,6.0,1.36,0,2,1.84285,2.70331,3,0,7,14,3.0,1,1.3333333333333333,2.3333333333333335,1.8150233333333332,2.145623666666667,7.0,12.666666666666666,1.2,2.8,1.7574492,2.2199722,6.4,12.4,1.6,2.0,1.8665936000000003,1.8678663,6.1,12.3,2.4708940000000004,1.029306,2,0,2.70331,1.84285,3,0,4,11,3.0,1,3.6666666666666665,0.3333333333333333,2.869887666666667,0.8862105000000001,6.0,5.333333333333333,4.0,0.4,3.0314366,0.8080855000000001,6.8,5.2,3.2,0.7,2.6532743,0.96416635,7.1,5.9,1.9252026,1.3166811
2024-05-15,Brighton,Chelsea,1,2,M Salisbury,1508.3318335247654,1535.1662757012825,3.3,4.0,1.95,1,2,1.32423,1.544,2,0,4,13,4.0,0,0.6666666666666666,1.3333333333333333,1.9693466666666666,1.6657851666666668,4.333333333333333,13.0,0.6,1.8,1.4739012,1.7509251000000003,4.4,11.4,0.5,1.7,1.1147778,1.86176685,5.1,11.3,1.1649026,1.4216688999999998,2,1,1.544,1.32423,2,1,6,14,4.0,0,3.3333333333333335,0.6666666666666666,2.951126666666667,1.5367430000000002,6.0,10.666666666666666,2.4,1.8,2.404164,1.7362132000000003,4.8,11.4,2.9,1.8,2.727411,1.6611691,5.8,10.2,1.91189,2.3533713999999994
2024-05-15,Man United,Newcastle,3,2,R Jones,1538.1982219675676,1551.382906610609,2.75,4.0,2.3,3,2,1.49706,2.27657,3,0,9,16,3.0,1,0.3333333333333333,2.0,1.318352,1.8975166666666663,4.333333333333333,6.666666666666667,1.0,2.0,1.258461,2.502462,4.2,8.6,1.3,2.0,1.3864454,2.475929,4.5,10.1,1.8580216,2.204284,2,3,2.27657,1.49706,3,0,9,7,4.0,0,1.6666666666666667,1.3333333333333333,2.419783333333333,1.5461633333333336,7.0,10.666666666666666,2.0,0.8,2.3175540000000003,1.24213,8.0,11.8,2.1,1.5,2.2167838,1.3787853,5.7,9.8,1.3547296,1.5868008
2024-05-19,Brentford,Newcastle,2,4,S Hooper,1477.5521974021435,1542.722263574521,2.9,3.9,2.2,2,4,1.70157,3.65044,4,0,3,15,8.0,0,0.6666666666666666,0.6666666666666666,1.2309849999999996,1.2473833333333333,7.0,9.0,2.0,1.2,1.7788989999999998,1.0806558,6.6,9.4,1.5,1.3,1.6940332999999999,1.4060634,5.6,10.0,1.7131855999999999,1.782243,4,2,3.65044,1.70157,4,0,0,11,4.0,0,2.3333333333333335,1.6666666666666667,2.9948766666666664,1.5663133333333337,9.333333333333334,8.0,2.2,1.4,2.536844,1.3746292,9.2,10.6,2.2,1.4,2.4227035,1.2691553,6.6,9.9,1.7665689999999998,1.3675408
2024-05-19,Liverpool,Wolves,2,0,C Kavanagh,1638.2763084856965,1454.33467628934,1.17,8.0,15.0,2,0,5.65937,0.731254,1,0,10,14,6.0,0,3.0,2.3333333333333335,2.4849600000000005,1.5608749999999996,6.666666666666667,13.0,2.4,2.0,2.070176,1.482517,7.4,12.6,1.8,1.5,2.461942,1.313946,8.6,12.1,3.095324,1.2138924,0,2,0.731254,5.65937,1,1,2,11,8.0,0,1.3333333333333333,3.0,1.0143656666666663,2.6480966666666674,4.0,14.666666666666666,0.8,2.4,0.7384134,2.401838,4.2,13.6,1.0,2.0,1.0900777,2.026303,3.7,13.1,1.0068131999999999,2.406266
2024-05-19,Burnley,Nott'm Forest,1,2,G Scott,1387.869255184275,1396.9933798013963,3.0,3.5,2.3,1,2,1.08222,1.57962,1,0,4,11,8.0,0,1.0,2.3333333333333335,1.3775203333333337,3.4402600000000003,4.0,11.0,0.8,1.8,1.2663502000000002,2.3740137999999997,4.2,12.8,1.1,1.7,1.4745461,2.1908239000000003,4.8,12.1,1.71334,1.768695,2,1,1.57962,1.08222,0,0,3,5,8.0,0,0.6666666666666666,2.3333333333333335,1.93599,1.2719919999999998,4.333333333333333,10.333333333333334,1.0,2.4,1.9143259999999998,1.3785272,5.0,11.6,1.0,1.7,1.5913651999999998,1.1547538,4.5,12.1,1.6171568,1.3939846
2024-05-19,Chelsea,Bournemouth,2,1,A Taylor,1546.1179682544566,1468.284923206848,1.45,5.0,6.0,2,1,1.59771,2.002,2,0,6,5,4.0,0,3.3333333333333335,1.0,2.7243533333333336,1.5546063333333333,6.666666666666667,11.333333333333334,2.8,1.0,2.392278,1.3093432000000003,5.6,12.0,2.9,1.7,2.666581,1.5462721000000001,5.8,10.7,3.5521079999999996,1.4107058000000001,1,2,2.002,1.59771,3,0,5,9,8.0,0,1.3333333333333333,1.6666666666666667,1.3407966666666669,2.399253333333333,4.0,14.0,1.2,1.6,1.6955219999999998,2.0618168,5.6,14.6,1.6,1.6,1.7025308,1.7038962999999998,6.6,14.3,1.3952376,1.9868868
2024-05-19,Arsenal,Everton,2,1,M Oliver,1689.9577205222133,1474.7708944161263,1.18,8.0,12.0,2,1,3.2117,0.664904,4,0,8,8,7.0,0,2.3333333333333335,0.6666666666666666,2.386483333333334,1.2083163333333333,6.333333333333333,12.666666666666666,2.8,0.4,2.455964,1.078579,5.0,11.8,2.1,0.5,2.1583962,0.8995868999999999,5.3,12.5,2.399972,0.8052999999999999,1,2,0.664904,3.2117,3,0,1,11,16.0,0,1.3333333333333333,0.3333333333333333,1.4448966666666665,1.2594323333333333,5.666666666666667,9.333333333333334,1.2,1.4,1.2051665999999999,1.6676773999999999,6.2,12.8,1.0,1.5,1.4259947,1.7809227,5.7,12.0,1.380204,2.2531381999999995
2024-05-19,Luton,Fulham,2,4,M Donohue,1400.9811410144207,1467.4917603646745,2.9,3.9,2.2,2,4,2.06743,1.11598,5,0,4,15,8.0,0,1.0,2.0,0.8317323333333334,2.1432633333333335,6.0,14.333333333333334,1.0,3.2,0.7605542,2.970628,4.6,12.4,1.2,2.6,0.9450006999999999,2.3875028,4.6,11.2,1.2079744000000001,1.9330275999999997,4,2,1.11598,2.06743,4,0,4,20,8.0,0,0.3333333333333333,1.6666666666666667,0.9795314999999999,1.6718096666666666,4.0,8.666666666666666,0.8,1.6,1.4783149,1.4985898,3.2,8.8,1.2,1.4,1.6059108499999997,1.5212769000000002,4.8,9.8,2.038602,1.4929778
2024-05-19,Man City,West Ham,3,1,J Brooks,1720.805345473155,1480.7229774649632,1.08,12.0,21.0,3,1,2.31504,0.240159,0,0,11,3,5.0,0,3.6666666666666665,0.3333333333333333,3.460303333333334,0.7761205000000002,5.666666666666667,7.0,3.4,0.2,2.6436086,1.0147005,5.2,6.0,3.1,0.6,2.6594322999999997,1.13307495,6.0,6.5,3.3813459999999997,0.6116515999999999,1,3,0.240159,2.31504,1,0,2,12,8.0,0,1.6666666666666667,2.6666666666666665,1.7993379999999997,2.3839386666666664,6.0,9.0,1.4,3.0,1.6392887999999999,2.8968892,5.2,8.4,1.6,2.4,1.5004958,2.326389,5.4,9.4,1.3109306,3.330052
2024-05-19,Brighton,Man United,0,2,C Pawson,1497.3801409715913,1546.8588650036556,2.15,4.0,2.9,0,2,1.9717,1.00404,1,0,7,10,4.0,0,1.0,1.0,1.9584833333333334,1.3533451666666665,5.0,14.0,0.6,2.0,1.5608582,1.6892851000000004,4.2,12.4,0.6,1.6,1.1320028,1.8785628500000002,4.9,11.6,1.0989886,1.6731379,2,0,1.00404,1.9717,3,0,5,9,4.0,0,1.0,2.3333333333333335,0.7967153333333333,2.0244033333333333,5.333333333333333,9.666666666666666,1.2,2.0,1.3949712,2.070862,4.8,10.0,1.5,2.0,1.3401154,2.589736,4.4,11.1,0.9148692,2.747574
2024-05-19,Crystal Palace,Aston Villa,5,0,D Bond,1484.0254820213902,1585.4844892022147,1.85,4.33,3.6,5,0,2.23189,0.598846,1,0,2,10,8.0,0,2.6666666666666665,0.6666666666666666,1.8779966666666663,0.963899,6.0,13.0,3.0,0.8,2.15782,0.9576694,5.8,11.6,2.0,1.1,1.8739001000000002,1.3276778999999999,4.8,12.7,2.3932919999999998,1.1174374,0,5,0.598846,2.23189,4,0,4,8,6.0,0,1.6666666666666667,2.0,1.1310708333333337,2.0331166666666665,3.3333333333333335,11.333333333333334,2.0,1.4,1.3898262999999997,2.008298,4.8,9.8,1.7,1.9,1.27255455,2.0583590000000003,6.0,11.1,1.0354037,2.432828
2024-08-16,Man United,Fulham,1,0,R Jones,1557.1615991345925,1477.3043916075671,1.6,4.2,5.25,1,0,2.04268,0.418711,2,0,7,12,89.0,0,1.6666666666666667,1.0,1.0175896666666668,1.9931033333333332,6.0,10.0,1.2,1.6,1.2912312,1.988164,5.4,9.0,1.6,1.7,1.425143,2.522733,4.7,11.0,1.7653615999999999,2.4318979999999994,0,1,0.418711,2.04268,3,0,8,10,89.0,0,1.3333333333333333,2.0,0.8867981666666666,2.009663,3.6666666666666665,11.666666666666666,1.2,2.0,0.9786849,1.6214618,3.4,10.2,1.3,1.6,1.5799048499999997,1.6128219000000001,5.0,10.2,2.0340979999999997,1.5143917999999998
2024-08-17,Arsenal,Wolves,2,0,J Gillett,1693.3620249805829,1450.3917961958819,1.18,7.5,13.0,2,0,1.6283,0.575835,2,0,8,17,90.0,0,2.0,0.3333333333333333,2.9521533333333334,0.5617576666666667,7.0,10.0,2.8,0.6,2.765946,1.1786566,6.2,11.6,2.1,0.5,2.3201972,0.8927533999999999,5.1,12.4,2.723574,0.791633,0,2,0.575835,1.6283,2,0,2,14,90.0,0,0.6666666666666666,3.3333333333333335,0.7614136666666663,4.233103333333334,3.3333333333333335,13.666666666666666,0.8,2.4,0.851761,3.2013540000000007,4.4,13.0,0.8,2.1,1.0336140999999999,2.298085,3.6,13.5,1.0515101999999998,2.87115
2024-08-17,Everton,Brighton,0,3,S Hooper,1471.3665899577568,1487.0774068406545,2.63,3.3,2.63,0,3,0.405325,1.79083,1,1,1,8,90.0,0,1.0,1.0,1.036161333333333,1.706149,4.666666666666667,11.0,1.4,0.6,1.0945654,1.6358314,4.8,10.8,1.0,1.4,1.1804101,1.8841446999999998,5.4,12.2,1.4717854000000004,1.3087072,3,0,1.79083,0.405325,1,0,5,8,90.0,0,0.6666666666666666,1.6666666666666667,1.7371633333333332,1.6665566666666667,5.0,13.0,0.6,1.6,1.840794,1.5090791000000003,4.8,12.4,0.5,1.8,1.2757209999999999,1.91026345,5.0,11.2,1.165017,2.0839878
2024-08-17,Newcastle,Southampton,1,0,C Pawson,1552.5734680909054,1375.9331853551887,1.36,5.25,8.0,1,0,0.433489,1.95483,2,1,3,15,90.0,0,2.3333333333333335,2.0,2.7928800000000003,1.7047300000000003,5.666666666666667,9.0,2.2,1.8,2.637272,1.5674240000000002,6.0,10.0,2.3,1.6,2.4542525,1.3885353999999999,6.3,10.2,3.078838,1.1707698,0,1,1.95483,0.433489,4,0,12,16,447.0,0,1.6666666666666667,3.0,0.784316,2.5628266666666666,2.0,10.0,1.8,3.2,1.3122166,2.703262,3.8,10.0,1.3,2.7,0.9958258000000001,2.2227634000000003,3.6,9.6,1.364137,2.408346
2024-08-17,Nott'm Forest,Bournemouth,1,1,M Oliver,1408.4473279407996,1462.0562734464647,2.45,3.5,2.8,1,1,1.24405,1.90915,1,0,2,17,90.0,0,1.3333333333333333,2.0,2.066143333333333,1.4749876666666664,4.0,9.0,1.2,2.0,1.8300059999999998,1.2710152,5.2,10.2,1.2,1.7,1.6521806,1.1307167999999999,4.5,11.5,1.8224184,1.3487269999999998,1,1,1.90915,1.24405,3,0,6,8,90.0,0,0.6666666666666666,2.3333333333333335,1.1810233333333333,2.4795499999999993,3.0,12.333333333333334,1.2,1.4,1.6855,1.8559848000000003,5.8,13.6,1.3,1.5,1.6183278,1.5842483,6.0,13.6,1.5084056,1.9855068
2024-08-17,West Ham,Aston Villa,1,2,T Harrington,1477.7046016912047,1574.2968348389063,2.45,3.6,2.75,1,2,2.8047,2.6703,1,0,5,18,90.0,0,1.3333333333333333,3.0,1.6147159999999996,2.391292,5.0,10.333333333333334,1.6,3.2,1.3967066,2.6370712000000003,4.0,9.6,1.5,2.5,1.3370977,2.4697620000000002,5.2,9.5,1.7511290000000002,1.7706140000000006,2,1,2.6703,2.8047,2,0,3,11,90.0,0,1.0,3.0,1.1266005000000003,2.255743333333333,4.0,9.666666666666666,1.6,2.4,1.3237856999999997,2.07667,4.4,10.0,1.7,2.0,1.2091721500000001,2.056167,5.8,10.8,0.7380009000000001,2.392582
2024-08-18,Brentford,Crystal Palace,2,1,S Barrott,1467.7009928857592,1495.2131363846988,2.4,3.4,2.9,2,1,1.38064,1.14757,1,0,4,6,91.0,0,1.3333333333333333,1.6666666666666667,1.4793896666666662,2.0595333333333334,6.0,10.0,1.8,1.4,1.835085,1.5780778,6.6,10.2,1.5,1.5,1.6168703,1.5558774,5.9,10.5,1.7144636000000002,1.8944269999999999,1,2,1.14757,1.38064,5,0,7,15,91.0,0,4.0,0.3333333333333333,2.2706699999999995,0.6987876666666667,3.6666666666666665,11.333333333333334,3.0,0.4,1.8604979999999998,0.8083665999999999,5.4,11.8,2.4,1.0,1.7719861000000001,1.2790314999999999,4.2,11.7,1.3545082000000002,1.5379184000000001
2024-08-18,Chelsea,Man City,0,2,A Taylor,1552.3466180148398,1723.8237212469135,4.1,3.9,1.8,0,2,1.06123,1.18038,1,0,4,12,91.0,0,2.3333333333333335,1.3333333333333333,1.8507966666666673,1.9239733333333333,6.0,9.0,2.8,0.8,2.399018,1.5872918,6.0,10.2,2.8,1.6,2.648037,1.6896286,6.4,10.0,2.978364,1.3902617999999998,2,0,1.18038,1.06123,1,0,3,9,91.0,0,3.0,0.3333333333333333,2.7235100000000005,0.7238778333333334,7.333333333333333,6.666666666666667,3.2,0.4,2.7256025999999998,0.9483281000000001,6.6,6.0,3.3,0.6,2.7536473,0.9315988500000001,6.7,5.8,2.1912866,1.2342670999999998
2024-08-19,Leicester,Tottenham,1,1,C Kavanagh,1423.318698024586,1537.9444605931476,5.0,4.33,1.62,1,1,1.02614,1.40775,1,0,2,11,449.0,0,0.6666666666666666,1.3333333333333333,0.8805110666666663,1.5973639999999998,2.6666666666666665,8.0,1.4,2.2,1.77841064,1.9662663999999999,3.4,9.8,1.2,1.9,1.6977765200000001,1.7056612000000002,3.6,10.9,1.8567482000000002,1.7095804000000001,1,1,1.40775,1.02614,1,0,13,12,97.0,0,1.3333333333333333,2.3333333333333335,2.00576,2.3052870000000003,6.333333333333333,12.0,1.2,2.4,1.9785,2.1309742,7.2,12.8,1.2,2.2,1.8254975999999998,2.0149303,6.4,12.2,1.3440312,2.5154699999999997
2024-08-24,Crystal Palace,West Ham,0,2,R Jones,1486.1454962293162,1468.7539337858434,2.15,3.6,3.2,0,2,1.3761,1.53421,1,0,3,9,6.0,0,3.0,1.0,1.9646599999999996,1.0451953333333333,4.0,12.333333333333334,2.8,0.8,1.8026899999999997,0.9742366,5.4,12.8,2.4,1.1,1.7966459000000001,1.3386303,4.3,12.0,2.189464,1.0201446,2,0,1.53421,1.3761,1,0,3,17,7.0,0,1.6666666666666667,2.0,2.2516496666666663,1.8752653333333333,4.666666666666667,13.0,1.4,2.6,1.6885745999999997,2.4274312,5.0,11.4,1.5,2.6,1.4847386999999999,2.6456646000000004,5.0,10.0,0.9230664000000001,3.1689099999999994
2024-08-24,Brighton,Man United,2,1,C Pawson,1498.3452918236678,1563.340385318815,2.5,3.7,2.63,2,1,2.14153,1.28556,1,0,4,9,7.0,0,1.3333333333333333,1.3333333333333333,1.6955866666666666,0.9844550000000001,5.333333333333333,10.333333333333334,1.2,1.0,1.927596,1.0938801000000002,5.4,12.0,0.7,1.6,1.410882,1.6296469500000001,5.1,11.4,1.386425,1.7365391000000003,1,2,1.28556,2.14153,2,0,4,13,8.0,0,2.0,0.6666666666666666,1.5145933333333332,1.5556603333333332,7.0,12.333333333333334,1.2,1.4,1.0873732,1.6927242,5.6,10.0,1.5,1.7,1.3392510000000002,2.3824641,4.9,10.9,1.0849243999999998,2.613568
2024-08-24,Aston Villa,Arsenal,0,2,M Oliver,1583.2475027442676,1696.3380431311466,4.33,3.8,1.75,0,2,1.31664,1.41399,1,0,4,8,7.0,0,1.6666666666666667,3.0,1.9952320000000003,2.3120899999999995,4.0,10.0,1.4,2.4,1.3324717,2.2271880000000004,3.4,10.6,1.8,2.0,1.38507475,2.203808,5.0,10.7,1.6803434,1.7197520000000002,2,0,1.41399,1.31664,3,0,1,15,7.0,0,1.6666666666666667,0.3333333333333333,2.190346666666667,0.5974693333333333,7.666666666666667,10.333333333333334,2.2,0.6,2.39989,0.9731376,7.0,12.6,2.3,0.5,2.431887,0.8283279,5.5,12.1,1.9168204000000002,0.9938737999999999
2024-08-24,Fulham,Leicester,2,1,D Bond,1471.1256054233447,1424.8781253622521,1.8,3.75,4.2,2,1,1.96218,0.857005,2,0,7,14,8.0,0,1.3333333333333333,2.3333333333333335,0.5411051666666666,2.4207633333333334,4.333333333333333,13.0,1.0,1.6,0.8946570999999999,1.8251078,4.8,11.2,1.2,1.5,1.3276209499999998,1.6875008999999999,5.4,10.1,1.1257116999999999,1.711252,1,2,0.857005,1.96218,2,0,5,13,5.0,0,1.0,0.6666666666666666,1.046725733333333,1.4763306666666667,2.0,8.0,1.2,2.0,1.3186666400000002,1.5905204000000002,3.4,10.0,1.2,1.8,1.7332308200000004,1.7462772000000002,3.4,11.0,1.4442772400000001,1.888366
2024-08-24,Tottenham,Everton,4,0,A Taylor,1536.3850332554814,1460.0987049747434,1.44,4.75,6.5,4,0,2.61143,0.648869,0,0,12,11,5.0,0,1.0,1.3333333333333333,2.0843266666666667,1.559927,9.666666666666666,12.0,1.0,2.0,1.739134,2.0332642,8.2,12.8,1.3,2.0,1.7517086,1.8703102999999999,7.2,12.4,2.306964,1.5143906,0,4,0.648869,2.61143,0,0,5,15,7.0,0,0.6666666666666666,2.0,0.7666063333333332,1.9843070000000003,3.0,10.333333333333334,1.0,1.2,1.0809838,1.7561653999999998,3.8,9.4,1.0,1.5,1.0388026,1.7730677,4.7,11.9,1.1489048,2.3151582
2024-08-24,Southampton,Nott'm Forest,0,1,S Barrott,1371.8555614165537,1408.263399350767,2.55,3.3,2.8,0,1,0.214952,2.86475,3,0,4,14,7.0,0,1.6666666666666667,2.6666666666666665,1.386043,2.283706333333333,5.666666666666667,9.666666666666666,1.6,2.8,1.5237476,2.0070457999999998,5.8,11.2,1.3,2.7,1.1594827,2.1257493,4.5,10.1,0.6275145999999999,2.0371808000000002,1,0,2.86475,0.214952,3,0,10,14,7.0,0,1.6666666666666667,1.6666666666666667,1.7564533333333332,1.800683333333333,3.3333333333333335,12.0,1.0,1.8,1.7263279999999999,1.3614692000000002,3.6,10.6,1.3,1.7,1.7078821999999998,1.2681799999999999,4.4,11.8,1.4819428000000001,0.9127065999999999
2024-08-25,Bournemouth,Newcastle,1,1,D Coote,1462.2402020364973,1556.6510920295405,2.9,3.8,2.2,1,1,2.53513,1.89287,2,0,8,19,8.0,0,1.0,1.6666666666666667,1.6611733333333334,1.5896599999999996,4.666666666666667,11.0,1.2,1.6,1.5867080000000002,2.007904,4.6,11.8,1.2,1.5,1.6699747999999999,1.6152753,5.7,13.0,1.7282499999999998,1.1829898,1,1,1.89287,2.53513,2,0,9,8,8.0,0,2.3333333333333335,1.6666666666666667,2.1201663333333336,1.7178200000000003,4.0,11.0,2.4,1.4,2.6137118,1.671068,6.2,10.0,2.2,1.3,2.4407579,1.4057034000000002,6.2,11.0,2.3829700000000003,1.3512248
2024-08-25,Wolves,Chelsea,2,6,D England,1447.4157780453181,1545.4494332634006,4.33,4.0,1.75,2,6,2.4181,2.02935,2,0,5,13,8.0,0,0.3333333333333333,2.3333333333333335,0.8210629999999997,3.267396666666667,4.0,12.666666666666666,0.8,2.6,0.8700372,3.046392,3.2,13.8,0.8,2.1,0.9249655999999999,2.332644,3.4,13.0,1.0157180000000001,1.72502,6,2,2.02935,2.4181,3,0,5,13,7.0,0,1.3333333333333333,1.3333333333333333,1.4009800000000006,1.5022033333333333,5.333333333333333,10.333333333333334,2.4,1.2,2.1663999999999994,1.5692398,6.0,10.2,2.6,1.6,2.307517,1.5972446,5.6,10.0,1.8548840000000002,2.0627913999999996
2024-08-25,Liverpool,Brentford,2,0,S Attwell,1649.8959373803293,1476.7686330411418,1.27,5.75,11.0,2,0,2.71877,0.457239,2,0,9,10,8.0,0,2.3333333333333335,1.0,3.829370000000001,1.263468333333333,8.0,15.666666666666666,2.6,1.4,3.4086620000000005,1.1512959999999999,8.0,14.2,2.0,1.4,3.063034,1.1868959000000001,8.7,13.5,3.486594,1.1688408000000001,0,2,0.457239,2.71877,3,0,4,7,7.0,0,2.0,2.0,1.6698099999999998,1.9567933333333336,5.0,11.0,1.2,1.4,1.3550330000000002,1.708032,5.6,9.6,1.6,1.4,1.6816103999999998,1.5112654000000003,5.9,10.1,1.8672692000000002,1.3290498
2024-08-31,Arsenal,Brighton,1,1,C Kavanagh,1704.8217579354634,1508.489052266502,1.33,5.5,8.5,1,1,2.41798,1.81748,3,1,3,12,7.0,0,2.0,0.3333333333333333,2.0846633333333338,0.8524596666666667,5.666666666666667,13.333333333333334,2.0,0.2,2.37975,0.7155496,6.0,12.4,2.3,0.5,2.4589019999999997,0.9307836999999999,5.3,12.4,2.820466,0.8483836,1,1,1.81748,2.41798,2,0,7,7,7.0,0,1.6666666666666667,1.0,1.9680199999999999,0.8983083333333334,5.333333333333333,9.0,1.4,1.2,1.82877,1.338111,4.8,11.2,0.9,1.7,1.5026309999999998,1.7158730500000001,5.0,11.1,1.4353390000000001,1.5227548
2024-08-31,Brentford,Southampton,3,1,J Smith,1472.6249686858923,1361.177566146794,1.75,3.9,4.33,3,1,3.86281,1.64713,2,0,2,10,6.0,0,1.3333333333333333,2.3333333333333335,1.179816333333333,2.5055933333333336,3.6666666666666665,9.333333333333334,1.2,1.6,1.2552096,2.008988,5.2,8.6,1.5,1.4,1.6022113,1.5133664000000002,5.9,9.1,1.4959516000000002,1.6934809999999998,1,3,1.64713,3.86281,1,0,8,7,7.0,0,1.3333333333333333,2.0,1.1698073333333334,2.4338963333333328,6.0,11.333333333333334,1.0,2.2,0.9045460000000001,2.1973438,4.4,12.0,1.2,2.4,1.1316978,2.1062252999999997,4.9,10.9,1.6914508000000001,2.2143178
2024-08-31,Everton,Bournemouth,2,3,S Attwell,1453.8318050046967,1463.2274012250366,2.75,3.4,2.55,2,3,2.55629,2.95688,2,0,8,6,7.0,0,0.3333333333333333,3.0,0.5730326666666664,2.5379866666666664,2.3333333333333335,11.333333333333334,0.6,2.0,0.8325355999999999,1.9041413999999997,4.0,11.2,0.9,1.7,1.0103115,1.8949427,4.4,12.3,0.9287004000000001,1.2309772,3,2,2.95688,2.55629,1,0,4,1,6.0,0,1.0,1.3333333333333333,2.14876,1.5782099999999994,6.333333333333333,12.0,0.8,1.8,1.59747,2.115114,4.6,12.8,1.2,1.6,1.7925187999999999,1.7871234,5.6,13.6,1.767014,1.9733608
2024-08-31,Ipswich,Fulham,1,1,L Smith,1489.2799367401192,1478.1594474303183,3.0,3.5,2.3,1,1,0.707048,1.18883,2,0,8,15,7.0,0,0.5,3.0,0.4113,3.50362,1.5,12.0,0.5,3.0,0.4113,3.50362,1.5,12.0,0.5,3.0,0.4113,3.50362,1.5,12.0,0.342601,3.92906,1,1,1.18883,0.707048,3,0,6,15,7.0,0,2.0,1.3333333333333333,1.1656236666666666,1.655705,6.333333333333333,14.666666666666666,1.2,1.6,1.0082571,1.7857348000000002,5.2,11.8,1.1,1.6,1.2766049499999998,1.5586373999999998,5.7,10.6,1.5295302,1.6637498000000002
2024-08-31,Leicester,Aston Villa,1,2,D Coote,1417.8442833552785,1574.7637879399508,4.5,4.0,1.7,1,2,0.774741,2.16385,4,0,1,13,7.0,0,1.3333333333333333,1.3333333333333333,1.304425,1.4467606666666668,3.3333333333333335,10.666666666666666,0.8,1.4,0.90493564,1.6324044,3.0,9.6,1.3,1.9,1.7457348199999998,1.7500992,3.3,11.3,1.9155832,1.6063383999999998,2,1,2.16385,0.774741,5,0,4,21,7.0,0,0.6666666666666666,2.6666666666666665,1.5285953333333338,2.1501933333333327,3.6666666666666665,9.0,1.0,2.4,1.4733483,2.197184,3.8,9.6,1.6,2.2,1.38846775,2.178975,4.9,10.4,1.0898061,2.6878640000000003
2024-08-31,Nott'm Forest,Wolves,1,1,S Hooper,1418.9413946205266,1438.5061226947942,2.0,3.7,3.7,1,1,1.41069,0.937632,3,0,7,15,7.0,0,1.3333333333333333,0.6666666666666666,1.89614,1.0687739999999997,5.0,12.0,1.2,1.4,2.061446,1.309813,4.8,11.6,1.3,1.6,1.7990892000000003,1.204297,4.7,11.5,1.914298,1.5503626,1,1,0.937632,1.41069,4,0,3,18,6.0,0,0.6666666666666666,3.3333333333333335,1.2417296666666664,3.105673333333334,3.0,12.666666666666666,0.8,3.6,1.0556351999999998,3.271392,3.4,13.6,0.9,2.6,1.0657546,2.422998,3.5,13.1,0.8342132,2.9402680000000005
2024-08-31,West Ham,Man City,1,3,M Oliver,1480.9453173656527,1733.7642204570589,7.0,5.5,1.38,1,3,0.947201,3.19297,3,0,3,10,7.0,0,1.3333333333333333,1.6666666666666667,1.526356333333333,2.12048,3.3333333333333335,15.666666666666666,1.4,2.2,1.8366116,2.2440552,4.6,13.2,1.4,2.2,1.5387013,2.4023526000000004,4.9,10.9,2.046411,2.1224192000000004,3,1,3.19297,0.947201,2,0,11,3,7.0,0,3.0,0.6666666666666666,2.1912000000000003,0.5937960000000001,8.0,5.333333333333333,3.0,0.4,2.485818,0.7425725000000001,7.0,6.6,3.5,0.6,2.6697903000000003,0.9159385499999999,7.1,5.6,1.9746006,1.1475691
2024-09-01,Chelsea,Crystal Palace,1,1,J Gillett,1554.3590886139245,1473.954112649507,1.6,4.33,5.0,1,1,2.97743,0.459708,4,0,4,9,7.0,0,2.6666666666666665,1.6666666666666667,1.562763333333334,1.8668266666666664,5.0,10.0,2.6,1.6,1.7285939999999997,1.87408,5.4,10.4,2.8,1.5,2.162404,1.6823685999999998,4.9,10.6,2.4945139999999997,1.3129658,1,1,0.459708,2.97743,2,0,5,13,8.0,0,2.0,1.3333333333333333,1.5851866666666663,1.171232,4.0,11.333333333333334,2.6,1.0,1.867136,1.0022426,4.2,11.6,2.4,1.2,1.916817,1.3610823,4.4,11.5,1.4038278,1.6571159999999998
2024-09-01,Newcastle,Tottenham,2,1,R Jones,1555.6638928410011,1542.6519332255282,2.5,4.0,2.5,2,1,1.58694,1.63304,4,0,7,16,7.0,0,2.0,1.0,1.9922663333333333,2.0638433333333337,4.0,11.333333333333334,1.8,1.4,2.1409998,1.92083,5.8,10.0,1.9,1.1,2.2491229,1.559758,6.8,10.9,2.4985458,1.460182,1,2,1.63304,1.58694,4,0,12,13,8.0,0,1.6666666666666667,1.0,1.95401,1.4594396666666667,10.666666666666666,12.333333333333334,1.8,1.6,2.007292,1.7181739999999999,8.8,11.8,1.5,1.9,1.7663286,1.8949570000000002,8.1,11.9,1.1964532,2.22623
2024-09-01,Man United,Liverpool,0,3,A Taylor,1553.1966248759807,1654.0396017355788,3.7,4.2,1.85,0,3,1.50087,2.10397,4,0,5,7,8.0,0,1.3333333333333333,0.6666666666666666,1.4440933333333332,1.5106469999999999,5.333333333333333,11.333333333333334,1.4,1.0,1.2762018,1.7079102,5.8,11.0,1.5,1.8,1.3688505,2.2801301,4.9,10.8,1.5935776000000001,2.1513602,3,0,2.10397,1.50087,1,0,2,7,7.0,0,2.0,0.0,4.1024,0.5103646666666664,9.666666666666666,14.0,2.6,1.0,3.4938200000000004,1.0839387999999999,8.2,14.2,2.0,1.3,3.0137620000000003,1.1886978000000001,8.8,12.5,2.203544,1.3166271999999999
2024-09-14,Fulham,West Ham,1,1,T Robinson,1480.1783391905626,1475.9877311699622,2.38,3.25,3.0,1,1,2.88601,0.682719,2,0,3,15,14.0,0,1.0,1.0,1.189907,1.2022443333333332,7.0,13.0,1.4,1.8,0.9548650999999999,1.7652686,5.2,13.6,1.1,1.4,1.29118395,1.4347232,5.5,11.3,1.0236797,1.4535250000000002,1,1,0.682719,2.88601,3,0,2,18,14.0,0,1.3333333333333333,1.6666666666666667,1.7620369999999994,2.4131233333333335,3.6666666666666665,15.0,1.6,1.8,1.8472719999999998,2.0389732,4.0,13.2,1.4,2.4,1.4864044,2.5822266000000003,4.3,10.6,1.0309916,2.682286
2024-09-14,Southampton,Man United,0,3,S Attwell,1355.7471907257807,1544.3667948945017,4.5,4.0,1.7,0,3,1.35593,3.02693,1,1,0,11,14.0,0,0.3333333333333333,1.6666666666666667,1.272304,2.3870163333333334,8.0,12.333333333333334,1.2,2.4,1.2040422000000002,2.7157358,5.8,10.0,1.3,2.5,1.2285659,2.4062003,5.1,11.0,0.5719448,1.9981327999999998,3,0,3.02693,1.35593,4,0,7,14,13.0,0,0.6666666666666666,1.6666666666666667,1.6097033333333333,1.554737,5.333333333333333,10.666666666666666,1.4,1.4,1.4660419999999998,1.7824962,6.0,11.4,1.2,1.7,1.3622515,2.1424791,5.1,10.0,1.1441234,2.4089
2024-09-14,Crystal Palace,Leicester,2,2,T Harrington,1477.78878228424,1410.563675972814,1.62,4.0,5.5,2,2,2.88716,1.65187,0,0,5,11,13.0,0,0.6666666666666666,1.6666666666666667,0.994459333333333,1.9640933333333335,5.0,12.333333333333334,2.0,1.2,1.5459576,1.5294452,4.0,11.8,2.3,0.9,1.8133158000000003,1.4324443,4.7,11.5,2.1657400000000004,0.8742246,2,2,1.65187,2.88716,3,0,2,15,14.0,0,1.0,1.6666666666666667,0.8859619999999997,1.8445933333333333,2.6666666666666665,12.333333333333334,1.0,1.2,0.95438464,1.7110044000000002,2.4,10.0,1.3,1.8,1.6305169200000003,1.8057822000000001,3.2,11.8,1.57588644,1.89386
2024-09-14,Brighton,Ipswich,0,0,S Barrott,1514.7671017129328,1487.261044979875,1.38,5.0,7.5,0,0,1.75696,0.721323,4,0,9,14,14.0,0,2.0,0.6666666666666666,1.9166133333333333,1.3696216666666665,5.333333333333333,8.0,1.4,1.2,1.8091540000000002,1.3313810000000001,5.4,9.4,1.0,1.5,1.6415275999999999,1.5411530500000001,4.9,10.4,1.7290281999999997,1.1606151,0,0,0.721323,1.75696,3,0,2,16,14.0,0,0.6666666666666666,2.3333333333333335,0.5098826666666666,2.7320233333333337,3.6666666666666665,13.0,0.6666666666666666,2.3333333333333335,0.5098826666666666,2.7320233333333337,3.6666666666666665,13.0,0.6666666666666666,2.3333333333333335,0.5098826666666666,2.7320233333333337,3.6666666666666665,13.0,0.479999,3.07818
2024-09-14,Aston Villa,Everton,3,2,C Pawson,1582.0443953224153,1442.3855061371905,1.5,4.2,6.5,3,2,3.15876,0.852158,1,0,6,10,14.0,0,1.3333333333333333,1.3333333333333333,2.050263333333334,1.6644769999999998,3.6666666666666665,13.333333333333334,1.4,2.4,1.8932372000000002,1.8250001999999999,4.0,11.8,1.7,1.9,1.48620975,1.8687451,5.0,11.2,1.6871294,1.670086,2,3,0.852158,3.15876,4,0,2,12,14.0,0,0.6666666666666666,3.3333333333333335,1.2034946666666666,2.453046666666667,4.666666666666667,9.666666666666666,0.8,2.6,1.1009956,2.3042462,4.4,10.4,1.0,1.9,1.0961065,1.9256217,4.9,11.5,1.0919225999999997,2.5589082000000003
2024-09-14,Man City,Brentford,2,1,D Bond,1738.7218066527494,1478.0553441069057,1.18,8.0,12.0,2,1,1.55279,1.05094,3,0,12,9,14.0,0,3.0,0.6666666666666666,2.483843333333334,0.8294766666666668,8.0,5.333333333333333,2.8,0.6,2.493976,0.9142878000000001,7.8,6.0,3.4,0.5,2.7627063,0.8611866499999999,7.3,5.6,3.6876260000000003,0.6226499999999999,1,2,1.05094,1.55279,1,0,3,3,14.0,0,1.6666666666666667,1.3333333333333333,1.9002296666666663,1.8378233333333334,3.3333333333333335,7.666666666666667,1.8,1.8,1.8658957999999999,2.047256,4.2,10.0,1.7,1.4,1.6720053,1.5791229000000002,4.7,9.4,1.708471,1.3332518
2024-09-14,Bournemouth,Chelsea,0,1,A Taylor,1474.6737000925427,1550.5244189791915,3.4,3.8,2.0,0,1,1.53731,0.932726,6,0,6,16,14.0,0,1.6666666666666667,1.3333333333333333,2.4670533333333338,1.8977366666666662,6.0,9.333333333333334,1.4,1.6,2.095106,1.8436280000000003,5.2,10.6,1.4,1.6,2.026596,1.9122743999999998,5.8,12.3,1.95674,1.3748078,1,0,0.932726,1.53731,8,0,3,9,13.0,0,2.3333333333333335,1.6666666666666667,2.02267,1.3527293333333332,4.333333333333333,11.333333333333334,2.2,1.4,1.8419439999999998,1.4768836,5.0,10.6,2.3,1.6,2.1230539999999998,1.6065484,4.9,11.0,1.8302939999999999,2.0517714
2024-09-14,Liverpool,Nott'm Forest,0,1,M Oliver,1662.8694317170578,1417.7828001946145,1.22,6.5,12.0,0,1,1.17044,0.589532,4,0,7,15,13.0,0,2.3333333333333335,0.0,2.917266666666668,0.766903333333333,7.0,11.666666666666666,2.4,0.6,3.2621700000000002,1.1497028,7.0,12.8,2.1,1.1,2.7807020000000002,1.2573339,7.9,12.2,3.5793640000000004,0.9857106,1,0,0.589532,1.17044,4,0,2,6,14.0,0,1.0,0.6666666666666666,1.8398299999999999,1.0205779999999998,6.333333333333333,15.333333333333334,1.4,1.2,1.9089599999999998,1.3109268,5.4,13.0,1.3,1.6,1.861693,1.207963,5.0,11.6,1.9174860000000002,0.8487933999999999
2024-09-15,Tottenham,Arsenal,0,1,J Gillett,1534.7229890590395,1698.5437084890327,3.0,3.5,2.3,0,1,0.792595,1.1209,5,0,7,13,14.0,0,2.0,1.0,1.8840733333333333,1.0873163333333333,12.333333333333334,12.0,1.6,1.2,2.09949,1.383118,10.6,12.0,1.5,2.0,1.7902096,1.906634,8.8,12.3,2.336204,1.563684,1,0,1.1209,0.792595,3,0,6,10,15.0,0,1.6666666666666667,0.3333333333333333,1.8200900000000004,1.2366516666666667,4.0,14.666666666666666,1.6,0.4,2.080602,0.9853056,5.4,11.6,2.1,0.6,2.284182,1.0696803000000001,4.9,12.3,2.097338,1.0131838
2024-09-15,Wolves,Newcastle,1,2,C Kavanagh,1439.6647171207062,1563.5928370074898,3.4,3.5,2.1,1,2,1.46969,1.48343,3,0,4,17,15.0,0,1.0,3.0,1.3105223333333331,1.6894466666666672,3.3333333333333335,15.0,0.8,2.8,1.1637841999999998,2.6484460000000003,4.0,13.8,0.9,2.5,0.9811768000000001,2.449934,3.4,13.4,1.1426560000000001,1.902624,2,1,1.48343,1.46969,3,0,7,6,14.0,0,1.3333333333333333,0.6666666666666666,1.3044330000000002,2.041000000000001,6.333333333333333,13.0,2.0,1.4,1.9680617999999999,1.8643260000000001,5.6,11.4,2.0,1.1,2.1428079,1.553228,6.8,11.6,2.5255199999999998,1.691338
2024-09-21,Fulham,Newcastle,3,1,P Bankes,1478.3515236798974,1571.773325389155,3.0,3.4,2.4,3,1,3.21141,1.09768,6,0,6,16,7.0,0,1.3333333333333333,1.0,2.01234,0.748924,5.333333333333333,14.666666666666666,1.6,1.2,1.5143422000000002,1.2713763999999999,5.6,14.8,1.2,1.4,1.4963285499999999,1.3849831,4.4,11.8,1.4339689,1.3540448,1,3,1.09768,3.21141,0,0,0,8,6.0,0,1.6666666666666667,1.0,1.6544133333333335,1.8792866666666672,7.666666666666667,10.0,2.0,1.0,1.8094338,1.858852,5.2,11.2,2.1,1.2,2.1731389,1.6167406,7.2,10.9,2.711948,1.697954
2024-09-21,Leicester,Everton,1,1,D England,1414.070163732052,1437.5732726663866,2.45,3.4,2.88,1,1,1.33793,1.82377,1,0,6,11,7.0,0,1.3333333333333333,2.0,1.0945386666666665,2.33773,2.6666666666666665,13.666666666666666,1.4,1.6,1.2679772,1.8782584,2.6,12.0,1.3,1.9,1.52877492,2.0348722,3.3,11.6,1.5366734000000002,1.9198564,1,1,1.82377,1.33793,2,0,1,12,7.0,0,1.3333333333333333,3.3333333333333335,1.3524389999999997,2.9090233333333337,5.0,11.0,1.0,3.0,1.0255092000000001,2.74592,3.4,10.4,1.1,2.2,1.1153379,2.2067987,4.8,11.6,0.9226862,2.6606422
2024-09-21,Aston Villa,Wolves,3,1,T Robinson,1586.8566287932192,1431.484228739041,1.57,4.2,5.25,3,1,2.37351,0.520117,3,0,6,11,7.0,0,1.6666666666666667,1.6666666666666667,2.213083333333334,1.0136296666666664,4.666666666666667,13.0,1.4,2.2,1.9816791999999999,1.6154958000000001,4.2,11.6,1.7,1.8,1.68575275,1.8118969,4.5,10.7,2.0862153999999995,1.5563896,1,3,0.520117,2.37351,6,0,5,16,6.0,0,1.3333333333333333,3.0,1.6084739999999995,1.6411566666666673,4.0,16.0,0.8,2.6,1.2265021999999999,2.442228,3.2,14.6,0.8,2.5,0.9824578,2.4220330000000003,3.7,14.1,0.8196975999999999,2.997244
2024-09-21,West Ham,Chelsea,0,3,S Barrott,1477.8145466806275,1560.068514874279,3.6,3.9,1.95,0,3,0.758267,2.39727,5,0,6,17,7.0,0,1.3333333333333333,1.3333333333333333,1.0547099999999998,2.4850266666666667,2.6666666666666665,15.0,1.2,1.8,1.2417977999999998,2.4880839999999997,3.0,15.0,1.3,2.4,1.4405433,2.6924866,4.1,11.7,1.9418172000000002,2.4821672,3,0,2.39727,0.758267,2,0,5,9,7.0,0,2.6666666666666665,1.0,1.9798353333333338,1.471706,4.0,10.333333333333334,2.0,1.2,1.7196892,1.5194996,4.4,9.6,2.4,1.1,2.0559836000000002,1.4144213999999997,5.0,10.8,1.6961532000000001,1.6675174000000001
2024-09-21,Southampton,Ipswich,1,1,S Allison,1349.2888306860323,1489.7277330419408,2.25,3.5,3.2,1,1,2.89813,1.645,4,0,2,16,7.0,0,0.3333333333333333,2.3333333333333335,1.0726706666666666,3.2514966666666667,4.0,10.666666666666666,1.0,2.4,1.3024964,2.8382858000000004,5.2,10.4,1.0,2.5,1.2210959,2.4692843,4.9,10.7,0.707441,2.4309068,1,1,1.645,2.89813,4,0,10,16,7.0,0,0.6666666666666666,1.6666666666666667,0.6361233333333334,2.00799,3.6666666666666665,15.333333333333334,0.5,1.75,0.56274275,2.4882575,3.25,13.75,0.5,1.75,0.56274275,2.4882575,3.25,13.75,0.600661,2.41757
2024-09-21,Tottenham,Brentford,3,1,J Brooks,1527.6253133273567,1475.3282547418044,1.55,4.5,5.5,3,1,3.89481,0.893565,3,0,9,11,6.0,0,1.6666666666666667,1.0,1.6790216666666664,1.1189029999999998,10.333333333333334,12.333333333333334,1.2,1.2,1.6575330000000001,1.4172318,10.2,12.6,1.2,2.0,1.7074911,1.8186020000000003,8.3,12.5,2.170767,1.38762,1,3,0.893565,3.89481,1,0,4,9,7.0,0,1.3333333333333333,1.6666666666666667,1.7903296666666666,1.9728966666666665,3.0,6.666666666666667,1.6,2.0,1.6906398,2.1433400000000002,3.2,8.2,1.8,1.6,1.7347694,1.6119979,4.9,8.8,1.6345310000000002,1.4111438
2024-09-21,Crystal Palace,Man United,0,0,D Coote,1474.282294525002,1550.8251549342501,2.88,3.75,2.3,0,0,1.66928,2.35056,3,0,4,7,7.0,0,1.0,1.6666666666666667,1.5743226666666665,2.0545033333333333,4.333333333333333,11.0,1.8,1.4,1.6204855999999999,1.6285992,4.4,11.6,2.4,1.1,1.8891528000000002,1.2931342999999997,5.1,11.6,1.9994720000000001,0.9355266,0,0,2.35056,1.66928,1,0,11,12,7.0,0,1.3333333333333333,1.6666666666666667,1.9377866666666668,1.8671433333333332,5.333333333333333,11.333333333333334,1.4,1.0,1.772016,1.5983682,5.6,11.0,1.3,1.5,1.5834936000000002,1.8346151,5.2,10.5,1.4361374,1.98399
2024-09-21,Liverpool,Bournemouth,3,0,T Harrington,1645.8147199668435,1465.1296041974554,1.3,6.25,9.0,3,0,2.43731,1.46979,1,0,3,10,7.0,0,1.6666666666666667,0.3333333333333333,1.9977266666666675,0.8492136666666664,6.0,10.666666666666666,1.8,0.2,3.1163220000000003,0.7242991999999999,7.6,12.8,2.1,1.1,2.593249,1.1034080999999998,7.5,12.7,3.1711540000000005,1.0157729999999998,0,3,1.46979,2.43731,4,0,9,12,7.0,0,1.3333333333333333,1.3333333333333333,2.343106666666667,1.7939619999999998,6.0,12.0,1.2,1.4,2.1880940000000004,1.6447292,5.8,10.6,1.2,1.5,1.941808,1.8532730000000002,5.7,12.6,1.947968,1.9592447999999998
2024-09-22,Brighton,Nott'm Forest,2,2,R Jones,1512.3004136508669,1434.8375119448287,1.75,3.75,4.75,2,2,1.56836,1.36923,3,0,9,12,8.0,0,1.0,0.6666666666666666,1.9053233333333335,1.4749543333333335,6.666666666666667,10.0,1.2,0.8,1.8957000000000002,1.1668456000000003,6.4,9.6,0.9,1.4,1.7282791,1.4280653500000002,5.3,11.0,1.9660160000000002,0.9238657,2,2,1.36923,1.56836,4,1,1,11,8.0,0,1.0,0.3333333333333333,1.6216573333333333,0.7743413333333331,6.333333333333333,11.666666666666666,1.2,0.6,1.5377284,1.0628788,4.8,11.4,1.1,1.5,1.7260272,1.2207029999999999,4.9,11.5,1.6448563999999997,0.912125
2024-09-22,Man City,Arsenal,2,2,M Oliver,1741.4488960178508,1705.6413842207155,1.8,3.6,4.5,2,2,2.75588,1.28411,3,0,8,7,8.0,0,3.0,1.0,2.60798,0.8260466666666669,11.0,5.333333333333333,2.8,0.8,2.263872,0.7559058000000001,9.4,5.6,3.1,0.5,2.4537403,0.88530315,7.3,5.8,3.2227760000000005,0.5955519999999999,2,2,1.28411,2.75588,4,1,2,10,7.0,0,1.3333333333333333,0.3333333333333333,1.6509566666666668,1.308905,3.3333333333333335,12.333333333333334,1.6,0.4,1.958574,1.0334908,5.2,12.4,2.2,0.4,2.207269,1.0560348999999998,5.1,12.1,1.488482,1.086
2024-09-28,Brentford,West Ham,1,1,S Hooper,1468.4523824549017,1468.4541928606902,2.2,3.5,3.2,1,1,0.370222,0.878617,2,0,7,2,7.0,0,1.6666666666666667,2.0,1.9357716666666664,2.36491,3.0,7.333333333333333,1.4,1.8,1.5290388000000001,2.192214,3.4,7.0,1.6,1.6,1.6820619,1.8851459000000002,5.0,8.6,1.6355396000000002,1.8249940000000002,1,1,0.878617,0.370222,3,0,7,11,7.0,0,0.6666666666666666,2.3333333333333335,0.796062333333333,2.825416666666667,3.6666666666666665,15.0,1.0,1.8,1.3454194,2.50453,3.8,16.0,1.3,2.5,1.371063,2.5708005999999997,3.9,12.8,0.9392694,2.9028059999999996
2024-09-28,Newcastle,Man City,1,1,J Gillett,1560.8143248577583,1738.7591679889651,5.25,4.33,1.6,1,1,1.34344,1.26516,4,0,5,14,7.0,0,1.6666666666666667,1.6666666666666667,1.38935,2.1047133333333337,4.666666666666667,10.0,1.4,1.2,1.2988817999999998,2.16082,5.2,10.6,1.8,1.5,1.9680768999999998,1.864122,5.6,10.3,2.0540898000000003,1.5878732,1,1,1.26516,1.34344,4,0,6,10,6.0,0,2.3333333333333335,1.3333333333333333,2.500546666666667,1.094083666666667,10.333333333333334,6.333333333333333,2.6,1.0,2.35204,0.964696,8.8,6.4,2.9,0.7,2.5388213,0.9565120500000001,7.7,6.2,2.2321806,1.2226050999999998
2024-09-28,Arsenal,Leicester,4,2,S Barrott,1708.3311122496011,1413.0235456652574,1.17,8.0,15.0,4,2,6.05305,0.337909,2,0,17,11,6.0,0,1.3333333333333333,1.0,1.6076633333333337,1.7886516666666665,3.6666666666666665,10.666666666666666,1.6,0.6,1.573056,1.451686,4.0,12.8,2.2,0.6,2.169501,1.3151713,5.1,12.2,2.926056,1.0260698,2,4,0.337909,6.05305,4,0,0,6,7.0,0,1.3333333333333333,1.6666666666666667,1.2548469999999998,2.2915933333333336,3.0,13.0,1.2,1.6,1.1295372000000001,2.048942,3.2,12.6,1.3,1.9,1.45397392,2.0076042000000003,3.3,11.2,1.5208764399999999,2.149888
2024-09-28,Chelsea,Brighton,4,2,P Bankes,1569.4288686942161,1508.5382053949138,1.73,4.2,4.2,4,2,3.65839,1.20712,3,0,8,11,7.0,0,1.6666666666666667,0.3333333333333333,2.102475333333334,0.9184283333333333,4.0,9.0,2.2,1.0,1.8796011999999997,1.2707530000000002,4.2,10.4,2.5,0.9,2.1393096,1.4290223999999998,5.1,10.3,2.415814,1.1613254000000002,2,4,1.20712,3.65839,2,0,2,8,6.0,0,1.0,1.0,1.7142666666666664,1.5028443333333332,8.333333333333334,11.0,1.6,0.8,1.815032,1.2398836000000002,6.8,10.0,1.1,1.2,1.827913,1.37448135,5.8,11.2,1.554027,1.9216909999999998
2024-09-28,Nott'm Forest,Fulham,0,1,J Smith,1438.5997202007818,1489.310524211294,2.38,3.3,3.0,0,1,0.614351,1.43592,2,0,6,11,6.0,0,1.3333333333333333,1.0,1.1231506666666666,1.225477333333333,3.3333333333333335,10.666666666666666,1.2,0.8,1.4956504,1.1601067999999999,4.4,12.6,1.2,1.4,1.6628281999999999,1.2155610000000001,4.8,11.4,1.807198,1.529281,1,0,1.43592,0.614351,4,0,5,15,7.0,0,1.6666666666666667,1.0,2.42875,0.829149,5.0,15.333333333333334,1.4,1.0,1.9334282000000003,1.0774263999999998,6.0,14.0,1.3,1.5,1.45605655,1.3494441,4.7,12.1,1.5586882,1.4159214
2024-09-28,Wolves,Liverpool,1,2,A Taylor,1426.9947542166858,1649.8172788586028,8.0,5.75,1.33,1,2,0.748925,2.11724,2,0,2,16,7.0,0,1.0,2.0,0.9758129999999997,1.7558766666666674,4.0,17.0,1.0,2.8,1.1842747999999998,1.7850560000000002,3.8,15.6,0.9,2.6,1.0180178999999998,2.4932050000000006,4.1,14.3,1.4036908000000001,1.866952,2,1,2.11724,0.748925,3,0,10,8,7.0,0,2.0,0.3333333333333333,1.903906666666667,1.1867306666666664,4.0,10.666666666666666,2.0,0.2,2.4719100000000003,0.8720064000000001,6.2,12.0,2.1,1.0,2.734535,1.1665021,7.4,12.6,2.419448,1.4490311999999999
2024-09-28,Everton,Crystal Palace,2,1,A Madley,1438.6198907331811,1474.7580768262173,2.7,3.3,2.63,2,1,1.10959,1.12358,2,0,5,13,7.0,0,1.6666666666666667,2.3333333333333335,1.7440726666666666,2.484523333333333,3.6666666666666665,10.0,1.0,2.8,1.2572824,2.3711659999999997,3.4,10.6,1.2,1.7,1.1759239000000001,2.0034986999999997,4.1,10.7,1.3079896000000002,1.7529552000000002,1,2,1.12358,1.10959,1,0,8,11,7.0,0,1.0,1.0,1.672049333333333,2.32662,4.666666666666667,10.333333333333334,0.8,1.4,1.5079636,1.978942,4.8,11.0,1.9,0.9,1.6842308000000004,1.3936543000000001,5.1,11.4,1.4608916,1.9906640000000002
2024-09-29,Ipswich,Aston Villa,2,2,S Attwell,1487.4530142324502,1591.3461033155745,4.0,3.75,1.85,2,2,1.84608,1.14494,4,0,10,10,8.0,0,0.6666666666666666,0.6666666666666666,1.024457,1.9479733333333336,6.666666666666667,15.666666666666666,0.6,1.6,0.7791942000000001,2.570232,4.6,14.2,0.6,1.6,0.7791942000000001,2.570232,4.6,14.2,0.5248245,2.558945,2,2,1.14494,1.84608,1,0,0,14,8.0,0,2.6666666666666665,1.3333333333333333,2.5653733333333335,0.7156719999999996,5.333333333333333,14.0,2.0,1.4,2.336612,1.2731412,4.6,12.2,1.8,1.9,1.83019885,1.6749056,4.5,11.1,1.2852900999999999,2.0674042
2024-09-29,Man United,Tottenham,0,3,C Kavanagh,1550.3493726330348,1534.5011856142594,2.35,3.75,2.75,0,3,0.600721,5.4072,5,1,5,16,8.0,0,1.0,1.0,2.2927866666666668,1.7097266666666666,7.666666666666667,11.0,1.0,1.0,2.04132,1.5378842,6.8,11.6,1.1,1.3,1.6662756,1.7630240999999998,6.1,10.3,1.7308498,1.6852401999999997,3,0,5.4072,0.600721,3,0,3,14,8.0,0,1.3333333333333333,1.3333333333333333,2.106815,1.2004683333333332,9.333333333333334,12.333333333333334,1.8,1.0,2.067925,1.0552827999999999,10.6,12.0,1.5,1.7,2.0232125,1.5931285000000002,8.9,12.4,1.2442152,2.249584
2024-09-30,Bournemouth,Southampton,3,1,M Oliver,1461.1270453056961,1351.563549495523,1.65,4.1,5.0,3,1,1.44215,0.696068,2,0,7,19,9.0,0,1.0,2.0,1.9879933333333335,1.975442,6.333333333333333,9.666666666666666,1.0,1.6,2.081652,1.8126492000000003,6.6,11.2,1.1,1.5,1.8835759999999997,1.834317,6.2,12.4,2.002264,1.5264752,1,3,0.696068,1.44215,5,0,4,12,9.0,0,0.6666666666666666,2.3333333333333335,1.9670633333333332,2.844913333333333,3.3333333333333335,11.333333333333334,0.4,1.8,1.6141944000000001,2.3665958,5.2,12.8,1.1,2.5,1.4632055000000002,2.5349288999999997,4.5,11.4,1.7347507999999998,2.5076617999999997
2024-10-05,Arsenal,Southampton,3,1,T Harrington,1710.6216453472848,1346.0901673390927,1.14,9.0,17.0,3,1,3.25165,1.27313,0,0,13,10,7.0,0,2.3333333333333335,1.3333333333333333,2.8193533333333334,1.2954613333333336,8.333333333333334,10.333333333333334,2.0,1.0,2.458006,1.4041008,5.8,11.6,2.1,0.8,2.4289479999999997,1.1886192000000002,6.4,12.1,3.44495,0.7729656,1,3,1.27313,3.25165,3,0,1,9,5.0,0,0.6666666666666666,2.3333333333333335,1.6500426666666665,2.0380266666666667,2.0,13.0,0.6,2.2,1.3624420000000002,2.568328,3.6,12.0,1.1,2.5,1.4430948,2.2876869,4.7,11.6,1.6945294,2.0131778000000002
2024-10-05,Brentford,Wolves,5,3,A Madley,1466.7424594655447,1421.3657595334664,2.05,3.6,3.4,5,3,4.13513,0.696254,2,0,10,9,7.0,0,1.0,2.0,0.7715756666666663,2.1087390000000004,4.666666666666667,4.666666666666667,1.2,1.8,1.3269552,2.1384233999999998,4.0,6.2,1.2,1.6,1.3409941,1.9232277,4.8,7.9,1.6249242000000002,1.7559094000000002,3,5,0.696254,4.13513,3,0,3,10,7.0,0,1.0,2.3333333333333335,0.9129106666666663,1.991393333333334,3.6666666666666665,16.333333333333332,1.2,2.8,1.2188928,1.882844,3.8,16.0,1.0,2.7,1.044465,2.464618,3.5,14.9,0.632345,3.1194580000000003
2024-10-05,West Ham,Ipswich,4,1,A Taylor,1470.1641158500472,1488.7096803627333,1.8,3.8,4.33,4,1,4.39402,1.18463,0,0,5,12,7.0,0,0.6666666666666666,1.6666666666666667,0.7732009999999997,1.8845006666666666,5.0,15.333333333333334,1.0,1.6,0.9602027999999999,2.0445144,4.2,14.6,1.2,2.1,1.3243887,2.2359728,4.6,13.0,1.8028566000000001,2.2387952,1,4,1.18463,4.39402,1,0,5,6,6.0,0,1.0,1.0,1.4041343333333334,1.9333433333333332,7.333333333333333,14.0,1.0,1.6,1.07989,2.013408,6.2,14.4,0.8333333333333334,1.6666666666666667,0.9570085,2.332683333333333,5.5,13.5,0.9487739999999999,2.5777566666666667
2024-10-05,Crystal Palace,Liverpool,0,1,S Hooper,1465.4437972152832,1655.4462735418222,6.0,4.5,1.5,0,1,0.609481,2.07332,4,0,3,7,7.0,0,1.0,1.3333333333333333,1.8933399999999996,1.7040066666666667,5.666666666666667,9.666666666666666,0.8,1.4,1.5031656000000002,1.924732,5.0,10.2,1.8,1.1,1.6529277999999998,1.4494843,5.2,11.5,2.046006,1.2953806,1,0,2.07332,0.609481,2,0,8,15,7.0,0,1.6666666666666667,0.6666666666666666,1.9083300000000005,0.9360823333333331,6.666666666666667,11.0,2.0,0.4,2.1095460000000004,0.9532712,6.2,10.0,2.3,0.9,2.759104,1.0522835999999998,7.1,12.1,2.4685859999999997,1.2205941999999999
2024-10-05,Everton,Newcastle,0,0,C Pawson,1447.9341703441153,1564.0843891108777,3.2,3.6,2.2,0,0,0.692214,1.79048,1,0,0,12,7.0,0,1.6666666666666667,1.6666666666666667,1.2618393333333333,1.8734233333333332,2.6666666666666665,12.333333333333334,1.4,2.4,1.3981354,2.237716,4.2,11.6,1.2,1.8,1.2395596000000002,1.9969407000000001,4.0,10.5,1.4352610000000001,1.7398392,0,0,1.79048,0.692214,2,0,10,8,7.0,0,1.3333333333333333,1.6666666666666667,1.3081833333333333,1.9820866666666668,4.0,9.333333333333334,1.4,1.4,1.4808719999999997,2.022886,5.6,10.4,1.9,1.4,2.0472919000000003,1.846977,5.9,10.2,2.080198,2.082972
2024-10-05,Man City,Fulham,3,2,P Bankes,1735.4891037358457,1499.5778250746953,1.25,7.0,9.5,3,2,1.36684,2.75846,2,0,8,4,7.0,0,1.6666666666666667,1.3333333333333333,1.8579433333333337,1.2261633333333337,8.666666666666666,8.666666666666666,2.4,1.2,2.368996,1.021138,9.4,6.6,2.8,0.8,2.5721309999999997,0.8735440499999999,7.8,6.6,2.845462,0.6904189999999999,2,3,2.75846,1.36684,1,0,3,10,7.0,0,1.6666666666666667,0.6666666666666666,2.5111133333333333,0.79825,4.666666666666667,15.333333333333334,1.6,0.8,2.13687,0.7917606,5.4,15.0,1.3,1.2,1.51576355,1.3084342,5.1,13.1,1.1230462,1.2481776
2024-10-05,Leicester,Bournemouth,1,0,D Bond,1410.7330125675737,1466.6004274621264,3.1,3.75,2.15,1,0,0.912063,1.94963,4,0,0,12,7.0,0,1.6666666666666667,2.3333333333333335,1.109236333333333,3.5879933333333334,2.6666666666666665,10.666666666666666,1.4,2.2,0.9918910000000001,2.978002,2.8,11.6,1.3,2.1,1.15527882,2.2842612000000004,3.1,10.8,1.1392874000000002,1.6273144,0,1,1.94963,0.912063,1,0,9,14,5.0,0,1.0,1.6666666666666667,1.4830833333333333,1.3553679999999997,7.333333333333333,15.666666666666666,1.4,1.6,1.988252,1.7030528000000005,6.8,13.4,1.3,1.6,1.78748,1.8554784000000002,5.7,12.6,1.7613039999999998,2.3498159999999997
2024-10-06,Aston Villa,Man United,0,0,R Jones,1590.0894371852914,1538.200318683993,2.2,3.75,3.0,0,0,0.532809,0.448537,1,0,6,12,7.0,0,2.6666666666666665,1.6666666666666667,2.2257366666666667,1.0727849999999997,4.0,11.666666666666666,2.0,1.6,2.0315399999999997,1.0814172,4.0,12.8,1.7,2.0,1.68200585,1.6543026,3.7,11.7,2.0355434,1.249991,0,0,0.448537,0.532809,5,0,3,11,7.0,0,1.0,1.0,1.992737,2.810803333333333,7.666666666666667,14.0,0.8,1.6,1.7529282000000002,2.535582,6.4,12.4,1.0,1.5,1.4201507,2.1141531000000002,6.0,11.2,1.6017014,1.8408079999999998
2024-10-06,Chelsea,Nott'm Forest,1,1,C Kavanagh,1576.0832946903074,1428.3324193373805,1.48,4.5,6.5,1,1,2.27752,1.66654,6,0,11,12,8.0,0,2.6666666666666665,0.6666666666666666,2.329462000000001,1.1675656666666667,5.333333333333333,9.666666666666666,3.0,1.0,2.3990332,1.2761010000000002,5.0,10.2,2.7,1.1,2.2827166,1.4226704,5.5,10.2,2.702628,1.1486214000000001,1,1,1.66654,2.27752,2,1,3,11,8.0,0,1.0,1.0,0.8577043333333333,1.3915733333333329,3.0,9.333333333333334,1.0,0.8,1.3697106,1.0654607999999999,5.2,11.4,1.0,1.3,1.5480193,1.213465,4.4,11.0,1.5184583999999999,0.9018409999999999
2024-10-06,Brighton,Tottenham,3,2,D Coote,1501.8837793988225,1546.6502395633013,2.9,4.0,2.2,3,2,1.97217,1.09279,2,0,4,14,8.0,0,1.3333333333333333,2.0,1.5108133333333331,1.916314333333333,6.666666666666667,11.333333333333334,1.4,1.6,1.69829,1.8904966,6.2,10.0,1.3,1.3,1.812943,1.49218835,5.8,11.0,1.7525559999999998,1.1848306000000002,2,3,1.09279,1.97217,2,0,7,10,7.0,0,2.0,0.6666666666666666,3.3648683333333334,0.8717286666666667,6.333333333333333,12.666666666666666,2.2,0.8,2.867815,0.9701989999999998,8.6,12.4,1.6,1.4,2.3034745,1.5017316,8.4,12.6,2.178136,1.7400682
2024-10-19,Tottenham,West Ham,4,1,A Madley,1537.0884153319641,1478.9765912148368,1.5,5.0,5.25,4,1,1.44052,0.858803,1,0,13,10,13.0,0,2.6666666666666665,1.3333333333333333,3.464933333333333,1.1554853333333333,6.333333333333333,11.666666666666666,1.8,1.4,2.564087,1.2348591999999998,7.6,12.2,1.8,1.5,2.2856895,1.4765166,8.2,12.0,2.4288130000000003,1.263395,1,4,0.858803,1.44052,3,1,5,15,14.0,0,1.6666666666666667,1.6666666666666667,2.010301333333333,1.317374,6.0,13.333333333333334,1.4,1.8,1.5321647999999999,2.0062204,4.6,13.6,1.4,2.0,1.6843882000000001,2.1251378,4.6,13.4,0.8459208,2.2331504
2024-10-19,Fulham,Aston Villa,1,3,D England,1496.4973963912919,1586.9759088279504,2.45,3.5,2.8,1,3,2.63074,1.43595,3,1,6,8,14.0,0,2.0,1.3333333333333333,2.4685966666666666,1.0262903333333333,4.666666666666667,13.666666666666666,1.6,1.2,2.296126,0.8937276000000001,4.6,14.2,1.4,1.4,1.65219155,1.3397312,4.9,13.0,1.9084809,1.3686908,3,1,1.43595,2.63074,3,1,11,11,13.0,0,1.6666666666666667,1.0,1.3504196666666672,0.9382446666666664,4.0,12.333333333333334,2.0,1.2,1.8747737999999998,0.8883266000000001,4.4,13.6,1.5,1.8,1.67406105,1.5427553,4.1,11.6,1.3284683000000002,2.0586142
2024-10-19,Southampton,Leicester,2,3,A Taylor,1344.4923042571277,1420.6140728159774,2.3,3.5,3.0,2,3,2.42776,2.83826,5,1,10,10,14.0,0,1.0,2.3333333333333335,1.6224426666666665,2.1129333333333338,2.3333333333333335,12.333333333333334,0.8,2.6,1.5740776,2.6457080000000004,3.0,11.0,0.9,2.4,1.2393117999999999,2.4215259,3.7,11.5,1.1916602,2.562196,3,2,2.83826,2.42776,3,0,6,10,14.0,0,1.3333333333333333,1.6666666666666667,0.8626339999999998,3.2754833333333337,2.0,9.666666666666666,1.4,1.8,1.0029026,2.975492,1.8,11.4,1.1,1.6,0.9539191199999999,2.3039482,2.4,10.5,1.17127024,2.941208
2024-10-19,Man United,Brentford,2,1,S Barrott,1541.313847041334,1473.7991764249116,1.7,4.2,4.5,2,1,1.76555,0.892843,2,0,9,14,13.0,0,0.0,1.0,1.1332726666666668,2.5364296666666664,6.333333333333333,13.0,0.6,1.2,1.5855235999999997,2.2138378,6.2,12.0,1.0,1.1,1.4308627,1.960874,6.0,11.5,1.2386,2.3874981999999996,1,2,0.892843,1.76555,2,0,2,5,14.0,0,2.3333333333333335,2.3333333333333335,1.7996389999999998,1.8232270000000002,7.0,6.666666666666667,2.2,2.0,2.0625334000000004,1.7339202,5.2,6.6,1.7,1.8,1.6588715,1.8714541000000005,5.2,7.6,1.0570640000000002,2.090546
2024-10-19,Newcastle,Brighton,0,1,P Bankes,1562.4821809594741,1511.4456036301597,1.95,3.7,3.6,0,1,1.93657,1.6779,2,0,9,11,14.0,0,0.6666666666666666,1.3333333333333333,1.4105333333333334,1.7229280000000002,5.0,10.0,1.2,1.2,1.4603939999999997,1.6543028,5.8,10.4,1.5,1.3,1.8006968999999997,1.7875664,5.8,10.2,1.7927598,1.5012371999999998,1,0,1.6779,1.93657,2,0,4,9,13.0,0,2.3333333333333335,2.6666666666666665,1.5825499999999997,2.0401366666666667,5.0,11.333333333333334,1.6,1.8,1.664418,1.8519426000000003,6.2,11.0,1.5,1.5,1.746594,1.5950268,5.5,11.1,1.617562,2.282929
2024-10-19,Bournemouth,Arsenal,2,0,R Jones,1456.7193672137228,1712.2195084292498,5.0,3.9,1.65,2,0,2.18419,0.740758,1,0,7,12,14.0,0,1.0,1.6666666666666667,1.6205233333333335,1.3484803333333328,8.333333333333334,15.0,1.2,1.6,1.871152,1.5068914000000002,7.0,12.4,1.0,1.7,1.734311,1.8110027000000002,5.8,12.6,1.813656,1.3611408,0,2,0.740758,2.18419,1,1,4,11,14.0,0,3.0,1.6666666666666667,3.5296033333333336,1.4556396666666667,10.666666666666666,10.333333333333334,2.2,1.2,2.825538,1.3953988,8.2,10.6,2.1,0.7,2.602644,1.0554742000000001,7.1,11.5,1.4129460000000003,1.6042728
2024-10-19,Ipswich,Everton,0,2,M Oliver,1479.8972049979436,1449.5363784955189,2.38,3.3,3.0,0,2,1.174,1.60804,1,0,5,12,14.0,0,1.3333333333333333,2.3333333333333335,1.5585700000000002,2.8123633333333338,8.333333333333334,10.666666666666666,1.0,1.6,1.2208162000000002,2.276576,7.0,12.6,0.8571428571428571,2.0,0.9895258571428572,2.6271600000000004,5.428571428571429,12.428571428571429,0.965243,2.08761,2,0,1.60804,1.174,1,0,8,10,14.0,0,1.0,0.6666666666666666,1.2085246666666665,1.41733,2.0,12.333333333333334,1.4,1.6,1.4068044,2.0735259999999998,3.2,11.0,1.0,1.8,1.11967,1.9888337,3.6,11.1,1.0438582,2.2540421999999998
2024-10-20,Wolves,Man City,1,2,C Kavanagh,1414.3090425740995,1738.569532419249,8.0,6.0,1.33,1,2,0.761217,1.36569,4,0,1,8,15.0,0,1.6666666666666667,3.3333333333333335,0.6550986666666664,2.875293333333334,3.3333333333333335,14.0,1.4,2.6,0.8745236000000001,2.304,3.4,15.4,1.1,3.1,0.9650793999999999,2.787696,3.4,14.5,1.456585,1.809778,2,1,1.36569,0.761217,1,0,18,5,15.0,0,2.0,1.6666666666666667,1.7959600000000002,1.7953366666666668,7.333333333333333,7.0,2.2,1.4,2.026728,1.4768302,9.0,6.6,2.6,0.9,2.256273,1.10970135,8.0,6.6,2.2988,1.0566691000000001
2024-10-20,Liverpool,Chelsea,2,1,J Brooks,1661.869872987815,1570.727366152617,1.62,4.1,5.0,2,1,2.22517,1.33904,4,0,1,12,15.0,0,2.0,0.3333333333333333,2.2092900000000006,0.9427319999999998,7.0,11.0,1.8,0.4,1.9804559999999998,0.9837196,6.0,11.0,2.2,0.7,2.737138,1.0338292,7.1,12.6,3.0496220000000003,0.8839729999999999,1,2,1.33904,2.22517,3,0,6,13,14.0,0,2.6666666666666665,1.0,2.7777266666666676,1.2106423333333334,8.0,10.666666666666666,2.0,0.8,2.4486672,1.1257890000000002,6.2,10.0,2.3,1.2,2.0886306,1.4999345,5.8,10.2,1.8628052,1.6967193999999999
2024-10-21,Nott'm Forest,Crystal Palace,1,0,T Robinson,1433.688347875071,1459.0201977692905,2.3,3.5,3.0,1,0,1.88573,0.835001,2,0,6,9,15.0,0,1.0,1.3333333333333333,1.2167069999999998,1.7605999999999995,3.3333333333333335,11.0,1.0,1.0,1.1300686,1.4779744,3.8,10.8,1.1,1.2,1.5957573,1.3938937,4.3,11.2,1.5775802,1.525089,0,1,0.835001,1.88573,3,0,6,12,16.0,0,0.3333333333333333,1.0,1.1341136666666665,1.8444900000000002,5.0,8.333333333333334,0.8,1.2,1.3498418,2.032554,5.0,9.8,1.7,1.1,1.6084889,1.5173983,4.6,10.7,1.2598496000000001,1.6035879999999998
2024-10-25,Leicester,Nott'm Forest,1,3,C Pawson,1430.1503837680216,1442.693816844417,3.0,3.3,2.4,1,3,0.832415,2.54488,5,0,6,16,6.0,0,2.0,2.0,1.362744,3.4768133333333338,2.0,9.333333333333334,1.8,1.8,1.4156064000000002,3.0282739999999997,2.8,10.8,1.4,1.5,1.18499552,2.3696392,2.6,10.4,1.2162008000000002,1.6630703999999998,3,1,2.54488,0.832415,2,0,7,9,4.0,0,0.6666666666666666,0.6666666666666666,1.3888736666666663,1.5161469999999995,5.0,10.333333333333334,1.0,0.8,1.2250766,1.4574482,3.6,9.6,1.2,1.0,1.5670183,1.3841875,4.5,11.3,1.6139344000000002,1.2626983999999999
2024-10-26,Man City,Southampton,1,0,T Harrington,1742.1552133839791,1334.9559933050834,1.11,10.0,17.0,1,0,3.16286,0.369989,1,0,12,9,6.0,0,2.0,1.3333333333333333,1.3325633333333338,1.621039,10.666666666666666,6.333333333333333,2.0,1.4,1.6612719999999999,1.4396334000000002,10.4,7.0,2.4,1.0,2.0776239999999997,1.1769606,9.1,6.5,2.2137459999999995,1.1627336,0,1,0.369989,3.16286,3,0,1,9,7.0,0,1.3333333333333333,3.0,1.4656526666666665,2.510686666666667,5.0,10.333333333333334,1.0,2.6,1.7302036,2.440798,3.4,11.6,1.1,2.5,1.4671229000000001,2.5782669,4.6,10.8,1.2869634,2.2808558000000003
2024-10-26,Everton,Fulham,1,1,J Brooks,1462.0800761355679,1487.372395118497,2.75,3.25,2.63,1,1,0.884845,1.49531,1,0,4,8,7.0,0,1.3333333333333333,0.3333333333333333,1.1366146666666666,1.3626866666666668,4.333333333333333,11.666666666666666,1.4,1.0,1.2171544,1.71695,3.2,11.8,1.1,1.8,1.159075,2.0105981,3.8,11.1,1.1954818,1.7236252,1,1,1.49531,0.884845,0,0,2,8,7.0,0,1.3333333333333333,2.0,2.27504,1.139047,4.666666666666667,11.0,1.6,1.6,2.584508,1.039508,4.6,12.8,1.5,1.7,1.7696865499999999,1.4023883,4.9,13.2,1.3835802000000001,1.3596698
2024-10-26,Aston Villa,Bournemouth,1,1,A Madley,1596.1009101007453,1471.8191072762706,1.85,3.9,3.8,1,1,1.974,0.328651,7,0,9,12,7.0,0,1.6666666666666667,1.0,1.037899666666667,1.6417856666666661,5.666666666666667,12.333333333333334,2.2,1.2,1.7291937999999998,1.2595264,5.8,11.6,1.8,1.8,1.8112155,1.5422633,4.9,11.7,2.0196538,1.0268964,1,1,0.328651,1.974,6,0,7,14,7.0,0,1.6666666666666667,0.6666666666666666,1.8586566666666666,0.7829629999999996,7.666666666666667,15.0,1.0,1.2,1.7166139999999999,1.143785,7.6,14.6,1.2,1.4,1.9058599999999999,1.4937065,6.4,12.6,2.05749,1.7494846000000002
2024-10-26,Brentford,Ipswich,4,3,L Smith,1467.3129716335716,1467.3535073578946,1.65,4.33,4.75,4,3,4.09663,1.65698,0,0,5,7,7.0,0,2.3333333333333335,2.0,1.7993983333333332,1.1134736666666667,6.333333333333333,5.333333333333333,1.8,2.2,1.4685400000000002,1.7576042,5.2,5.6,1.8,2.0,1.6672179,1.9024301000000001,4.7,7.8,2.2900744000000004,1.6040022,3,4,1.65698,4.09663,1,1,5,10,7.0,0,1.0,2.6666666666666665,1.4015699999999998,2.382333333333334,6.666666666666667,9.333333333333334,0.8,1.8,1.3142066,2.360418,6.4,12.0,0.75,2.0,1.012585125,2.4997700000000003,5.375,12.375,1.007738,3.0318225
2024-10-26,Brighton,Wolves,2,2,M Oliver,1524.5369557204685,1410.7233616093695,1.62,4.5,4.5,2,2,1.51347,1.11074,3,0,9,12,7.0,0,2.0,2.0,1.619063333333333,2.22925,3.3333333333333335,10.333333333333334,1.6,1.6,1.6365020000000001,1.7556606000000001,5.6,11.4,1.5,1.4,1.7228280000000002,1.5435208,5.5,10.4,1.8821439999999998,1.0945886,2,2,1.11074,1.51347,3,0,6,10,6.0,0,1.6666666666666667,3.0,0.7354653333333331,2.539353333333334,2.0,11.333333333333334,1.4,2.8,0.8392406000000001,2.295,3.0,13.4,1.1,2.8,1.0015124,2.471723,3.5,13.6,0.6922184,3.0414000000000003
2024-10-27,Crystal Palace,Tottenham,1,0,D Bond,1450.0147287999446,1543.8140595860925,3.9,4.0,1.83,1,0,0.978611,1.0192,4,0,8,16,6.0,0,0.3333333333333333,1.3333333333333333,0.8560206666666664,1.6895466666666665,5.666666666666667,10.0,0.6,1.2,1.4249004,1.8142140000000002,5.2,9.6,1.3,1.2,1.4854289999999999,1.6718296,4.6,10.7,1.7547822,1.6417612,0,1,1.0192,0.978611,4,0,8,12,8.0,0,3.0,1.3333333333333333,2.6468366666666667,1.1438979999999999,7.666666666666667,11.333333333333334,2.4,1.2,2.525583,1.0892317999999999,7.8,11.6,2.0,1.2,2.3125365,1.2361749000000002,9.2,11.8,2.142566,1.6896381999999999
2024-10-27,Chelsea,Newcastle,2,1,S Hooper,1564.8224724087793,1549.3908288691653,1.73,4.33,4.2,2,1,1.61794,1.74225,6,0,7,13,7.0,0,2.0,1.6666666666666667,2.424983333333334,1.6996099999999998,8.333333333333334,12.0,2.0,1.0,2.1209891999999995,1.4788814000000001,6.6,10.8,2.1,1.2,1.9814665999999999,1.4778824999999998,5.8,10.7,2.3144560000000003,1.3031495999999998,1,2,1.74225,1.61794,3,0,4,16,8.0,0,0.3333333333333333,0.6666666666666666,1.6901633333333332,1.2117580000000003,8.0,11.0,0.8,1.2,1.53032,1.6632748,6.2,9.4,1.4,1.3,1.7491908999999999,1.7638004000000003,5.9,10.4,1.9829800000000002,1.9220028
2024-10-27,Arsenal,Liverpool,2,2,A Taylor,1697.119768366702,1667.7747667316526,2.5,3.25,2.9,2,2,1.0883,1.35346,2,0,1,14,8.0,0,2.3333333333333335,1.6666666666666667,3.348486,1.2650763333333335,11.333333333333334,10.666666666666666,2.0,1.4,2.4900936000000002,1.4687408,8.4,10.4,1.8,0.9,2.2853478,1.2270232,6.9,11.0,3.312536,0.9338516,2,2,1.35346,1.0883,2,0,3,14,7.0,0,1.6666666666666667,0.6666666666666666,2.1385766666666672,0.8991486666666665,6.333333333333333,11.666666666666666,1.6,0.6,2.004696,0.9513536,5.8,12.0,2.0,0.6,2.633433,1.0505282,6.4,12.4,2.4246539999999994,1.1836853999999999
2024-10-27,West Ham,Man United,2,1,D Coote,1472.2509469607085,1547.800051832674,2.88,3.75,2.3,2,1,2.99312,2.62598,5,0,6,6,8.0,0,2.0,2.0,2.043813333333333,0.9984573333333334,5.666666666666667,12.666666666666666,1.4,2.0,1.5144852,1.6557304000000002,5.0,14.6,1.5,1.9,1.6808786000000002,1.8473517999999998,4.5,13.9,2.5228556000000006,2.0171252,1,2,2.62598,2.99312,1,0,5,7,8.0,0,0.6666666666666666,1.3333333333333333,0.9382693333333334,2.277617333333333,5.666666666666667,13.666666666666666,1.0,0.8,1.6384595999999998,1.9716123999999997,7.0,13.4,1.2,1.1,1.5522508,1.8770543,6.5,12.4,1.6231254,1.5342498
2024-11-02,Newcastle,Arsenal,1,0,J Brooks,1541.528444499358,1694.6034369902118,3.75,3.75,1.95,1,0,0.859715,0.911305,4,0,4,16,6.0,0,0.3333333333333333,1.0,1.8231,1.3293513333333336,7.666666666666667,11.666666666666666,0.6,1.4,1.5820839999999998,1.6929248000000001,5.6,11.4,1.3,1.2,1.6957589,1.7758884,5.4,11.3,1.5504138,1.6892980000000002,0,1,0.911305,0.859715,4,0,6,18,6.0,0,1.6666666666666667,1.6666666666666667,1.6935693333333337,1.6035933333333334,6.0,11.666666666666666,2.2,1.8,2.4835735999999997,1.5809138,7.4,11.2,1.9,1.1,2.2210738,1.3072023000000002,6.3,11.8,1.2581596000000002,1.5201948
2024-11-02,Bournemouth,Man City,2,1,M Oliver,1476.6760184969328,1743.427230495727,5.5,4.2,1.57,2,1,2.4493,2.3527,2,0,3,11,7.0,0,1.0,0.6666666666666666,1.4874903333333336,1.2089403333333328,7.666666666666667,13.333333333333334,1.2,1.2,1.4748822000000001,1.3520398,7.8,14.2,1.2,1.3,1.8314881,1.4983845,6.8,12.4,1.7542300000000002,1.2379284,1,2,2.3527,2.4493,1,0,10,6,7.0,0,2.0,1.0,1.9651300000000003,1.2965553333333333,12.666666666666666,6.0,1.8,1.2,1.983286,1.3034432,10.4,7.0,2.3,1.0,2.1235790000000003,1.0296745,9.9,6.3,1.9415019999999998,1.1911876
2024-11-02,Ipswich,Leicester,1,1,T Robinson,1459.062348311577,1418.7929056910957,2.25,3.5,3.1,1,1,1.33617,2.33858,4,1,4,11,7.0,0,1.3333333333333333,3.3333333333333335,1.3385366666666665,3.3662300000000003,5.0,9.333333333333334,1.4,2.6,1.501338,2.828352,7.0,10.8,1.0,2.2222222222222223,1.0841845555555556,2.6771988888888893,5.333333333333333,12.11111111111111,1.01743225,1.9677175,1,1,2.33858,1.33617,2,0,6,10,8.0,0,1.6666666666666667,1.6666666666666667,1.527579333333333,2.3074233333333334,4.0,12.666666666666666,1.6,2.0,1.2517154,2.959818,3.6,11.0,1.5,1.8,1.2598463,2.4190382,3.1,11.5,1.15379024,3.0762080000000003
2024-11-02,Liverpool,Brighton,2,1,T Harrington,1670.2910981081427,1519.9136158854226,1.4,5.0,7.5,2,1,1.81037,1.01568,1,0,10,10,6.0,0,1.6666666666666667,1.0,1.8839833333333338,1.0122736666666665,4.0,13.666666666666666,2.0,0.8,2.0413,1.0511072,5.0,11.8,1.9,0.5,2.578811,0.8877032,6.3,12.3,2.8422120000000004,0.9173709999999999,1,2,1.01568,1.81037,1,0,7,18,7.0,0,2.0,1.3333333333333333,1.7211799999999997,1.3800333333333332,5.666666666666667,11.666666666666666,2.0,2.0,1.587804,1.8335440000000003,5.6,11.0,1.6,1.4,1.741752,1.5001948,6.0,10.3,1.681778,2.173979
2024-11-02,Nott'm Forest,West Ham,3,0,P Bankes,1454.0512949213428,1482.6981876193854,2.15,3.5,3.4,3,0,2.35011,0.132317,1,0,11,7,8.0,0,1.6666666666666667,0.6666666666666666,2.032383333333333,1.314978666666666,5.333333333333333,9.666666666666666,1.4,1.0,1.6161462,1.3898432,4.6,10.2,1.3,0.8,1.5769373000000002,1.226361,4.7,10.8,1.5201022000000002,1.5056766,0,3,0.132317,2.35011,2,1,6,9,6.0,0,2.3333333333333335,2.0,2.7486476666666664,1.7503766666666667,5.333333333333333,11.0,1.6,2.0,1.9765653999999997,1.6037244000000002,5.8,12.2,1.4,1.9,1.6091816,2.0459042,4.4,13.6,0.8389016,1.6775784000000002
2024-11-02,Southampton,Everton,1,0,A Madley,1333.6839761933356,1461.0844185803783,2.63,3.4,2.63,1,0,0.540345,1.78581,4,0,3,14,7.0,0,1.0,2.3333333333333335,1.3569596666666666,3.0842566666666666,4.0,9.333333333333334,1.0,2.2,1.5330154,2.467984,3.6,11.2,1.0,2.3,1.4177559,2.6531349,4.4,10.8,1.6472824,2.8756779999999997,0,1,1.78581,0.540345,2,0,6,18,7.0,0,1.0,0.3333333333333333,1.0616996666666665,1.4865966666666666,4.0,10.0,1.2,0.6,1.2236917999999999,1.3842599999999998,3.6,11.0,1.1,1.8,1.1246005000000001,2.06509,3.5,10.7,1.1195482,2.298764
2024-11-02,Wolves,Crystal Palace,2,2,A Taylor,1415.3467014444154,1460.9844944314957,2.5,3.4,2.88,2,2,1.65018,2.64849,1,0,3,7,7.0,0,2.0,3.0,0.8560703333333329,2.3380966666666674,3.3333333333333335,9.333333333333334,1.6,2.8,0.7674506000000001,2.301008,3.4,12.0,1.2,2.7,0.9969764000000001,2.3716180000000002,3.3,13.3,1.3108064000000001,1.902046,2,2,2.64849,1.65018,2,0,6,9,6.0,0,0.3333333333333333,0.6666666666666666,0.8076976666666664,1.6594166666666668,5.666666666666667,11.666666666666666,0.4,0.8,1.0431906,1.6876799999999998,5.8,10.6,1.1,1.1,1.3318381000000001,1.6581396000000002,5.1,11.1,1.2160758,1.701898
2024-11-03,Tottenham,Aston Villa,4,1,C Pawson,1532.8442939545414,1591.2439988800832,1.91,4.0,3.6,4,1,2.09751,2.48749,2,0,6,14,7.0,0,2.0,1.6666666666666667,1.18417,1.2698613333333333,9.333333333333334,10.666666666666666,2.4,1.2,2.5709039999999996,1.0607739999999999,8.0,11.4,1.8,1.2,2.1142185,1.2390029,9.1,12.0,2.116441,1.2450894,1,4,2.48749,2.09751,0,0,4,14,8.0,0,1.3333333333333333,0.6666666666666666,1.3142530000000006,1.1359759999999997,8.666666666666666,11.666666666666666,1.8,1.0,1.4922418,1.154825,6.4,12.0,1.6,1.6,1.7369605,1.3851604,5.3,11.8,1.6027771999999998,2.0576302
2024-11-03,Man United,Chelsea,1,1,R Jones,1537.352811173997,1572.6848567785864,2.6,3.5,2.6,1,1,2.1605,1.21071,6,0,4,19,7.0,0,1.0,1.0,1.6133556666666669,1.4729239999999997,5.666666666666667,10.666666666666666,0.6,1.2,1.5582695999999998,2.2990504,6.6,12.0,1.0,1.1,1.6651428,1.9487093000000002,6.1,11.5,1.4813762000000001,2.2198588,1,1,1.21071,2.1605,2,0,8,14,7.0,0,1.3333333333333333,1.3333333333333333,1.744833333333334,1.8779866666666667,8.0,12.666666666666666,2.2,1.2,2.2580319999999996,1.5198694000000001,7.4,11.6,2.1,1.2,1.9888606,1.5196844999999999,5.9,10.6,1.6484771999999999,1.6526153999999997
2024-11-04,Fulham,Brentford,2,1,S Attwell,1488.3680526736866,1475.6041306798893,2.0,3.7,3.5,2,1,1.43017,0.739231,2,0,11,3,9.0,0,1.3333333333333333,2.3333333333333335,2.2948366666666664,1.2292116666666666,3.6666666666666665,8.666666666666666,1.6,1.6,2.306368,1.0799332,4.4,11.4,1.6,1.4,1.9103550999999999,1.1756548,5.0,13.1,2.1557929,1.4451068,1,2,0.739231,1.43017,1,0,3,10,9.0,0,3.3333333333333335,2.6666666666666665,3.0415343333333333,1.372928,5.666666666666667,7.0,2.4,2.4,2.077678,1.7784422,5.6,6.4,2.0,2.2,1.8841588999999999,1.9608911000000002,4.4,7.3,1.0443614,2.200858
2024-11-09,West Ham,Everton,0,0,S Attwell,1473.5981609274443,1449.168452779853,2.15,3.4,3.4,0,0,1.1237,0.865983,1,0,7,10,7.0,0,1.0,2.6666666666666665,1.3280799999999993,2.1388700000000003,5.666666666666667,10.0,1.6,2.0,1.8513753999999998,1.5942924,5.8,10.6,1.3,1.9,1.5983974,2.0494112,4.8,13.3,2.3794616,2.4142300000000003,0,0,0.865983,1.1237,2,0,6,9,7.0,0,1.0,0.6666666666666666,1.4262316666666663,1.069885,6.0,12.0,1.0,0.6,1.2160997999999998,1.2247429999999997,4.6,12.2,1.0,1.7,1.2366911,1.7979545,4.0,11.4,1.3437294,1.7644929999999999
2024-11-09,Crystal Palace,Fulham,0,2,M Salisbury,1461.3976366782344,1496.3038307307727,2.7,3.5,2.55,0,2,1.96037,2.25331,1,1,1,10,7.0,0,1.0,1.0,1.487367333333333,1.51837,6.666666666666667,12.333333333333334,0.8,1.2,1.2390326,1.547604,6.2,11.0,0.8,1.3,1.3734981000000002,1.7632730000000003,5.5,11.0,1.5041264,1.725832,2,0,2.25331,1.96037,1,0,8,11,5.0,0,1.3333333333333333,1.6666666666666667,1.8520733333333332,1.0200086666666668,6.333333333333333,6.333333333333333,1.4,1.6,1.9501199999999996,1.0082434,5.4,8.8,1.4,1.3,1.9417741,1.0428349000000001,5.7,11.4,1.4594462,1.1231528
2024-11-09,Brentford,Bournemouth,3,2,D Bond,1467.6683526228032,1492.0113965043993,2.5,3.5,2.7,3,2,1.56474,2.49234,2,0,6,8,5.0,0,2.0,2.3333333333333335,1.909568,1.6175666666666668,3.3333333333333335,7.333333333333333,2.4,2.2,2.0468112,1.2855142000000002,5.4,6.6,1.9,2.0,1.787925,1.7388641,4.4,6.8,2.7690864000000004,1.2053102,2,3,2.49234,1.56474,4,0,4,16,7.0,0,1.6666666666666667,0.6666666666666666,1.6540470000000003,1.689152666666666,5.666666666666667,12.333333333333334,1.6,0.8,1.6707842,1.3351178000000001,6.6,14.0,1.3,1.2,1.8762180999999998,1.5738835000000002,6.6,12.6,1.7228202000000004,1.8247426
2024-11-09,Liverpool,Aston Villa,2,0,D Coote,1674.8814747277759,1581.2900587491426,1.42,5.25,6.5,2,0,2.68196,1.66337,0,0,2,11,7.0,0,2.0,1.3333333333333333,1.796333333333334,1.147673333333333,4.666666666666667,12.0,1.8,1.0,1.9159119999999998,0.9602852000000001,6.4,11.8,1.9,0.6,2.193911,0.9161458,6.3,11.9,2.072412,0.9742561999999999,0,2,1.66337,2.68196,3,0,9,15,6.0,0,1.6666666666666667,2.0,1.9658133333333339,1.6856336666666663,8.0,12.333333333333334,1.4,1.6,1.5150378,1.4703035999999998,6.0,12.6,1.7,1.5,1.9258248999999998,1.3717224,5.3,12.4,1.980506,2.0307542
2024-11-09,Brighton,Man City,2,1,S Barrott,1515.3232392657894,1728.0918524882604,4.1,4.2,1.73,2,1,2.87116,2.60334,3,0,0,12,7.0,0,1.3333333333333333,1.3333333333333333,1.4023499999999995,1.6192266666666664,6.666666666666667,13.0,1.8,2.0,1.477268,1.921772,5.2,12.2,1.7,1.4,1.64615,1.5808278,6.0,11.1,1.790498,1.1159286,1,2,2.60334,2.87116,3,0,4,10,7.0,0,1.3333333333333333,1.0,2.2937500000000006,1.1935020000000003,13.333333333333334,6.666666666666667,1.6,1.2,1.9026500000000002,1.5364812,10.8,6.8,2.1,1.1,2.127345,1.2505886,9.8,6.6,1.8713799999999998,1.3124776
2024-11-09,Wolves,Southampton,2,0,T Bramall,1414.9335591976767,1345.599941993861,1.91,3.75,3.75,2,0,0.912781,0.792655,1,0,1,14,7.0,0,1.6666666666666667,2.0,1.1740456666666663,1.842550000000001,3.3333333333333335,8.333333333333334,1.8,2.6,0.9934632000000001,2.356004,3.0,10.2,1.4,2.7,1.088869,2.07053,3.4,12.9,1.4096224,1.9288399999999999,0,2,0.792655,0.912781,4,0,9,12,7.0,0,1.0,1.3333333333333333,1.112698,2.5956433333333333,4.666666666666667,11.0,1.0,2.0,1.0614584,2.496146,3.8,10.8,0.7,1.9,1.3378264,2.4313709,4.5,11.8,1.1882294,2.4305918
2024-11-10,Man United,Leicester,3,0,P Bankes,1536.6440010131273,1421.6013507445266,1.38,5.5,6.5,3,0,1.2369,0.417295,0,0,1,9,7.0,0,1.3333333333333333,1.3333333333333333,2.1840100000000002,1.6988909999999997,6.0,13.333333333333334,0.8,1.4,1.5202575999999999,2.2073364,5.2,13.4,0.9,1.2,1.7807887999999998,1.8726102999999998,6.0,12.5,1.6140642,2.0066867999999998,0,3,0.417295,1.2369,1,0,5,5,8.0,0,1.6666666666666667,2.0,2.003085,2.102936666666667,6.0,12.0,1.6,2.0,1.4518454000000003,2.862298,3.6,10.8,1.4,1.8,1.2906913,2.45562,3.4,11.7,1.6047248,2.9332640000000003
2024-11-10,Nott'm Forest,Newcastle,1,3,A Taylor,1463.151321613284,1554.1450610598927,2.7,3.3,2.7,1,3,1.17852,1.86904,1,0,4,13,8.0,0,2.3333333333333335,0.3333333333333333,2.26024,0.5999109999999995,8.0,8.333333333333334,1.6,0.6,1.8123221999999999,1.1026345999999998,6.6,9.4,1.4,0.7,1.6539863000000001,1.1313707000000002,5.5,11.0,1.5009861999999998,1.050004,3,1,1.86904,1.17852,1,0,5,6,8.0,0,0.6666666666666666,1.0,1.5128450000000002,1.4023816666666669,5.666666666666667,14.333333333333334,0.6,0.8,1.5344909999999998,1.2329038,6.4,13.0,1.0,1.0,1.4166864000000001,1.6968619,5.8,11.8,1.601342,1.9052768
2024-11-10,Tottenham,Ipswich,1,2,D England,1542.798234085482,1456.253903258146,1.25,6.5,9.0,1,2,1.75088,2.18392,1,0,12,10,7.0,0,2.6666666666666665,1.0,1.5190766666666669,1.4416346666666666,9.0,12.0,2.6,1.2,2.211444,1.379559,7.4,12.0,2.2,1.1,2.1396845,1.2174209,9.0,12.0,2.167373,1.2019254,2,1,2.18392,1.75088,5,0,2,19,8.0,0,1.3333333333333333,2.3333333333333335,1.38905,2.6810833333333335,4.666666666666667,11.0,1.4,2.6,1.4395719999999999,2.716442,5.8,9.8,1.0,2.1,1.1093831,2.643337,5.2,12.0,1.1375864,3.244784
2024-11-10,Chelsea,Arsenal,1,1,M Oliver,1573.3936669394561,1681.9868204296772,2.7,3.4,2.55,1,1,1.24067,1.9605,4,0,4,12,7.0,0,1.3333333333333333,1.3333333333333333,1.3892300000000006,2.04264,7.0,13.333333333333334,1.8,1.4,2.02072,1.800316,8.0,12.6,2.0,1.2,1.9501605999999998,1.5355345,6.1,11.5,2.3185019999999996,1.2511996,1,1,1.9605,1.24067,2,0,3,12,8.0,0,0.6666666666666666,1.6666666666666667,0.9134543333333337,1.4657883333333335,3.6666666666666665,14.333333333333334,1.8,1.6,2.4090125999999996,1.2016808,8.2,12.8,1.7,1.1,1.9910342999999997,1.3266834,6.1,12.8,1.0942126,1.581804
2024-11-23,Bournemouth,Brighton,1,2,S Attwell,1483.034098113457,1529.4572249927953,2.4,3.6,2.8,1,2,1.91157,1.23059,2,0,7,13,14.0,0,1.6666666666666667,1.6666666666666667,1.7567636666666668,1.9638133333333327,4.666666666666667,13.666666666666666,1.4,1.2,1.8808222,1.5088522000000002,6.0,13.4,1.4,1.4,1.9345371,1.6059525000000001,6.4,13.4,2.029616,1.3230244,2,1,1.23059,1.91157,2,1,0,10,14.0,0,1.6666666666666667,1.6666666666666667,1.8001033333333332,1.8414833333333334,5.333333333333333,14.0,1.8,1.4,1.810076,1.7107620000000003,4.8,13.0,1.6,1.5,1.754183,1.8006293,5.5,11.5,1.501802,2.0457270000000003
2024-11-23,Leicester,Chelsea,1,2,A Madley,1416.2524586094198,1574.7832414109598,6.5,4.75,1.44,1,2,0.967987,2.81658,4,0,2,15,13.0,0,0.6666666666666666,2.3333333333333335,1.1960966666666664,1.7059833333333334,5.666666666666667,10.333333333333334,1.2,1.8,1.4677225999999999,1.8990680000000002,4.6,10.6,1.3,2.0,1.2298068,2.438535,3.7,11.1,0.9766577999999999,1.977976,2,1,2.81658,0.967987,3,0,9,12,13.0,0,1.3333333333333333,1.0,1.3564400000000008,1.9544166666666667,6.333333333333333,13.0,1.2,1.2,1.5371759999999999,1.950992,7.2,12.8,2.1,1.1,1.9681045999999998,1.6135465,6.1,11.5,1.5818192,1.8198694
2024-11-23,Aston Villa,Crystal Palace,2,2,T Robinson,1575.4436601584182,1450.6766321705413,1.62,4.0,5.5,2,2,3.04455,1.61437,3,0,10,10,14.0,0,0.6666666666666666,2.3333333333333335,2.0416200000000004,1.7027069999999995,7.333333333333333,13.666666666666666,1.0,1.6,1.6187238000000002,1.6374796,7.8,12.8,1.5,1.6,1.8251319000000001,1.3594484,5.9,12.8,1.8711438,0.7126906,2,2,1.61437,3.04455,2,0,1,11,14.0,0,1.0,1.3333333333333333,1.862490333333333,1.6408966666666667,5.0,11.666666666666666,0.6,1.2,1.4063906000000002,1.776348,4.8,10.8,0.7,1.3,1.4547781,1.85054,4.9,10.5,1.2428698,1.800714
2024-11-23,Man City,Tottenham,0,4,J Brooks,1713.9578667612545,1528.8138734074055,1.48,4.75,6.0,0,4,2.15899,3.30449,4,0,9,19,14.0,0,1.0,1.3333333333333333,2.7063,1.8968163333333337,8.666666666666666,8.333333333333334,1.6,1.4,2.170286,1.8420252000000001,10.4,6.8,2.0,1.3,2.269641,1.4315816,9.9,6.7,2.38331,1.1886995999999999,4,0,3.30449,2.15899,2,0,3,9,13.0,0,1.6666666666666667,1.3333333333333333,1.62253,1.8833403333333336,8.666666666666666,12.0,2.2,1.6,1.48018,1.6961988,9.2,11.2,2.2,1.2,2.1739975,1.3331989,8.9,11.8,2.1119960000000004,1.2329164000000001
2024-11-23,Everton,Brentford,0,0,C Kavanagh,1451.5518041029798,1476.6456510137455,2.45,3.4,2.88,0,0,1.5951,1.34314,0,0,10,8,14.0,0,0.3333333333333333,0.6666666666666666,1.1788793333333332,1.0531183333333332,5.333333333333333,11.666666666666666,0.6,0.4,1.1673784,1.2247669999999995,4.8,11.4,1.0,1.4,1.2827569,1.7312414999999999,4.5,11.5,1.1296528000000001,1.8314160000000002,0,0,1.34314,1.5951,0,1,4,10,14.0,0,2.6666666666666665,2.3333333333333335,2.133533666666666,1.8598299999999999,4.666666666666667,8.333333333333334,2.8,2.4,2.2857148,1.6082588000000002,5.2,7.8,2.0,2.1,1.806335,1.8733411,4.6,7.0,0.8067636000000002,2.272418
2024-11-23,Arsenal,Nott'm Forest,3,0,S Hooper,1680.5972459581735,1454.0410343084084,1.38,4.75,9.0,3,0,1.66016,0.403136,3,0,8,10,13.0,0,1.0,1.3333333333333333,1.3200350000000003,1.1512816666666668,3.3333333333333335,14.666666666666666,1.2,1.4,1.5905026,1.382233,5.4,13.0,1.6,1.2,2.0242543,1.3931669000000002,5.6,12.3,2.887856,1.0715628000000001,0,3,0.403136,1.66016,2,0,1,1,13.0,0,2.3333333333333335,1.3333333333333333,2.024503333333333,0.9445906666666662,7.333333333333333,9.666666666666666,1.8,1.0,1.925156,1.1892586,6.2,9.8,1.4,0.9,1.6474333,1.1273597,5.7,10.6,1.8069864,1.2127374
2024-11-23,Fulham,Wolves,1,4,R Jones,1507.0248352384658,1421.3739591368615,1.62,4.0,5.25,1,4,0.717158,1.33903,3,0,7,14,14.0,0,1.6666666666666667,0.6666666666666666,1.726263333333333,1.1948153333333333,7.0,7.333333333333333,1.6,1.6,2.1135979999999996,1.2774472,6.0,8.0,1.6,1.2,2.125234,1.0346039,5.7,11.5,2.424102,0.9625170000000001,4,1,1.33903,0.717158,0,0,2,14,14.0,0,2.0,1.3333333333333333,1.2245669999999997,1.6515383333333344,3.3333333333333335,10.333333333333334,2.0,2.2,1.0262344,2.0910870000000004,2.8,9.8,1.6,2.5,1.1225636,1.9869655000000002,3.3,12.9,0.7681156,2.2122200000000003
2024-11-24,Southampton,Liverpool,2,3,S Barrott,1339.1595420546762,1680.7278733185003,11.0,5.75,1.27,2,3,1.53985,3.18835,3,0,3,11,15.0,0,0.3333333333333333,1.0,0.5676629999999999,1.953817,4.333333333333333,11.666666666666666,0.8,1.8,1.0807758,2.3902722,4.8,10.8,0.7,2.0,1.2216089,2.4793001,4.2,11.4,1.4874234,2.43215,3,2,3.18835,1.53985,4,0,10,9,15.0,0,2.0,1.0,1.9485966666666676,1.255783333333333,5.0,11.666666666666666,1.8,0.8,2.028856,1.1431742,4.8,12.4,1.9,0.6,2.0692010000000005,1.0482227,5.5,11.2,2.3154099999999995,0.8580354
2024-11-24,Ipswich,Man United,1,1,A Taylor,1470.2382639362224,1541.992893148234,5.25,4.0,1.62,1,1,1.98714,1.26912,0,0,4,11,14.0,0,2.0,2.0,1.7256900000000002,2.7286966666666665,3.6666666666666665,13.333333333333334,1.4,2.4,1.5071400000000001,2.83763,4.2,11.6,1.2,2.0,1.293515,2.4255190000000004,5.2,13.0,1.0811798,2.04189,1,1,1.26912,1.98714,0,0,3,10,14.0,0,1.6666666666666667,1.0,2.0077933333333333,1.5403749999999998,3.3333333333333335,11.666666666666666,1.4,0.8,1.6474933999999997,1.2093554,4.4,12.0,1.1,1.2,1.7002108,1.8724687,5.4,12.2,1.9475134,1.7385338000000001
2024-11-25,Newcastle,West Ham,0,2,C Pawson,1563.2553483647682,1471.2148096043175,1.5,4.5,6.0,0,2,1.49781,0.942824,1,0,8,11,15.0,0,1.6666666666666667,1.0,1.490335,1.235921666666667,4.333333333333333,12.666666666666666,1.0,0.8,1.639611,1.2155758,6.4,11.4,1.2,1.1,1.5602415,1.6192308999999998,6.0,10.9,1.2320308,1.488447,2,0,0.942824,1.49781,0,0,3,8,16.0,0,0.6666666666666666,1.3333333333333333,1.4163789999999992,1.947357666666667,6.333333333333333,8.333333333333334,1.4,1.8,1.9003919999999996,1.6934446,5.8,10.4,1.2,1.7,1.4302974000000002,1.8689795,5.0,12.5,0.8173332,1.6845924000000003
2024-11-29,Brighton,Southampton,1,1,R Jones,1539.8478000256132,1335.8577543239214,1.38,5.0,7.5,1,1,1.86986,0.934969,2,0,7,20,6.0,0,1.6666666666666667,1.3333333333333333,1.7058099999999998,2.108426666666667,2.3333333333333335,13.333333333333334,1.6,1.2,1.66176,1.8745180000000001,4.0,12.2,1.6,1.5,1.663089,1.8632303000000001,5.1,11.6,1.9364240000000001,1.3794846,1,1,0.934969,1.86986,4,0,6,16,5.0,0,1.0,1.6666666666666667,0.9576166666666666,1.9623136666666667,5.0,12.333333333333334,1.0,1.8,1.1341198,2.3776122,5.2,11.2,0.9,2.2,1.3540987000000002,2.5116601,4.1,11.1,0.9557944,2.5264502
2024-11-30,Brentford,Leicester,4,1,M Oliver,1477.646964102277,1409.0147435675217,1.65,4.2,4.75,4,1,2.21885,0.907555,1,0,5,9,7.0,0,1.3333333333333333,1.3333333333333333,1.2157036666666663,1.839203333333333,4.333333333333333,9.333333333333334,1.8,1.8,1.7273168,1.788028,4.0,8.0,2.0,1.9,1.8949251,1.7609740999999999,4.6,7.3,2.8059064000000005,1.4742642,1,4,0.907555,2.21885,1,0,4,10,7.0,0,0.6666666666666666,2.0,1.241287333333333,1.79655,4.333333333333333,10.0,1.2,2.2,1.4789074,2.072458,5.0,11.2,1.3,2.0,1.2409050000000001,2.523975,3.4,11.3,1.5167828,2.788208
2024-11-30,Crystal Palace,Newcastle,1,1,D England,1455.5442075547473,1549.1387520547382,2.9,3.6,2.3,1,1,2.29595,0.020989,3,0,8,12,7.0,0,1.3333333333333333,2.0,2.07441,2.3160133333333333,2.6666666666666665,10.0,1.0,1.4,1.6073684,1.9705939999999997,4.4,11.6,0.9,1.3,1.4786050999999998,2.001574,4.7,10.7,1.6209803999999999,1.8696519999999999,1,1,0.020989,2.29595,3,0,9,11,5.0,0,1.3333333333333333,1.0,1.408855,1.0108830000000004,5.666666666666667,11.0,1.0,1.2,1.5810769999999998,1.2656978,6.0,12.0,1.1,1.2,1.5207355,1.4600003000000001,5.9,11.2,1.596576,1.6339547999999997
2024-11-30,Nott'm Forest,Ipswich,1,0,T Harrington,1450.8176391696961,1470.576460333221,1.7,3.8,4.75,1,0,1.76587,0.462771,1,0,8,5,7.0,0,1.3333333333333333,2.0,1.3105886666666666,1.2205056666666663,5.333333333333333,7.0,1.6,1.4,1.6724751999999998,1.0657866,5.8,7.8,1.3,1.2,1.4012719,1.2718805,4.8,9.3,1.4878802,1.041982,0,1,0.462771,1.76587,3,0,7,16,6.0,0,1.3333333333333333,1.0,1.8357433333333335,1.7861933333333335,3.3333333333333335,13.666666666666666,1.4,1.8,1.667642,2.21265,4.0,12.6,1.2,1.7,1.4442291,2.244613,5.5,12.6,1.4783705999999999,2.979324
2024-11-30,Wolves,Bournemouth,2,4,P Bankes,1435.336664380107,1472.6435230806392,2.8,3.6,2.4,2,4,0.866034,3.07901,4,0,3,13,7.0,0,2.6666666666666665,1.0,1.3006636666666662,1.386101000000001,2.0,11.666666666666666,2.2,1.4,1.1547896000000002,1.4074926,2.6,10.6,1.8,2.0,1.0146566,1.8557462999999998,3.0,13.0,1.1085585999999998,1.6815010000000001,4,2,3.07901,0.866034,1,0,4,11,7.0,0,1.6666666666666667,2.0,2.2844033333333336,1.7160099999999996,4.666666666666667,13.333333333333334,1.6,1.4,1.8732102000000002,1.5725576,5.6,13.2,1.4,1.5,1.8721811000000002,1.5397245000000002,6.3,12.8,1.8394582,1.8888805999999998
2024-11-30,West Ham,Arsenal,2,5,A Taylor,1485.3314059143474,1683.8206410968858,7.0,4.5,1.45,2,5,1.23539,3.99935,4,0,2,10,5.0,0,0.6666666666666666,1.0,0.7329469999999993,1.571301,5.333333333333333,9.0,1.0,1.6,1.2101528,1.7560806,5.4,9.6,1.2,1.7,1.3711588000000001,1.8811505,5.0,11.6,2.0432616,2.0533666000000004,5,2,3.99935,1.23539,1,0,10,13,7.0,0,1.3333333333333333,0.6666666666666666,1.5106550000000005,0.834507,5.666666666666667,13.333333333333334,1.2,1.2,1.2722046,1.2082342000000001,4.4,13.0,1.7,1.2,2.0488713,1.3018165,6.3,11.8,1.2035146,1.56661
2024-12-01,Chelsea,Aston Villa,3,0,S Attwell,1582.020956452858,1570.5760847742122,1.7,4.1,4.5,3,0,1.94939,0.875443,2,0,3,21,8.0,0,1.3333333333333333,1.0,1.7559866666666675,1.6963289999999998,7.0,12.666666666666666,1.4,1.2,1.6449879999999997,1.8112814,6.8,12.8,1.7,1.0,2.0468276,1.4685352,6.5,11.4,2.3543899999999995,1.4072236,0,3,0.875443,1.94939,2,0,4,6,8.0,0,1.0,2.6666666666666665,2.3984700000000005,2.13128,7.666666666666667,13.0,1.4,2.0,2.121072,1.8706462000000001,8.6,12.4,1.7,1.6,1.9979229,1.3794864,6.5,13.0,1.77912,2.0062062000000003
2024-12-01,Man United,Everton,4,0,J Brooks,1541.6546967512356,1450.5504910144482,1.53,4.2,6.0,4,0,1.76161,0.766749,2,0,2,12,7.0,0,1.6666666666666667,0.6666666666666666,1.5555066666666668,1.205048333333333,2.6666666666666665,12.666666666666666,1.6,1.0,1.81161,1.5002216,4.4,11.8,1.1,1.1,1.6985668,1.8570297,5.3,11.9,1.4529082,2.0064035999999996,0,4,0.766749,1.76161,3,0,2,12,8.0,0,0.0,0.3333333333333333,1.415631,1.002395,7.333333333333333,11.666666666666666,0.6,0.4,1.3479556000000001,1.1352989999999998,6.8,10.6,1.0,1.0,1.37738,1.6044125,5.0,10.8,1.3871521999999998,1.4669469999999998
2024-12-01,Tottenham,Fulham,1,1,D Bond,1544.8928573697435,1493.0621299952202,1.7,4.5,4.1,1,1,1.01086,1.57274,0,0,7,4,8.0,0,3.0,1.0,2.3842933333333334,2.2768,7.0,11.0,2.6,1.0,1.92252,1.7335628,8.4,11.0,2.2,1.2,2.2433035000000006,1.484211,8.0,11.6,1.9952630000000002,1.5089356,1,1,1.57274,1.01086,1,1,11,14,8.0,0,1.6666666666666667,1.6666666666666667,1.4668793333333332,1.3462103333333333,8.666666666666666,9.333333333333334,1.4,1.8,1.7053376,1.2718852,6.8,8.8,1.5,1.5,2.0007317999999996,1.0828064000000002,5.7,11.5,1.8263660000000002,1.1066908
2024-12-01,Liverpool,Man City,2,0,C Kavanagh,1684.029661049255,1697.8788827989165,2.1,3.6,3.3,2,0,3.70054,0.745015,1,0,7,9,7.0,0,2.3333333333333335,1.0,2.5602266666666673,1.4062999999999999,7.333333333333333,10.0,2.2,1.2,2.251862,1.329248,5.2,11.2,2.0,0.8,2.1161589999999997,1.1564838,5.6,11.1,2.0650500000000003,1.2154824,0,2,0.745015,3.70054,3,0,4,8,8.0,0,0.6666666666666666,2.6666666666666665,2.371676666666667,2.874983333333334,7.666666666666667,11.666666666666666,1.0,1.8,2.3287160000000005,1.9512312,10.6,9.8,1.6,1.6,2.177722,1.7140307,9.8,8.2,2.155972,1.6744636
2024-12-03,Ipswich,Crystal Palace,0,1,C Pawson,1461.72954294397,1456.5081340620366,3.0,3.4,2.35,0,1,0.471708,1.65422,2,0,4,14,3.0,1,1.0,1.0,1.5446103333333336,1.5952900000000003,4.333333333333333,15.333333333333334,1.4,1.6,1.5253962,2.2442160000000007,4.4,13.4,1.1,1.7,1.4198014,2.3023170000000004,5.4,12.7,1.4100876,1.509902,1,0,1.65422,0.471708,4,0,7,13,3.0,1,1.0,1.6666666666666667,1.9568966666666663,1.7729496666666666,3.3333333333333335,11.0,1.2,1.4,1.8995582,1.5976458,4.8,11.6,0.9,1.3,1.6622293,1.7059298999999999,5.0,10.6,1.3362298,2.133496
2024-12-03,Leicester,West Ham,3,1,J Smith,1402.556701103947,1479.1189450072438,2.9,3.4,2.38,3,1,2.78061,2.87716,2,0,3,9,3.0,1,0.6666666666666666,3.0,0.7642789999999997,2.0907766666666667,3.6666666666666665,10.0,0.8,2.6,1.0927664,2.030676,4.6,11.2,1.3,2.2,1.2541864,2.529475,3.7,11.0,0.9650272000000001,2.259742,1,3,2.87716,2.78061,2,0,9,7,3.0,1,1.3333333333333333,1.6666666666666667,1.1006379999999993,2.1210476666666667,4.0,9.333333333333334,1.2,1.8,1.2854701999999998,2.2678466,4.8,8.6,1.3,1.9,1.3999777000000002,1.9617885000000002,4.9,11.6,0.699056,1.7089344
2024-12-04,Everton,Wolves,4,0,M Salisbury,1444.6446797053206,1424.6844305243494,2.1,3.4,3.5,4,0,1.49904,0.847724,2,0,3,10,3.0,1,0.0,1.3333333333333333,1.0759439999999998,1.4094833333333332,6.0,9.666666666666666,0.2,1.2,1.1796974,1.2528209999999997,5.6,11.0,0.8,1.1,1.1984259000000002,1.4848854999999999,4.4,11.4,1.3676078,1.7418779999999998,0,4,0.847724,1.49904,0,0,4,8,4.0,0,2.6666666666666665,1.6666666666666667,1.0392816666666664,1.5296076666666674,2.0,13.666666666666666,2.4,1.8,1.1757529999999998,1.7501566,3.0,11.6,1.9,2.3,1.0074967999999997,2.0225783,3.0,12.5,0.9207546000000001,2.0299916
2024-12-04,Man City,Nott'm Forest,3,0,M Oliver,1689.199451170431,1459.664556558947,1.36,4.75,9.0,3,0,3.20169,0.802155,2,0,8,7,3.0,1,0.3333333333333333,2.6666666666666665,1.8357816666666669,3.2920633333333336,5.666666666666667,12.333333333333334,0.6,2.0,2.204581,2.5390958,7.8,10.4,1.3,1.7,1.9329265,1.9893646,9.1,8.7,2.199472,1.7535978,0,3,0.802155,3.20169,4,0,2,15,4.0,0,0.6666666666666666,2.0,1.1158419999999998,1.3306569999999995,4.333333333333333,6.333333333333333,1.6,1.4,1.6485031999999997,0.9913406,6.2,7.0,1.3,1.1,1.4367899,1.2243944,4.9,8.3,1.3146635999999998,1.5017789999999998
2024-12-04,Newcastle,Liverpool,3,3,A Madley,1548.174825547449,1692.7090926777405,4.2,4.0,1.75,3,3,1.52057,2.22766,2,0,5,9,4.0,0,1.3333333333333333,1.3333333333333333,1.129279666666667,1.4724313333333336,7.333333333333333,9.333333333333334,1.2,1.2,1.1979608,1.3893077999999999,6.0,12.0,1.0,1.2,1.3641404,1.5262913,6.1,10.7,1.444895,1.2860458000000001,3,3,2.22766,1.52057,5,0,6,17,3.0,1,2.3333333333333335,0.6666666666666666,3.190283333333334,1.3160783333333332,6.333333333333333,9.666666666666666,2.2,1.0,2.546936,1.210443,6.4,10.6,1.9,0.8,2.2758160000000003,1.0808982999999999,6.1,11.3,2.1672679999999995,1.0974852
2024-12-04,Southampton,Chelsea,1,5,T Harrington,1342.2674896758783,1589.9931104555658,8.5,5.25,1.33,1,5,1.91014,5.8331,1,1,5,7,5.0,0,1.0,2.0,1.0891579999999998,1.9903303333333335,6.0,13.0,0.8,1.4,0.8355615999999999,2.1839321999999997,4.4,12.4,0.9,2.0,1.2828826,2.3123651,3.9,12.0,1.752403,2.49687,5,1,5.8331,1.91014,0,0,7,14,3.0,1,2.0,0.6666666666666666,2.002213333333334,1.2679766666666665,5.333333333333333,15.0,1.8,0.8,1.7670579999999998,1.5413360000000003,6.2,14.4,1.9,0.9,1.9440236,1.5101087,6.4,12.6,1.7392652000000002,1.5298468
2024-12-04,Arsenal,Man United,2,0,S Barrott,1690.0331020039894,1547.5605080603632,1.44,4.5,7.0,2,0,2.96684,0.256083,1,0,13,12,4.0,0,3.0,1.0,2.5400033333333334,0.9597319999999999,7.0,11.666666666666666,2.2,1.2,1.9239229999999998,1.0184742,5.6,13.4,2.1,1.3,2.2070083,1.2436075,7.0,11.9,2.894228,1.037023,0,2,0.256083,2.96684,3,0,0,8,3.0,1,2.6666666666666665,0.3333333333333333,1.4225433333333335,1.0570613333333332,2.0,10.333333333333334,2.0,0.8,1.810822,1.4750028,3.0,11.4,1.5,0.8,1.7246408,1.7233076,5.0,12.4,1.9442254,1.7076558
2024-12-04,Aston Villa,Brentford,3,1,L Smith,1562.6039307715043,1484.1050065658517,1.8,3.75,4.33,3,1,3.21673,1.13266,2,0,10,11,3.0,1,0.6666666666666666,2.3333333333333335,1.8611210000000005,2.0819066666666664,7.666666666666667,10.333333333333334,0.8,2.4,2.0089706,1.7343762000000003,7.2,11.4,1.5,1.8,1.8690822,1.4969513,6.5,11.5,2.2167258000000003,0.7527666,1,3,1.13266,3.21673,2,0,5,15,4.0,0,2.3333333333333335,1.0,1.7089099999999997,1.6649983333333331,5.0,9.0,2.4,1.6,1.9925182,1.6164290000000001,4.6,8.8,2.1,1.9,1.7305291,1.6870166000000002,4.9,7.2,0.9839438000000001,2.0476839999999994
2024-12-05,Fulham,Brighton,3,1,P Bankes,1496.1741405628563,1533.4380646736563,2.35,3.6,2.88,3,1,0.666644,1.09939,2,0,5,7,4.0,0,1.3333333333333333,1.6666666666666667,1.5144026666666666,1.436753333333333,8.666666666666666,13.0,1.4,1.4,1.4937376,1.1868672,7.8,10.0,1.5,1.5,2.0391228,1.1131876,6.2,11.4,2.1750976,1.0589220000000001,1,3,1.09939,0.666644,2,0,6,8,6.0,0,1.6666666666666667,1.0,1.9905366666666664,1.816626333333333,2.3333333333333335,14.0,1.6,1.4,1.7001520000000003,1.6741978000000004,4.6,14.4,1.6,1.5,1.6683270000000001,1.7149291999999998,5.1,12.9,1.3897540000000002,2.3469759999999997
2024-12-05,Bournemouth,Tottenham,1,0,S Hooper,1483.2957569363969,1541.7808468021074,2.63,3.75,2.45,1,0,3.27716,0.623934,2,0,5,15,5.0,0,2.3333333333333335,2.3333333333333335,2.494306666666667,1.2204546666666662,5.0,13.333333333333334,2.0,1.8,2.0521742,1.5976127999999998,5.0,13.0,1.5,1.5,1.8843941000000002,1.3706989,6.3,13.8,1.9049040000000002,1.1905683999999999,0,1,0.623934,3.27716,2,0,9,8,4.0,0,2.0,1.0,2.0220766666666665,1.9718833333333334,7.333333333333333,7.666666666666667,2.0,1.0,1.8365880000000003,1.8763501999999999,7.2,9.8,2.2,1.1,2.1810855,1.482791,7.5,10.7,2.491344,1.4594864
2024-12-07,Aston Villa,Southampton,1,0,D Bond,1568.8161528141507,1337.1997743664967,1.36,5.5,7.0,1,0,2.51338,0.385832,1,0,14,18,3.0,1,1.6666666666666667,2.0,2.378907666666667,1.565473333333333,8.0,9.0,1.2,2.4,2.2575165999999998,1.895178,7.4,11.2,1.5,1.7,1.8748792,1.5250015,6.9,11.6,2.2283198,0.808867,0,1,0.385832,2.51338,3,0,1,15,3.0,1,1.3333333333333333,3.0,1.4616529999999999,3.6304366666666668,4.666666666666667,11.333333333333334,1.0,2.2,1.1435918,2.7179802000000004,5.2,12.0,1.0,2.2,1.3383036,2.5929821,4.4,11.6,0.8133622,2.1278602
2024-12-07,Brentford,Newcastle,4,2,T Robinson,1477.8927845232054,1550.5610151686792,2.88,3.75,2.3,4,2,1.746,1.95645,3,0,3,10,3.0,1,1.6666666666666667,1.3333333333333333,1.5648833333333332,1.9064616666666667,4.666666666666667,11.333333333333334,1.8,1.6,1.3997242,1.928379,4.6,10.4,2.1,2.0,1.7387011,1.8534106000000001,5.1,8.4,2.4771144,1.3263492000000001,2,4,1.95645,1.746,0,0,4,7,3.0,1,1.3333333333333333,2.0,1.013123,1.8221446666666672,7.333333333333333,10.333333333333334,1.6,1.4,1.1536247999999998,1.5112518000000001,6.2,10.6,1.1,1.4,1.3678544000000001,1.6020883000000001,5.9,11.0,1.3040878,1.7992067999999997
2024-12-07,Crystal Palace,Man City,2,2,R Jones,1468.3636126624579,1692.3767526529643,5.5,4.2,1.57,2,2,1.21476,1.5846,1,0,6,4,4.0,0,1.3333333333333333,1.0,1.8548466666666663,1.1790823333333333,5.333333333333333,12.0,1.2,1.4,2.0346800000000003,1.4881474,4.6,11.0,0.8,1.1,1.5389353,1.5879137,5.2,10.8,1.5027384,1.5434758,2,2,1.5846,1.21476,0,1,8,10,3.0,1,1.0,2.0,2.0352316666666668,2.602395,7.0,11.333333333333334,1.0,2.0,2.2123470000000003,2.6255290000000002,7.0,10.0,1.4,1.6,2.0978165,1.9644860999999998,8.7,8.5,1.666381,2.2251314
2024-12-07,Man United,Nott'm Forest,2,3,D England,1542.807215194743,1456.4872550764137,1.65,3.9,5.25,2,3,1.4697,0.651217,0,0,5,10,3.0,1,1.6666666666666667,1.0,1.0956043333333332,1.9069096666666663,1.6666666666666667,10.0,1.8,0.8,1.3368425999999998,1.4697468,2.0,11.6,1.2,1.0,1.4475561000000001,1.8843985999999997,4.3,11.8,1.5050561999999998,1.7389594,3,2,0.651217,1.4697,2,0,3,13,3.0,1,0.3333333333333333,2.0,0.9903869999999998,1.7748736666666662,3.6666666666666665,7.0,1.0,1.8,1.2999581999999998,1.4651956,5.2,8.2,1.2,1.4,1.4580521999999998,1.4275194,4.9,9.2,1.3571882,1.9080290000000002
2024-12-08,Fulham,Arsenal,1,1,C Kavanagh,1505.520676217215,1694.7863948696095,5.0,4.33,1.6,1,1,0.150988,2.4333,4,0,0,10,3.0,1,1.6666666666666667,2.0,0.9855139999999999,1.14976,7.666666666666667,11.666666666666666,1.8,1.4,1.3280044,1.2297761999999999,8.4,9.8,1.7,1.5,1.8171862,1.1548547,6.4,10.6,1.7312243999999999,1.1422562,1,1,2.4333,0.150988,2,0,6,9,4.0,0,3.3333333333333335,0.6666666666666666,2.8754500000000003,0.6315363333333334,10.333333333333334,11.666666666666666,2.2,0.8,2.299631,0.7989987999999999,8.0,13.0,2.2,1.3,2.3916022999999997,1.1899563,7.7,12.1,1.7792046,1.6551690000000001
2024-12-08,Ipswich,Bournemouth,1,2,M Salisbury,1449.8740643435488,1493.252154594062,3.5,3.75,2.0,1,2,1.5668,3.49127,2,0,6,9,5.0,0,0.3333333333333333,1.0,0.9738729999999999,1.5630700000000004,5.0,13.666666666666666,0.8,1.0,1.2883418,1.7557340000000003,4.2,14.2,1.1,1.8,1.3948399,2.292043,5.6,12.5,1.3630195999999999,1.60298,2,1,3.49127,1.5668,1,0,13,13,3.0,1,2.0,1.3333333333333333,2.755913333333334,0.9068526666666662,5.333333333333333,13.0,2.0,1.6,2.641876,1.3275995999999999,4.6,13.2,1.6,1.4,2.0583791000000002,1.3398197,6.2,13.7,1.8638842,1.5508294
2024-12-08,Leicester,Brighton,2,2,S Attwell,1413.0330400425742,1524.0915290192977,4.5,3.8,1.73,2,2,1.42438,1.12184,1,0,5,9,5.0,0,1.6666666666666667,2.3333333333333335,1.5520506666666662,2.63753,3.0,11.333333333333334,1.2,2.2,1.4824054,2.097132,4.0,9.8,1.4,2.1,1.3670604000000002,2.528475,3.8,10.4,1.3662009999999998,2.4024039999999998,2,2,1.12184,1.42438,2,0,5,10,3.0,1,1.3333333333333333,1.6666666666666667,1.3999466666666667,1.1710609999999997,4.333333333333333,12.666666666666666,1.4,1.6,1.6173359999999999,1.5853786000000003,4.0,13.6,1.7,1.8,1.60257,1.7094613000000003,4.8,12.3,1.246136,1.9967088
2024-12-08,Tottenham,Chelsea,3,4,A Taylor,1531.8244491444423,1595.0608257649474,3.4,3.9,2.0,3,4,3.25488,2.57326,2,0,5,17,3.0,1,1.6666666666666667,0.6666666666666666,1.6464280000000002,2.3362966666666667,6.333333333333333,7.0,2.0,1.0,1.7575347999999997,2.3360600000000002,7.4,9.0,2.2,1.1,2.1642194,1.6984170000000003,7.7,10.2,2.038916,1.5993036,4,3,2.57326,3.25488,2,0,10,11,4.0,0,3.3333333333333335,0.6666666666666666,3.533023333333334,1.25119,6.333333333333333,15.666666666666666,2.4,0.8,2.6100899999999996,1.5749140000000001,6.2,14.6,2.3,1.0,2.434061,1.5473917,6.8,13.1,2.71934,1.6044128
2024-12-09,West Ham,Wolves,2,1,J Brooks,1468.6426060686167,1416.9460813574692,1.9,3.9,3.75,2,1,1.19808,1.47567,5,0,11,12,6.0,0,1.6666666666666667,2.6666666666666665,1.6851246666666662,2.759256666666667,4.666666666666667,8.333333333333334,1.0,2.2,1.2622781999999997,2.2987726,5.4,8.8,1.3,2.1,1.6194218,1.9512485000000002,5.6,10.5,2.1008994000000003,2.2146426000000003,1,2,1.47567,1.19808,4,0,0,17,5.0,0,2.0,3.0,1.0175959999999995,1.765069333333334,3.0,11.666666666666666,2.0,2.2,1.1231498,1.7472706000000002,2.6,11.2,1.8,2.5,0.9453001999999999,2.0241393000000003,3.0,11.6,0.902773,2.0476616
2024-12-14,Arsenal,Everton,0,0,C Pawson,1691.2285015832526,1452.3830288722008,1.22,6.5,12.0,0,0,1.30865,0.132166,0,0,8,6,6.0,0,2.6666666666666665,1.0,3.1331633333333335,0.547487,9.666666666666666,11.333333333333334,2.4,0.8,2.60403,0.6572534,8.0,11.2,2.1,1.2,2.5065213,0.9294670999999999,8.1,12.0,3.004,0.7247436,0,0,0.132166,1.30865,3,0,2,9,10.0,0,1.3333333333333333,1.3333333333333333,1.2869629999999999,1.3174913333333333,5.0,10.0,0.8,1.0,1.3025364,1.1233038,5.4,11.4,1.0,0.8,1.2631141,1.2537819,4.5,11.2,1.3700704,1.187517
2024-12-14,Liverpool,Fulham,2,2,T Harrington,1690.3229030565103,1509.0785695035718,1.33,5.5,8.0,2,2,2.09698,1.2862,3,1,5,10,10.0,0,2.6666666666666665,1.6666666666666667,3.0388500000000005,1.2684783333333332,7.666666666666667,11.666666666666666,2.4,1.2,2.721776,1.296897,7.0,11.2,2.2,1.0,2.381538,1.1740020999999998,6.0,11.5,2.57107,1.246579,2,2,1.2862,2.09698,4,0,4,7,6.0,0,1.6666666666666667,1.0,0.7967906666666668,1.5145166666666665,5.333333333333333,10.333333333333334,1.6,1.4,1.072168,1.56859,6.2,11.2,1.5,1.5,1.511144,1.2884167,5.8,10.0,1.9031480000000003,1.1674532
2024-12-14,Newcastle,Leicester,4,0,T Bramall,1540.1965556808111,1414.492132719202,1.3,6.0,8.5,4,0,3.95461,0.186759,3,0,5,7,7.0,0,2.0,2.6666666666666665,1.166003,2.089870000000001,6.0,9.0,1.8,2.2,1.3729717999999997,1.6781908,6.2,8.8,1.2,1.5,1.4537314000000001,1.4555472999999999,6.3,10.9,1.4316209999999998,1.4049698,0,4,0.186759,3.95461,3,0,2,16,6.0,0,2.0,2.3333333333333335,1.7041816666666663,2.0726166666666668,4.0,9.333333333333334,1.4,2.4,1.2995653999999999,2.0542659999999997,3.8,9.6,1.5,2.2,1.3757054,2.4582819999999996,3.7,10.2,1.3679198,2.6545460000000003
2024-12-14,Wolves,Ipswich,1,2,S Hooper,1410.0546029265802,1439.3960119944354,1.9,3.8,3.8,1,2,1.23748,1.73349,0,1,7,13,5.0,0,1.0,3.3333333333333335,1.0631426666666663,1.9253766666666674,2.3333333333333335,12.666666666666666,1.8,2.2,1.0882478,1.4571885999999998,2.0,13.2,1.8,2.4,1.0408555,1.9065963,2.5,11.7,0.9878273999999999,2.0006169999999996,2,1,1.73349,1.23748,2,0,3,9,6.0,0,0.3333333333333333,1.3333333333333333,0.8337596666666668,2.303786666666667,5.666666666666667,13.0,0.8,1.2,1.3344678,1.9862720000000003,4.6,13.8,1.1,1.9,1.3870199,2.351357,5.2,11.8,1.4266602,2.9811059999999996
2024-12-14,Nott'm Forest,Aston Villa,2,1,S Barrott,1470.4661816502035,1571.9615627113888,2.63,3.3,2.7,2,1,2.2861,0.389423,0,0,4,12,7.0,0,1.3333333333333333,1.6666666666666667,1.0730806666666666,1.7113869999999995,4.333333333333333,11.0,1.0,2.2,0.9601795999999998,1.7326722,3.6,9.4,1.3,1.4,1.3862509,1.4176534,5.1,9.4,1.5589162,0.9470098,1,2,0.389423,2.2861,1,0,3,6,7.0,0,1.3333333333333333,1.3333333333333333,2.2018510000000004,1.1559606666666662,9.333333333333334,11.666666666666666,1.2,1.6,2.2626946,1.5528424,9.4,12.0,1.3,1.6,1.8888662,1.511573,7.7,12.3,1.5214386000000002,2.241136
2024-12-15,Brighton,Crystal Palace,1,3,M Oliver,1522.63243634267,1472.7622978101672,1.85,3.8,3.9,1,3,1.32323,3.00618,1,0,8,11,7.0,0,1.3333333333333333,2.0,1.3636966666666666,1.008664333333333,6.0,12.666666666666666,1.6,1.6,1.638568,1.5081806000000002,3.6,12.0,1.7,1.8,1.5579180000000001,1.7149763,4.4,12.1,1.9590040000000002,1.4222138,3,1,3.00618,1.32323,4,0,5,15,8.0,0,1.3333333333333333,1.0,1.7216433333333327,0.6924323333333332,7.0,9.666666666666666,1.2,1.4,1.747934,1.4750314,4.6,10.0,1.0,1.3,1.4934832999999998,1.5113176999999998,5.4,10.5,1.5751322,1.6323516000000002
2024-12-15,Man City,Man United,1,2,A Taylor,1687.978067505255,1528.8282886209533,1.57,4.5,5.0,1,2,0.638103,2.04662,1,0,8,5,8.0,0,1.6666666666666667,1.3333333333333333,1.843768333333334,1.9058183333333336,6.666666666666667,8.333333333333334,1.2,2.0,2.058727,2.378621,6.6,10.8,1.4,1.6,1.9806885,1.9575511000000003,8.7,8.8,2.529252,1.7038407999999996,2,1,2.04662,0.638103,1,0,2,14,8.0,0,2.0,1.6666666666666667,1.1624643333333333,1.4616019999999998,2.3333333333333335,10.0,2.0,1.2,1.1986826,1.3578482,2.2,9.8,1.4,1.3,1.3594701,1.7825923,3.7,11.6,1.390056,2.0298378
2024-12-15,Chelsea,Brentford,2,1,P Bankes,1604.9676780520524,1488.2572440110735,1.33,6.0,7.5,2,1,2.59146,1.65861,0,1,8,11,7.0,0,4.0,1.3333333333333333,3.4519166666666674,2.013487666666667,6.666666666666667,15.333333333333334,3.0,1.2,2.8826,1.7937900000000002,6.6,14.0,2.4,1.3,2.45166,1.797053,7.3,13.3,2.1487819999999997,1.4903705999999999,1,2,1.65861,2.59146,2,0,5,7,8.0,0,3.0,2.0,1.6991699999999998,2.026911666666667,4.333333333333333,11.333333333333334,2.4,1.6,1.601078,2.033635,4.6,10.4,2.4,1.9,1.8239446000000001,1.6595746000000002,5.0,8.5,1.0002878000000002,2.380472
2024-12-15,Southampton,Tottenham,0,5,D England,1334.0543644692586,1521.9175968573372,4.33,4.5,1.67,0,5,1.27356,3.89322,1,0,2,8,8.0,0,0.6666666666666666,2.3333333333333335,1.0769803333333332,3.4054466666666667,4.0,12.666666666666666,0.8,2.4,1.1126892,2.8634942000000003,4.8,12.2,0.9,2.2,1.0870738,2.6798200999999997,4.3,11.5,1.8632449999999998,3.0581039999999997,5,0,3.89322,1.27356,3,0,5,15,7.0,0,1.3333333333333333,2.0,1.6298913333333334,2.4743866666666663,7.0,9.666666666666666,1.8,1.6,1.9890088,2.353214,7.2,9.6,2.2,1.4,2.1002264,1.8663864999999997,7.3,10.8,2.2895228,1.7975304
2024-12-16,Bournemouth,West Ham,1,1,C Kavanagh,1503.7302069431753,1475.5340844995058,1.7,4.0,4.75,1,1,2.04842,1.81827,0,0,12,6,8.0,0,2.3333333333333335,1.0,3.28248,1.0189226666666662,7.333333333333333,13.0,2.0,1.6,2.85027,1.1704196,6.6,13.6,1.8,1.2,2.2605271,1.2527687,6.6,13.8,2.252874,1.12881,1,1,1.81827,2.04842,2,0,6,11,7.0,0,1.6666666666666667,3.0,1.7702099999999994,2.7518766666666665,7.333333333333333,9.666666666666666,1.4,1.8,1.4754307999999998,2.1238846000000002,6.4,9.4,1.5,1.9,1.6634031,1.8590885,6.1,10.0,1.1379442000000002,1.6878543999999998
2024-12-21,Ipswich,Newcastle,0,4,S Attwell,1450.2761538808609,1545.3084194961903,4.75,3.75,1.73,0,4,1.06427,3.23386,2,0,2,9,7.0,0,1.0,1.3333333333333333,1.2573326666666667,2.1276566666666668,4.333333333333333,10.666666666666666,0.8,1.2,1.2443818,1.8835920000000006,4.8,11.8,1.1,1.8,1.3757609,2.360611,4.5,11.7,1.3071635999999998,2.0722460000000003,4,0,3.23386,1.06427,0,0,1,7,7.0,0,3.0,2.3333333333333335,2.47721,1.3868063333333336,4.666666666666667,7.666666666666667,2.0,2.0,1.7900858,1.4798386000000001,6.2,9.0,1.5,1.4,1.7148484,1.3477071999999999,6.3,10.2,1.4758418,1.5061247999999998
2024-12-21,Brentford,Nott'm Forest,0,2,M Oliver,1482.9458861373096,1481.6548681579995,2.3,3.6,2.9,0,2,0.769004,0.964897,3,0,9,9,6.0,0,2.0,2.3333333333333335,1.5124233333333332,2.5882133333333335,4.333333333333333,10.666666666666666,2.0,1.6,1.6198520000000003,2.053459,4.4,10.2,2.4,2.0,1.9527834000000002,1.8308589000000002,4.8,9.0,2.75227,1.5419158,2,0,0.964897,0.769004,4,0,5,14,7.0,0,1.6666666666666667,2.0,1.2464906666666664,1.6869376666666662,3.0,13.333333333333334,1.2,1.8,1.1816955999999998,1.4367488000000002,3.6,9.2,1.5,1.4,1.5534257999999999,1.3130036999999999,4.9,9.5,1.2135855999999998,1.8882970000000001
2024-12-21,Crystal Palace,Arsenal,1,5,S Hooper,1485.8232540320405,1684.2651705754179,6.25,4.2,1.55,1,5,1.6052,3.05434,2,0,3,9,6.0,0,2.0,1.0,1.9583866666666665,1.1265126666666665,6.0,10.666666666666666,1.8,1.2,1.957096,1.2890153999999998,5.4,11.0,1.2,1.2,1.6817433000000002,1.5326817,5.1,10.9,1.4118344,1.3902838,5,1,3.05434,1.6052,2,0,3,8,7.0,0,1.0,0.3333333333333333,2.2362633333333335,0.17974566666666666,9.0,9.0,2.2,0.6,2.4736599999999997,0.43555259999999996,9.0,10.0,1.7,1.0,2.0320813,0.9088928000000001,7.2,11.5,2.0090426,1.1341906
2024-12-21,West Ham,Brighton,1,1,R Jones,1478.0194165962712,1509.5714801207967,2.88,3.7,2.35,1,1,1.22937,1.34379,2,0,8,14,5.0,0,1.3333333333333333,1.6666666666666667,1.9645033333333324,2.101566666666667,8.666666666666666,10.0,1.6,2.0,1.6143448,2.3603720000000004,6.2,9.6,1.5,1.9,1.7573684,2.0269082999999997,6.0,10.0,2.188862,2.0303226000000003,1,1,1.34379,1.22937,2,0,4,20,6.0,0,1.3333333333333333,2.6666666666666665,1.1814866666666664,1.6990679999999998,6.333333333333333,9.666666666666666,1.4,2.0,1.328982,1.5887486000000002,5.2,11.8,1.6,1.7,1.569529,1.6497553,5.0,12.4,1.2290800000000002,1.5499068
2024-12-21,Aston Villa,Man City,2,1,P Bankes,1560.7728762035927,1672.3922884584802,3.25,3.7,2.1,2,1,2.05988,1.09627,3,0,5,14,7.0,0,1.6666666666666667,1.0,2.039844333333334,1.268197333333333,9.0,11.666666666666666,1.4,1.6,2.0079052,1.4736704,8.2,10.2,1.2,1.6,1.8133145,1.555575,8.0,11.5,2.2562938000000003,0.7820100000000001,1,2,1.09627,2.05988,3,0,4,7,6.0,0,2.0,1.3333333333333333,1.8081310000000002,1.3545116666666666,8.0,7.333333333333333,1.2,2.0,1.6656796,2.213713,7.4,9.8,1.4,1.7,1.9179828,2.0278691,8.9,8.3,1.7302689999999998,2.1993954000000002
2024-12-22,Everton,Chelsea,0,0,C Kavanagh,1459.3463598800356,1610.2790359258163,5.0,4.2,1.62,0,0,1.07081,1.51591,4,0,2,20,8.0,0,1.3333333333333333,1.3333333333333333,0.7993183333333332,1.3059946666666666,2.3333333333333335,10.333333333333334,0.8,0.8,0.9718076,1.2769647999999998,4.6,9.6,0.9,0.7,1.0939537,1.2508538999999999,4.6,10.9,1.1561578000000001,1.3200468,0,0,1.51591,1.07081,1,0,5,12,7.0,0,3.6666666666666665,1.6666666666666667,3.665940000000001,2.2745433333333334,8.333333333333334,12.0,3.2,1.2,3.1527579999999995,1.7334120000000002,7.4,13.8,2.2,1.2,2.3449669999999996,1.842202,7.3,13.3,2.7545379999999997,2.1037354
2024-12-22,Fulham,Southampton,0,0,T Robinson,1515.0863067774208,1327.5769503125662,1.42,4.75,7.0,0,0,1.25255,0.280031,1,0,6,8,8.0,0,2.0,1.3333333333333333,0.7012773333333334,1.8765566666666664,3.0,8.0,1.6,1.8,0.8787459999999999,1.5959119999999998,5.4,10.4,1.6,1.7,1.496172,1.4366796000000002,5.7,9.2,1.11914,1.4093802,0,0,0.280031,1.25255,3,0,5,15,7.0,0,0.3333333333333333,3.6666666666666665,1.1898439999999997,4.079899999999999,2.6666666666666665,10.0,0.8,3.0,1.2088702,3.459582,3.4,11.4,0.8,2.4,1.1448230000000001,2.9249271,4.1,11.1,0.7513150000000001,2.3421062
2024-12-22,Leicester,Wolves,0,3,A Taylor,1409.3802689038228,1399.1744610401547,2.55,3.4,2.7,0,3,0.78868,1.13531,2,0,6,15,8.0,0,1.6666666666666667,2.3333333333333335,1.463916333333333,2.651203333333333,3.3333333333333335,11.333333333333334,1.4,2.6,1.2534582,2.597808,3.2,11.8,1.3,2.2,1.3605904,2.248438,3.9,11.2,1.3834909999999998,2.2620180000000003,3,0,1.13531,0.78868,0,0,1,16,8.0,0,0.6666666666666666,2.6666666666666665,1.1869579999999997,1.4768700000000008,3.6666666666666665,12.666666666666666,1.6,2.6,1.1531875999999999,1.6453555999999998,3.2,13.0,1.8,2.4,1.0897109999999999,1.8682213,3.0,11.4,1.0938836,1.8125756
2024-12-22,Man United,Bournemouth,0,3,C Pawson,1544.4140676677282,1501.2448748464099,1.8,3.8,4.2,0,3,2.28533,1.82831,1,0,13,11,7.0,0,1.3333333333333333,2.0,1.2574676666666667,1.4187199999999998,2.3333333333333335,10.666666666666666,1.8,1.4,1.3606265999999998,1.4020098,2.4,10.8,1.6,1.1,1.5040600000000002,1.3056826,3.4,11.4,1.6788519999999998,0.7877627999999999,3,0,1.82831,2.28533,3,0,1,11,6.0,0,1.3333333333333333,0.6666666666666666,2.93895,1.3363346666666664,10.0,11.333333333333334,1.8,1.2,2.761486,1.2211256,8.2,11.6,1.6,1.2,2.3211541,1.3649889,7.1,12.5,2.2681801999999998,1.3767274
2024-12-22,Tottenham,Liverpool,3,6,S Barrott,1528.3950110140297,1684.3151657826613,4.5,4.0,1.73,3,6,1.20245,5.20214,1,0,7,7,7.0,0,2.6666666666666665,1.6666666666666667,2.590678,2.37466,6.333333333333333,13.333333333333334,2.6,1.2,2.4174768,2.1711419999999997,5.8,10.6,2.4,1.4,1.9488284,1.9336704,7.5,10.9,1.91093,1.9352426,6,3,5.20214,1.20245,2,0,5,9,8.0,0,2.3333333333333335,1.6666666666666667,2.6750600000000007,1.1839283333333332,6.0,12.0,2.4,1.4,2.7790980000000003,1.351001,6.0,11.2,2.1,1.2,2.347505,1.1556431,6.2,11.5,2.192006,1.1014252
2024-12-26,Newcastle,Aston Villa,3,0,A Taylor,1554.303513121625,1572.2477661027656,1.91,3.8,3.75,3,0,2.82867,0.225522,2,0,9,15,5.0,0,3.3333333333333335,1.3333333333333333,3.048306666666667,0.9990096666666669,3.3333333333333335,7.0,2.8,1.6,2.1372957999999995,1.5041278,4.8,8.2,1.9,1.4,1.8591864,1.3849128,5.4,10.1,1.9538550000000001,1.1892896,0,3,0.225522,2.82867,1,1,6,10,5.0,0,1.3333333333333333,1.0,1.6542276666666673,1.2560673333333328,7.333333333333333,12.666666666666666,1.4,1.4,1.8109712000000002,1.3700503999999998,7.2,11.0,1.4,1.7,1.9660216,1.6203482999999999,7.9,11.7,1.3703352,2.32914
2024-12-26,Man City,Everton,1,1,S Hooper,1660.9173985593072,1461.9054452440691,1.33,5.5,7.5,1,1,2.51965,0.653289,1,0,8,5,5.0,0,1.3333333333333333,2.0,1.1063243333333337,1.7737533333333335,6.666666666666667,7.333333333333333,1.4,1.6,1.4531356,1.9647910000000004,6.4,7.4,1.2,1.7,1.8909257999999998,1.9580111000000002,8.5,8.6,2.1056966,1.8563427999999997,1,1,0.653289,2.51965,4,0,5,10,4.0,0,1.3333333333333333,0.0,0.9006719999999998,1.2240946666666668,2.3333333333333335,13.0,0.8,0.8,1.012773,1.3554067999999997,3.8,11.8,0.7,0.6,1.0900756999999999,1.2900869,4.3,11.6,1.0317496,1.181661
2024-12-26,Bournemouth,Crystal Palace,0,0,T Bramall,1514.130016949607,1479.6096265012925,1.9,3.8,3.8,0,0,1.20189,0.500066,2,0,5,13,4.0,0,2.0,0.6666666666666666,2.456,1.890133333333333,8.666666666666666,10.0,2.2,0.8,2.744834,1.4320736,7.0,11.2,1.9,1.1,2.3090221,1.5023156,6.3,12.2,2.3741280000000002,1.3532503999999999,0,0,0.500066,1.20189,2,0,2,12,5.0,0,2.0,2.6666666666666665,1.9420466666666663,1.9873899999999998,4.666666666666667,9.333333333333334,1.6,1.8,1.955262,1.2909734,5.8,10.6,1.3,1.6,1.7813152000000003,1.6307836999999998,5.1,11.1,1.9516522000000003,1.6750796000000001
2024-12-26,Chelsea,Fulham,1,2,S Barrott,1607.7199505617828,1508.9645783001217,1.48,4.75,6.0,1,2,1.55626,1.77929,1,0,3,13,4.0,0,2.0,1.3333333333333333,2.226876666666667,1.9947666666666668,7.666666666666667,11.333333333333334,2.8,1.0,2.8926239999999996,1.7539766000000003,6.6,13.8,2.1,1.1,2.268806,1.782629,6.7,13.3,1.9353960000000001,1.5806685999999999,2,1,1.77929,1.55626,3,0,1,13,4.0,0,1.0,1.0,0.8965793333333334,1.6034369999999998,3.3333333333333335,8.333333333333334,1.4,1.0,0.9858244,1.3841122,5.2,9.2,1.4,1.4,1.3455810000000001,1.3279987,6.0,9.0,1.873204,1.4639790000000001
2024-12-26,Southampton,West Ham,0,1,L Smith,1333.6986787898652,1477.2024440909183,3.25,3.5,2.2,0,1,2.19833,1.90111,1,0,2,15,4.0,0,0.0,2.0,0.6464743333333332,2.5530500000000003,2.6666666666666665,12.666666666666666,0.4,2.4,0.9569063999999999,3.072422,3.8,12.2,0.7,2.1,1.0455131,2.7250171,4.5,11.7,1.538331,3.5077480000000003,1,0,1.90111,2.19833,2,0,2,8,5.0,0,1.3333333333333333,1.0,1.4152399999999996,1.6226266666666669,8.333333333333334,12.333333333333334,1.4,2.2,1.6716539999999998,2.329568,7.2,10.8,1.2,1.9,1.4409033999999998,2.0428243000000004,6.3,10.2,1.3258748,2.0234940000000003
2024-12-26,Wolves,Man United,2,0,T Harrington,1411.1680858350924,1531.5289255645312,3.9,3.7,1.91,2,0,0.826489,0.358876,2,0,4,12,4.0,0,1.6666666666666667,1.3333333333333333,1.2828199999999998,1.2400833333333343,2.6666666666666665,15.333333333333334,1.4,2.4,1.1124436,1.6596600000000001,3.0,13.4,1.8,1.9,1.1336166,1.5335763,2.8,12.0,1.0855384000000001,1.923867,0,2,0.358876,0.826489,2,1,4,12,4.0,0,1.3333333333333333,2.3333333333333335,1.9338833333333334,1.0392099999999997,6.666666666666667,11.666666666666666,1.6,1.8,1.5638685999999997,1.3702438000000001,4.4,11.0,1.6,1.4,1.6877393,1.4352327,4.4,11.4,1.329268,1.8236023999999997
2024-12-26,Liverpool,Leicester,3,1,D Bond,1691.622430446789,1397.386644108885,1.08,12.0,23.0,3,1,1.89935,0.22097,3,0,14,17,4.0,0,3.6666666666666665,2.6666666666666665,3.175593333333334,1.3364066666666663,5.333333333333333,12.0,3.2,2.0,3.2831339999999996,1.258817,6.6,10.8,2.5,1.4,2.655995,1.2009956,5.7,11.6,2.5030040000000002,1.2098609999999999,1,3,0.22097,1.89935,2,0,1,5,4.0,0,0.6666666666666666,3.0,0.7999396666666664,2.070586666666667,4.333333333333333,13.333333333333334,1.2,2.8,1.2175968,2.2615540000000003,4.0,11.8,1.2,2.5,1.3482521,2.1670059999999998,4.5,11.5,1.3376898,2.234858
2024-12-26,Nott'm Forest,Tottenham,1,0,C Pawson,1493.4008906268073,1521.087746349902,2.3,3.75,2.88,1,0,1.30018,1.05758,3,0,2,12,5.0,0,2.3333333333333335,1.0,1.300738,0.8760423333333329,4.0,13.0,1.6,1.2,1.2940478,1.2585176,4.4,11.8,1.6,1.3,1.4832615,1.1621521,5.1,9.8,1.893266,0.7377104,0,1,1.05758,1.30018,2,1,7,13,4.0,0,3.6666666666666665,3.3333333333333335,2.783516666666667,3.0163200000000003,5.666666666666667,13.0,2.4,2.4,1.9970687999999999,2.779772,6.6,10.2,2.5,1.7,1.9597943999999998,2.2566674,7.5,10.6,1.9867268,1.9320982
2024-12-27,Brighton,Brentford,0,0,A Madley,1510.3884526261495,1471.1998636685018,1.62,4.33,4.75,0,0,1.33538,0.961233,0,0,5,6,6.0,0,1.3333333333333333,2.0,1.2629533333333332,1.886643333333333,5.666666666666667,13.666666666666666,1.2,2.0,1.351622,1.4523086,6.0,13.8,1.4,1.6,1.506691,1.6634132999999998,5.0,13.0,1.909978,1.7496037999999998,0,0,0.961233,1.33538,2,0,3,12,6.0,0,1.6666666666666667,2.0,1.3912046666666662,1.8376023333333331,5.666666666666667,8.666666666666666,2.0,2.0,1.5050248000000002,1.9274183999999999,5.4,10.0,1.9,1.9,1.6161708000000001,1.8577232000000001,4.7,9.0,1.1532968000000001,2.119802
2024-12-27,Arsenal,Ipswich,1,0,D England,1690.4787981061659,1441.2810602554262,1.14,9.0,15.0,1,0,2.16462,0.0783327,1,0,5,7,6.0,0,2.0,0.6666666666666666,2.2654300000000003,0.6294513333333333,5.666666666666667,7.666666666666667,2.6,0.8,2.752496,0.6759653999999999,8.0,9.6,1.9,1.0,2.0123503,0.9420998,6.2,11.3,2.05512,0.6835950000000001,0,1,0.0783327,2.16462,1,0,1,12,6.0,0,1.0,2.3333333333333335,1.4548533333333333,2.6542033333333337,3.6666666666666665,9.0,0.6,1.8,1.0598078,2.27654,4.4,11.4,1.0,1.8,1.3637249,2.2445950000000003,4.2,12.0,1.4443582000000001,2.648976
2024-12-29,Everton,Nott'm Forest,0,2,T Harrington,1468.2299896069908,1502.47351592398,2.6,3.2,2.8,0,2,0.615191,2.02753,4,0,5,13,3.0,1,0.3333333333333333,0.3333333333333333,0.6187549999999998,1.7814033333333334,3.0,13.0,1.0,1.0,0.8244108000000001,1.5907087999999998,2.8,12.2,0.8,0.7,1.0861832,1.3630038999999998,4.8,11.4,1.1484018000000003,1.3985128,2,0,2.02753,0.615191,1,0,4,10,3.0,1,1.6666666666666667,0.3333333333333333,1.5170589999999997,0.7386689999999995,3.6666666666666665,12.666666666666666,1.6,1.2,1.2009097999999998,1.3774794,3.2,13.2,1.6,1.3,1.4247064999999999,1.1844100000000002,4.7,10.1,1.073257,1.5865938
2024-12-29,Crystal Palace,Southampton,2,1,M Salisbury,1482.2649542466359,1326.0568772795239,1.57,3.9,5.5,2,1,3.05417,1.21853,2,0,8,18,3.0,1,1.3333333333333333,2.0,1.703815333333333,1.8598199999999998,3.3333333333333335,12.0,1.4,1.6,1.5960852,1.5271535999999999,4.6,10.6,1.3,1.5,1.7478216999999998,1.5623996999999998,4.7,11.1,1.6109782,1.5864878,1,2,1.21853,3.05417,3,0,7,19,3.0,1,0.0,2.0,1.2506403333333331,2.3489600000000004,3.0,12.666666666666666,0.2,2.4,1.2095786,3.078672,3.0,12.0,0.5,1.9,1.0225700999999998,2.6313021,3.7,12.2,0.5526951999999999,1.9422861999999999
2024-12-29,Leicester,Man City,0,2,M Oliver,1395.083567872754,1654.5928541963856,7.5,5.5,1.36,0,2,1.84208,1.58002,2,0,4,11,3.0,1,0.3333333333333333,3.3333333333333335,0.39880299999999974,2.329756666666667,3.0,12.0,1.2,2.6,1.0802798,2.197654,3.4,10.8,1.0,2.6,1.0865231,2.1141650000000003,4.0,11.0,1.3588144,2.099154,2,0,1.58002,1.84208,1,0,4,6,3.0,1,1.0,1.6666666666666667,1.418007666666667,1.5865963333333335,6.666666666666667,5.666666666666667,1.6,1.4,1.8080626000000002,1.3553408,7.2,6.8,1.1,1.7,2.0063218000000003,1.9472183,7.5,8.6,1.6763850000000002,2.459128
2024-12-29,Fulham,Bournemouth,2,2,R Jones,1523.2404044075615,1511.4746892042635,2.3,3.6,2.88,2,2,0.961566,1.70692,1,0,1,7,3.0,1,1.3333333333333333,1.0,1.4393466666666666,1.3110903333333332,3.6666666666666665,9.333333333333334,1.6,1.0,1.0271344,1.4931921999999997,3.2,9.0,1.5,1.2,1.260436,1.3400297,5.5,9.5,0.843502,1.1781964,2,2,1.70692,0.961566,3,0,7,16,3.0,1,1.3333333333333333,0.3333333333333333,1.6928733333333337,1.5345553333333328,6.0,10.0,1.4,0.4,2.36941,1.35888,7.2,11.6,1.7,1.1,2.2107921,1.4782464,6.1,12.3,2.2439162,1.6513808
2024-12-29,West Ham,Liverpool,0,5,A Taylor,1484.8442456012597,1693.92550668292,7.0,5.0,1.4,0,5,0.518279,3.29868,0,0,3,7,3.0,1,1.0,0.6666666666666666,1.649583333333333,1.8635133333333334,5.333333333333333,11.0,1.2,1.2,1.804798,1.9693640000000001,7.2,10.4,1.2,1.5,1.5451341,2.1186053,6.0,9.5,1.5559319999999999,2.0621546000000004,5,0,3.29868,0.518279,0,0,6,10,3.0,1,3.6666666666666665,2.0,3.0661566666666675,0.9032066666666664,8.0,12.0,3.2,1.8,3.025334,0.995041,7.4,12.4,2.7,1.5,2.6385980000000004,1.1621445000000001,6.3,11.8,2.808986,1.1921302
2024-12-29,Tottenham,Wolves,2,2,C Kavanagh,1512.0151210527295,1422.8881397351106,1.6,5.0,4.2,2,2,2.28433,0.640697,1,0,5,9,3.0,1,2.6666666666666665,2.3333333333333335,2.051083333333333,2.5919600000000003,6.333333333333333,11.666666666666666,2.2,2.4,2.0064128000000006,2.7252599999999996,6.6,12.0,2.1,1.7,1.9215004,2.3008051000000003,6.9,10.9,1.863316,2.80391,2,2,0.640697,2.28433,2,0,5,10,3.0,1,2.0,0.6666666666666666,1.066426333333333,0.9603486666666675,4.0,13.666666666666666,1.4,1.6,1.1045346,1.1156332,3.2,13.2,1.9,1.7,1.1401438000000002,1.4328948999999997,3.1,12.4,1.1816948,1.1432856
2024-12-30,Aston Villa,Brighton,2,2,C Pawson,1563.4523502840616,1507.608688290514,1.9,3.8,3.6,2,2,1.87997,0.938042,2,0,12,9,4.0,0,1.0,2.0,0.8916083333333337,2.070346666666666,4.666666666666667,10.0,1.4,1.4,1.680987,1.5459063999999998,7.6,11.8,1.1,1.9,1.8449788000000003,1.6401413000000002,7.4,11.6,2.5617080000000003,0.9115566000000002,2,2,0.938042,1.87997,3,0,3,14,3.0,1,0.6666666666666666,1.3333333333333333,1.3341333333333332,1.7322609999999996,5.666666666666667,12.333333333333334,1.0,1.8,1.244726,1.4575614000000001,5.6,11.0,1.3,1.6,1.472439,1.5658796000000001,5.1,12.7,1.162258,1.4084668
2024-12-30,Ipswich,Chelsea,2,0,J Brooks,1438.3947141881645,1593.444124454343,6.5,4.75,1.42,2,0,1.50093,1.60622,4,0,4,9,3.0,1,0.6666666666666666,2.0,0.9586975666666667,2.2119866666666668,2.0,10.0,0.6,1.8,0.9829201399999998,2.3562900000000004,3.2,10.6,1.0,1.7,1.25415817,2.300253,3.8,12.0,1.2852176,2.39741,0,2,1.60622,1.50093,4,0,7,5,4.0,0,1.0,1.0,1.887876666666667,1.5029033333333333,5.333333333333333,12.0,2.4,1.4,2.8139979999999998,1.934746,6.6,12.2,2.1,1.1,2.2905279999999997,1.7380410000000002,6.4,13.3,2.789912,1.8728634
2024-12-30,Man United,Newcastle,0,2,S Hooper,1519.808871664513,1563.098928940329,2.75,3.5,2.55,0,2,1.00073,2.2424,1,0,2,13,4.0,0,0.6666666666666666,2.0,1.5636086666666664,1.0976339999999998,6.333333333333333,12.333333333333334,0.8,2.2,1.2833218,1.3821918,4.8,11.0,1.4,1.5,1.5470719,1.4285972999999998,3.9,11.2,1.782808,0.9748562,2,0,2.2424,1.00073,1,0,3,8,4.0,0,3.6666666666666665,0.0,3.339046666666667,0.49218366666666696,5.0,9.666666666666666,3.2,1.4,2.698832,1.0900421999999999,4.8,9.0,2.2,1.3,1.9483964,1.239675,5.4,10.5,1.7645178000000001,1.580536
2025-01-01,Brentford,Arsenal,1,3,P Bankes,1473.9796280041373,1693.3651441734276,6.5,4.75,1.44,1,3,0.272604,1.99848,1,0,4,6,5.0,0,0.3333333333333333,1.3333333333333333,1.1296156666666664,1.6305789999999998,5.666666666666667,9.333333333333334,1.2,1.8,1.2535014,2.0129834,5.0,10.6,1.8,1.7,1.6230098000000002,1.8147062000000003,4.8,9.7,2.0790448,1.5956444,3,1,1.99848,0.272604,2,0,3,8,5.0,0,2.0,0.3333333333333333,2.17587,0.6052329,5.333333333333333,7.0,1.8,0.4,2.3855500000000003,0.44455394000000004,7.0,8.4,2.0,0.8,2.1547365,0.73151407,6.3,10.9,2.471759,1.0183925999999999
2025-01-04,Bournemouth,Everton,1,0,J Brooks,1513.511388417864,1457.4900137716716,1.73,3.75,4.75,1,0,2.61852,0.561015,2,0,9,15,6.0,0,1.6666666666666667,0.6666666666666666,1.5790400000000002,1.248987333333333,4.333333333333333,13.333333333333334,1.6,0.8,2.0553619999999997,1.4264063999999999,7.6,11.8,1.8,1.2,2.3486190000000002,1.377003,6.1,12.5,2.1776679999999997,1.305112,0,1,0.561015,2.61852,2,0,3,14,6.0,0,0.3333333333333333,1.0,0.7797633333333333,2.02103,4.0,14.333333333333334,1.0,0.6,0.7940992,1.6438928000000002,3.4,12.4,0.6,0.9,0.9868983,1.4483568999999998,4.5,11.7,0.8407994000000001,1.450791
2025-01-04,Tottenham,Newcastle,1,2,A Madley,1507.9684122501303,1573.5795092608787,2.88,3.8,2.25,1,2,1.00333,2.42963,1,0,9,11,6.0,0,1.6666666666666667,3.0,1.5147866666666667,2.3810056666666664,6.333333333333333,9.666666666666666,2.6,2.6,2.338492,2.1979674,5.8,12.2,2.3,1.8,2.0480134000000003,2.2670137,6.6,10.6,1.90068,2.4345513999999997,2,1,2.42963,1.00333,4,0,10,15,5.0,0,3.0,0.0,2.7683099999999996,0.7635073333333335,4.333333333333333,10.0,3.0,0.8,2.843198,0.8446562,4.4,8.8,2.3,1.1,1.9984114000000002,1.177954,5.3,9.7,1.8645478,1.457094
2025-01-04,Man City,West Ham,4,1,M Salisbury,1659.4082354387074,1478.8898539065235,1.3,6.25,7.5,4,1,1.97986,1.53286,2,0,7,8,6.0,0,1.3333333333333333,1.0,1.7319800000000003,1.5184163333333336,5.333333333333333,6.0,1.4,1.4,1.4837286,1.5633258,6.4,6.6,1.2,1.7,1.8480377999999997,2.0944274,6.7,8.3,2.3362586,1.4353085999999997,1,4,1.53286,1.97986,1,0,1,13,6.0,0,0.6666666666666666,2.0,1.2162529999999994,2.2802666666666664,4.333333333333333,9.666666666666666,1.0,1.6,1.3330217999999998,2.072978,6.0,10.4,1.0,1.9,1.29765,2.1858753,5.7,9.6,1.5343361999999998,2.175056
2025-01-04,Aston Villa,Leicester,2,1,J Gillett,1560.2364022640284,1390.2681866304322,1.33,5.5,8.5,2,1,2.3456,0.81548,0,0,7,10,5.0,0,1.3333333333333333,2.0,1.3884573333333339,1.6209939999999994,7.666666666666667,11.0,1.2,1.6,1.413635,1.5069827999999998,8.0,11.4,1.2,2.0,1.8355758000000002,1.7010804,7.7,11.3,2.542902,1.0334348000000002,1,2,0.81548,2.3456,1,0,2,11,6.0,0,0.3333333333333333,2.6666666666666665,0.9505766666666663,1.5382266666666666,3.6666666666666665,10.333333333333334,0.6,2.8,0.8925737999999999,1.9382259999999998,3.6,11.2,0.9,2.5,1.1874896,2.0176790000000002,3.8,10.5,0.8142318,2.129176
2025-01-04,Southampton,Brentford,0,5,S Attwell,1321.5841294486277,1468.2702636788106,3.0,3.4,2.4,0,5,0.249614,5.54874,2,0,2,10,6.0,0,0.3333333333333333,1.0,1.2322969999999998,2.0692766666666667,4.666666666666667,16.333333333333332,0.2,1.8,1.0712566,2.5228859999999997,3.4,14.4,0.6,2.0,1.1074241999999999,2.6204331,4.3,13.2,1.4924449999999998,3.3203179999999994,5,0,5.54874,0.249614,0,0,2,4,3.0,1,0.3333333333333333,1.6666666666666667,0.6676136666666664,1.432919,5.333333333333333,9.0,1.2,1.8,1.0814902,1.7693334,4.8,8.8,1.5,1.7,1.2406072,1.8488561999999997,4.7,9.6,1.1669748000000002,2.033768
2025-01-04,Brighton,Arsenal,1,1,A Taylor,1510.8246363105472,1699.0745084987543,4.33,3.75,1.8,1,1,1.76513,1.81142,2,0,2,17,5.0,0,1.0,1.0,1.2057373333333332,1.3568576666666665,4.0,13.333333333333334,1.2,1.6,1.2124564,1.7002266000000001,5.0,12.2,1.3,1.6,1.4148962,1.6428026,4.5,12.9,1.78262,1.7232924,1,1,1.81142,1.76513,3,0,5,14,3.0,1,3.0,0.6666666666666666,2.4058133333333336,0.6520455666666666,3.6666666666666665,7.666666666666667,2.0,0.6,2.191878,0.44785813999999996,5.0,7.6,2.1,0.7,2.2457545,0.62342847,6.5,10.3,2.6891939999999996,0.9009704000000001
2025-01-04,Crystal Palace,Chelsea,1,1,T Robinson,1486.737702077532,1580.774649604193,3.8,3.75,1.91,1,1,1.2766,1.51541,0,0,6,9,6.0,0,1.0,2.0,1.719812,1.8249199999999999,4.333333333333333,13.0,1.6,1.8,1.8760752,1.6765180000000002,4.8,11.6,1.4,1.6,1.9553776000000003,1.5823327,4.7,11.3,2.02609,1.6263537999999997,1,1,1.51541,1.2766,2,0,6,12,5.0,0,0.3333333333333333,1.3333333333333333,1.559463333333334,1.4503433333333333,5.0,10.0,1.4,1.6,1.9686219999999999,1.852904,6.6,10.4,1.9,1.2,2.289356,1.713909,6.4,12.5,2.869014,1.7409494000000003
2025-01-05,Fulham,Ipswich,2,2,D Bond,1521.203705193961,1451.0641890383145,1.55,4.2,5.75,2,2,2.65469,1.4434,1,0,9,10,7.0,0,1.3333333333333333,1.0,1.3311353333333333,1.1810703333333332,2.6666666666666665,9.333333333333334,1.4,1.2,1.0861188,1.6146982,2.4,9.0,1.6,1.3,1.2070615999999998,1.4222372,5.4,9.4,0.7497811999999999,1.3717342,2,2,1.4434,2.65469,5,0,2,14,6.0,0,0.6666666666666666,1.6666666666666667,0.8811775666666667,2.3349000000000006,2.3333333333333335,10.0,1.0,1.6,1.18876454,2.34669,3.2,9.6,0.9,1.3,1.2385531699999999,2.0512120000000005,3.7,11.9,1.22309874,2.203096
2025-01-05,Liverpool,Man United,2,2,M Oliver,1699.8798983776562,1509.3282913439632,1.29,6.25,8.0,2,2,2.862,1.67469,2,0,6,10,7.0,0,4.666666666666667,1.3333333333333333,3.4667233333333343,0.6472329999999998,8.333333333333334,12.0,3.8,1.8,2.9449620000000003,0.9496938,7.2,12.6,3.0,1.4,2.745949,1.0800684,6.8,11.6,2.4378400000000005,0.986247,2,2,1.67469,2.862,4,0,9,13,6.0,0,0.0,2.3333333333333335,1.2149786666666667,1.6323996666666662,6.333333333333333,12.0,0.8,2.2,1.4322512,1.2373038,5.2,12.0,1.3,1.5,1.3845469000000001,1.3535253,3.6,11.8,1.3113357999999997,1.8823383999999996
2025-01-06,Wolves,Nott'm Forest,0,3,P Bankes,1426.9348485377097,1513.2134917592991,3.3,3.2,2.3,0,3,1.90463,2.57227,1,0,5,10,8.0,0,2.3333333333333335,0.6666666666666666,0.8674986666666663,1.143962000000001,3.3333333333333335,12.666666666666666,1.8,1.2,1.0631292,1.2726912000000001,3.4,13.6,1.9,1.7,1.0931395,1.5099809,3.0,12.4,1.0985928,1.7225042,3,0,2.57227,1.90463,2,0,3,8,8.0,0,1.6666666666666667,0.0,1.4308690000000002,0.8139249999999997,3.6666666666666665,12.0,2.0,0.6,1.4459847999999997,0.8601796,3.6,12.2,1.5,1.2,1.3729715,1.1626876,4.4,10.2,0.969787,1.543149
2025-01-14,Brentford,Man City,2,2,A Taylor,1475.8257518422854,1663.4138680463504,4.75,4.2,1.62,2,2,2.39088,2.65315,0,0,4,4,10.0,0,2.0,1.0,2.2608589999999995,1.1944913333333333,3.0,7.333333333333333,1.4,1.4,1.8420381999999997,1.4279661999999997,4.6,7.6,1.9,1.5,1.7215581,1.7308005999999998,4.6,9.0,1.3142396,1.6639443999999997,2,2,2.65315,2.39088,0,0,5,4,10.0,0,2.3333333333333335,0.6666666666666666,2.0265100000000005,1.3427430000000002,6.333333333333333,6.333333333333333,1.8,1.2,1.5627806,1.6269458,6.2,6.2,1.5,1.6,1.8107538,2.0027834,6.4,8.5,1.521849,2.3376840000000003
2025-01-14,Chelsea,Bournemouth,2,2,R Jones,1579.7981095820048,1520.290855178987,1.48,4.75,6.0,2,2,2.53808,1.14845,2,0,9,15,10.0,0,0.6666666666666666,1.6666666666666667,1.5592966666666672,1.51894,5.333333333333333,10.0,0.8,1.2,1.7570519999999998,1.457248,5.8,10.6,1.9,1.2,2.319826,1.625519,6.2,12.3,1.7911439999999998,1.6032186,2,2,1.14845,2.53808,3,0,3,16,10.0,0,1.0,0.6666666666666666,1.8424433333333337,0.6742156666666662,7.0,14.666666666666666,1.4,0.6,1.880812,1.2252494,6.8,12.2,1.7,1.1,2.365541,1.1978345,6.7,12.9,2.51957,1.4488940000000001
2025-01-14,West Ham,Fulham,3,2,C Pawson,1474.8842212988804,1517.6238653061914,3.0,3.4,2.38,3,2,0.937322,2.83581,3,0,0,9,10.0,0,0.6666666666666666,3.0,1.3174163333333326,2.49229,2.0,9.333333333333334,0.8,2.2,1.3999777999999998,2.173816,4.0,10.6,1.1,2.0,1.4377043,2.1488503,5.2,10.0,1.0609638000000001,2.1966946,2,3,2.83581,0.937322,3,0,3,18,9.0,0,2.0,1.6666666666666667,1.7985153333333332,1.56886,3.6666666666666665,10.0,1.6,1.4,1.5868592000000001,1.4167182,4.2,9.0,1.6,1.4,1.3295136,1.4926541,5.2,10.1,1.6773699999999998,1.5018629999999997
2025-01-14,Nott'm Forest,Liverpool,1,1,C Kavanagh,1522.4585706446787,1693.703714908863,5.25,4.1,1.62,1,1,0.5292,2.72291,2,0,0,7,8.0,0,2.0,0.0,1.9666599999999999,1.1924669999999995,3.0,10.0,2.0,0.2,1.8301953999999998,0.9471655999999999,3.6,11.2,1.5,1.2,1.3951875,1.3399189,3.6,10.3,1.7761559999999998,0.7822262,1,1,2.72291,0.5292,1,0,9,10,9.0,0,3.3333333333333335,1.0,2.686676666666667,0.804646333333333,8.666666666666666,12.333333333333334,3.6,1.6,3.07183,0.9805178,7.2,11.2,3.0,1.4,2.8968030000000002,1.1387074,7.1,11.2,3.054058,1.1738898
2025-01-15,Leicester,Crystal Palace,0,2,A Madley,1386.0644627831612,1487.7142420997202,3.9,3.6,1.91,0,2,2.09904,2.2647,0,0,4,7,11.0,0,0.6666666666666666,2.3333333333333335,0.9595099999999995,1.9416566666666668,2.3333333333333335,9.0,0.4,2.8,0.7707938,2.182978,3.0,11.6,0.9,2.6,1.0351795999999998,2.118622,3.4,10.6,1.5607474,1.906182,2,0,2.2647,2.09904,0,0,3,6,11.0,0,1.0,0.6666666666666666,1.6102786666666662,1.3119433333333332,5.333333333333333,13.0,1.4,1.6,1.8884432,1.66268,4.8,12.6,1.3,1.5,1.8181885999999998,1.5688556999999999,4.7,11.3,1.8846652000000002,1.5383116
2025-01-15,Everton,Aston Villa,0,1,S Barrott,1450.7105470105487,1564.4401261112994,3.25,3.2,2.3,0,1,1.23126,1.28522,2,0,8,17,11.0,0,0.3333333333333333,1.3333333333333333,0.6098316666666665,2.388566666666667,4.333333333333333,12.333333333333334,0.2,0.8,0.6064942,1.998052,3.4,13.2,0.5,0.9,0.9545153,1.5606779,4.4,12.3,1.1329972000000001,1.4459228,1,0,1.28522,1.23126,1,0,5,10,11.0,0,1.3333333333333333,2.0,1.4836973333333336,1.5273973333333328,8.333333333333334,9.666666666666666,1.4,1.8,1.380079,1.5929124,6.6,9.8,1.3,1.7,1.8213867999999998,1.5728773999999999,8.0,10.9,1.1282496,2.368726
2025-01-15,Arsenal,Tottenham,2,1,S Hooper,1695.542178969441,1498.1298985647118,1.4,5.25,7.0,2,1,2.25501,0.777071,3,0,10,16,11.0,0,1.6666666666666667,0.6666666666666666,1.991506666666667,0.7053555666666665,4.333333333333333,9.666666666666666,2.0,0.6,2.067502,0.77068654,4.8,8.6,2.2,0.7,2.3357660000000005,0.7139699700000001,6.4,9.9,1.837714,0.44463554000000005,1,2,0.777071,2.25501,1,0,4,9,11.0,0,1.0,1.6666666666666667,1.4484133333333336,1.4568356666666666,7.0,11.0,2.2,2.2,1.888182,2.1692413999999998,6.6,11.0,2.0,1.9,1.9385953999999999,2.2612277,6.9,10.3,1.9796848,1.7977002
2025-01-15,Newcastle,Wolves,3,0,D England,1583.4180229462972,1417.6897696523301,1.36,5.5,8.0,3,0,2.13327,1.47433,0,0,4,10,11.0,0,2.3333333333333335,0.3333333333333333,2.5002333333333335,0.7431940000000002,7.333333333333333,12.666666666666666,3.0,0.2,2.9378339999999996,0.6961221999999999,5.6,10.4,2.4,1.2,2.1554029,1.1871565,5.9,9.6,2.132275,0.898814,0,3,1.47433,2.13327,2,0,2,13,9.0,0,1.3333333333333333,1.6666666666666667,1.1239386666666664,1.7384920000000008,4.666666666666667,10.666666666666666,1.6,1.4,1.1489212,1.5475292000000003,4.4,12.2,1.7,1.8,1.1185845,1.5023589000000002,3.2,12.7,1.0876861999999998,1.2974576
2025-01-16,Ipswich,Brighton,0,2,T Harrington,1454.644028926084,1514.3569658398605,3.9,3.7,1.91,0,2,0.268127,1.06343,2,0,1,13,11.0,0,1.3333333333333333,1.0,1.0075542333333334,2.1418433333333335,2.3333333333333335,11.666666666666666,1.2,1.6,1.16408454,2.179374,2.4,10.6,1.0,1.4,1.2492761700000001,2.0828230000000003,3.5,12.2,1.3181696,2.250938,2,0,1.06343,0.268127,2,0,9,14,12.0,0,1.0,1.0,1.3461839999999998,1.5508743333333328,3.3333333333333335,12.333333333333334,1.0,1.4,1.3411144,1.7776346000000003,4.4,13.6,1.3,1.5,1.4898412,1.6429076000000002,4.0,12.8,1.1467304,1.4223868
2025-01-16,Man United,Southampton,3,1,J Brooks,1515.5044748127564,1314.0286412851528,1.29,6.0,9.5,3,1,3.10847,1.36705,1,0,5,7,11.0,0,0.6666666666666666,2.0,1.0114319999999999,1.9769629999999996,5.0,12.666666666666666,0.8,2.0,1.4732491999999997,1.6794604,6.0,12.6,1.4,1.6,1.3359659000000002,1.5186543000000001,4.1,11.2,1.550854,1.1811941999999997,1,3,1.36705,3.10847,3,0,4,10,12.0,0,0.3333333333333333,2.6666666666666665,1.2221579999999996,3.5013400000000003,3.6666666666666665,14.666666666666666,0.2,2.6,1.044013,3.129958,3.6,13.4,0.5,2.5,1.0783511000000001,2.9967261,4.2,12.8,0.7224033999999999,1.9205482
2025-01-18,Newcastle,Bournemouth,1,4,S Attwell,1587.7033557454179,1523.6010212357783,1.62,4.2,5.0,1,4,0.837801,2.70174,1,0,7,7,3.0,1,2.3333333333333335,0.3333333333333333,2.2684333333333333,1.1594633333333337,5.666666666666667,11.0,2.8,0.2,2.5735659999999996,0.9536363999999999,5.4,11.0,2.4,1.1,2.1818258999999998,1.2167375,5.8,10.0,2.386986,1.011419,4,1,2.70174,0.837801,6,0,6,18,4.0,0,1.6666666666666667,1.3333333333333333,1.8246300000000002,1.3535536666666663,6.333333333333333,15.666666666666666,1.6,0.8,1.700818,1.3692114,5.0,14.2,1.7,1.0,2.2311520000000002,1.2951685000000002,6.6,12.9,2.2507919999999997,1.643562
2025-01-18,Brentford,Liverpool,0,2,A Madley,1479.3413998449523,1690.6069344655139,6.5,5.0,1.42,0,2,1.20021,4.16249,2,0,2,6,4.0,0,2.6666666666666665,1.6666666666666667,2.737408,1.633748,3.3333333333333335,4.666666666666667,1.6,1.4,1.9884922,1.4403042,4.4,7.0,1.8,1.5,1.8041721,1.7468816,4.4,8.6,1.4794676000000002,1.6961064000000001,2,0,4.16249,1.20021,3,0,15,14,4.0,0,2.6666666666666665,1.0,2.9611966666666674,0.9073896666666665,7.0,10.0,3.4,1.4,3.197016,0.8291178,8.0,11.2,2.9,1.4,2.9880570000000004,1.0900594,7.0,11.2,3.327948,1.0620698000000002
2025-01-18,Leicester,Fulham,0,2,M Salisbury,1377.2575302064897,1508.120249988938,4.33,3.7,1.8,0,2,0.676934,2.36823,3,0,5,8,3.0,1,0.3333333333333333,2.0,1.585533333333333,2.06344,3.3333333333333335,9.666666666666666,0.4,2.4,1.1532499999999999,1.844996,3.4,9.8,0.9,2.5,1.2033540999999999,2.2214020000000003,3.3,10.8,1.7869579999999998,1.795806,2,0,2.36823,0.676934,1,0,2,8,4.0,0,2.0,2.3333333333333335,2.150688666666667,1.3625473333333333,4.333333333333333,11.666666666666666,1.6,1.6,1.8967812000000002,1.1847866,4.0,11.2,1.6,1.7,1.3877636,1.3903493,4.7,10.8,1.9454699999999998,1.5123584
2025-01-18,West Ham,Crystal Palace,0,2,T Bramall,1484.3878366161339,1496.5211746763916,2.6,3.5,2.63,0,2,0.221062,1.62561,1,1,2,13,4.0,0,1.3333333333333333,3.6666666666666665,0.996153666666666,2.7047833333333333,1.3333333333333333,9.666666666666666,1.2,2.4,1.2237882,2.3312939999999998,2.8,10.2,1.4,2.2,1.4190665,2.345833,4.5,9.9,1.0236882,2.59066,2,0,1.62561,0.221062,0,0,4,10,3.0,1,1.6666666666666667,0.6666666666666666,2.1984899999999996,1.610993333333333,5.666666666666667,11.0,1.2,1.4,1.7401471999999998,1.817842,4.4,10.8,1.5,1.3,1.8486216000000002,1.5534287,4.9,10.9,1.8079072,1.6280836
2025-01-18,Arsenal,Aston Villa,2,2,C Kavanagh,1699.2453405257008,1572.9058758110473,1.5,4.1,7.0,2,2,1.64458,1.20602,2,0,10,10,3.0,1,2.0,1.0,2.021636666666667,0.9382683333333333,6.0,12.666666666666666,2.4,0.8,2.256774,0.8996675399999999,5.2,10.6,2.3,0.7,2.3652170000000003,0.66761007,7.1,10.3,2.071056,0.32935774,2,2,1.20602,1.64458,3,0,1,18,3.0,1,1.6666666666666667,1.0,1.8369300000000006,0.9949273333333327,8.0,9.666666666666666,1.4,1.4,1.5592384,1.3819444,7.0,10.6,1.4,1.5,1.7835718,1.4278074,7.6,10.4,0.8877956000000001,2.195476
2025-01-19,Everton,Tottenham,3,2,D England,1442.2447973108008,1494.426737008452,2.8,3.5,2.45,3,2,2.56089,1.35719,2,0,3,14,4.0,0,0.0,1.3333333333333333,0.8024886666666665,1.9770900000000002,5.333333333333333,14.666666666666666,0.2,1.0,0.8263130000000001,1.993366,4.6,14.8,0.5,0.9,0.8990603,1.6351654,4.6,12.2,1.2022802000000001,1.4039048,2,3,1.35719,2.56089,1,0,8,14,4.0,0,1.3333333333333333,2.0,1.3549103333333334,1.7751123333333332,6.0,9.666666666666666,1.4,2.6,1.2649522,2.3655313999999996,6.4,9.8,2.0,1.9,1.8412145,2.2683367,6.1,10.2,1.9312589999999996,2.0529800000000002
2025-01-19,Man United,Brighton,1,3,P Bankes,1519.1375713436553,1524.365228177769,2.1,3.6,3.3,1,3,1.31823,2.17172,3,0,4,13,3.0,1,1.6666666666666667,1.6666666666666667,1.9279633333333333,2.1571499999999997,5.333333333333333,11.0,1.0,2.0,1.6856192,1.8252498,6.6,11.2,1.4,1.7,1.5231229,1.6136298,4.5,11.0,1.925168,1.3711452,3,1,2.17172,1.31823,3,0,2,12,3.0,1,1.6666666666666667,1.0,1.255534,1.3198389999999998,4.666666666666667,15.0,1.2,0.8,1.2891544000000001,1.230024,4.6,14.2,1.3,1.4,1.3090682,1.4093863,4.9,13.0,1.1132984000000001,1.0936982
2025-01-19,Nott'm Forest,Southampton,3,2,A Taylor,1525.555351088028,1310.395544754254,1.38,4.75,8.0,3,2,2.36419,1.25922,0,0,2,4,5.0,0,2.0,0.3333333333333333,1.709666666666667,1.7475769999999997,2.3333333333333335,8.333333333333334,1.8,0.2,1.4788153999999998,1.413863,2.8,10.2,1.5,1.0,1.3302555,1.4253059000000001,3.2,9.7,1.411974,1.3003448,2,3,1.25922,2.36419,4,0,8,18,3.0,1,0.6666666666666666,3.3333333333333335,0.9450646666666666,3.9037933333333332,4.333333333333333,13.0,0.4,2.2,1.062711,2.973008,4.0,13.8,0.6,2.6,1.1357906,3.216295,3.7,12.6,0.8372824000000001,2.3596860000000004
2025-01-19,Ipswich,Man City,0,6,S Barrott,1444.6357665881756,1659.8982200436835,7.5,5.25,1.36,0,6,0.795637,3.20228,0,0,4,4,3.0,1,1.3333333333333333,1.3333333333333333,1.0708190000000002,1.7747800000000005,2.3333333333333335,12.0,0.8,1.8,0.87101194,2.144564,2.0,11.4,0.8,1.5,1.05769687,2.014078,3.4,11.6,0.974367,2.2098,6,0,3.20228,0.795637,1,0,7,7,5.0,0,2.6666666666666665,1.0,2.0710100000000002,1.9219400000000002,5.333333333333333,6.0,2.0,1.2,1.9657899999999997,1.6957978,5.6,6.0,1.6,1.6,1.8157348,1.9547554000000003,6.5,7.9,1.531811,2.241628
2025-01-20,Chelsea,Wolves,3,1,S Hooper,1576.4879435252135,1413.4044368532095,1.36,5.75,6.5,3,1,3.14882,1.06726,4,0,3,8,6.0,0,1.0,1.6666666666666667,1.8865700000000007,1.30866,7.333333333333333,10.666666666666666,0.8,1.4,1.7463759999999997,1.3552160000000002,6.0,11.4,2.0,1.3,2.449567,1.544314,6.7,12.6,1.975172,1.4844586,1,3,1.06726,3.14882,2,0,6,14,5.0,0,0.6666666666666666,2.6666666666666665,1.3398856666666663,2.329956666666668,4.0,11.0,1.4,1.6,1.1962912,1.6274852000000002,3.4,12.2,1.5,2.1,1.1747394,1.6364204,3.3,12.6,1.1147462000000001,1.5806799999999999
2025-01-25,Bournemouth,Nott'm Forest,5,0,C Pawson,1537.0284325350997,1528.9600949397836,2.05,3.7,3.4,5,0,2.8254,0.996166,2,0,3,9,7.0,0,2.3333333333333335,1.0,2.156236666666667,1.312298666666666,6.0,16.333333333333332,1.8,1.0,1.875504,1.0797056,6.0,15.6,2.0,0.9,2.3101689999999997,1.2558896,6.5,13.4,2.211512,0.9467749999999999,0,5,0.996166,2.8254,3,0,9,12,6.0,0,2.3333333333333335,1.0,1.8218866666666667,1.962253333333333,1.6666666666666667,6.333333333333333,2.0,0.6,1.7586739999999998,1.5119062,2.2,8.2,1.8,0.9,1.5263608999999998,1.3852119,3.3,10.0,1.4036138,1.592043
2025-01-25,Brighton,Everton,0,1,T Robinson,1535.9287715766363,1452.0198134190757,1.67,3.75,5.5,0,1,0.64378,0.870883,3,0,9,8,6.0,0,2.0,0.6666666666666666,1.66676,1.132592333333333,4.333333333333333,14.333333333333334,1.6,0.8,1.4547404,1.2477960000000003,4.2,12.6,1.4,1.4,1.4031812000000001,1.3500523000000002,5.1,13.2,1.8329520000000001,1.8634284,1,0,0.870883,0.64378,4,0,1,11,6.0,0,1.0,1.3333333333333333,1.451055,1.7536433333333334,4.666666666666667,15.0,0.8,1.4,1.1243290000000001,1.9616219999999998,4.8,13.6,0.8,1.1,1.068551,1.6585144,4.3,12.7,0.5958404,1.866426
2025-01-25,Liverpool,Ipswich,4,1,M Salisbury,1696.5088814385417,1438.8290868957815,1.08,12.0,15.0,4,1,2.16809,0.804707,0,0,3,10,7.0,0,1.6666666666666667,1.0,3.2491333333333343,1.1346999999999998,10.0,11.333333333333334,2.6,0.8,2.989086,0.8286698000000001,10.0,12.2,2.9,1.4,3.13611,1.0437433999999999,8.3,11.5,2.6481660000000002,1.118049,1,4,0.804707,2.16809,2,0,4,11,6.0,0,0.6666666666666666,3.3333333333333335,0.8357213333333333,2.3068000000000004,2.3333333333333335,10.333333333333334,0.8,2.2,0.8172853400000001,2.138248,2.4,10.4,0.7,2.0,0.93854657,2.207394,3.4,10.9,1.18038274,1.9147079999999999
2025-01-25,Southampton,Newcastle,1,3,S Barrott,1306.9908009024982,1574.2759444460964,6.5,5.25,1.42,1,3,0.825621,3.08319,1,0,3,10,6.0,0,1.0,3.6666666666666665,0.9586279999999999,3.6738,4.666666666666667,12.666666666666666,0.8,2.8,1.2585488,3.195336,4.6,14.4,0.6,2.6,1.1077276,3.133879,4.2,13.3,1.4342987999999999,4.072903999999999,3,1,3.08319,0.825621,0,0,8,5,7.0,0,2.0,1.6666666666666667,1.8002336666666665,1.726466666666667,7.0,10.666666666666666,2.2,1.0,2.0943541999999997,1.2811304,6.6,11.0,2.5,1.3,2.115825,1.3926291,5.7,9.6,1.9766658,1.422056
2025-01-25,Wolves,Arsenal,0,1,M Oliver,1409.067618612406,1694.3433061186197,7.0,4.5,1.45,0,1,0.514724,0.887358,0,1,1,20,5.0,0,0.3333333333333333,3.0,1.4820733333333331,2.6181200000000007,4.333333333333333,12.333333333333334,1.0,2.2,1.1826812,2.0995132000000005,4.4,11.8,1.2,2.3,1.1475624,1.8795866,3.7,12.6,1.1494828,1.7072602,1,0,0.887358,0.514724,1,1,5,10,7.0,0,1.6666666666666667,1.3333333333333333,1.9036700000000006,1.249407,8.333333333333334,13.333333333333334,1.8,1.0,1.974822,0.8198315399999998,6.6,11.0,2.2,0.9,2.363659,0.74789847,7.3,10.3,2.659378,1.0058624
2025-01-25,Man City,Chelsea,3,1,J Brooks,1665.7048997360776,1580.824761766017,2.05,4.0,3.3,3,1,2.23213,1.49843,3,0,2,6,6.0,0,4.0,1.0,2.6117633333333337,1.5731256666666669,6.333333333333333,6.333333333333333,3.0,0.8,2.3869920000000002,1.4429492000000002,6.2,6.0,2.2,1.2,1.9200638,1.7038701,6.3,6.7,2.0996586,1.6678827999999997,1,3,1.49843,2.23213,2,0,4,8,5.0,0,2.0,1.3333333333333333,2.4007700000000005,1.1641033333333333,6.0,11.666666666666666,1.4,1.6,2.072958,1.3545060000000002,5.6,10.6,2.1,1.3,2.4827909999999997,1.5542413,6.1,12.2,2.6087800000000003,1.802672
2025-01-26,Tottenham,Leicester,1,2,R Jones,1484.651720900177,1369.2693040995837,1.45,5.5,5.5,1,2,1.27483,1.40469,1,0,6,6,7.0,0,1.3333333333333333,2.3333333333333335,1.0458636666666667,2.415176666666667,7.0,11.333333333333334,1.2,2.0,1.2959002,1.8372813999999997,6.6,11.2,1.8,2.2,1.6464845000000001,2.3085267000000003,6.6,10.7,1.7511699999999997,2.4836934,2,1,1.40469,1.27483,5,0,4,16,8.0,0,0.3333333333333333,2.0,1.197151333333333,2.3261766666666666,3.6666666666666665,8.666666666666666,0.4,2.2,1.1309007999999998,2.0915799999999996,3.2,8.4,0.8,2.5,1.1742487999999998,2.176567,3.6,10.1,0.5096117999999998,2.331062
2025-01-26,Crystal Palace,Brentford,1,2,T Harrington,1507.8902368669005,1473.4394528719245,2.05,3.75,3.3,1,2,1.23177,1.92037,2,0,4,8,8.0,0,1.6666666666666667,0.3333333333333333,1.7223033333333333,1.278504,4.333333333333333,8.333333333333334,1.4,0.4,1.7442292000000001,1.2511864,4.6,11.0,1.5,1.1,1.8497455999999999,1.2710799,5.2,10.8,1.8893360000000001,1.4787738,2,1,1.92037,1.23177,2,0,7,11,8.0,0,2.3333333333333335,1.3333333333333333,3.0466099999999994,2.355084666666667,2.6666666666666665,4.666666666666667,1.6,1.4,2.0747334,2.0798228,3.0,6.4,1.8,1.7,1.7898790999999998,2.0036206,4.2,8.2,2.1288766000000003,1.7976568
2025-01-26,Fulham,Man United,0,1,A Taylor,1516.108476095844,1507.574027944788,2.3,3.4,3.1,0,1,0.560571,0.201988,0,0,3,7,8.0,0,2.0,1.6666666666666667,2.6195766666666667,1.0192186666666667,4.666666666666667,12.0,2.0,1.6,2.1199171999999997,1.2641672,3.2,11.2,1.7,1.3,1.5528708000000002,1.3241397,4.2,10.2,1.1372876,1.3926082000000002,1,0,0.201988,0.560571,1,0,0,9,7.0,0,2.0,2.0,2.033796666666667,2.1335899999999994,6.0,11.0,1.2,2.0,1.4921991999999997,1.8939318,4.8,11.6,1.4,1.9,1.5280339,1.6320878,4.6,11.3,1.1210778,1.8561143999999998
2025-01-26,Aston Villa,West Ham,1,1,P Bankes,1577.8079102181284,1473.018774425625,1.53,4.33,5.75,1,1,0.907851,1.67886,2,0,4,13,8.0,0,1.6666666666666667,1.0,1.6122800000000004,1.2304399999999993,4.333333333333333,12.666666666666666,1.4,1.6,1.3884664,1.4916063999999998,6.2,11.4,1.4,1.5,1.5997188,1.4308283999999998,6.7,11.2,2.403112,0.8736568,1,1,1.67886,0.907851,3,0,3,16,8.0,0,1.3333333333333333,2.6666666666666665,0.8970813333333326,2.1470933333333333,1.0,11.666666666666666,1.0,2.6,1.0221265999999998,2.3876579999999996,1.6,10.0,1.2,2.4,1.3468902999999999,2.358613,4.4,10.4,1.8144448,2.101006
2025-02-01,Nott'm Forest,Brighton,7,0,S Hooper,1520.8945717861475,1522.0084136011626,2.38,3.5,2.8,7,0,4.0677,0.756296,1,0,4,8,7.0,0,1.3333333333333333,2.6666666666666665,1.2965186666666666,2.269176666666666,3.6666666666666665,7.666666666666667,1.8,1.6,1.6978711999999998,1.8654702,3.6,8.2,1.7,1.4,1.4493905,1.6214748,3.4,10.7,1.649108,1.1783808,0,7,0.756296,4.0677,3,0,6,13,7.0,0,1.6666666666666667,0.6666666666666666,1.2929766666666667,0.8190799999999997,6.666666666666667,11.333333333333334,1.6,1.0,1.3164204000000002,1.229726,5.0,13.0,1.3,1.4,1.2805731999999999,1.3436436999999999,5.3,12.0,1.3277644,1.2240154
2025-02-01,Bournemouth,Liverpool,0,2,D England,1545.0939556887358,1699.2767173239572,4.5,4.33,1.67,0,2,1.65273,2.7219,2,0,3,15,7.0,0,3.6666666666666665,1.0,2.225196666666667,1.4573489999999996,4.0,14.333333333333334,2.8,1.0,2.200206,1.1789256,5.6,14.8,2.1,0.7,2.2848080000000004,1.2689028,6.4,13.2,2.394278,0.8998902000000001,2,0,2.7219,1.65273,3,0,3,9,7.0,0,2.3333333333333335,0.6666666666666666,3.0178300000000005,0.8447056666666665,9.0,11.333333333333334,2.8,0.8,3.042834,0.9454172,7.8,10.8,3.0,1.3,3.0340840000000004,0.9702291000000001,7.6,11.6,3.5227760000000004,0.9941418000000001
2025-02-01,Everton,Leicester,4,0,D Bond,1465.9401713945495,1383.9280722150334,1.75,3.75,4.5,4,0,3.11261,0.447136,0,0,5,7,7.0,0,1.3333333333333333,1.0,1.554344333333333,1.0953966666666666,4.0,14.0,0.8,1.2,1.1678478,1.5864479999999999,4.0,13.8,0.9,1.1,0.9961293,1.5885783999999998,3.4,13.0,1.3954382,1.4067148,0,4,0.447136,3.11261,0,0,6,13,6.0,0,0.6666666666666666,1.6666666666666667,1.3935546666666667,1.9692533333333333,4.333333333333333,10.333333333333334,0.6,1.8,1.3676448,1.966676,3.8,10.6,0.9,2.2,1.2239623,2.082165,3.6,10.7,0.7070907999999999,2.338648
2025-02-01,Ipswich,Southampton,1,2,M Oliver,1436.061251010366,1302.3371630468403,1.95,3.6,3.8,1,2,1.94845,1.17566,0,0,1,11,7.0,0,0.3333333333333333,4.0,0.6228236666666667,2.1446,3.0,9.333333333333334,1.0,2.8,0.9625602000000001,2.1389420000000006,3.0,10.2,0.8,2.3,0.97274017,2.247616,3.1,10.4,1.0391527999999999,2.519412,2,1,1.17566,1.94845,3,0,2,14,7.0,0,1.3333333333333333,3.0,1.1506303333333332,2.85195,5.0,12.666666666666666,1.0,3.2,0.9840070000000001,3.4317520000000004,4.8,13.4,0.6,2.8,1.0967928,3.255212,3.9,12.7,0.9021326000000001,2.458552
2025-02-01,Newcastle,Fulham,1,2,C Kavanagh,1578.9295823017544,1504.1610889114768,1.7,4.0,4.75,1,2,1.22716,1.60881,4,0,4,10,7.0,0,2.3333333333333335,1.6666666666666667,2.018087,1.6672303333333336,6.333333333333333,7.333333333333333,2.2,1.2,2.1452582,1.4011502,6.4,9.0,2.7,1.3,2.4220451,1.2455962,5.6,9.0,2.2549842,1.3632022,2,1,1.60881,1.22716,4,0,7,15,6.0,0,1.3333333333333333,1.3333333333333333,1.9215369999999998,0.6054146666666667,2.6666666666666665,11.0,1.6,1.6,1.8761734,0.9933128,3.6,10.0,1.6,1.3,1.4516539000000002,1.2432525,3.4,9.5,1.9684540000000001,1.2556711999999999
2025-02-01,Wolves,Aston Villa,2,0,A Madley,1404.7735073131128,1573.3912292889038,3.3,3.6,2.1,2,0,2.00146,0.742809,2,0,5,20,7.0,0,0.3333333333333333,2.3333333333333335,1.018771333333333,2.056482666666667,3.0,15.666666666666666,0.6,2.4,1.1203282,2.2052096000000003,3.8,13.4,1.0,2.0,1.1124314000000002,1.6604214000000002,3.5,13.3,1.0698714,1.7262008000000002,0,2,0.742809,2.00146,3,0,8,13,6.0,0,1.3333333333333333,1.0,1.1330303333333338,1.5182333333333329,3.3333333333333335,13.666666666666666,1.6,1.2,1.5249322,1.2616444000000002,5.8,12.0,1.5,1.3,1.6029596000000002,1.4037754,6.7,11.9,0.7963256000000001,1.988
2025-02-02,Man United,Crystal Palace,0,2,J Brooks,1519.5214151291552,1495.2367713978877,2.0,3.5,3.8,0,2,1.50706,2.44633,3,0,11,12,7.0,0,1.6666666666666667,1.3333333333333333,1.542896,1.3664469999999997,3.0,9.666666666666666,1.4,1.6,1.4608215999999998,1.8407481999999997,4.0,11.0,1.1,1.9,1.3720717,1.6114700000000002,4.4,11.0,1.8364920000000002,1.6521394,2,0,2.44633,1.50706,1,0,0,13,7.0,0,1.6666666666666667,0.6666666666666666,1.7073599999999995,1.413490666666667,3.6666666666666665,8.0,1.6,0.8,1.8905699999999999,1.3948823999999997,5.0,10.2,1.5,1.2,1.7433276,1.461018,4.8,10.4,1.8101552,1.063386
2025-02-02,Arsenal,Man City,5,1,P Bankes,1698.637417417913,1671.7609110397912,1.95,3.5,4.0,5,1,1.53202,0.743191,2,0,5,6,8.0,0,1.6666666666666667,1.0,1.595649333333334,0.8326049999999997,8.333333333333334,12.0,1.8,1.0,1.7193695999999998,0.9071098,6.6,11.6,1.8,0.7,2.0524598000000003,0.67583187,6.8,10.0,2.06794,0.48993454000000003,1,5,0.743191,1.53202,0,0,2,7,8.0,0,3.6666666666666665,1.0,2.695853333333334,1.5616490000000003,4.666666666666667,5.666666666666667,3.4,0.8,2.3294880000000004,1.6119774,5.0,6.2,2.5,1.1,2.0687753,1.4836591000000001,6.1,6.5,2.023264,1.6606473999999998
2025-02-02,Brentford,Tottenham,0,2,J Gillett,1486.0929183409373,1469.9929527847273,2.1,3.9,3.2,0,2,1.66475,0.945355,0,0,10,4,7.0,0,1.3333333333333333,1.6666666666666667,1.8371533333333332,2.68247,4.333333333333333,7.0,2.0,1.6,2.2665607999999997,2.0591008,3.8,6.2,1.6,1.7,1.7600310999999997,2.0360421000000004,4.4,8.4,1.2757396,2.3470934,2,0,0.945355,1.66475,1,0,3,11,7.0,0,1.3333333333333333,2.3333333333333335,1.1363636666666668,2.07353,6.0,9.666666666666666,1.4,2.2,1.3393502,1.8581833999999997,6.4,9.8,1.8,2.3,1.6728815000000001,2.2917217,6.5,10.9,1.541799,2.1333599999999997
2025-02-03,Chelsea,West Ham,2,1,S Attwell,1574.7687504623034,1477.4354553548496,1.36,4.75,8.0,2,1,1.39066,1.1868,3,0,4,11,9.0,0,2.0,2.0,2.3951100000000003,1.4826133333333333,5.333333333333333,10.333333333333334,1.4,1.8,2.061392,1.4450740000000002,5.8,9.6,1.9,1.6,2.437695,1.68991,6.2,10.9,2.356802,1.3058106,1,2,1.1868,1.39066,1,0,3,10,8.0,0,1.3333333333333333,1.6666666666666667,0.9457479999999995,1.789757,1.6666666666666667,12.666666666666666,1.0,2.8,0.9776765999999999,2.1295622,1.8,11.6,1.1,2.0,1.3912372999999998,2.0494630999999996,4.5,11.0,1.9616520000000002,1.9830142000000002
2025-02-12,Everton,Liverpool,2,2,M Oliver,1472.0661170849871,1706.6304244705732,7.5,4.5,1.44,2,2,0.910523,0.929103,2,1,2,9,11.0,0,2.6666666666666665,0.6666666666666666,2.181461,0.8160353333333332,3.0,10.666666666666666,1.6,0.8,1.6673316,1.2703692,4.0,12.6,1.3,0.7,1.2307154,1.457131,3.7,12.5,1.7181522,1.3265972,2,2,0.929103,0.910523,2,1,3,20,11.0,0,2.6666666666666665,0.3333333333333333,3.017493333333334,1.2192156666666665,7.0,11.0,2.2,0.8,2.927478,1.1723074,7.2,10.6,3.0,1.3,2.93622,1.0610006,7.2,11.6,3.6216239999999997,1.0205738
2025-02-14,Brighton,Chelsea,3,0,K Kavanagh,1513.687248673298,1580.5264302507508,2.7,3.6,2.45,3,0,2.06892,0.649788,1,0,2,12,13.0,0,1.0,3.0,1.1905986666666666,2.085604333333333,5.666666666666667,11.0,1.2,2.0,1.2800712,1.667272,5.6,12.8,1.2,1.8,1.2462638,1.6837493000000001,5.3,12.5,1.387476,1.516937,0,3,0.649788,2.06892,2,0,9,15,11.0,0,2.0,1.6666666666666667,2.0126366666666673,1.495396666666667,3.6666666666666665,9.0,1.8,1.6,2.01828,1.3822480000000001,5.2,10.8,1.6,1.6,1.9934509999999999,1.6175760000000001,5.9,10.6,1.741846,1.86707
2025-02-15,Aston Villa,Ipswich,1,1,R Jones,1560.3629790106409,1420.9994337251383,1.4,4.75,7.0,1,1,2.89841,0.332864,0,0,16,7,14.0,0,1.0,1.6666666666666667,0.9522266666666672,1.774966666666666,4.333333333333333,14.666666666666666,1.2,1.2,1.2975,1.474328,5.0,12.8,1.2,1.4,1.3555674999999998,1.4906554,6.5,12.1,1.9413362000000003,0.9828968,1,1,0.332864,2.89841,3,1,1,11,14.0,0,0.6666666666666666,4.0,1.1829313333333333,2.1820100000000004,3.0,8.666666666666666,0.8,3.2,1.0520642,2.05283,2.4,10.6,0.9,2.4,1.12041437,2.19976,2.8,10.1,0.9045401399999999,1.9981499999999996
2025-02-15,Leicester,Arsenal,0,2,S Barrott,1377.8021265245957,1706.1877543471821,8.5,5.0,1.33,0,2,0.233209,1.75,2,0,3,9,14.0,0,0.6666666666666666,2.3333333333333335,0.8429199999999998,2.25189,5.0,12.333333333333334,0.6,2.2,1.0886559999999998,2.273194,4.2,11.0,0.6,2.5,0.9906149,2.1057099999999997,3.9,11.1,1.3662228,1.69402,2,0,1.75,0.233209,1,0,7,10,13.0,0,2.6666666666666665,1.0,1.3546526666666672,0.8213116666666666,6.666666666666667,8.666666666666666,2.2,1.0,1.6260776,1.0012272,7.0,11.2,2.1,0.8,1.9089778,0.7245426699999999,6.0,9.4,2.0369796,0.8617291999999999
2025-02-15,Crystal Palace,Everton,1,2,A Taylor,1507.616184211407,1476.7064285927565,1.8,3.4,5.0,1,2,2.30646,1.01565,0,0,6,9,13.0,0,1.6666666666666667,0.6666666666666666,1.7679033333333332,1.216164,2.6666666666666665,10.333333333333334,1.6,0.6,1.769002,1.4525884000000002,3.4,9.2,1.6,1.2,1.8225386000000001,1.5645532,4.1,10.4,1.6765,1.8586500000000001,2,1,1.01565,2.30646,1,0,2,12,3.0,1,2.3333333333333335,0.6666666666666666,1.6313386666666665,0.6733396666666667,2.6666666666666665,9.0,2.0,1.0,1.7372332,0.9324857999999999,3.8,11.6,1.1,0.9,1.1718637,1.4652689,3.6,12.4,0.5968204,1.7704419999999998
2025-02-15,Fulham,Nott'm Forest,2,1,T Bramall,1517.8565291709347,1529.215736714012,2.2,3.4,3.3,2,1,2.20993,0.331301,0,0,8,13,14.0,0,1.3333333333333333,0.6666666666666666,1.512537,0.7020273333333332,4.0,10.0,1.6,1.4,2.0056222000000004,0.8973608000000001,4.8,11.6,1.5,1.3,1.5458705,1.2560295,3.6,10.3,1.116073,1.2131278,1,2,0.331301,2.20993,0,0,4,8,14.0,0,3.3333333333333335,2.3333333333333335,2.4760186666666666,1.6136386666666664,5.0,8.0,2.8,1.6,2.1059051999999996,1.8936912000000004,3.6,7.8,2.4,1.1,1.775945,1.3769354000000003,3.6,10.0,1.4424160000000001,1.516785
2025-02-15,West Ham,Brentford,0,1,D England,1471.6777755664023,1473.9369533877207,2.35,3.6,2.88,0,1,0.673466,1.96499,1,0,9,10,12.0,0,0.6666666666666666,1.6666666666666667,1.0289073333333327,1.3080403333333332,2.6666666666666665,13.0,1.2,2.2,1.1113807999999996,1.7479582,1.8,12.2,1.1,1.9,1.2222012999999998,1.9104681,3.9,11.3,0.8208226000000002,2.1159120000000002,1,0,1.96499,0.673466,1,0,2,13,13.0,0,0.6666666666666666,1.6666666666666667,1.5951099999999998,2.1132050000000002,6.333333333333333,7.0,1.8,1.4,2.54499,1.8484758,5.0,5.8,1.5,1.6,1.8132400999999998,1.8089046,4.9,7.3,2.2443226,1.7249908
2025-02-15,Southampton,Bournemouth,1,3,J Gillett,1317.398980332068,1537.7402485421198,6.0,4.5,1.5,1,3,0.974418,2.08722,1,0,4,13,14.0,0,1.6666666666666667,2.3333333333333335,1.0868336666666665,2.4652766666666666,4.333333333333333,14.0,1.2,3.0,0.975433,3.2106079999999997,3.8,12.4,0.7,2.4,1.0233448,2.8667469999999997,3.6,13.4,1.291453,4.051872,3,1,2.08722,0.974418,3,0,6,15,14.0,0,3.0,1.0,2.3932900000000004,1.518622333333333,4.0,14.0,2.4,1.0,2.1893680000000004,1.5309924000000001,4.8,14.6,2.0,0.9,2.122365,1.4786994,6.2,13.2,2.175338,1.6379154
2025-02-15,Man City,Newcastle,4,0,A Madley,1664.210574110522,1565.2341420422965,1.95,4.2,3.3,4,0,2.12004,0.157211,0,0,7,5,13.0,0,3.3333333333333335,2.0,2.0592003333333335,1.2753623333333337,3.6666666666666665,6.666666666666667,3.2,1.8,2.1621221999999998,1.5499654,4.6,6.4,2.3,1.6,1.8229254000000001,1.5566456,5.5,6.5,2.1142866000000002,1.3066707999999998,0,4,0.157211,2.12004,1,0,4,13,14.0,0,1.6666666666666667,2.3333333333333335,1.7160503333333335,1.7120570000000004,6.333333333333333,7.333333333333333,2.0,1.6,1.9422101999999999,1.5227662,6.6,9.4,2.5,1.2,2.3927041000000004,1.1837112,5.5,9.1,2.589106,1.1279902
2025-02-16,Liverpool,Wolves,2,1,S Hooper,1701.9901129628038,1417.8017575913757,1.15,8.0,12.0,2,1,1.86758,1.05329,2,0,4,15,4.0,0,2.6666666666666665,1.0,1.9396976666666668,1.122653333333333,3.0,13.0,2.2,0.8,2.5408986000000002,1.019474,6.6,12.6,2.9,1.2,2.8063643000000003,0.9999959,6.9,11.9,2.545392,0.9463164,1,2,1.05329,1.86758,2,0,3,13,15.0,0,1.0,1.3333333333333333,1.194481333333333,1.5929956666666676,4.0,18.0,0.6,2.0,1.3924808,1.8969054,3.8,15.4,1.2,1.6,1.227805,1.5847982999999999,3.6,14.5,1.1586534,1.9106360000000002
2025-02-16,Tottenham,Man United,1,0,P Bankes,1482.148917737944,1507.1420023156359,2.45,3.75,2.62,1,0,1.97109,1.42652,1,0,10,13,14.0,0,1.6666666666666667,1.6666666666666667,1.1924583333333334,1.8767766666666665,5.666666666666667,10.333333333333334,1.4,1.8,1.0715552000000002,2.0629939999999998,6.0,10.2,2.0,2.2,1.7050236,2.1304806999999997,5.9,11.2,1.8039640000000001,2.4500833999999996,0,1,1.42652,1.97109,2,0,5,9,14.0,0,0.6666666666666666,1.6666666666666667,1.0090926666666666,1.7262069999999998,5.0,11.333333333333334,1.4,1.6,1.5620875999999997,1.8815342000000002,5.8,10.8,1.1,1.9,1.4971694,1.559419,5.5,11.4,0.9076514,1.5708005999999999
2025-02-19,Aston Villa,Liverpool,2,2,C Pawson,1555.1814281202312,1704.4137036218738,3.9,4.0,1.83,2,2,1.02269,2.04279,1,0,6,8,4.0,0,0.6666666666666666,1.3333333333333333,1.516356666666667,1.3377279999999994,9.333333333333334,11.0,1.0,1.2,1.408062,1.3778048,6.8,12.2,1.2,1.5,1.3940705,1.4853586,6.7,11.0,2.0183422,0.9723032,2,2,2.04279,1.02269,0,0,8,6,3.0,1,2.0,1.0,1.8395276666666671,1.2055143333333331,3.3333333333333335,14.666666666666666,2.4,0.8,2.3698326,1.124292,5.6,13.6,2.9,1.1,2.7834243,0.9767049,6.8,12.4,2.7670166000000003,0.9621883999999999
2025-02-21,Leicester,Brentford,0,4,T Harrington,1374.2857950833868,1485.5837345421728,3.6,3.8,1.91,0,4,0.727901,2.03465,4,0,5,10,6.0,0,0.6666666666666666,2.3333333333333335,0.6950116666666664,2.0458133333333333,4.333333333333333,12.666666666666666,0.4,2.2,0.9722018,2.154074,4.4,10.6,0.4,2.5,0.8714978,2.168526,3.7,11.1,1.1279886,1.819652,4,0,2.03465,0.727901,0,0,6,10,6.0,0,1.0,1.0,1.850036666666666,0.9501970000000001,6.333333333333333,9.333333333333334,1.0,1.4,1.8282399999999999,1.9332462,5.0,7.6,1.2,1.4,1.8351391,1.6806062000000002,4.8,7.6,2.4107886,1.216338
2025-02-22,Everton,Man United,2,2,A Madley,1489.2648974468627,1498.1461864158448,2.5,3.2,2.9,2,2,2.10444,0.645685,4,0,7,12,7.0,0,2.6666666666666665,1.0,1.6795943333333332,1.2275663333333333,3.0,9.333333333333334,2.4,1.0,1.6941112,1.1367337999999998,2.6,10.6,1.3,1.0,1.2602121,1.5650498999999998,3.6,12.7,1.6860948,1.2092358,2,2,0.645685,2.10444,1,0,9,9,6.0,0,0.3333333333333333,1.0,1.0451893333333333,1.659330333333333,5.333333333333333,10.0,1.0,1.4,1.5124536,1.7033521999999999,5.0,10.0,0.9,1.7,1.4928514,1.6914063000000001,5.5,11.3,1.1417388,1.3716506000000002
2025-02-22,Arsenal,West Ham,0,1,C Pawson,1709.704085788391,1460.0309944119501,1.27,6.0,10.0,0,1,1.37264,1.02684,1,1,2,16,7.0,0,2.6666666666666665,0.3333333333333333,1.389792666666667,0.4970413333333332,5.666666666666667,8.666666666666666,2.4,0.8,1.6137936,0.694843,7.4,10.4,2.2,0.7,1.8406478,0.73276477,6.1,9.5,1.7809760000000001,0.58735614,1,0,1.02684,1.37264,3,0,0,15,7.0,0,0.6666666666666666,1.3333333333333333,1.1797086666666663,1.4211669999999998,5.0,12.0,1.0,1.6,0.9395019999999998,1.7449842,3.4,11.6,0.9,1.9,1.1697399000000002,1.9594001000000003,3.7,11.1,1.62358,1.7050242
2025-02-22,Bournemouth,Wolves,0,1,M Salisbury,1543.4271948681946,1415.3781669323057,1.53,4.5,5.5,0,1,0.629691,2.10124,3,1,6,17,7.0,0,2.6666666666666665,1.0,2.1884500000000005,1.5641613333333328,4.0,13.0,2.8,1.2,2.083108,1.613673,4.2,14.6,2.1,0.9,1.9819600000000002,1.4194612,5.5,13.4,2.069392,1.3194834,1,0,2.10124,0.629691,3,0,7,9,6.0,0,1.0,1.0,1.1898246666666663,1.1659156666666675,3.0,17.666666666666668,0.8,1.8,1.2222127999999999,1.7559674,3.4,16.0,1.2,1.6,1.185567,1.6517483000000002,3.9,14.1,1.0741774,2.044536
2025-02-22,Fulham,Crystal Palace,0,2,R Jones,1526.4656100413356,1495.0577153573008,2.05,3.4,3.7,0,2,0.23426,1.46203,1,0,7,10,7.0,0,1.3333333333333333,1.0,1.4597703333333332,0.5868163333333333,6.0,11.666666666666666,1.6,1.2,1.9166702,0.674941,4.6,12.2,1.6,1.3,1.7517647,1.0458295999999998,4.4,10.6,1.5278614000000001,0.792728,2,0,1.46203,0.23426,3,0,7,7,7.0,0,1.3333333333333333,1.3333333333333333,1.9948533333333334,1.4810266666666667,3.3333333333333335,10.0,1.6,0.8,1.9749740000000002,1.3526364000000002,3.4,9.2,1.5,1.2,1.9317085999999999,1.5076582,4.1,10.9,1.9685772,1.2704564
2025-02-22,Ipswich,Tottenham,1,4,T Robinson,1426.180984615548,1491.144733637735,4.1,3.6,1.9,1,4,1.15389,1.58741,2,0,4,15,7.0,0,1.0,2.3333333333333335,1.0286736666666665,2.0807200000000003,2.0,11.0,0.6,3.0,0.829957,2.1015740000000003,2.2,10.0,0.9,2.3,0.99702077,2.140474,2.3,10.3,1.1154827999999999,2.0562899999999997,4,1,1.58741,1.15389,1,0,4,14,6.0,0,1.3333333333333333,0.6666666666666666,1.3970916666666666,1.4986533333333334,6.333333333333333,10.0,1.4,1.4,1.2651071999999999,1.862372,6.2,10.6,1.8,1.8,1.5766446,2.0158066999999997,6.4,10.8,1.6060831999999998,1.810878
2025-02-22,Southampton,Brighton,0,4,D Bond,1311.7120340059932,1523.8840707211677,6.0,4.1,1.55,0,4,0.154147,5.12018,2,0,5,11,7.0,0,1.3333333333333333,2.3333333333333335,0.9918996666666665,2.3729533333333332,3.0,12.333333333333334,1.4,2.6,1.1203938,2.5183039999999997,4.2,13.0,0.8,2.6,1.0822034,2.8241310000000004,3.9,13.2,1.1043086,3.3026959999999996,4,0,5.12018,0.154147,0,0,6,12,8.0,0,1.0,2.6666666666666665,1.1563319999999997,1.862790333333333,5.666666666666667,11.0,1.6,1.8,1.3408292,1.4349456000000003,5.6,11.8,1.3,1.6,1.3409717999999997,1.6062901,5.0,12.7,1.2546556,1.7526794000000003
2025-02-22,Aston Villa,Chelsea,2,1,M Oliver,1557.6947201702187,1570.329608202881,2.63,3.4,2.6,2,1,2.69413,2.17418,1,0,2,15,3.0,1,1.0,1.6666666666666667,1.5546363333333337,1.4590379999999994,10.0,9.333333333333334,1.2,1.6,1.3555560000000002,1.5401108000000001,7.0,11.8,1.3,1.5,1.4573972000000002,1.4610276,7.0,11.2,1.8109042000000002,1.1616072,1,2,2.17418,2.69413,3,0,3,16,8.0,0,1.0,2.3333333333333335,1.1796260000000005,1.8292833333333336,5.666666666666667,11.333333333333334,1.6,2.0,1.8451556,1.5407120000000003,5.8,11.4,1.2,1.6,1.8011038,1.49898,5.8,11.0,1.3571516000000001,1.6298780000000002
2025-02-23,Newcastle,Nott'm Forest,4,3,J Gillett,1559.5151660909194,1520.6066558436112,1.8,3.8,4.2,4,3,3.45858,2.38603,1,0,7,11,8.0,0,1.3333333333333333,2.3333333333333335,1.489187,1.5181570000000004,5.333333333333333,9.333333333333334,1.6,2.2,1.4877264,1.7461082,5.4,9.0,2.3,1.2,2.2127802,1.2211152,5.5,9.7,2.1963022000000003,1.2394322,3,4,2.38603,3.45858,4,0,6,13,8.0,0,2.6666666666666665,2.3333333333333335,1.798389,1.9305419999999998,5.666666666666667,9.333333333333334,2.4,2.0,1.6577113999999997,1.9547511999999998,3.8,7.8,2.2,1.1,1.7439534,1.4509584,3.7,9.5,1.3784328000000001,1.6648310000000002
2025-02-23,Man City,Liverpool,0,2,A Taylor,1669.9295500618991,1701.9004115718863,2.88,3.8,2.25,0,2,0.58248,0.807058,0,0,7,3,8.0,0,2.6666666666666665,2.0,1.6984536666666668,1.0625536666666668,3.6666666666666665,6.0,3.2,1.6,2.1901582,1.2748356,4.6,5.8,2.5,1.4,1.8764694000000002,1.4508907,5.4,6.0,1.8979565999999999,1.177682,2,0,0.807058,0.58248,0,0,5,10,4.0,0,2.0,1.6666666666666667,1.6131576666666672,0.9955009999999996,5.0,13.666666666666666,2.4,1.2,1.9458925999999999,1.088788,4.2,12.0,2.5,1.0,2.4674893,0.9587289,7.1,12.1,2.5158386,1.0630706
2025-02-25,Brighton,Bournemouth,2,1,M Oliver,1529.7643314742315,1528.48786950211,2.0,3.8,3.3,2,1,2.57927,1.70169,2,0,1,12,3.0,1,2.3333333333333335,2.3333333333333335,2.6484653333333332,1.623878333333333,4.666666666666667,12.333333333333334,2.0,1.8,2.1521792,1.4121496000000002,5.0,11.4,1.6,1.3,1.7206668,1.3210868,4.8,12.8,1.4272880000000001,1.4599008000000002,1,2,1.70169,2.57927,1,0,9,14,3.0,1,1.0,1.3333333333333333,1.4565470000000003,1.9325193333333328,5.0,15.666666666666666,2.4,1.0,1.9793562000000002,1.526305,4.8,14.8,2.0,0.9,1.8400870999999999,1.4477582,4.9,14.5,1.894528,1.519439
2025-02-25,Crystal Palace,Aston Villa,4,1,S Barrott,1507.6295783788094,1566.339825964449,2.45,3.4,2.8,4,1,4.02522,0.667217,3,0,3,19,3.0,1,1.6666666666666667,0.6666666666666666,2.0716066666666664,0.91899,4.333333333333333,9.666666666666666,1.6,0.8,1.81444,0.9796804,4.2,9.4,1.4,1.1,1.7772936000000001,1.3987611999999998,4.3,10.1,1.8948399999999999,1.7448599999999999,1,4,0.667217,4.02522,1,0,8,10,3.0,1,1.6666666666666667,1.3333333333333333,2.2050766666666672,1.5166113333333326,8.0,10.0,1.2,1.4,1.6531779999999998,1.6460307999999997,7.2,11.2,1.3,1.5,1.5208222,1.5688185999999997,6.7,11.3,0.7697988,1.998414
2025-02-25,Wolves,Fulham,1,2,P Bankes,1430.3174922983903,1513.893747019827,2.63,3.3,2.63,1,2,0.928973,1.43473,1,0,7,8,3.0,1,1.3333333333333333,0.6666666666666666,1.718663333333333,1.0800266666666676,5.0,14.0,1.0,1.2,1.3475948,1.4552516000000002,4.4,15.2,1.2,1.4,1.271943,1.5413684,3.9,13.7,1.2969566000000001,1.2589606,2,1,1.43473,0.928973,3,0,5,15,3.0,1,1.3333333333333333,1.3333333333333333,1.351,1.0068303333333333,7.333333333333333,12.666666666666666,1.2,1.0,1.3963602,0.7798826,5.4,10.6,1.4,1.3,1.6465706999999998,0.9823346,4.7,10.9,1.975668,1.2989312
2025-02-25,Chelsea,Southampton,4,0,T Bramall,1561.6845024086508,1305.8317732529295,1.17,8.0,13.0,4,0,2.98234,0.845039,1,0,4,6,3.0,1,1.0,2.0,1.4048760000000005,1.9832833333333333,5.333333333333333,14.0,1.4,2.0,1.7723755999999997,1.8498480000000002,4.6,11.6,1.1,1.7,1.7593758000000002,1.602532,5.3,11.5,2.245056,1.368082,0,4,0.845039,2.98234,2,0,2,9,3.0,1,1.0,2.6666666666666665,0.768075,3.05195,3.6666666666666665,12.666666666666666,1.2,2.8,0.8778132,2.920646,4.4,13.2,0.8,2.5,0.9702621,2.946827,4.2,13.5,1.0600982,2.3455660000000003
2025-02-26,Brentford,Everton,1,1,S Hooper,1494.1178973319925,1487.8041083848543,2.0,3.7,3.5,1,1,1.34009,1.44955,2,0,2,3,5.0,0,1.6666666666666667,0.6666666666666666,1.8881299999999996,0.7822406666666666,6.0,9.0,1.4,1.0,1.756994,1.5481963999999997,5.4,8.8,1.5,1.2,1.8727430999999999,1.4942503000000003,4.9,7.9,1.2594896000000002,2.1448744,1,1,1.44955,1.34009,1,0,5,6,4.0,0,2.0,1.6666666666666667,1.3435376666666663,1.2937493333333332,3.6666666666666665,11.0,2.2,1.0,1.6028212,0.9944327999999999,3.4,10.2,1.5,1.2,1.3635751,1.4780273999999998,4.1,11.9,0.6466006,1.8794119999999999
2025-02-26,Man United,Ipswich,3,2,D England,1499.6069754778532,1416.3238430772137,1.53,4.33,6.0,3,2,1.40202,1.04498,4,1,5,9,4.0,0,0.6666666666666666,1.6666666666666667,1.1930883333333333,2.173953333333333,8.333333333333334,10.0,0.8,1.6,1.0198965999999998,1.8508302,5.8,10.4,0.9,1.8,1.3527578999999998,1.8380400000000001,6.2,10.8,1.8439640000000002,2.0111619999999997,2,3,1.04498,1.40202,4,0,6,16,4.0,0,1.0,2.3333333333333335,1.1450680000000002,1.8871600000000004,2.0,12.333333333333334,0.8,3.4,1.0071096000000002,2.20637,2.8,10.4,0.8,2.6,0.93906077,2.175467,2.4,10.9,0.8785587400000001,2.2246580000000002
2025-02-26,Nott'm Forest,Arsenal,0,0,A Madley,1513.3789801052683,1692.5836801917515,3.9,3.6,1.95,0,0,0.508611,1.31766,1,0,3,10,3.0,1,3.6666666666666665,2.0,2.261677,2.1416019999999993,4.666666666666667,9.666666666666666,2.8,2.6,2.0290774,2.1018852,5.0,9.0,2.3,1.4,1.7539463999999998,1.7578741,3.9,9.6,2.109474,1.2370858,0,0,1.31766,0.508611,1,0,11,17,4.0,0,2.3333333333333335,0.6666666666666666,1.5515533333333338,0.6677466666666666,4.666666666666667,10.666666666666666,2.0,0.8,1.4373196,0.7447968,5.8,10.4,2.2,0.8,1.8470468,0.82223217,5.5,10.5,1.9003196,0.8781734
2025-02-26,Tottenham,Man City,0,1,J Gillett,1501.0018751760692,1659.1245522514237,3.25,4.0,2.0,0,1,1.28426,2.38641,3,0,8,12,4.0,0,2.3333333333333335,0.3333333333333333,1.501285,1.4150533333333335,5.666666666666667,12.666666666666666,2.0,1.2,1.427175,1.642148,6.2,11.6,1.7,1.9,1.3460636,2.0038397,6.3,10.7,1.547206,2.2207353999999997,1,0,2.38641,1.28426,0,0,3,15,3.0,1,1.6666666666666667,2.3333333333333335,1.1485703333333335,0.8320963333333337,5.333333333333333,5.0,2.8,1.6,1.7760241999999997,0.9580712,5.0,5.6,2.4,1.4,1.8709071000000002,1.3269345000000001,5.3,5.8,1.8549821999999998,1.7240994
2025-02-26,Liverpool,Newcastle,2,0,C Kavanagh,1712.7054093823617,1566.7428418292623,1.5,4.5,5.75,2,0,1.40027,0.45882,0,0,4,12,3.0,1,2.0,1.0,1.5724760000000007,0.8861533333333331,5.666666666666667,10.333333333333334,2.0,1.0,1.6736862000000001,1.0443426,4.6,12.0,2.4,0.9,2.3582601,0.9948798999999999,6.2,11.4,2.1788,1.0079714000000002,0,2,0.45882,1.40027,1,0,2,11,3.0,1,1.6666666666666667,3.0,1.614317,2.0382933333333337,5.0,11.333333333333334,1.8,2.8,1.7527884,1.9284482,6.0,9.2,2.3,1.5,2.1631772,1.4410422999999999,5.7,10.1,2.2292582,1.2027982
2025-02-27,West Ham,Leicester,2,0,S Attwell,1477.1514000085897,1365.7516322935671,1.62,4.2,5.0,2,0,1.70437,0.289578,0,0,3,12,5.0,0,0.6666666666666666,1.0,0.9623686666666661,1.5760966666666667,4.0,11.666666666666666,0.6,1.2,0.9574055999999999,1.4523502000000001,3.4,12.8,0.9,1.8,1.0905969,1.8918221000000002,3.1,11.5,0.7158998000000001,2.213776,0,2,0.289578,1.70437,0,0,3,6,6.0,0,0.0,3.3333333333333335,0.4694153333333331,2.2990866666666663,4.666666666666667,10.666666666666666,0.4,2.6,0.6979740000000001,2.1080639999999997,4.6,11.2,0.4,2.5,0.9256119999999999,1.9765299999999997,4.0,10.5,0.615007,2.5174
2025-03-08,Nott'm Forest,Man City,1,0,C Kavanagh,1516.6813898912699,1666.3731207741648,4.0,3.75,1.85,1,0,0.501476,0.721234,3,0,3,9,10.0,0,1.3333333333333333,2.0,1.0753139999999999,2.328723333333333,4.333333333333333,10.333333333333334,2.2,2.2,1.6579615999999997,2.1135732,5.2,10.2,2.1,1.4,1.7083178,1.8127396999999998,3.7,9.2,1.7539761999999999,1.4227332000000001,0,1,0.721234,0.501476,2,0,2,7,10.0,0,1.6666666666666667,0.6666666666666666,1.6963100000000004,0.749509666666667,5.666666666666667,7.666666666666667,1.8,1.6,1.6128502,1.0557957999999998,4.2,7.2,2.4,1.2,1.9999211,1.2493725000000002,5.2,6.6,2.1130102,1.5689754
2025-03-08,Brighton,Fulham,2,1,S Barrott,1538.0187151917032,1523.216207497022,1.95,3.6,3.75,2,1,1.94417,0.708227,0,0,3,6,11.0,0,3.0,0.3333333333333333,3.2561233333333335,0.8352083333333331,3.0,12.0,1.8,1.8,2.2336891999999997,1.4888416000000002,4.8,11.4,1.7,1.3,1.8442148,1.3683188,4.5,12.0,1.6784960000000002,1.1990028,1,2,0.708227,1.94417,2,0,7,12,11.0,0,1.3333333333333333,1.3333333333333333,1.2929733333333333,0.9074346666666667,6.666666666666667,12.666666666666666,1.2,1.2,1.2096602,0.8302904,6.0,12.0,1.6,1.4,1.6647887000000001,1.0472288,4.6,11.6,2.005374,1.0653298000000002
2025-03-08,Crystal Palace,Ipswich,1,0,S Hooper,1517.5924564907912,1410.2289459945184,1.45,4.75,6.25,1,0,3.13879,1.63282,4,0,5,8,11.0,0,2.3333333333333335,1.0,2.597903333333333,0.6390423333333333,5.333333333333333,11.666666666666666,2.0,1.0,2.294362,1.0689114,4.0,11.2,1.7,0.7,2.0192956,1.1600489,4.3,11.1,2.378844,1.2674353999999999,0,1,1.63282,3.13879,3,0,4,7,10.0,0,1.3333333333333333,2.6666666666666665,0.8439113333333333,1.9626133333333335,3.6666666666666665,14.0,1.2,2.8,1.0569782,1.8463180000000001,3.2,12.8,1.0,2.5,0.9371317699999999,1.9922829999999998,2.8,11.6,0.7408567400000001,2.2575659999999997
2025-03-08,Liverpool,Southampton,3,1,L Smith,1717.3862884880384,1303.0387599730318,1.1,9.0,19.0,3,1,4.98996,0.511566,2,0,6,10,10.0,0,2.0,0.6666666666666666,1.4167060000000002,0.6879966666666664,5.666666666666667,9.333333333333334,2.0,1.0,1.4093602,0.8055606000000001,4.8,12.6,2.1,0.9,2.1684191000000004,0.9889340000000001,6.0,11.6,2.0394579999999998,0.8424954000000001,1,3,0.511566,4.98996,1,0,4,9,11.0,0,0.3333333333333333,3.6666666666666665,0.6578679999999998,3.39658,3.6666666666666665,11.0,0.8,3.0,0.794977,3.0442760000000004,3.2,11.4,0.8,2.9,1.0267629,3.1198059999999996,3.9,12.9,1.1730998,2.6915240000000002
2025-03-08,Brentford,Aston Villa,0,1,J Gillett,1492.2320777651262,1556.376947852467,2.2,3.8,2.9,0,1,0.637743,1.29638,2,0,6,10,10.0,0,2.0,0.3333333333333333,1.7799099999999999,0.9503056666666666,3.3333333333333335,8.666666666666666,1.6,0.8,1.78497,1.0056083999999998,5.4,8.2,1.6,1.1,1.9298517,1.5427156,4.2,7.3,1.3737068000000001,2.2418050000000003,1,0,1.29638,0.637743,2,0,5,5,11.0,0,1.6666666666666667,2.3333333333333335,1.461345666666667,2.7473966666666656,5.333333333333333,11.0,1.2,2.0,1.6050511999999997,2.1153028,8.0,10.6,1.4,1.6,1.5649916999999998,1.6884736,6.9,11.3,0.8253576,2.3462380000000005
2025-03-08,Wolves,Everton,1,1,S Attwell,1420.9950318211954,1489.6899279517206,2.6,3.1,2.88,1,1,0.812432,1.3672,2,0,5,11,11.0,0,1.0,1.3333333333333333,1.3611676666666668,1.3106670000000007,5.666666666666667,10.0,1.0,1.0,1.3199374,1.1124336000000001,4.6,14.0,1.0,1.6,1.2513093000000002,1.6059733999999999,4.5,12.9,1.2352552,1.1992086,1,1,1.3672,0.812432,2,0,5,16,10.0,0,1.6666666666666667,1.3333333333333333,1.5232133333333333,1.430745,4.666666666666667,10.0,2.2,1.2,1.7185546000000003,1.1336948,4.2,9.2,1.5,1.2,1.4432012,1.3600714,4.1,11.5,0.9100773999999999,1.8857
2025-03-09,Chelsea,Leicester,1,0,T Robinson,1564.4775156885485,1360.3201720575307,1.18,8.0,12.0,1,0,1.76844,0.108487,1,0,12,12,12.0,0,1.6666666666666667,1.6666666666666667,1.9354360000000004,1.869363,5.333333333333333,12.333333333333334,1.6,1.8,1.7390795999999997,1.8054038000000001,4.8,11.2,1.5,1.7,1.9060188,1.5799549,5.2,10.9,2.323232,1.2053677999999999,0,1,0.108487,1.76844,0,0,2,13,10.0,0,0.0,2.6666666666666665,0.4168959999999997,1.8296733333333333,3.6666666666666665,8.333333333333334,0.4,2.6,0.6205028,1.9752920000000003,4.2,10.8,0.4,2.4,0.8757018000000001,2.033436,3.7,9.6,0.6355707999999999,2.067352
2025-03-09,Tottenham,Bournemouth,2,2,J Brooks,1493.753306653328,1520.2334857846383,2.7,3.9,2.35,2,2,1.35053,2.22536,3,0,3,15,11.0,0,1.6666666666666667,0.6666666666666666,1.6142533333333333,1.6556066666666667,7.333333333333333,13.0,1.6,0.8,1.412589,1.6072519999999997,6.2,11.2,1.4,1.4,1.3542446,1.7222667,6.4,11.2,1.5635679999999998,1.6575893999999998,2,2,2.22536,1.35053,3,0,6,16,12.0,0,1.3333333333333333,1.3333333333333333,1.4728670000000001,1.8849759999999998,7.0,15.333333333333334,1.8,1.2,1.7793461999999998,1.8745988,5.4,14.0,1.8,1.1,1.8274251,1.4771522,5.7,14.8,1.8692039999999999,1.578227
2025-03-09,Man United,Arsenal,1,1,A Taylor,1505.7018725605485,1689.2812704057499,5.75,3.5,1.7,1,1,1.31107,1.82996,0,0,2,8,11.0,0,1.6666666666666667,1.6666666666666667,1.158075,1.7068366666666661,6.333333333333333,9.0,1.2,1.4,1.0366545999999999,1.6254822,6.0,9.6,1.2,1.7,1.2644269000000001,1.7597070000000001,5.4,10.6,1.667302,1.854496,1,1,1.82996,1.31107,1,0,9,11,11.0,0,0.6666666666666666,0.3333333333333333,1.4801000000000002,0.5895533333333333,6.666666666666667,14.333333333333334,1.6,0.4,1.3719356,0.605315,6.0,11.8,1.7,0.7,1.6733788,0.71257327,6.3,11.4,1.5529836,0.6588556000000001
2025-03-10,West Ham,Newcastle,0,1,M Salisbury,1482.582860244626,1562.0619627235856,3.25,3.4,2.2,0,1,0.823986,1.62976,0,0,3,7,11.0,0,1.0,0.3333333333333333,1.1348919999999996,1.2090693333333333,4.0,12.333333333333334,1.0,0.8,1.2540672,1.1851438,3.6,12.6,1.0,1.7,1.1380969,1.7864008999999998,2.6,11.3,0.8108998,2.0029336,1,0,1.62976,0.823986,1,0,4,15,12.0,0,1.3333333333333333,3.0,1.3582036666666666,1.96878,4.333333333333333,11.666666666666666,1.6,2.4,1.6769921999999997,1.6681542,5.0,10.0,1.9,1.7,1.8856731999999998,1.4746423,5.8,10.5,1.6742502000000001,1.2699982
2025-03-15,Man City,Brighton,2,2,S Hooper,1653.8474439827223,1545.8983867929846,1.67,4.33,4.5,2,2,2.02642,2.11119,2,0,4,10,7.0,0,0.3333333333333333,1.0,1.2300413333333335,0.8642646666666671,4.0,8.333333333333334,1.2,1.6,1.3106710000000001,0.856405,4.2,7.4,2.3,1.2,1.8200794999999999,1.2341912000000002,4.6,6.8,1.886832,0.9297695999999999,2,2,2.11119,2.02642,5,0,5,10,7.0,0,2.6666666666666665,0.6666666666666666,3.21454,0.8546879999999998,3.3333333333333335,10.0,2.2,1.8,2.4937671999999997,1.4563104000000002,3.6,11.0,1.9,1.4,1.9050938,1.3430182,4.3,12.0,2.0099336,1.5376348
2025-03-15,Ipswich,Nott'm Forest,2,4,M Salisbury,1404.7050737015672,1529.2070666827124,3.75,3.5,2.0,2,4,0.520839,1.30722,1,0,6,4,7.0,0,1.0,2.6666666666666665,1.27723,2.0427400000000002,4.666666666666667,12.666666666666666,1.0,2.2,1.2226008,2.040458,3.2,12.0,1.0,2.5,1.0925805,2.0896999999999997,3.1,11.1,1.1334068,1.7269999999999999,4,2,1.30722,0.520839,1,0,3,13,7.0,0,1.3333333333333333,1.3333333333333333,1.132039,1.8324913333333328,4.0,10.666666666666666,2.4,1.2,1.5590236,1.69274,4.0,9.6,2.1,1.4,1.6284474,1.7791051,3.8,8.9,1.6626594000000001,2.2027462
2025-03-15,Bournemouth,Brentford,1,2,C Pawson,1521.1952815122906,1482.3513710567547,1.73,4.2,4.2,1,2,2.02714,1.60321,3,0,4,13,6.0,0,1.0,1.6666666666666667,1.518913666666667,2.0103466666666665,7.0,15.666666666666666,1.2,1.6,1.6593381999999999,1.9454716,6.0,15.4,2.0,1.3,1.9297720999999999,1.5621986,5.8,15.1,1.7856461999999997,1.3760774000000002,2,1,1.60321,2.02714,0,0,3,7,7.0,0,1.6666666666666667,0.6666666666666666,1.3374943333333331,1.1579436666666667,4.666666666666667,7.666666666666667,1.2,0.8,1.5284445999999998,1.0185304,5.2,8.0,1.6,1.2,1.8975027,1.5388156,4.5,7.1,2.4859966000000004,0.8436261999999999
2025-03-15,Southampton,Wolves,1,2,R Jones,1301.814884753431,1421.245238816453,3.7,3.4,2.0,1,2,1.2821,0.540718,0,0,5,12,7.0,0,0.3333333333333333,3.6666666666666665,0.5035839999999999,4.36416,3.6666666666666665,9.666666666666666,0.8,3.0,0.7321660000000001,3.4256300000000004,3.4,11.2,0.9,3.1,0.8580865000000001,3.4286909999999997,4.1,12.3,0.8804259999999999,3.548088,2,1,0.540718,1.2821,0,0,1,13,7.0,0,1.0,1.0,1.2808816666666667,1.1438736666666676,6.333333333333333,9.333333333333334,1.2,1.0,1.3794790000000001,1.2084020000000002,5.4,12.2,0.9,1.7,1.2499036000000001,1.7068058000000002,4.6,12.8,1.2673634,2.0127382000000003
2025-03-15,Everton,West Ham,1,1,D Bond,1489.4397209564631,1473.142927180837,2.05,3.2,3.9,1,1,1.189,0.516029,1,0,6,12,7.0,0,1.3333333333333333,1.3333333333333333,1.6403966666666665,0.9327356666666665,5.666666666666667,11.333333333333334,1.6,1.4,1.3694726,1.2067539999999997,4.2,11.0,1.6,1.1,1.5184021,1.2385616,4.1,11.8,1.9839446000000003,0.9328667999999999,1,1,0.516029,1.189,2,0,5,8,5.0,0,1.0,0.3333333333333333,1.1850653333333327,1.097326,2.0,11.333333333333334,0.8,0.8,1.0830923999999997,1.3295256,3.6,10.8,0.9,1.8,1.0303844999999998,1.7295439000000001,2.7,11.2,1.465294,1.5698682
2025-03-16,Arsenal,Chelsea,1,0,C Kavanagh,1685.8671491777518,1568.0649443103023,1.8,3.6,4.5,1,0,0.695725,0.286036,3,0,5,10,7.0,0,0.3333333333333333,0.6666666666666666,1.5067533333333338,0.9488403333333332,7.333333333333333,14.666666666666666,1.6,0.6,1.5604559999999998,0.7645842,6.8,12.0,1.7,0.8,1.6399128,0.835847,6.7,11.8,1.7937740000000002,0.76629094,0,1,0.286036,0.695725,3,0,4,13,7.0,0,2.0,0.6666666666666666,2.3083200000000006,1.2158853333333333,6.333333333333333,11.333333333333334,1.6,1.2,1.7930816,1.3806752000000002,6.4,12.0,1.5,1.5,1.9272368,1.4128745999999999,6.1,10.8,1.4888055999999998,1.954542
2025-03-16,Fulham,Tottenham,2,0,A Madley,1515.3365358957406,1492.7915109256758,2.0,3.75,3.6,2,0,1.03966,1.40865,0,0,6,13,8.0,0,1.0,1.6666666666666667,0.7924056666666667,1.4450576666666668,6.333333333333333,12.333333333333334,1.4,1.4,1.2391914,1.1787268,6.8,13.0,1.5,1.5,1.5576824,1.0860198,5.2,11.5,1.3242034,1.0291278,0,2,1.40865,1.03966,0,0,5,10,7.0,0,2.0,1.3333333333333333,1.4074,1.9218866666666667,5.0,13.666666666666666,1.8,0.8,1.427729,1.7713859999999997,5.6,13.0,1.6,1.5,1.3835396000000002,1.8147847,6.0,11.4,1.1449212,1.786944
2025-03-16,Leicester,Man United,0,3,T Bramall,1356.732743435777,1509.1159937885466,4.5,3.5,1.83,0,3,1.30455,1.13892,2,0,6,6,7.0,0,0.0,2.3333333333333335,0.3753219999999997,1.83582,3.3333333333333335,9.666666666666666,0.0,2.6,0.3612622,2.0740139999999996,3.8,10.2,0.3,2.2,0.8644535000000001,2.020345,3.8,10.4,1.1158328,1.99952,3,0,1.13892,1.30455,0,0,4,6,7.0,0,2.0,1.6666666666666667,1.1195916666666668,1.659793333333333,5.333333333333333,8.666666666666666,1.2,1.6,1.2584709999999997,1.8793599999999997,6.4,9.4,1.3,1.6,1.3596463,1.8600541,5.2,10.2,0.8615518,1.6649180000000001
2025-04-01,Arsenal,Fulham,2,1,J Brooks,1691.1540274930826,1523.0044145017066,1.48,4.33,7.0,2,1,2.30189,1.44206,1,0,5,2,16.0,0,0.6666666666666666,0.3333333333333333,1.2811150000000004,0.7019056666666666,8.333333333333334,12.666666666666666,0.8,0.4,1.3931970000000002,0.6731532,6.8,12.8,1.5,0.7,1.5096373,0.8371902,6.9,12.0,1.4999949999999997,0.8078316000000001,1,2,1.44206,2.30189,2,0,4,10,16.0,0,1.6666666666666667,1.0,1.0608723333333334,1.4272643333333332,6.0,13.333333333333334,1.4,1.2,1.1253613999999998,1.2150248000000001,6.6,12.6,1.5,1.3,1.5654918,1.0561928,5.7,12.1,1.7911614,1.1429118
2025-04-01,Wolves,West Ham,1,0,T Harrington,1429.5511860077072,1475.3042933176816,2.5,3.2,2.9,1,0,1.10359,1.73057,4,0,1,16,17.0,0,1.3333333333333333,1.3333333333333333,0.7607076666666664,1.361343333333334,4.333333333333333,10.666666666666666,1.2,1.2,1.0873306,1.3162602,4.6,10.8,0.9,1.6,1.2399057,1.6065828,4.2,13.1,1.2324438,1.4008734,0,1,1.73057,1.10359,2,0,2,12,17.0,0,1.0,0.6666666666666666,1.0147949999999994,1.0361126666666667,3.6666666666666665,9.0,0.8,0.6,0.9489382,1.2891936000000002,4.0,10.4,1.0,1.4,1.0301595000000001,1.5185759,2.9,11.3,1.1882777999999998,1.3680022
2025-04-01,Nott'm Forest,Man United,1,0,J Gillett,1537.3715893103888,1516.5179336396905,2.3,3.4,3.1,1,0,0.512063,1.86688,1,0,3,5,17.0,0,1.6666666666666667,0.6666666666666666,0.7724356666666666,0.8532443333333329,3.0,10.666666666666666,1.8,1.6,1.0069275999999998,1.6456486000000001,3.8,10.6,2.3,1.6,1.5564164,1.7696699000000002,3.7,9.2,1.5942354,1.355464,0,1,1.86688,0.512063,3,0,10,12,16.0,0,2.3333333333333335,1.0,1.2840033333333334,1.393163333333333,3.6666666666666665,7.666666666666667,1.8,1.2,1.1848429999999999,1.651004,5.0,8.2,1.6,1.4,1.3734653,1.7662691,5.4,9.5,1.0175606,1.7605302000000003
2025-04-02,Man City,Leicester,2,0,D England,1649.3578497563133,1349.330803584633,1.2,8.0,10.0,2,0,2.07165,0.104741,1,0,5,11,18.0,0,1.0,1.0,1.7113546666666668,1.2989753333333336,3.0,10.666666666666666,1.4,1.0,1.5673168,0.9722390000000001,4.6,8.0,2.3,1.4,1.8647195,1.2611022,4.6,7.2,1.788186,1.2213498,0,2,0.104741,2.07165,4,0,0,8,17.0,0,0.0,2.0,0.5675383333333331,1.5372433333333333,3.6666666666666665,8.333333333333334,0.0,2.4,0.532745,1.6792760000000002,3.8,8.8,0.3,2.3,0.8107004999999999,1.9762349999999997,4.0,9.9,0.6130742,2.04117
2025-04-02,Bournemouth,Ipswich,1,2,R Jones,1508.4246737664039,1396.5405510738908,1.36,5.25,7.5,1,2,1.99637,1.41263,1,0,8,14,18.0,0,1.3333333333333333,2.0,1.98473,1.8443366666666663,6.333333333333333,14.333333333333334,1.4,1.6,1.7342202,1.7217335999999999,6.2,15.0,1.9,1.3,1.9617940999999999,1.626363,5.5,14.8,1.9506962,1.5967062,2,1,1.41263,1.99637,2,0,3,15,18.0,0,1.3333333333333333,2.6666666666666665,1.066213,1.9493433333333339,5.333333333333333,9.0,1.2,2.6,0.9370786000000001,2.0667700000000004,4.2,10.6,1.0,2.9,0.9945714000000001,2.0598,3.3,10.6,1.0517542,2.4524
2025-04-02,Brighton,Aston Villa,0,3,S Attwell,1550.3879810193937,1566.2576545608385,2.05,3.8,3.25,0,3,0.558009,1.20715,1,0,4,16,18.0,0,2.0,1.3333333333333333,2.2115433333333336,1.4787789999999996,3.0,9.333333333333334,2.6,0.8,2.764746,1.0480544000000003,3.4,10.4,1.9,1.4,2.0224086,1.3576632,4.5,11.6,1.800254,1.1484016000000001,3,0,1.20715,0.558009,3,0,0,11,25.0,0,1.3333333333333333,1.6666666666666667,1.552575666666667,2.2790476666666657,5.0,10.0,1.4,1.6,1.7157654,1.8425594,7.4,9.0,1.3,1.4,1.5066327,1.6584436999999999,6.2,10.9,1.0395292,1.9080526000000002
2025-04-02,Southampton,Crystal Palace,1,1,A Madley,1293.5089375621767,1523.1163287837423,5.75,3.8,1.62,1,1,0.687304,0.93776,2,0,2,14,18.0,0,0.6666666666666666,3.0,0.8795683333333332,2.8376726666666663,3.6666666666666665,10.0,0.6,3.2,0.753454,3.1440836,4.0,10.8,0.9,3.1,0.8644434999999999,3.1773458000000003,3.9,11.6,0.6971799999999999,3.2760095999999996,1,1,0.93776,0.687304,1,0,2,9,25.0,0,2.3333333333333335,0.3333333333333333,2.8753466666666667,0.8447656666666666,5.0,11.333333333333334,2.0,0.6,2.6757660000000003,1.0114014,4.2,11.2,1.8,0.7,2.2831680000000003,1.2031418999999999,4.6,10.7,1.6597472,1.0526624
2025-04-02,Liverpool,Everton,1,0,S Barrott,1718.6101637076392,1487.2783548196185,1.36,5.0,8.0,1,0,1.29718,0.823136,2,0,11,7,25.0,0,2.3333333333333335,0.3333333333333333,2.399096,0.5176219999999997,5.0,10.666666666666666,2.2,0.8,2.2215316,0.7257692,5.4,10.6,2.2,0.8,2.3812151,0.8726215999999999,6.0,11.6,2.6575800000000003,0.9006146000000002,0,1,0.823136,1.29718,2,0,5,11,18.0,0,1.0,1.0,1.3352499999999996,0.889517,5.333333333333333,11.333333333333334,1.4,1.2,1.425168,1.1241392,5.0,11.6,1.7,1.1,1.5812006,1.0283125,4.4,11.6,1.0528596000000001,1.5442564
2025-04-02,Newcastle,Brentford,2,1,P Bankes,1571.5018957873747,1495.1219788026415,1.73,4.5,4.0,2,1,2.26584,1.53201,1,0,4,12,23.0,0,1.6666666666666667,1.6666666666666667,1.8490533333333332,1.5367620000000002,4.333333333333333,12.333333333333334,1.2,2.2,1.3863062,1.6678272,4.2,12.0,1.7,1.7,1.7657821999999999,1.5344886999999998,5.3,10.5,2.0970962,1.6792863999999998,1,2,1.53201,2.26584,1,0,5,12,18.0,0,1.0,1.0,1.1936809999999998,1.5910233333333335,3.6666666666666665,6.666666666666667,1.6,0.6,1.5161365999999998,1.2348873999999999,3.8,8.6,1.7,1.0,2.0305633,1.5416816,4.4,7.2,2.6143919999999996,0.9819782
2025-04-03,Chelsea,Tottenham,1,0,C Pawson,1562.7780659949715,1485.1236323197097,1.65,4.5,4.5,1,0,1.30443,1.40274,5,0,4,7,18.0,0,1.6666666666666667,0.3333333333333333,1.6789386666666672,0.5497503333333333,6.666666666666667,10.333333333333334,1.2,1.2,1.5721567999999997,1.2824602000000003,6.4,12.4,1.5,1.4,1.7952184,1.3323540999999999,5.8,11.6,2.3656680000000003,0.8712072,0,1,1.40274,1.30443,5,0,6,16,18.0,0,0.6666666666666666,1.6666666666666667,1.3478133333333335,1.8838099999999998,5.333333333333333,12.333333333333334,1.4,1.2,1.520388,1.6463679999999996,6.0,12.8,1.4,1.5,1.2959716000000001,1.854681,6.0,11.5,1.2151352,1.7348400000000002
2025-04-05,Everton,Arsenal,1,1,D England,1484.1286002864965,1695.3926146072215,5.25,3.25,1.75,1,1,1.22875,1.4031,3,0,3,17,3.0,1,0.6666666666666666,1.0,1.126445333333333,0.8752136666666667,5.333333333333333,13.0,1.0,1.2,1.3866652,0.9222831999999996,5.6,11.4,1.7,1.1,1.5403882000000002,1.0295085,4.1,11.0,1.9754926000000002,0.7790286,1,1,1.4031,1.22875,1,0,8,13,4.0,0,1.3333333333333333,0.6666666666666666,1.609191666666667,1.0130553333333332,6.333333333333333,7.666666666666667,0.8,0.6,1.503575,0.9149233999999999,6.4,11.2,1.6,0.7,1.5586843000000001,0.8048832000000001,6.9,10.8,1.5192796000000002,0.8665488
2025-04-05,Crystal Palace,Brighton,2,1,A Taylor,1518.5887064625408,1539.124595058461,2.35,3.6,2.8,2,1,0.443965,1.27226,0,2,2,12,3.0,1,2.0,0.6666666666666666,2.70059,0.9957803333333334,3.3333333333333335,12.0,1.8,0.8,2.374052,0.8474501999999999,4.6,10.4,1.7,0.7,2.071527,1.1500192999999999,4.0,9.8,2.3957680000000003,1.3502933999999998,1,2,1.27226,0.443965,1,1,4,13,3.0,1,1.3333333333333333,2.0,1.5377896666666668,1.313932333333333,4.0,10.666666666666666,2.0,1.4,2.4625638000000003,1.1595268,3.8,11.2,1.8,1.6,1.9016965000000003,1.2972362,4.7,11.5,2.2445632000000004,1.5669248
2025-04-05,Ipswich,Wolves,1,2,P Bankes,1411.1201149926926,1439.1413571541843,2.7,3.25,2.63,1,2,0.872356,2.8096,2,0,4,12,3.0,1,1.3333333333333333,2.0,1.188763,2.14746,4.333333333333333,8.666666666666666,1.4,2.6,1.1530318000000002,1.886362,4.6,11.4,1.0,2.8,0.9914944,1.993968,3.4,10.7,0.9373885999999999,1.6672,2,1,2.8096,0.872356,2,0,8,16,4.0,0,1.3333333333333333,0.6666666666666666,0.8189133333333333,1.4599566666666675,2.3333333333333335,13.333333333333334,1.2,0.8,1.0973906000000002,1.2888582000000004,4.2,11.4,1.0,1.3,1.1598017,1.5224128000000001,3.8,13.7,1.2473676,1.8122922
2025-04-05,West Ham,Bournemouth,2,2,T Robinson,1465.7141221712045,1493.845109847602,3.0,3.5,2.3,2,2,0.907832,1.94869,2,0,4,13,4.0,0,0.3333333333333333,1.0,1.023528333333333,1.30745,3.3333333333333335,9.0,0.8,0.6,1.1603589999999997,1.1169136000000002,2.6,10.8,0.9,1.1,1.0499304999999999,1.4309489,3.0,11.2,0.8720412,1.6691496000000001,2,2,1.94869,0.907832,2,0,7,13,3.0,1,1.3333333333333333,2.0,2.082956666666667,1.4554566666666664,6.0,14.333333333333334,1.0,1.8,1.7160501999999997,1.8093759999999999,6.6,14.8,1.9,1.5,1.8995790999999997,1.7115245000000001,5.4,14.7,1.9728919999999999,1.6560198
2025-04-05,Aston Villa,Nott'm Forest,2,1,S Hooper,1577.5210405217713,1545.0855537099214,1.95,3.6,3.7,2,1,2.63349,0.96769,2,0,4,7,3.0,1,1.6666666666666667,1.3333333333333333,1.056915666666667,1.7403239999999993,4.333333333333333,8.666666666666666,1.8,1.4,1.3775134000000002,1.8875883999999998,4.2,9.8,1.4,1.3,1.3927877,1.6326965999999998,5.5,11.0,1.9737362,1.4088348,1,2,0.96769,2.63349,2,0,4,15,4.0,0,2.0,0.6666666666666666,0.7735863333333333,1.0363176666666662,3.0,9.0,1.8,1.2,1.0430799999999998,1.5770386,3.6,10.0,2.1,1.6,1.3503957,1.7658949,3.7,8.9,1.5185974,2.1838758
2025-04-06,Man United,Man City,0,0,J Brooks,1508.8039692401578,1651.5938559291797,3.4,3.6,2.1,0,0,1.23317,0.687894,3,0,5,13,5.0,0,1.3333333333333333,0.6666666666666666,1.4389566666666667,1.2155243333333332,5.333333333333333,8.666666666666666,1.8,1.2,1.2729149999999998,1.3591985999999998,6.0,8.8,1.4,1.3,1.3926843,1.5312754000000002,5.5,9.4,1.72937,1.772008,0,0,0.687894,1.23317,2,0,3,9,4.0,0,1.3333333333333333,1.0,1.606434666666667,0.9058023333333337,3.6666666666666665,9.333333333333334,1.0,1.0,1.5576388,0.961745,4.2,9.2,2.1,1.3,1.8738985,1.1182903,4.4,7.5,1.9412530000000001,1.3008545999999999
2025-04-06,Tottenham,Southampton,3,1,M Salisbury,1478.8905720432006,1298.0365598833782,1.38,5.5,6.5,3,1,2.648,0.780439,1,0,4,16,3.0,1,0.6666666666666666,1.6666666666666667,1.3873066666666667,1.52315,4.666666666666667,13.666666666666666,1.2,1.4,1.4067180000000001,1.6219499999999996,5.2,13.4,1.3,1.4,1.3359126,1.742161,5.7,12.0,1.376808,1.9745219999999999,1,3,0.780439,2.648,1,0,1,20,4.0,0,1.0,2.0,0.8269899999999999,2.1561459999999997,3.6666666666666665,11.666666666666666,0.6,2.8,0.6960312,2.9141916,3.6,11.0,1.0,2.7,0.9082125000000001,2.7162478000000005,3.9,12.0,1.031707,3.0786819999999997
2025-04-06,Fulham,Liverpool,3,2,C Kavanagh,1518.7658273875677,1721.7599182407612,4.5,3.5,1.83,3,2,1.72764,1.40638,3,0,4,10,5.0,0,1.3333333333333333,1.3333333333333333,1.0633156666666668,1.8849033333333332,5.666666666666667,11.666666666666666,1.2,1.4,0.9717874,1.6091426000000002,5.8,12.0,1.4,1.3,1.4442287999999999,1.1420417999999999,5.2,12.1,1.3398222,0.9694737999999999,2,3,1.40638,1.72764,0,0,4,9,4.0,0,2.0,0.3333333333333333,2.5624700000000002,0.5978406666666664,7.0,9.666666666666666,2.0,0.6,2.1074516,0.6797384,6.8,9.0,2.2,0.7,2.2386421,0.9020151999999999,6.2,11.3,2.1326682,1.0737266
2025-04-06,Brentford,Chelsea,0,0,M Oliver,1488.8573969039523,1569.0111262714806,3.2,3.6,2.15,0,0,1.36123,1.47829,1,0,3,12,4.0,0,1.0,1.3333333333333333,1.257654333333333,1.86312,4.666666666666667,9.666666666666666,1.6,1.0,1.4295406000000002,1.5533622,4.4,8.4,1.3,1.2,1.6288903000000001,1.7433042,4.7,8.0,1.4467346000000003,2.101385,0,0,1.47829,1.36123,3,0,6,12,3.0,1,0.6666666666666666,0.3333333333333333,1.119635333333334,0.7356506666666668,6.666666666666667,10.666666666666666,1.4,0.6,1.7030851999999999,1.1492242000000001,5.4,10.8,1.5,1.3,1.7741204,1.3449681,5.6,11.1,1.2247688,1.7935009999999998
2025-04-07,Leicester,Newcastle,0,3,R Jones,1347.0947974117666,1577.7664776860638,6.5,4.2,1.48,0,3,0.354575,3.44111,2,0,12,8,5.0,0,0.0,2.0,0.5059259999999997,1.65967,2.6666666666666665,9.0,0.0,2.4,0.5070514,1.7436059999999998,3.2,8.6,0.2,2.3,0.7396266,1.94884,3.8,9.6,1.0083268,1.9113,3,0,3.44111,0.354575,0,0,2,9,5.0,0,1.0,1.0,1.4514733333333334,1.252088666666667,3.3333333333333335,12.666666666666666,1.4,2.0,1.5940422,1.6524671999999998,4.2,12.4,1.7,1.8,1.7681262,1.5876167,5.4,10.9,1.5517222,1.2346494
2025-04-12,Nott'm Forest,Everton,0,1,C Pawson,1537.6850158060945,1488.2266169043496,2.1,3.3,3.7,0,1,0.423949,1.26036,0,0,1,9,7.0,0,2.0,1.3333333333333333,0.928991,1.673736333333333,3.3333333333333335,11.0,1.4,0.8,0.7594119999999999,1.4120206,3.2,10.4,2.1,1.7,1.3942446999999998,1.7569529,4.1,9.7,1.5908080000000002,1.1842580000000003,1,0,1.26036,0.423949,3,0,7,13,7.0,0,0.6666666666666666,1.0,1.0802953333333332,1.072103,4.666666666666667,13.333333333333334,0.8,1.0,1.2115272000000001,1.0737662,4.8,12.4,1.5,1.0,1.4071742,1.0340995,4.1,11.3,1.1052838,1.2799884000000001
2025-04-12,Southampton,Aston Villa,0,3,T Bramall,1294.0371127630308,1584.9215784255982,6.0,4.2,1.55,0,3,0.412256,2.99927,3,0,2,11,6.0,0,1.0,2.0,0.9166143333333331,1.3754926666666663,2.6666666666666665,15.333333333333334,0.8,2.6,0.8212896000000001,2.4197556000000002,2.8,12.8,1.0,2.7,0.8495514,2.6702008000000004,3.6,13.0,0.784718,2.3538136,3,0,2.99927,0.412256,1,0,14,4,7.0,0,2.0,0.3333333333333333,1.7123400000000004,0.7211473333333327,3.0,7.666666666666667,1.8,1.2,1.6996734,1.6725684,3.8,9.6,1.5,1.4,1.5276147,1.6063396,5.4,10.7,1.0239152,1.7734024000000002
2025-04-12,Man City,Crystal Palace,5,2,J Gillett,1649.2550712535299,1527.4576979308329,1.5,4.75,5.75,5,2,4.59724,1.33808,2,0,1,10,6.0,0,1.3333333333333333,0.6666666666666666,1.5953213333333336,1.1497003333333335,4.0,10.0,1.0,0.6,1.5787216000000002,1.0469674000000002,3.4,10.4,1.9,1.1,1.6773729,1.0025193,4.2,8.0,1.806544,0.9357259999999998,2,5,1.33808,4.59724,3,0,4,16,7.0,0,1.3333333333333333,0.6666666666666666,1.5068383333333335,1.1974613333333333,3.0,9.666666666666666,2.0,0.6,2.001553,0.8987722,3.8,11.0,1.8,0.7,1.9882635,1.1257043,3.6,10.1,1.7472860000000001,0.9497452000000001
2025-04-12,Brighton,Leicester,2,2,D Bond,1530.255603590169,1341.6467391199667,1.29,6.0,10.0,2,2,3.6978,1.98444,2,0,3,9,7.0,0,1.0,2.3333333333333335,1.3138196666666668,1.2258449999999996,4.333333333333333,13.0,1.4,1.8,1.6929798000000003,1.2174904000000002,3.4,11.4,1.7,1.8,1.9225795,1.3148199999999999,4.2,11.4,1.5588298000000003,1.0275476,2,2,1.98444,3.6978,5,0,6,11,5.0,0,0.0,2.6666666666666665,0.587955333333333,2.2172266666666665,6.0,7.333333333333333,0.0,2.2,0.4323862,2.024898,4.6,8.2,0.2,2.4,0.5651801,2.066481,4.6,9.7,0.4709263999999999,1.98638
2025-04-12,Arsenal,Brentford,1,1,S Hooper,1691.2945979893684,1489.4368181264906,1.6,4.33,5.0,1,1,0.767369,0.588583,1,0,13,7,7.0,0,1.3333333333333333,0.6666666666666666,1.4669050000000006,0.9856153333333332,6.0,8.333333333333334,1.0,0.6,1.509667,0.9553054,7.6,10.6,1.5,0.7,1.4734933,0.8500511,6.7,10.5,1.5093710000000002,0.9408293999999999,1,1,0.588583,0.767369,3,0,5,9,6.0,0,1.0,1.0,1.4988166666666665,1.9237566666666668,3.6666666666666665,10.333333333333334,0.8,1.0,1.2948566000000001,1.7034399999999998,3.8,8.8,1.1,1.0,1.5259253,1.6258182,4.6,8.8,1.8110460000000004,1.3852233999999999
2025-04-13,Chelsea,Ipswich,2,2,S Attwell,1568.4317050489424,1400.2022827817161,1.27,7.0,8.5,2,2,2.90758,1.60301,2,0,15,11,7.0,0,0.3333333333333333,0.3333333333333333,1.0229186666666672,1.1532316666666667,4.666666666666667,10.666666666666666,1.2,0.2,1.5639071999999998,0.8826442000000002,6.0,10.0,1.3,1.1,1.6681414,1.3662461000000001,5.3,10.8,2.118938,0.9220652000000001,2,2,1.60301,2.90758,2,0,4,7,8.0,0,1.6666666666666667,2.3333333333333335,0.935275,2.0377300000000003,4.333333333333333,10.333333333333334,1.4,2.2,1.096725,2.1308,4.6,10.8,1.1,2.8,1.0519173,2.168585,3.7,10.6,1.0456002,2.320736
2025-04-13,Liverpool,West Ham,2,1,A Madley,1707.8618682209908,1464.7994221711208,1.3,6.0,8.0,2,1,1.42902,1.46598,0,0,10,15,7.0,0,2.0,1.3333333333333333,2.564506666666667,1.0207806666666663,7.0,8.666666666666666,2.0,0.8,1.9801696,0.8207283999999999,6.0,9.6,2.2,1.0,1.9630311000000003,0.9547582,5.1,10.8,2.344616,0.7303038,1,2,1.46598,1.42902,2,0,3,8,8.0,0,1.0,1.3333333333333333,1.0514769999999993,1.41376,3.6666666666666665,11.0,1.0,1.0,1.1365573999999998,1.2321236,3.4,10.4,0.8,1.1,1.0469815,1.3422369,3.4,11.6,1.2278198,1.1927482
2025-04-13,Wolves,Tottenham,4,2,A Taylor,1450.0591893651608,1482.890019163548,2.2,3.6,3.1,4,2,2.22977,1.62887,1,0,1,12,8.0,0,1.6666666666666667,0.6666666666666666,1.4846359999999998,1.2950086666666676,3.3333333333333335,15.0,1.4,1.0,1.2390626,1.3373912000000003,4.4,12.8,1.2,1.1,1.2933287,1.3963214,4.4,14.0,1.0722358,1.2325334,2,4,1.62887,2.22977,2,0,4,15,7.0,0,1.0,1.3333333333333333,1.819796666666667,1.0415096666666666,5.0,14.0,1.0,1.4,1.618836,1.5472598,5.2,13.8,1.5,1.3,1.5230055,1.5947039,5.7,12.7,1.340269,1.544724
2025-04-13,Newcastle,Man United,4,1,C Kavanagh,1583.2145359778638,1511.1427539158076,1.65,4.2,4.75,4,1,2.6383,0.786568,0,0,7,7,6.0,0,2.0,0.3333333333333333,2.44557,0.9035236666666671,3.3333333333333335,12.0,2.0,1.2,2.2508220000000003,1.2993742000000001,3.8,11.6,1.8,1.7,1.8692742000000002,1.5227412,4.6,10.3,1.9845302,1.9405839999999999,1,4,0.786568,2.6383,2,0,2,9,7.0,0,1.0,0.3333333333333333,1.41299,0.8348356666666664,6.333333333333333,10.333333333333334,1.4,0.8,1.390412,1.0758893999999999,5.2,9.6,1.1,1.2,1.2051543,1.4633598,5.5,10.0,1.0559986000000001,1.2905428
2025-04-14,Bournemouth,Fulham,1,0,O Oliver,1494.7598098476858,1532.663877407338,2.15,3.5,3.3,1,0,1.8577,1.07203,3,0,6,11,9.0,0,1.3333333333333333,2.0,1.9907333333333337,1.3078906666666663,6.333333333333333,13.333333333333334,1.4,2.0,1.97985,1.5706944,6.8,14.0,1.9,1.5,1.9796031000000003,1.5484997,5.8,14.4,1.8262662000000003,1.7670292,0,1,1.07203,1.8577,2,0,9,10,8.0,0,2.0,1.3333333333333333,1.4031200000000001,1.70564,4.666666666666667,11.0,1.8,1.4,1.2704634000000001,1.5980126000000001,5.2,12.0,1.5,1.2,1.3334118,1.1889476,5.3,11.3,1.5124114,1.4158254000000001
2025-04-16,Newcastle,Crystal Palace,5,0,D England,1589.586305062796,1522.2597803872434,1.67,3.9,5.0,5,0,2.32947,2.37548,2,0,5,9,3.0,1,3.0,0.6666666666666666,2.78175,0.8910510000000004,4.333333333333333,9.333333333333334,2.0,0.8,2.086766,0.9794818000000001,3.8,10.8,1.9,1.8,1.9197772,1.453965,4.9,10.0,2.0855362,1.8030316,0,5,2.37548,2.32947,3,0,4,15,4.0,0,1.6666666666666667,2.3333333333333335,0.9066016666666666,2.185601333333333,2.6666666666666665,12.333333333333334,2.0,1.6,1.9767629999999996,1.7713682,3.2,12.8,1.8,1.2,1.8956015000000002,1.3755243,3.7,11.1,1.561962,1.4493852
2025-04-19,Brentford,Brighton,4,2,T Robinson,1495.8102539157474,1524.114126712788,2.4,3.75,2.63,4,2,2.95516,1.24107,3,0,4,7,7.0,0,0.6666666666666666,1.0,1.1606076666666665,1.503833,4.333333333333333,11.0,0.8,1.0,1.1445551999999999,1.5670037999999997,4.4,10.0,1.2,0.9,1.4647625999999998,1.2863061,4.9,9.1,1.2408046000000001,1.866413,2,4,1.24107,2.95516,3,1,8,11,7.0,0,1.0,2.3333333333333335,1.8426896666666668,1.2118516666666663,3.6666666666666665,12.666666666666666,1.4,2.0,1.9166858000000002,1.2740404,3.8,10.8,1.6,1.9,2.0751875,1.381441,4.3,11.1,2.2863292,1.6020924
2025-04-19,Crystal Palace,Bournemouth,0,0,S Barrott,1515.7688280284003,1504.124693823125,2.45,3.6,2.63,0,0,0.337818,0.664093,3,1,5,13,3.0,1,1.3333333333333333,3.6666666666666665,1.3858416666666666,2.7329900000000005,3.3333333333333335,14.333333333333334,1.2,2.4,1.6468150000000001,2.1038188,3.4,12.0,1.6,1.7,1.9705885000000003,1.5863651,3.7,11.6,2.229241,1.3016634,0,0,0.664093,0.337818,4,0,4,10,5.0,0,1.3333333333333333,1.3333333333333333,1.9342533333333336,1.1308306666666663,7.0,12.666666666666666,1.4,1.6,2.011052,1.2692464,6.2,13.4,1.6,1.4,1.8951991,1.5719226000000002,5.8,13.7,2.13294,1.3299702000000002
2025-04-19,Everton,Man City,0,2,S Hooper,1501.2768287714898,1654.4529887971194,3.7,3.6,1.91,0,2,0.81683,1.87989,4,0,2,7,7.0,0,0.6666666666666666,0.6666666666666666,1.1040819999999998,1.0414096666666666,5.0,13.666666666666666,0.8,0.8,1.1736892,0.8905379999999997,5.2,13.8,1.5,1.0,1.4461219,1.0121164,4.7,11.5,1.7090646000000003,0.7882106,2,0,1.87989,0.81683,0,0,5,6,7.0,0,2.3333333333333335,0.6666666666666666,2.452261333333334,0.8919970000000003,3.0,10.0,1.8,1.0,2.0208876,1.0577314000000002,3.0,9.4,1.8,1.3,1.8168689,1.0567636,3.6,8.3,1.5482018,1.0693126
2025-04-19,West Ham,Southampton,1,1,A Kitchen,1461.8247484985386,1289.850873859767,1.48,4.33,6.5,1,1,0.98423,0.922877,2,0,2,14,6.0,0,1.0,1.6666666666666667,1.3681273333333328,1.4937666666666667,3.0,11.0,0.8,1.4,1.0888793999999997,1.460012,3.4,9.6,0.9,1.1,1.1714733000000002,1.3225779000000002,3.5,11.1,0.8661432,1.4917256,1,1,0.922877,0.98423,1,0,5,13,7.0,0,0.6666666666666666,2.3333333333333335,0.6266663333333332,2.19501,1.6666666666666667,15.0,0.8,2.4,0.7347330000000001,2.4231416,2.8,13.2,0.8,2.7,0.7648550000000001,2.7337088,3.0,12.3,0.9143848,2.9865880000000002
2025-04-19,Aston Villa,Newcastle,4,1,J Gillett,1589.107817328862,1596.0772574216392,2.3,3.6,2.75,4,1,3.05371,1.27176,1,0,7,9,7.0,0,2.6666666666666665,0.3333333333333333,2.2799700000000005,0.6459849999999995,6.0,7.333333333333333,2.0,1.0,1.7607013999999999,1.3201836,6.2,7.4,1.6,1.2,1.7069397000000002,1.4831071999999998,6.7,9.3,2.0313141999999997,1.4392767999999998,1,4,1.27176,3.05371,3,0,7,12,3.0,1,4.0,0.3333333333333333,2.80296,1.172207666666667,4.666666666666667,8.333333333333334,3.0,0.4,2.460896,1.1745238,4.4,10.4,2.3,1.4,2.0689441,1.4213390000000001,4.7,10.2,1.7540182000000002,1.1048984000000002
2025-04-20,Fulham,Chelsea,1,2,A Taylor,1523.298993431899,1562.6687577656924,2.7,3.7,2.35,1,2,0.306122,0.75172,1,0,6,13,6.0,0,1.3333333333333333,1.6666666666666667,1.4139100000000002,1.8553233333333334,5.666666666666667,10.0,1.4,1.4,1.1979234,1.783758,6.0,11.0,1.3,1.3,1.2037917999999999,1.3070242,6.0,11.5,1.1544121999999999,0.9620697999999999,2,1,0.75172,0.306122,3,0,4,9,7.0,0,1.0,0.6666666666666666,1.8967666666666672,1.45566,8.333333333333334,10.0,0.8,0.6,1.5489551999999998,1.0342384000000002,8.2,11.0,1.2,1.2,1.6440173999999999,1.4198211,6.5,11.1,1.2173448,1.810427
2025-04-20,Ipswich,Arsenal,0,4,C Kavanagh,1405.9652300649661,1684.9211622001117,8.0,4.5,1.4,0,4,0.192879,2.81362,0,1,0,10,7.0,0,1.6666666666666667,1.6666666666666667,1.2959986666666667,2.5711833333333334,3.6666666666666665,11.333333333333334,1.4,2.0,1.208331,2.431912,4.2,9.0,1.3,2.4,1.1326546,2.139115,3.7,10.9,1.0582344000000001,2.016434,4,0,2.81362,0.192879,0,0,12,7,8.0,0,1.3333333333333333,1.0,1.4907863333333335,1.086464333333333,8.666666666666666,7.333333333333333,1.2,0.8,1.3996088,0.9712997999999999,8.0,8.6,1.4,0.6,1.3857722000000001,0.7883074,7.0,10.2,1.4376156000000002,0.7592728000000001
2025-04-20,Man United,Wolves,0,1,R Jones,1504.7709848308752,1459.2787878848628,2.0,3.6,3.6,0,1,1.13966,0.187814,2,0,9,11,7.0,0,0.3333333333333333,1.6666666666666667,1.2955393333333334,1.2794189999999999,5.666666666666667,11.333333333333334,1.0,1.2,1.2673215999999998,1.3945534000000002,4.6,9.6,1.1,1.3,1.1519881,1.5100178,5.3,9.6,1.3543100000000001,1.6361767999999999,1,0,0.187814,1.13966,3,0,2,18,7.0,0,2.3333333333333335,1.0,2.047653333333333,1.4105986666666677,3.3333333333333335,14.666666666666666,2.0,1.0,1.499222,1.3762192000000002,3.2,13.6,1.5,1.0,1.4095797,1.2443264,3.9,13.8,1.5144216,1.5601094000000002
2025-04-20,Leicester,Liverpool,0,1,S Attwell,1347.7882159973476,1710.836541893573,11.0,6.25,1.22,0,1,0.232205,4.52706,1,0,1,11,8.0,0,0.6666666666666666,2.3333333333333335,0.8145853333333329,3.070186666666667,6.0,9.0,0.4,2.2,0.7713585999999999,2.4235840000000004,5.2,9.2,0.4,2.4,0.6959307,2.199438,4.7,10.0,0.6594338000000001,2.146582,1,0,4.52706,0.232205,2,0,13,7,7.0,0,1.6666666666666667,1.3333333333333333,1.377526666666667,1.3389186666666664,8.333333333333334,10.333333333333334,2.0,1.0,2.104562,0.9974284000000001,7.0,10.6,2.0,1.0,1.8891240999999996,1.0208855,5.8,11.3,1.5814461999999998,1.1792126
2025-04-21,Tottenham,Nott'm Forest,1,2,P Bankes,1473.670420643846,1524.6348039389543,2.45,3.6,2.63,1,2,2.4024,0.557682,1,0,7,11,8.0,0,1.6666666666666667,2.0,1.8932033333333333,1.438213,4.666666666666667,15.666666666666666,1.4,2.0,1.687758,1.5159317999999997,4.4,14.4,1.5,1.4,1.5501735,1.5615919,5.3,12.8,1.705742,1.6446838,2,1,0.557682,2.4024,4,0,1,12,9.0,0,0.6666666666666666,1.0,0.6345673333333334,1.9202433333333329,2.6666666666666665,9.666666666666666,1.4,1.0,0.7424795999999998,1.4005606,2.8,10.2,1.8,1.6,1.2002206,1.7570669000000003,4.0,10.2,1.1976814,2.3296478
2025-04-22,Man City,Aston Villa,2,1,C Pawson,1661.8336599717334,1597.5932188628021,1.8,4.1,3.9,2,1,1.36232,1.85906,3,0,10,9,3.0,1,2.3333333333333335,0.6666666666666666,2.3883413333333334,1.1293600000000001,3.0,8.333333333333334,2.2,0.8,2.2526187999999996,1.1208022,3.6,9.2,1.7,1.2,1.7816448999999999,0.9886036,3.9,8.3,2.279566,0.903656,1,2,1.85906,1.36232,3,0,2,10,3.0,1,3.0,0.6666666666666666,2.89549,0.8839019999999994,8.333333333333334,6.666666666666667,2.6,0.4,2.238,0.7694916,6.0,7.2,1.9,1.2,1.9215256,1.4423971999999998,7.0,8.9,1.3825652000000002,1.5269376000000001
2025-04-23,Arsenal,Crystal Palace,2,2,M Salisbury,1689.3392228961052,1513.7354832767512,1.4,4.75,7.5,2,2,1.92149,2.50515,1,0,3,4,3.0,1,2.0,0.6666666666666666,1.6613630000000004,0.6700706666666666,11.0,9.0,1.8,0.6,1.5963408000000001,0.7476616,8.6,7.8,1.7,0.6,1.5783984,0.7561229,7.7,9.9,1.3339288000000002,0.817342,2,2,2.50515,1.92149,1,0,6,6,4.0,0,0.6666666666666666,3.3333333333333335,1.3504593333333335,2.530267666666667,4.333333333333333,14.666666666666666,1.0,2.4,1.0866206,1.9100734000000004,3.4,13.0,1.5,1.5,1.8811933,1.4607374,3.8,12.1,1.7119360000000001,1.8710668000000001
2025-04-26,Chelsea,Everton,1,0,C Kavanagh,1573.261846802196,1493.8961575968758,1.55,4.0,6.0,1,0,0.768313,0.916838,0,0,10,11,6.0,0,1.3333333333333333,1.0,1.7125300000000003,1.0901206666666667,8.333333333333334,10.666666666666666,1.0,0.8,1.3456111999999998,1.0737654000000003,6.6,10.4,1.3,1.0,1.5693464000000001,1.2272203000000002,6.5,11.2,2.07069,1.0292151999999999,0,1,0.916838,0.768313,0,0,2,11,7.0,0,0.6666666666666666,1.0,1.10198,1.2356463333333332,4.0,12.333333333333334,0.6,1.0,1.0636152,1.1040295999999998,4.6,12.0,1.1,1.2,1.2165439,1.1553917999999999,4.4,11.5,1.1831792,1.2360221999999998
2025-04-26,Brighton,West Ham,3,2,D England,1515.0238920881905,1455.9902677029725,1.67,4.2,4.75,3,2,1.29433,1.24134,1,0,8,7,7.0,0,1.6666666666666667,2.6666666666666665,2.0703766666666668,1.7945216666666663,5.0,11.0,1.4,2.6,1.7760658,1.7234270000000003,4.8,11.8,1.8,2.2,2.1349165,1.5898686999999998,4.2,11.4,2.1696338,1.250259,2,3,1.24134,1.29433,1,0,1,9,7.0,0,1.3333333333333333,1.6666666666666667,1.1193473333333328,1.433529,3.0,11.666666666666666,1.0,1.4,1.1209281999999998,1.3186354,3.2,11.0,0.9,1.1,1.1020103,1.3240805,3.4,10.9,1.1852437999999998,1.296982
2025-04-26,Newcastle,Ipswich,3,0,M Salisbury,1587.591855887699,1401.5471693689726,1.18,7.5,13.0,3,0,4.11539,0.127203,1,0,11,9,7.0,0,3.3333333333333335,1.6666666666666667,2.0798433333333333,2.0719193333333337,6.333333333333333,9.333333333333334,3.0,1.2,2.389296,1.6204686000000001,5.0,9.8,2.1,1.7,1.8878011000000001,1.6441479,4.6,10.9,2.38387,1.7377796,0,3,0.127203,4.11539,2,1,2,9,6.0,0,1.0,2.6666666666666665,0.8894150000000001,2.8436000000000003,2.6666666666666665,9.666666666666666,1.4,2.6,0.9203428,2.366878,3.4,9.6,1.2,2.4,1.0714717999999999,2.2036679999999995,3.3,10.8,1.2052608,2.468634
2025-04-26,Southampton,Fulham,1,2,T Harrington,1295.6853546553332,1512.7059043953952,5.25,4.0,1.6,1,2,0.935581,1.9956,1,0,0,10,7.0,0,0.6666666666666666,2.3333333333333335,0.7051906666666664,2.2104999999999997,2.6666666666666665,14.666666666666666,0.8,2.0,0.8169951999999998,1.6219956,3.0,14.0,0.8,2.5,0.7745806,2.5238128,3.2,12.6,0.7020449999999998,2.3370296,2,1,1.9956,0.935581,1,0,13,12,6.0,0,1.3333333333333333,1.6666666666666667,1.035264,1.3385999999999998,6.333333333333333,11.0,1.4,1.4,1.1175024,1.545268,5.8,11.2,1.4,1.4,1.1783469,1.3619974000000001,6.3,12.1,1.2531714,1.6519786
2025-04-26,Wolves,Leicester,3,0,S Barrott,1472.225106920819,1344.8133364930475,1.5,4.2,6.25,3,0,2.57666,1.04978,1,0,4,7,6.0,0,2.3333333333333335,1.0,1.742394666666666,1.2136286666666674,3.6666666666666665,15.333333333333334,2.0,0.8,1.3742984,1.3307112,2.6,15.0,1.6,0.9,1.3768886999999999,1.2695566,4.0,13.6,1.415245,1.3808358,0,3,1.04978,2.57666,4,0,2,17,6.0,0,0.6666666666666666,2.0,0.8570733333333328,3.8886566666666664,6.333333333333333,10.0,0.4,2.2,0.7961022,2.9753079999999996,5.0,8.8,0.2,2.4,0.5786822,2.524661,4.4,9.5,0.5868763999999999,2.4709740000000004
2025-04-27,Bournemouth,Man United,1,1,P Bankes,1506.158038574774,1491.8246657949192,1.67,4.0,4.5,1,1,0.60995,1.91039,4,1,5,11,8.0,0,1.0,0.6666666666666666,1.4901610000000005,0.7725599999999996,5.666666666666667,11.333333333333334,1.0,1.2,1.6987986,1.066704,5.8,12.2,1.1,1.4,1.6790683999999998,1.5060878,5.9,13.8,1.6327262,1.7822020000000003,1,1,1.91039,0.60995,2,0,10,12,7.0,0,0.3333333333333333,1.6666666666666667,1.0531326666666667,1.171336,5.333333333333333,11.0,0.8,1.2,1.2330395999999997,1.0661242000000002,6.0,10.2,1.0,1.4,1.2457553,1.4727421,6.2,9.8,1.1729146,1.7060886
2025-04-27,Liverpool,Tottenham,5,1,T Bramall,1713.8114213978731,1463.4104133051178,1.25,6.0,11.0,5,1,2.51104,0.512812,2,0,8,16,7.0,0,1.6666666666666667,1.3333333333333333,2.4541533333333336,1.1419416666666662,9.0,10.333333333333334,1.8,1.0,2.72992,0.9521054,8.8,9.6,1.9,1.0,2.0696401,0.878833,6.8,11.1,2.196802,0.8625584,1,5,0.512812,2.51104,1,0,2,9,6.0,0,2.0,2.3333333333333335,2.2264233333333334,1.1892969999999998,5.0,14.0,1.2,2.0,1.898132,1.1823962,5.2,13.6,1.5,1.4,1.6629305000000003,1.4768911,5.4,13.3,1.394605,1.4785
2025-05-01,Nott'm Forest,Brentford,0,2,D England,1534.8948112776825,1504.900488540345,2.15,3.5,3.25,0,2,0.670607,1.52054,3,0,4,10,10.0,0,1.0,1.3333333333333333,0.6497736666666668,2.0987499999999994,2.0,12.0,1.6,1.2,0.7537207999999999,1.7367937999999998,2.4,10.8,2.0,1.2,1.1563721999999999,1.7147669,3.2,10.2,1.2027598000000002,1.184486,2,0,1.52054,0.670607,5,0,5,12,12.0,0,1.6666666666666667,1.0,1.6349909999999996,1.162243,4.0,9.333333333333334,1.6,1.2,1.6080386,1.5559417999999998,4.0,9.4,1.4,1.0,1.5682416,1.2872361,4.6,8.7,1.5446886000000002,1.2923432
2025-05-02,Man City,Wolves,1,0,P Bankes,1668.402741075381,1477.2996610351488,1.4,4.75,7.5,1,0,0.859463,0.622455,0,0,4,7,10.0,0,3.0,1.0,2.6131500000000005,1.3379900000000002,5.333333333333333,8.333333333333334,2.2,0.6,2.1197988,1.0703761999999999,4.8,9.0,1.8,0.8,1.8435578,1.0213076,4.7,8.5,2.128022,1.2440258,0,1,0.622455,0.859463,0,0,5,11,6.0,0,2.6666666666666665,0.6666666666666666,1.6647479999999995,1.2727700000000006,2.3333333333333335,12.333333333333334,2.2,0.6,1.7814867999999997,1.2842472,3.2,13.8,1.7,0.9,1.4344087,1.3002537,3.9,12.3,1.3385324,1.1582774
2025-05-03,Aston Villa,Fulham,1,0,R Jones,1591.0241377591544,1518.4709685054138,1.77,3.75,4.5,1,0,1.29013,0.702787,0,0,5,6,11.0,0,2.6666666666666665,1.0,2.637346666666667,1.0154453333333329,7.666666666666667,7.666666666666667,2.6,0.8,2.350536,0.914407,5.4,8.2,2.0,1.2,2.0331506999999998,1.3784832,6.4,8.6,2.460486,1.3578568,0,1,0.702787,1.29013,5,0,3,17,7.0,0,1.0,1.3333333333333333,1.124584,1.181667,9.333333333333334,11.666666666666666,1.4,1.6,1.3086904000000001,1.4506542000000002,7.2,11.0,1.4,1.4,1.2170258999999999,1.3328395,6.9,11.8,1.3305294,1.5936628000000002
2025-05-03,Everton,Ipswich,2,2,L Smith,1487.7052835556601,1397.6424716324861,1.45,4.33,6.5,2,2,0.808481,1.14351,4,0,3,12,7.0,0,0.3333333333333333,1.0,0.9980093333333331,1.0240506666666667,3.6666666666666665,10.333333333333334,0.4,1.0,1.0091828,1.1544864,3.8,11.8,0.9,1.1,1.2171754,1.1393127999999997,4.4,11.7,1.2499086000000001,1.0747614,2,2,1.14351,0.808481,4,0,3,15,7.0,0,0.6666666666666666,3.0,0.6410306666666667,3.2788633333333337,2.0,8.666666666666666,1.0,2.4,0.8416155999999999,2.928512,2.6,10.6,1.1,2.5,0.8893471000000002,2.4976410000000002,3.4,10.6,1.1641286,2.71203
2025-05-03,Leicester,Southampton,2,0,D Webb,1339.7387823787176,1289.9202905453146,2.3,3.6,2.88,2,0,1.60739,0.550774,1,0,7,12,7.0,0,0.6666666666666666,2.0,1.088808333333333,3.6005066666666665,3.0,13.0,0.4,2.2,0.7451481999999999,3.262856,4.2,11.0,0.2,2.3,0.6389465999999999,2.471066,4.0,9.9,0.570488,2.5783479999999996,0,2,0.550774,1.60739,3,0,7,13,7.0,0,0.6666666666666666,2.0,0.7569046666666664,1.993033333333333,2.3333333333333335,11.333333333333334,0.8,2.0,0.7476914,1.912972,2.0,13.6,0.7,2.6,0.7505727,2.5285278,3.0,12.2,0.8471162,2.7105960000000002
2025-05-03,Arsenal,Bournemouth,1,2,J Gillett,1683.436250995254,1504.050609592287,2.05,3.7,3.4,1,2,2.05484,1.41783,0,0,2,7,10.0,0,2.3333333333333335,1.0,1.834159666666667,1.0955373333333334,9.333333333333334,6.0,2.0,1.0,1.8414937999999998,1.1914843999999998,8.2,6.6,1.4,0.7,1.6173454,0.9323188,7.5,9.7,1.4118228000000002,1.1697338,2,1,1.41783,2.05484,2,0,3,16,6.0,0,0.6666666666666666,0.3333333333333333,1.0439143333333336,1.1067459999999996,5.0,10.666666666666666,1.0,1.0,1.4153606,1.12814,6.0,11.8,1.2,1.3,1.5747904,1.4249368,6.1,13.4,1.7254106,1.2299736000000001
2025-05-04,Brentford,Man United,4,3,A Taylor,1517.4343172606139,1493.9320947774063,1.65,4.1,4.75,4,3,3.58737,1.13404,0,0,7,8,3.0,1,2.3333333333333335,1.0,1.688094333333333,0.8930153333333334,4.666666666666667,9.333333333333334,1.6,1.0,1.5915046,1.2846351999999999,4.4,10.4,1.6,0.8,1.5538205999999999,1.2597612999999999,4.1,9.5,1.5917946,1.2821289999999999,3,4,1.13404,3.58737,2,0,4,10,7.0,0,0.6666666666666666,2.0,1.2788726666666668,1.1453546666666665,7.0,10.666666666666666,0.4,1.4,1.3873335999999998,0.9272042,7.2,11.4,1.1,1.3,1.2860883,1.2891040999999999,6.1,9.8,1.2696885999999998,1.4338606
2025-05-04,Brighton,Newcastle,1,1,C Pawson,1521.7258699677377,1591.4965536241855,2.88,3.7,2.3,1,1,0.687863,1.63777,2,0,1,15,8.0,0,2.3333333333333335,2.6666666666666665,2.077733333333333,2.0603133333333328,6.333333333333333,9.0,1.6,2.6,1.6126938,1.566411,5.4,11.2,2.1,1.7,2.1887199,1.3072327,4.4,10.8,2.0147158,1.3685694,1,1,1.63777,0.687863,1,0,4,10,8.0,0,3.0,1.3333333333333333,2.5722066666666668,1.8521310000000002,7.666666666666667,10.0,3.2,1.0,2.759206,1.3395072000000001,6.4,9.2,2.3,1.5,2.1766241,1.4959872,5.3,10.8,1.3917322000000003,1.5505162
2025-05-04,West Ham,Tottenham,1,1,M Oliver,1449.2882898234252,1460.5411323698704,2.1,3.7,3.25,1,1,1.15166,0.847022,2,0,1,18,8.0,0,1.3333333333333333,2.0,1.2305166666666663,1.215409,2.0,10.333333333333334,1.2,1.8,1.2659903999999997,1.3397014,2.4,11.2,1.0,1.2,1.1074643000000002,1.3144475,3.2,10.8,1.0187768,1.3511790000000001,1,1,0.847022,1.15166,2,0,3,15,7.0,0,1.3333333333333333,3.6666666666666665,1.5146940000000002,1.7661639999999998,4.333333333333333,11.666666666666666,1.4,2.6,1.7189644000000002,1.4766721999999999,4.6,13.4,1.4,1.9,1.6196762,1.5615200999999999,5.3,13.1,1.3080964000000002,1.647758
2025-05-04,Chelsea,Liverpool,3,1,S Hooper,1579.4527208434117,1716.6807023331205,2.15,3.7,3.1,3,1,3.51944,1.4267,2,0,3,10,8.0,0,1.6666666666666667,1.0,1.4758710000000006,0.94199,9.666666666666666,10.333333333333334,1.2,0.6,1.4420665999999998,1.1179880000000002,7.8,10.0,1.2,0.9,1.5071117,1.2002241,7.1,11.2,1.9462206000000002,0.9752228000000001,1,3,1.4267,3.51944,2,0,6,11,7.0,0,2.6666666666666665,0.6666666666666666,2.822373333333333,0.7369989999999996,10.333333333333334,12.666666666666666,2.2,1.0,2.234136,0.9523546000000002,9.2,10.8,2.2,0.9,2.2278338,0.8390619000000001,7.3,10.7,1.9424781999999994,0.8951076
2025-05-05,Crystal Palace,Nott'm Forest,1,1,A Madley,1519.6384551776023,1522.3609825574135,2.25,3.4,3.2,1,1,2.34037,0.63684,3,0,7,9,12.0,0,0.6666666666666666,2.3333333333333335,1.7394826666666667,1.6383510000000001,5.0,11.333333333333334,1.2,2.6,1.4000986000000002,2.1569106,4.2,12.4,1.5,1.7,1.8870753,1.5021804,4.4,11.4,2.0504506,1.050408,1,1,0.63684,2.34037,8,0,4,15,4.0,0,0.6666666666666666,1.3333333333333333,0.5507460000000001,1.7277666666666665,2.0,10.333333333333334,0.8,1.2,0.6263981999999999,1.936734,2.6,10.2,1.3,1.4,0.8166629000000001,1.7911913000000002,3.2,10.4,1.1099846,2.2450478
2025-05-10,Southampton,Man City,0,0,T Robinson,1282.9798994723965,1672.2167492292328,11.0,7.5,1.2,0,0,0.136995,1.58463,2,0,1,9,7.0,0,0.6666666666666666,1.6666666666666667,0.8030773333333331,1.529073333333333,4.0,12.0,0.6,2.2,0.7203854,2.0468979999999997,3.0,13.4,0.6,2.5,0.7082083,2.4805448,3.3,12.2,0.6942775999999998,2.3187056,0,0,1.58463,0.136995,0,0,15,8,8.0,0,1.6666666666666667,0.3333333333333333,1.3672243333333336,1.0994483333333334,6.333333333333333,7.333333333333333,2.0,0.6,1.8773613999999998,1.1739190000000002,4.6,8.2,1.5,0.8,1.7175001,1.0678320000000001,4.4,8.7,1.2837238,1.0735512
2025-05-10,Ipswich,Brentford,0,1,S Barrott,1401.7116803295346,1525.0761607074116,5.0,4.0,1.65,0,1,0.717433,1.32077,2,0,5,6,7.0,0,0.6666666666666666,3.0,0.487864,2.5791636666666666,1.6666666666666667,11.333333333333334,1.0,2.6,0.7877915999999999,2.6909342,2.6,10.6,1.2,2.6,0.9704117,2.2886481,3.6,11.0,0.9376827999999999,1.938702,1,0,1.32077,0.717433,4,0,6,12,6.0,0,3.3333333333333335,1.6666666666666667,2.68769,1.015239,5.333333333333333,9.0,2.2,1.2,2.0025766,1.0582751999999997,4.8,9.6,1.9,1.1,1.7160585999999998,1.3058187,4.6,9.0,1.4557986000000003,1.2917714
2025-05-10,Bournemouth,Aston Villa,0,1,S Attwell,1520.0240482864272,1597.3838813979166,2.4,3.6,2.75,0,1,1.02272,1.12376,4,0,10,19,7.0,0,1.0,0.6666666666666666,0.8972910000000004,1.4343493333333328,4.0,12.333333333333334,1.2,0.8,1.2996526,1.2565819999999999,5.0,12.2,1.1,1.3,1.5078514,1.532979,5.8,13.5,1.4241702,1.6199000000000001,1,0,1.12376,1.02272,3,1,0,12,7.0,0,2.0,1.0,2.0676333333333337,1.1122889999999994,4.666666666666667,8.333333333333334,2.2,0.8,2.3671320000000002,0.9433626,6.4,7.2,2.0,1.1,1.8723227000000002,1.4154754999999999,5.3,8.5,1.6058154000000002,1.3991096000000003
2025-05-10,Wolves,Brighton,0,2,M Oliver,1473.485652881297,1522.0070187366132,2.7,3.5,2.5,0,2,0.73395,1.41254,1,0,7,8,8.0,0,1.3333333333333333,0.3333333333333333,1.128976333333333,1.0163010000000006,3.6666666666666665,12.0,2.0,0.8,1.6852598,1.1100258000000003,4.0,12.8,1.6,0.8,1.3913252,1.199442,4.1,12.1,1.530285,1.44223,2,0,1.41254,0.73395,1,0,4,12,6.0,0,2.0,2.3333333333333335,1.0744209999999998,1.9447566666666665,5.666666666666667,11.0,1.8,2.2,1.6386645999999998,1.6525349999999999,4.8,11.0,1.9,1.8,2.0506142,1.4060309,4.3,11.1,2.1001992,1.9294784
2025-05-10,Fulham,Everton,1,3,M Salisbury,1512.1112248666516,1483.6360748586117,1.82,3.4,4.5,1,3,1.20869,1.32604,1,0,5,15,7.0,0,1.0,1.3333333333333333,1.0015029999999998,0.992477,7.333333333333333,14.0,1.2,1.4,1.1608357999999999,1.2483022,7.0,12.4,1.2,1.4,1.0663116,1.4287224000000003,6.4,12.2,1.1035224,1.0720162,3,1,1.32604,1.20869,0,0,5,9,7.0,0,0.6666666666666666,1.6666666666666667,0.8473829999999998,1.2639043333333333,2.3333333333333335,10.0,0.8,1.2,1.0062518,1.1237523999999999,3.4,12.0,0.9,1.2,1.1964584999999999,1.0230177999999999,4.5,11.7,1.1634167999999998,0.9283927999999999
2025-05-11,Nott'm Forest,Leicester,2,2,T Harrington,1523.9947862619256,1346.6791734516357,1.33,5.25,8.0,2,2,1.76909,1.22949,3,0,4,11,6.0,0,1.0,1.3333333333333333,0.6217096666666667,2.0877699999999995,3.0,12.333333333333334,0.8,1.4,0.6513535999999999,2.031432,2.8,12.2,1.3,1.3,0.8472168,1.8042352999999998,3.2,11.1,0.5233412000000001,1.3373348,2,2,1.22949,1.76909,3,0,4,11,8.0,0,0.6666666666666666,1.3333333333333333,0.9631249999999995,2.551498,3.3333333333333335,13.333333333333334,0.8,1.8,1.0456779999999999,2.9586807999999998,5.6,11.8,0.4,2.1,0.7763647,2.3511434,4.4,10.2,0.7074052,2.363784
2025-05-11,Tottenham,Crystal Palace,0,2,C Kavanagh,1461.9350535740837,1518.0046514730902,2.63,3.6,2.5,0,2,0.806792,3.98546,1,0,4,12,7.0,0,1.0,2.6666666666666665,1.254078,1.4067939999999999,4.0,11.666666666666666,1.6,2.6,1.6078208,1.4461181999999997,4.0,13.2,1.4,2.0,1.5072694,1.5340341,4.6,13.3,1.931256,1.4752821999999999,2,0,3.98546,0.806792,1,0,8,10,6.0,0,1.0,1.0,1.7277793333333333,1.074141,6.0,9.333333333333334,1.0,2.6,1.7793796,2.0298266000000003,5.2,11.8,1.5,1.6,1.8904663,1.4642994,4.5,11.4,1.7237000000000002,1.9539528000000004
2025-05-11,Newcastle,Chelsea,2,0,J Brooks,1591.21540485531,1591.639621819968,2.1,3.75,3.1,2,0,1.6703,0.646426,4,0,2,9,7.0,0,1.6666666666666667,1.6666666666666667,2.34164,1.2895920000000005,7.333333333333333,10.333333333333334,2.8,1.2,2.398538,1.4061648000000002,6.8,9.4,2.4,1.2,2.32468,1.3527695,5.3,10.5,2.961516,1.4414582,0,2,0.646426,1.6703,2,1,8,13,7.0,0,2.0,0.6666666666666666,1.679824333333334,0.88322,5.666666666666667,10.0,1.6,0.8,1.8850685999999997,1.1227800000000001,7.6,10.6,1.5,0.7,1.7940768999999999,1.1360021,6.5,10.7,1.0680028,1.4252254
2025-05-11,Man United,West Ham,0,2,J Gillett,1486.2902513306085,1447.894368619212,1.9,3.6,4.0,0,2,2.31287,2.15985,0,0,8,3,7.0,0,1.3333333333333333,2.0,1.3946966666666667,1.461711333333333,7.666666666666667,11.0,1.0,2.0,1.2407655999999998,1.5422656,6.0,11.0,1.4,1.6,1.2568403,1.4507321000000002,6.0,9.9,1.318596,1.2393956,2,0,2.15985,2.31287,1,0,5,13,7.0,0,1.3333333333333333,1.6666666666666667,1.1257433333333327,1.0214096666666665,1.3333333333333333,13.666666666666666,1.4,1.8,1.1502084,1.2883878000000002,2.2,12.4,1.1,1.2,1.1552837,1.2026507,2.4,11.6,1.1961518,1.2777160000000003
2025-05-11,Liverpool,Arsenal,2,2,A Taylor,1704.4938013565643,1667.462812301114,2.0,3.6,3.6,2,2,2.74682,2.18795,1,0,3,13,7.0,0,2.3333333333333335,1.3333333333333333,2.8216,1.4214856666666662,9.0,11.333333333333334,2.2,1.6,2.26004,1.4916154,8.2,11.6,2.1,1.1,2.1837457999999996,1.0856769,7.5,10.3,2.325494,0.7544628,2,2,2.18795,2.74682,1,1,1,10,8.0,0,2.3333333333333335,1.3333333333333333,2.263316666666667,1.3719529999999998,5.666666666666667,6.0,1.8,1.2,1.7920838,1.1866384,7.6,7.6,1.3,0.9,1.6478294000000002,1.0507809,7.0,9.4,1.8228680000000002,0.6949038
2025-05-16,Aston Villa,Tottenham,2,0,P Bankes,1606.8846406290195,1451.8219323335184,1.3,6.0,8.5,2,0,1.69061,0.523016,1,0,9,5,6.0,0,1.0,0.6666666666666666,1.424316666666667,1.0292756666666663,2.3333333333333335,9.333333333333334,2.0,0.6,2.0651859999999997,0.9543686000000001,5.6,8.2,1.9,0.9,1.8824297,1.3134685000000001,4.7,8.9,2.13883,1.4318414000000002,0,2,0.523016,1.69061,2,0,1,12,5.0,0,0.6666666666666666,2.6666666666666665,0.7222086666666666,2.5493866666666665,3.0,12.0,1.0,2.8,1.2395792,2.0871223999999997,4.0,12.4,1.0,2.1,1.4292076000000002,1.8171910999999998,4.6,13.1,1.1600188,1.6473119999999999
2025-05-16,Chelsea,Man United,1,0,C Kavanagh,1583.3377399982955,1473.5315532324503,1.44,5.0,6.25,1,0,1.29571,0.337632,1,0,7,10,5.0,0,1.3333333333333333,1.0,1.644726333333334,1.3379459999999999,7.0,11.333333333333334,1.6,1.2,1.7186957999999997,1.1845940000000001,8.0,10.8,1.4,0.7,1.6413015000000002,1.0336191000000001,7.0,10.4,2.0536406,1.091555,0,1,0.337632,1.29571,6,0,2,14,5.0,0,1.3333333333333333,2.3333333333333335,1.7857666666666667,2.1190566666666664,7.333333333333333,8.333333333333334,1.0,2.4,1.4567055999999998,1.8366568,6.6,9.0,1.2,1.6,1.4235588,1.4562731,5.9,9.3,1.3673596,1.7304466
2025-05-18,Everton,Southampton,2,0,M Oliver,1496.1289404404447,1290.3669354585538,1.4,4.75,7.5,2,0,2.67793,1.05025,1,0,4,6,8.0,0,1.6666666666666667,1.3333333333333333,1.0171196666666666,1.040171,3.3333333333333335,10.666666666666666,1.2,1.2,1.0257098,1.0848703999999998,3.8,10.4,1.0,1.1,1.1186185,1.0793183,4.3,11.4,1.2295002000000002,1.1176428,0,2,1.05025,2.67793,1,0,5,10,8.0,0,0.3333333333333333,1.3333333333333333,0.5411166666666666,1.7292066666666663,2.6666666666666665,10.666666666666666,0.4,1.6,0.5916965999999999,1.834224,3.0,11.2,0.6,2.1,0.7064931000000001,2.1269897999999996,2.9,12.0,0.7221390000000001,2.642384
2025-05-18,West Ham,Nott'm Forest,1,2,S Barrott,1460.6530667173702,1518.0598048004283,2.75,3.3,2.55,1,2,0.850457,2.14756,6,0,8,14,7.0,0,1.6666666666666667,1.3333333333333333,1.5176166666666662,1.4847406666666665,2.3333333333333335,13.333333333333334,1.4,1.4,1.4006119999999997,1.3612238,2.4,12.4,1.2,1.2,1.2685847,1.2966737000000002,2.9,11.4,1.1144155999999998,1.1275854000000003,2,1,2.14756,0.850457,3,0,7,7,7.0,0,1.0,1.6666666666666667,1.0255123333333334,1.6967999999999996,4.0,12.0,1.0,1.4,0.8116335999999998,1.750632,2.8,11.4,1.2,1.1,0.7855228000000001,1.5813263000000002,3.0,10.9,1.1710924,2.2711358
2025-05-18,Brentford,Fulham,2,3,J Gillett,1533.2723394785876,1499.6183592848186,1.91,3.9,3.6,2,3,2.43045,1.61741,4,0,5,12,8.0,0,2.3333333333333335,1.0,2.1428933333333333,0.8406933333333333,6.0,10.666666666666666,2.4,1.2,1.9944846000000003,0.9061037999999997,5.4,9.6,1.6,1.1,1.6446706,1.3047719,4.6,9.2,1.9763186000000001,1.319866,3,2,1.61741,2.43045,4,0,3,8,8.0,0,1.0,1.6666666666666667,1.302359,1.183917,7.0,14.666666666666666,0.8,1.6,1.0570458,1.2322342000000002,7.2,13.4,1.3,1.5,1.1637546,1.4151234000000001,6.2,12.7,1.1841408,1.6658941999999999
2025-05-18,Leicester,Ipswich,2,0,A Kitchen,1352.614154913133,1393.5155015583587,2.3,3.6,2.9,2,0,0.788544,1.36957,1,0,2,15,7.0,0,1.3333333333333333,1.6666666666666667,1.295553333333333,1.6321746666666666,4.333333333333333,13.333333333333334,1.2,1.6,1.220661,2.6242767999999996,4.0,12.4,0.6,1.9,0.8265236,2.3245874,4.3,10.3,0.8453242,2.3385027999999997,0,2,1.36957,0.788544,0,0,2,12,8.0,0,0.6666666666666666,2.0,0.6627153333333333,2.081547,3.3333333333333335,10.0,0.8,2.4,0.756807,2.3931682000000003,2.8,9.4,1.1,2.3,0.926766,2.2619841000000003,3.7,10.1,1.1838346,2.5933222000000002
2025-05-18,Arsenal,Newcastle,1,0,S Hooper,1670.1851761478438,1599.5172866769824,1.95,3.7,3.7,1,0,1.15958,2.24634,3,0,10,9,7.0,0,1.6666666666666667,2.0,2.0547600000000004,2.2232666666666665,2.0,7.0,2.0,1.4,1.9490538000000002,1.4902524,6.2,7.0,1.5,1.0,1.7293604000000002,1.2227789,6.9,8.8,1.5482628,1.2479318,0,1,2.24634,1.15958,3,0,7,9,7.0,0,2.0,0.3333333333333333,2.4744866666666665,0.4871640000000003,5.666666666666667,9.333333333333334,2.4,1.0,2.204938,1.3781364,5.8,9.8,2.2,0.9,2.145852,1.1788091,4.8,10.3,1.6878440000000001,1.2640808
2025-05-19,Brighton,Liverpool,3,2,J Brooks,1532.3372802313456,1701.7714375098344,2.6,3.75,2.45,3,2,2.17789,3.065,1,0,3,9,9.0,0,2.0,1.0,1.1315776666666666,1.204353333333333,4.333333333333333,11.333333333333334,2.0,1.8,1.6667206,1.7105320000000002,4.8,10.8,1.7,1.8,1.6798502,1.4640112,4.1,11.1,1.6364344,1.3557853999999998,2,3,3.065,2.17789,0,0,3,8,8.0,0,2.6666666666666665,2.0,2.228186666666667,2.0734006666666662,5.666666666666667,13.333333333333334,2.2,1.4,2.528128,1.5836773999999998,8.0,12.4,2.1,1.1,2.2541488,1.2022029,7.0,11.0,2.0419975999999993,1.4168910000000001
2025-05-20,Crystal Palace,Wolves,4,2,D Webb,1528.1177727136555,1463.1553913865646,2.25,3.3,3.2,4,2,1.68451,1.42886,1,0,0,14,9.0,0,1.6666666666666667,1.0,2.94366,1.1217073333333332,7.0,8.333333333333334,1.0,1.6,2.3088556000000002,1.2717370000000001,6.0,10.6,1.5,1.6,2.1428093,1.5215526000000001,4.6,11.7,2.0572326,0.9746459999999999,2,4,1.42886,1.68451,2,0,10,8,10.0,0,1.0,1.0,1.3110216666666663,1.1072610000000005,5.333333333333333,8.666666666666666,1.6,1.0,1.2701297999999999,1.2180626,3.8,11.2,1.5,1.0,1.2545962,1.2777268999999998,4.1,12.0,1.2523654,0.956654
2025-05-20,Man City,Bournemouth,3,1,T Bramall,1664.8297132430755,1510.5232890553243,1.55,4.33,5.75,3,1,1.59779,0.962014,1,1,3,7,10.0,0,1.0,0.3333333333333333,1.2688043333333336,0.8728366666666667,9.666666666666666,8.0,2.0,0.6,2.0567086,0.954684,7.0,8.0,1.5,0.6,1.8177150999999998,1.0008257,5.2,9.2,2.1834186000000004,1.2071052,1,3,0.962014,1.59779,3,1,1,13,10.0,0,1.0,1.0,1.0168333333333335,1.6963299999999994,6.0,15.333333333333334,0.8,0.6,1.1144586,1.2997676,5.6,13.4,1.1,1.3,1.5471542999999999,1.435231,6.2,13.7,1.5915325999999999,1.446058
2025-05-25,Southampton,Arsenal,1,2,D Bond,1286.8066200857845,1676.5920845971784,8.5,6.0,1.3,1,2,0.598144,2.40711,0,0,5,7,7.0,0,0.0,1.3333333333333333,0.5793396666666665,1.9566499999999998,4.333333333333333,10.666666666666666,0.4,1.4,0.7192953999999999,1.769956,3.6,11.0,0.6,1.9,0.7270141999999999,2.0965488,3.2,12.1,0.6908471999999999,1.6115956,2,1,2.40711,0.598144,0,0,8,8,7.0,0,1.3333333333333333,1.3333333333333333,1.8007900000000003,2.1369966666666667,4.333333333333333,8.666666666666666,2.0,1.2,2.027496,1.8218038,5.6,7.4,1.6,1.0,1.7135524,1.3965518,6.8,8.0,1.9104579999999998,1.197626
2025-05-25,Tottenham,Brighton,1,4,R Jones,1447.3262478250265,1545.386859270366,4.2,4.33,1.7,1,4,1.85265,3.11624,3,0,2,13,9.0,0,0.3333333333333333,1.6666666666666667,0.72561,2.2759099999999997,2.6666666666666665,13.0,0.6,2.4,1.0184084,1.9792904,3.4,11.8,1.0,2.2,1.3530832,1.7476110999999999,3.9,13.1,1.6983964,1.9870701999999998,4,1,3.11624,1.85265,1,0,11,8,6.0,0,2.0,1.0,1.4260976666666665,1.8122399999999994,2.6666666666666665,12.0,2.2,1.8,1.3627385999999997,1.926644,4.8,10.8,1.8,1.9,1.6397122,1.6003422,4.3,10.8,2.231448,1.2627283999999999
2025-05-25,Ipswich,West Ham,1,3,T Robinson,1384.0646519714699,1450.5784280255384,3.0,3.8,2.2,1,3,0.893095,0.967379,1,0,4,10,7.0,0,0.6666666666666666,1.6666666666666667,1.0768376666666668,0.9725983333333336,3.3333333333333335,11.0,0.4,2.4,0.710119,1.9693610000000004,2.4,10.4,0.9,2.2,0.959225,2.2006365000000003,3.3,9.7,0.6914794,1.9677239999999998,3,1,0.967379,0.893095,1,0,0,9,7.0,0,1.3333333333333333,1.0,1.3873223333333329,1.7691506666666665,4.666666666666667,15.0,1.4,1.4,1.2775074,1.5049318,3.4,13.6,1.1,1.4,1.1831934,1.4824719,3.4,11.6,1.4227538,1.4657620000000002
2025-05-25,Liverpool,Crystal Palace,1,1,D England,1688.7218584708141,1534.6685337460112,1.4,6.0,5.75,1,1,1.92122,1.4144,1,1,11,7,6.0,0,1.6666666666666667,2.6666666666666665,2.4128400000000005,2.6284266666666665,4.0,10.666666666666666,2.2,1.8,2.855324,1.7260593999999998,6.6,11.0,2.1,1.4,2.479943,1.3617439,6.8,10.8,2.5948040000000003,1.1002888,1,1,1.4144,1.92122,0,0,0,10,5.0,0,2.3333333333333335,1.0,2.670113333333333,0.9574973333333334,5.0,11.0,1.8,1.0,2.1706616,1.0916150000000002,5.2,10.4,1.5,1.7,1.9087383,1.5977169,4.3,11.2,2.2283859999999995,2.0684592000000004
2025-05-25,Fulham,Man City,0,2,A Madley,1512.2504926979614,1669.3405884967274,5.0,4.2,1.6,0,2,2.21797,2.45923,0,0,1,11,7.0,0,1.3333333333333333,2.0,1.1762956666666666,1.6822066666666666,3.6666666666666665,13.333333333333334,1.4,1.8,1.1661218,1.3467841999999999,6.0,13.0,1.4,1.6,1.1820226,1.5652711,6.0,12.0,0.9032744000000001,1.270964,2,0,2.45923,2.21797,0,0,6,5,5.0,0,1.3333333333333333,0.3333333333333333,1.3472943333333338,0.5738213333333335,7.333333333333333,7.333333333333333,1.6,0.4,1.4568186,0.8794708,7.4,7.4,1.7,0.7,1.7388531,0.9686010999999999,5.2,8.4,1.4520116,0.7945462
2025-05-25,Newcastle,Everton,0,1,T Harrington,1593.1103782276477,1499.689255813214,1.33,5.5,8.5,0,1,1.1591,1.07279,1,0,12,12,7.0,0,1.0,0.6666666666666666,1.85147,0.831289666666667,4.333333333333333,9.333333333333334,1.4,1.2,2.188312,1.1349564,6.2,9.8,2.2,0.8,2.324604,1.1547401000000002,5.3,10.1,2.60386,1.0935374,1,0,1.07279,1.1591,4,0,3,9,7.0,0,2.3333333333333335,1.0,1.6041503333333331,1.1341499999999998,4.0,9.0,1.4,1.2,1.3092238000000003,1.2101305999999998,3.2,9.0,1.1,1.0,1.2414565,1.0503342999999998,4.2,11.4,1.1387148,0.9021128
2025-05-25,Nott'm Forest,Chelsea,0,1,A Taylor,1528.13444349226,1588.8055699917327,3.0,3.75,2.2,0,1,1.58014,1.30874,2,0,7,10,7.0,0,1.6666666666666667,1.3333333333333333,1.51783,1.4734389999999997,5.0,11.0,1.4,1.4,1.1563557999999996,1.6686514,4.0,11.0,1.4,1.2,0.9494177,1.534606,3.4,10.6,0.7754369999999999,1.3197008,1,0,1.30874,1.58014,2,0,4,11,9.0,0,1.3333333333333333,1.0,1.820525333333334,1.1448773333333333,6.0,11.0,1.4,0.8,1.3963217999999997,0.9315184000000002,6.4,10.6,1.1,0.7,1.4726385,0.9828784,7.3,10.8,1.0673304,1.3455014
2025-05-25,Man United,Aston Villa,2,0,T Bramall,1468.0637232390131,1611.3803251375114,4.33,4.2,1.7,2,0,2.96259,0.335222,2,0,4,10,9.0,0,1.0,2.3333333333333335,1.2615140000000002,2.347643333333333,4.666666666666667,9.0,0.8,1.8,1.3669183999999999,1.5681387999999998,6.6,10.0,0.9,1.5,1.3171199999999998,1.4813461,5.6,9.8,1.479758,1.1820995999999997,0,2,0.335222,2.96259,2,1,3,10,9.0,0,1.3333333333333333,0.0,1.368166666666667,0.7495076666666661,4.666666666666667,7.666666666666667,1.8,0.6,1.803454,0.9765206000000001,4.6,8.4,1.9,0.8,1.7820776999999999,1.1483521,5.4,7.9,1.697124,0.7986096000000001
2025-05-25,Bournemouth,Leicester,2,0,L Smith,1506.0124138016724,1362.0650045000218,1.33,5.25,8.5,2,0,2.72449,0.156702,0,0,6,19,5.0,0,1.0,1.6666666666666667,1.1341880000000004,1.5921299999999998,4.666666666666667,16.0,0.8,1.2,0.9353214000000001,1.4049196,4.6,13.8,1.1,1.4,1.4731866999999998,1.3370830000000002,5.4,13.6,1.5027760000000001,1.424404,0,2,0.156702,2.72449,2,0,1,16,7.0,0,2.0,0.6666666666666666,1.2084746666666664,1.2298113333333334,4.333333333333333,12.666666666666666,1.2,1.2,0.9814817999999998,2.1586307999999996,3.2,13.2,0.8,1.7,0.8764201999999999,2.2911074,4.2,11.2,0.8953876,2.376728
2025-05-25,Wolves,Brentford,1,1,C Pawson,1456.604630354209,1520.6402060654448,2.7,3.7,2.45,1,1,1.10889,1.97196,2,0,8,7,5.0,0,0.6666666666666666,2.3333333333333335,0.9284216666666664,1.3188376666666672,7.333333333333333,9.0,1.2,1.4,1.1099477999999998,1.2291906000000001,5.6,10.4,1.6,1.2,1.3045849,1.3027048999999997,4.4,12.0,1.4912804,1.437792,1,1,1.97196,1.10889,1,0,3,9,7.0,0,2.3333333333333335,2.0,2.4461966666666664,1.1562943333333333,6.0,10.666666666666666,2.6,1.6,2.362858,1.0761119999999997,5.4,10.2,1.7,1.3,1.7537066,1.3215579000000002,4.9,10.1,1.3130226,1.2896778000000002
2025-08-15,Liverpool,Bournemouth,4,2,A Taylor,1683.2378256053976,1510.7350118383738,1.3,6.0,8.5,4,2,2.33007,1.57303,1,0,6,7,82.0,0,1.6666666666666667,2.0,2.5776800000000004,1.9267466666666664,5.666666666666667,9.333333333333334,2.2,2.0,2.334156,1.9624983999999999,6.2,11.0,2.0,1.5,2.5320379999999996,1.4573018999999998,7.5,10.3,1.981056,1.2808556,2,4,1.57303,2.33007,2,0,7,10,82.0,0,1.0,1.3333333333333333,1.5697413333333337,0.9594173333333328,5.666666666666667,17.0,1.2,1.2,1.3474008,1.3686964,5.0,15.6,1.1,1.2,1.5230997,1.2177002,5.4,13.9,1.4435974,1.249762
2025-08-16,Aston Villa,Newcastle,0,0,C Pawson,1599.0272147132594,1578.960833469963,2.25,3.5,2.9,0,0,0.318601,1.40098,1,1,3,13,83.0,0,1.0,0.6666666666666666,1.0498640000000004,1.502775333333333,4.0,9.0,1.0,0.8,1.2597564,1.3146866,3.8,8.6,1.8,0.6,1.7488782,1.0420891,4.9,7.9,2.2724140000000004,1.1278866,0,0,1.40098,0.318601,1,0,6,11,83.0,0,0.6666666666666666,0.6666666666666666,1.6919133333333332,0.9595986666666669,7.0,10.0,1.2,0.6,2.1657799999999994,0.7387724,7.2,9.8,2.1,0.9,2.2775380000000003,1.1796205,6.1,9.8,2.0453479999999997,1.2159428
2025-08-16,Brighton,Fulham,1,1,S Barrott,1554.2957479886425,1504.9744316179795,1.91,3.6,4.0,1,1,1.44008,0.902883,3,0,4,16,83.0,0,3.0,1.0,2.2355566666666666,1.8838666666666661,6.0,9.666666666666666,2.6,1.2,1.7377726,1.7061420000000003,5.4,10.2,2.0,1.9,1.7569192,1.7147845,5.1,11.0,1.6831783999999999,1.82714,1,1,0.902883,1.44008,3,0,3,15,83.0,0,1.3333333333333333,2.3333333333333335,1.6813566666666668,2.0719066666666666,3.0,11.333333333333334,1.2,1.8,1.5484914,1.6882861999999998,5.0,12.6,1.3,1.6,1.3329969,1.6167771000000002,5.4,11.9,1.3659773999999998,1.7631502000000001
2025-08-16,Tottenham,Burnley,3,0,M Oliver,1438.41735910675,1376.4153070448717,1.38,4.75,8.5,3,0,1.97858,0.734138,0,0,6,14,83.0,0,0.3333333333333333,2.6666666666666665,1.0608193333333333,2.9307700000000003,2.3333333333333335,12.333333333333334,0.6,2.8,0.9084584,2.4910019999999995,2.4,12.2,0.9,2.4,1.4032952,1.8366991,3.8,12.9,1.8120744000000002,2.1330362000000003,0,3,0.734138,1.97858,0,0,5,8,454.0,0,1.0,2.6666666666666665,1.1062903333333336,2.9461433333333336,3.6666666666666665,11.0,1.0,2.0,1.4133962,2.557969,4.0,12.4,1.2,1.7,1.4223071,2.2051699,4.5,12.4,1.2357522,2.6129528
2025-08-16,Wolves,Man City,0,4,J Gillett,1456.7207783367908,1676.6166495767093,6.25,4.75,1.45,0,4,0.519436,2.29903,1,0,4,13,83.0,0,1.0,2.3333333333333335,1.0905666666666665,1.6896700000000007,8.333333333333334,7.666666666666667,1.2,1.6,1.2941629999999997,1.3956506000000002,6.8,8.2,1.6,1.2,1.3342307,1.3631809000000001,4.7,11.6,1.550572,1.558744,4,0,2.29903,0.519436,2,0,6,7,83.0,0,1.6666666666666667,0.3333333333333333,1.8805500000000004,1.105659666666667,8.0,6.666666666666667,1.6,0.4,1.5726866000000002,1.1596988,7.6,7.2,1.9,0.6,1.9126527000000002,1.1402505,5.6,8.2,1.4665756,0.9812882
2025-08-17,Chelsea,Crystal Palace,0,0,D England,1598.786253442343,1540.1525666114278,1.62,4.33,4.5,0,0,1.36793,1.03414,2,0,11,10,84.0,0,0.6666666666666666,0.6666666666666666,1.0836253333333339,1.1960240000000002,6.333333333333333,11.333333333333334,1.2,0.6,1.5077257999999998,1.186322,6.4,11.0,1.1,0.7,1.4266685,1.1300437,6.5,10.7,1.9590945999999998,1.1373840000000002,0,0,1.03414,1.36793,3,0,2,12,84.0,0,2.3333333333333335,1.0,2.3614566666666668,1.385624,2.6666666666666665,11.333333333333334,2.0,1.2,2.385978,1.3430404,4.2,9.8,1.5,1.8,1.7362993,1.6265569000000002,3.8,11.4,2.323714,2.3152424000000003
2025-08-17,Nott'm Forest,Brentford,3,1,P Bankes,1518.1537600416498,1520.524058082863,2.2,3.3,3.5,3,1,1.7555,1.32516,1,0,5,7,84.0,0,1.3333333333333333,1.3333333333333333,1.8322633333333334,1.129562333333333,6.0,9.333333333333334,1.0,1.4,1.3608473999999997,1.4499194,5.2,10.6,1.3,1.3,1.0572841,1.5933566,3.8,10.7,0.9911698000000001,1.4372019999999999,1,3,1.32516,1.7555,2,0,5,15,84.0,0,1.3333333333333333,1.3333333333333333,1.9077266666666663,1.147911,4.666666666666667,11.0,2.0,1.4,2.1662179999999998,1.0496759999999996,5.2,10.6,1.8,1.3,1.8871282999999999,1.3028089,4.6,10.0,1.3867726,1.1060278
2025-08-17,Man United,Arsenal,0,1,S Hooper,1480.4168336632652,1679.1978831271663,3.6,3.6,1.95,0,1,1.37653,1.3304,1,0,3,10,84.0,0,0.6666666666666666,1.0,1.8710306666666667,1.2635939999999999,4.666666666666667,9.0,1.2,1.6,1.7315044,1.5976203999999998,5.6,9.8,1.0,1.4,1.482272,1.3318723000000001,5.8,10.0,1.7918720000000001,1.0401479999999999,1,0,1.3304,1.37653,4,0,4,19,84.0,0,1.6666666666666667,1.0,1.9182133333333333,1.8637679999999996,6.333333333333333,9.0,1.6,1.4,1.9461939999999998,1.9028568,4.8,7.6,1.7,1.0,1.7712674,1.3252592,6.7,7.7,2.128348,1.2155326
2025-08-18,Leeds,Everton,1,0,C Kavanagh,1402.1738673739962,1513.8388005708987,2.38,3.3,3.0,1,0,2.3812,0.674338,0,0,7,6,813.0,0,1.3333333333333333,3.0,1.284336,2.288113333333333,6.333333333333333,11.333333333333334,1.2,3.0,1.0661684,2.443258,5.2,12.8,1.2,3.0,1.3122822,2.2235407,5.2,12.1,1.498372,2.47038,0,1,0.674338,2.3812,2,0,2,8,85.0,0,2.0,0.3333333333333333,1.6922533333333334,1.1393466666666665,4.0,8.0,1.6,0.8,1.3604158000000002,1.0659725999999998,3.4,9.4,1.1,0.9,1.2120155,1.0850011,4.0,10.7,1.0798328,0.9714463999999999
2025-08-22,West Ham,Chelsea,1,5,M Oliver,1453.1818952499937,1595.4984942820754,4.75,3.8,1.73,1,5,0.978572,3.94997,0,0,7,7,6.0,0,1.3333333333333333,2.0,0.7922613333333327,1.2550076666666665,5.0,11.0,1.4,1.4,1.1376587999999996,1.384983,4.2,12.8,1.3,1.6,1.2018246,1.3623422,3.3,12.0,0.9436329999999999,1.4991818000000001,5,1,3.94997,0.978572,1,0,5,10,5.0,0,0.6666666666666666,0.0,1.3241266666666673,0.9839706666666667,7.333333333333333,10.333333333333334,1.0,0.6,1.6276491999999998,1.2097824000000004,6.6,10.8,1.1,0.6,1.5348579,1.1638852,7.2,10.4,0.8942423999999999,1.1227034
2025-08-23,Man City,Tottenham,0,2,P Bankes,1682.314036476049,1445.0434076408858,1.48,4.5,6.25,0,2,1.2475,1.28015,1,0,7,7,7.0,0,3.0,0.3333333333333333,2.1186833333333337,1.2331400000000003,5.0,6.333333333333333,2.0,0.2,1.7600286,0.8917740000000001,6.8,6.8,2.1,0.4,1.9399137,0.9810751,5.8,7.9,2.0976926000000002,0.9772699999999999,2,0,1.28015,1.2475,4,0,2,12,7.0,0,1.3333333333333333,2.0,1.4514153333333333,1.8469959999999999,3.0,13.0,1.0,1.8,1.201612,2.1356215999999995,3.2,13.2,1.2,2.2,1.4602882000000001,1.8061469000000003,3.9,13.3,0.982892,1.7775020000000001
2025-08-23,Bournemouth,Wolves,1,0,T Bramall,1506.5795253481429,1451.023391437451,1.8,3.8,4.2,1,0,1.78462,0.373367,2,0,8,13,8.0,0,1.6666666666666667,2.3333333333333335,1.7531780000000003,1.3615206666666662,4.666666666666667,14.0,1.4,1.8,1.5400167999999999,1.4526324000000002,5.4,15.4,1.2,1.4,1.4776887,1.2903862,5.7,13.6,1.642246,1.1351024,0,1,0.373367,1.78462,4,1,3,16,7.0,0,1.0,3.0,1.0190619999999997,1.9851666666666674,7.333333333333333,9.333333333333334,0.6,2.4,0.8827181999999999,1.6455006,6.8,9.4,1.4,1.5,1.3321025,1.4648739000000002,5.0,11.6,1.1178894,1.1676178
2025-08-23,Brentford,Aston Villa,1,0,T Harrington,1512.167727510745,1596.7626656053767,3.1,3.6,2.2,1,0,1.12964,0.976852,1,0,2,11,6.0,0,1.3333333333333333,2.3333333333333335,1.9091899999999997,1.4939333333333333,4.333333333333333,12.0,1.8,2.0,2.127142,1.2666545999999999,5.2,11.2,1.7,1.5,1.8593232999999998,1.2756448999999999,4.8,10.8,2.1943906,1.3534380000000001,0,1,0.976852,1.12964,2,0,9,9,7.0,0,0.6666666666666666,0.6666666666666666,0.7814776666666671,1.6288619999999991,5.0,9.333333333333334,0.8,0.4,0.9516646,1.3224186,4.0,9.2,1.7,0.6,1.6511003000000002,1.1184128,4.7,8.7,1.5048924,1.2635790000000002
2025-08-23,Arsenal,Leeds,5,0,J Gillett,1685.4031521211484,1413.6500389456855,1.27,6.25,9.5,5,0,2.73761,0.156761,0,0,2,8,6.0,0,1.3333333333333333,0.3333333333333333,1.6323633333333334,1.4070046666666665,7.333333333333333,12.0,1.4,1.0,1.827976,1.6771328,5.0,10.6,1.7,1.0,1.8347349000000002,1.4343086,6.6,8.6,1.6410338000000002,1.6399926,0,5,0.156761,2.73761,2,0,2,11,5.0,0,1.0,2.3333333333333335,1.4061793333333334,1.7291659999999995,8.0,8.0,1.2,2.2,1.2750264000000002,2.0746796,5.4,11.2,1.1,2.9,1.3071542,2.2295828,4.8,11.6,0.7392182,2.513014
2025-08-24,Crystal Palace,Nott'm Forest,1,1,A Taylor,1543.4403257716954,1526.5100906137677,2.35,3.3,3.1,1,1,1.10188,1.32987,3,0,1,11,7.0,0,1.6666666666666667,1.0,1.3776833333333334,1.5726699999999998,0.6666666666666666,12.0,1.6,0.8,2.091776,1.2323283999999999,3.4,11.0,1.4,1.7,1.7459373,1.6946195,3.8,11.7,1.5890906,1.1269746,1,1,1.32987,1.10188,3,0,3,11,7.0,0,1.6666666666666667,1.0,1.8277333333333334,1.1614523333333329,6.333333333333333,8.0,1.6,1.2,1.5778259999999997,1.4108433999999999,5.4,10.0,1.2,1.2,1.1021121,1.6737887,4.0,10.1,1.1233984,1.7495112000000002
2025-08-24,Everton,Brighton,2,0,S Attwell,1502.3626289992094,1551.2491150184294,3.1,3.3,2.3,2,0,1.80116,2.08487,4,0,2,7,6.0,0,1.0,0.3333333333333333,1.475019333333333,1.5301833333333335,3.0,7.666666666666667,1.6,0.8,1.3119158,1.38855,3.4,8.8,1.0,0.9,1.1605493,1.2715181999999998,3.6,10.3,1.3441982000000001,1.1985558,0,2,2.08487,1.80116,3,0,2,15,8.0,0,2.6666666666666665,1.3333333333333333,2.244736666666667,1.9401776666666661,6.0,11.0,2.2,1.0,1.7669226000000002,1.6384506,4.6,12.0,1.9,1.8,1.6898081999999999,1.6024307999999998,5.0,11.6,1.83066,1.602429
2025-08-24,Fulham,Man United,1,1,C Kavanagh,1508.0210645881925,1474.211564669283,3.25,3.5,2.15,1,1,1.65333,1.54603,1,0,9,12,8.0,0,1.3333333333333333,1.6666666666666667,1.579421,2.1099200000000002,2.3333333333333335,11.333333333333334,1.0,1.8,1.3299480000000001,1.7891860000000002,3.0,13.2,1.2,1.7,1.3193192,1.6199201000000003,5.1,12.1,1.3000164,1.4704039999999998,1,1,1.54603,1.65333,1,0,6,10,7.0,0,0.6666666666666666,0.6666666666666666,1.5589173333333335,0.9871106666666666,3.0,11.333333333333334,1.0,1.6,1.6247323999999999,1.7417103999999999,4.2,9.4,0.7,1.5,1.506033,1.3344573,5.7,10.4,1.2071020000000001,1.7286785999999998
2025-08-25,Newcastle,Liverpool,2,3,S Hooper,1581.2253825778457,1687.3933120956285,3.25,3.8,2.05,2,3,1.96342,0.646559,2,1,7,17,9.0,0,0.0,0.6666666666666666,1.6021400000000001,0.850323666666667,8.333333333333334,10.666666666666666,0.6,0.6,1.6228979999999997,0.777052,6.2,10.2,1.9,0.8,2.191052,1.0582796,6.3,9.7,2.3825119999999997,1.0016934,3,2,0.646559,1.96342,3,0,1,15,10.0,0,2.3333333333333335,2.0,2.4387633333333336,1.721773333333333,6.666666666666667,7.333333333333333,2.0,2.2,2.297962,2.1745419999999998,5.8,9.2,2.1,1.6,2.2660489999999998,1.5634483000000001,7.5,10.0,2.2464395999999995,1.6479309999999998
2025-08-30,Sunderland,Brentford,2,1,A Taylor,1495.0169155117865,1522.8744466210023,3.0,3.3,2.4,2,1,1.57127,1.44604,3,0,3,11,7.0,0,1.5,1.0,0.9228190000000001,0.781379,4.0,6.5,1.5,1.0,0.9228190000000001,0.781379,4.0,6.5,1.5,1.0,0.9228190000000001,0.781379,4.0,6.5,0.724368,0.558948,1,2,1.44604,1.57127,2,0,4,12,7.0,0,1.0,1.3333333333333333,1.4755866666666664,1.2804140000000002,3.3333333333333335,11.666666666666666,1.2,1.4,1.635596,1.235217,4.2,11.8,1.7,1.3,1.8190863,1.1467461,4.5,10.7,1.3454026000000003,1.0039598
2025-08-30,Chelsea,Fulham,2,0,R Jones,1603.172590887368,1505.384765566613,1.55,4.33,5.25,2,0,2.4324,0.736228,2,0,6,11,8.0,0,2.0,0.3333333333333333,2.2088800000000006,1.1976173333333333,6.666666666666667,10.333333333333334,1.4,0.6,1.7137552,1.1201568000000002,7.0,10.8,1.5,0.7,1.7994118999999997,1.1214684,7.3,10.7,1.9717945999999997,1.0636640000000002,0,2,0.736228,2.4324,2,0,4,17,6.0,0,0.6666666666666666,1.3333333333333333,1.5913943333333336,1.8151133333333334,4.333333333333333,12.666666666666666,1.2,1.8,1.5200566000000002,1.8403660000000002,4.2,12.2,1.2,1.6,1.3404462000000001,1.5443341,5.6,12.3,1.2581419999999999,1.5907882
2025-08-30,Man United,Burnley,3,2,S Barrott,1476.8478636908626,1381.9814161920601,1.33,5.25,8.0,3,2,4.02237,1.32618,1,0,7,9,6.0,0,1.0,0.6666666666666666,1.9617166666666668,1.1063173333333332,4.333333333333333,10.0,0.6,1.0,1.7071303999999998,1.3549023999999998,4.6,9.4,0.8,1.5,1.473948,1.4485839999999999,5.3,10.2,1.804964,0.9402359999999998,2,3,1.32618,4.02237,5,0,1,9,7.0,0,1.0,1.6666666666666667,0.9400560000000002,1.5598233333333338,4.333333333333333,9.333333333333334,1.0,2.2,1.0113638,2.387656,4.0,10.0,1.0,1.7,1.2381949000000003,2.2026179,4.5,10.9,1.2063178,2.6338408
2025-08-30,Wolves,Everton,2,3,M Oliver,1444.231917662394,1512.0428654055984,2.7,3.2,2.75,2,3,0.943257,2.03791,0,0,2,15,7.0,0,0.3333333333333333,2.0,0.6672309999999997,2.0185366666666673,5.0,12.0,0.6,2.4,0.8329006,1.8305320000000003,6.4,10.4,1.3,1.6,1.2590802,1.4702789,5.2,11.6,1.4337412,1.672436,3,2,2.03791,0.943257,1,0,2,10,6.0,0,1.0,0.3333333333333333,1.1827626666666664,1.8750566666666666,2.3333333333333335,8.0,1.6,0.4,1.5104516000000001,1.576822,3.2,7.8,1.2,0.8,1.2583517,1.3502872,3.3,9.9,1.0500732,1.1882504
2025-08-30,Leeds,Newcastle,0,0,P Bankes,1411.069802667716,1572.5464359905357,3.5,3.4,2.1,0,0,0.6773,0.303635,1,0,5,10,7.0,0,0.6666666666666666,3.0,1.243157,1.8150326666666665,7.0,8.0,1.0,2.8,1.2781938,2.0552576,5.6,10.2,1.0,2.9,1.2207553,2.1806568000000004,4.8,11.6,1.7704619999999998,1.9598735999999999,0,0,0.303635,0.6773,1,0,5,15,5.0,0,0.6666666666666666,1.3333333333333333,1.5078333333333334,0.6793166666666669,8.333333333333334,13.333333333333334,0.8,1.0,1.6880279999999999,0.7687911999999999,6.8,11.6,1.8,1.1,2.0432829999999997,1.0874780000000002,6.8,10.5,1.9995919999999998,1.1148658
2025-08-30,Tottenham,Bournemouth,0,1,S Hooper,1461.9833156899952,1513.3709991232,1.73,4.2,4.2,0,1,0.17067,2.1201,2,0,0,17,7.0,0,2.0,1.3333333333333333,1.7037933333333333,1.6992926666666666,3.3333333333333335,13.0,1.2,1.6,1.2882376,2.1547896,3.0,12.6,1.4,2.1,1.4480292000000001,1.8004538999999997,3.5,12.9,1.9376844000000002,1.8347918,1,0,2.1201,0.17067,4,0,8,13,7.0,0,1.6666666666666667,1.3333333333333333,2.0273800000000004,0.9533796666666662,7.0,14.0,1.2,1.6,1.6133748,1.1163378000000002,6.4,14.8,1.2,1.2,1.4565137,1.1864599000000002,5.7,13.5,1.3131314,1.44567
2025-08-31,Brighton,Man City,2,1,D England,1541.5688786120404,1665.3741284269397,3.8,3.9,1.9,2,1,2.20864,2.13418,2,0,3,16,7.0,0,1.6666666666666667,1.3333333333333333,2.21373,1.5188976666666665,5.666666666666667,13.0,2.0,1.2,2.046324,1.6711286,4.8,12.0,1.9,1.7,1.8424942999999998,1.6618317999999999,4.8,11.5,1.8595925999999998,1.7662866000000002,1,2,2.13418,2.20864,2,0,2,14,8.0,0,2.0,0.6666666666666666,2.00192,1.3391853333333337,6.333333333333333,6.333333333333333,1.8,0.6,1.8376360000000003,1.023313,7.4,6.8,1.9,0.6,1.8574987,1.098616,6.0,7.5,1.7821348000000001,0.9848802000000001
2025-08-31,Nott'm Forest,West Ham,0,3,C Pawson,1528.6888300895462,1445.507798644701,1.67,3.75,5.25,0,3,0.716018,2.236,0,0,9,14,7.0,0,1.3333333333333333,1.0,1.5551700000000002,1.2452599999999996,5.0,9.333333333333334,1.6,1.2,1.7164319999999997,1.1631453999999999,5.2,9.2,1.2,1.3,1.1838928,1.5972887,4.0,10.7,1.2398571999999999,1.3288579999999999,3,0,2.236,0.716018,0,0,7,6,9.0,0,1.3333333333333333,3.0,0.8349663333333327,1.8558109999999999,4.666666666666667,8.666666666666666,1.4,2.2,1.1030411999999998,2.0055726,5.4,10.6,1.4,2.0,1.1266248,1.6469802000000002,3.8,11.5,1.2786994,1.3307366000000003
2025-08-31,Liverpool,Arsenal,1,0,C Kavanagh,1696.0722586829386,1687.983388399118,2.2,3.5,3.2,1,0,0.481404,0.485679,2,0,3,7,6.0,0,2.6666666666666665,1.6666666666666667,1.632616333333334,1.650283333333333,6.0,9.666666666666666,2.4,2.0,2.1419338,1.863338,4.8,10.0,2.3,1.8,2.2009869,1.6774767000000002,6.5,10.8,2.187634,1.4308343999999997,0,1,0.485679,0.481404,2,0,8,10,8.0,0,2.6666666666666665,0.3333333333333333,2.1583733333333335,0.7104783333333332,4.666666666666667,11.666666666666666,2.2,0.6,1.9645299999999999,1.424919,5.0,10.8,2.0,0.9,1.8783069000000001,1.3057786999999998,6.3,9.2,2.028436,1.2286246
2025-08-31,Aston Villa,Crystal Palace,0,3,S Attwell,1586.0559464951193,1541.261586295917,1.85,3.7,4.0,0,3,1.20586,2.59713,2,0,10,7,8.0,0,0.0,1.0,0.5435583333333337,1.8310699999999993,5.0,10.666666666666666,0.6,0.6,0.889009,1.4077891999999999,4.8,9.8,1.4,0.7,1.6280705000000002,1.1755759,5.6,8.5,1.7973082000000002,0.9732466000000001,3,0,2.59713,1.20586,3,0,1,14,7.0,0,0.6666666666666666,0.6666666666666666,1.1834733333333334,1.5396733333333337,1.0,11.0,1.6,0.8,1.844078,1.3709344,2.2,11.4,1.3,1.7,1.8117288000000003,1.7003805,3.7,11.6,2.262926,1.6693804
2025-09-13,Crystal Palace,Sunderland,0,0,T Bramall,1554.1895527084935,1504.0944112148538,1.65,3.75,5.75,0,0,1.75805,0.354129,1,0,5,10,13.0,0,1.3333333333333333,0.3333333333333333,1.5777166666666667,1.30122,1.3333333333333333,12.333333333333334,1.8,0.8,1.566412,1.450748,0.8,12.2,1.4,1.2,1.9376337999999997,1.3612425,3.4,11.4,1.1817085999999999,1.0663846,0,0,0.354129,1.75805,1,0,3,8,14.0,0,1.6666666666666667,1.0,1.1389693333333335,1.0029326666666667,3.6666666666666665,8.0,1.6666666666666667,1.0,1.1389693333333335,1.0029326666666667,3.6666666666666665,8.0,1.6666666666666667,1.0,1.1389693333333335,1.0029326666666667,3.6666666666666665,8.0,1.12127,1.00381
2025-09-13,Everton,Aston Villa,0,0,S Hooper,1521.818086126253,1573.1279800825428,2.45,3.3,2.9,0,0,1.8927,0.354327,3,0,10,17,14.0,0,1.6666666666666667,1.0,1.5044693333333334,1.803109,2.0,8.333333333333334,1.6,0.6,1.6528256,1.5237354,2.6,8.0,1.4,0.9,1.3392677,1.3043029000000002,3.2,9.2,1.4666302000000002,1.512324,0,0,0.354327,1.8927,3,0,3,15,13.0,0,0.0,1.3333333333333333,0.8337710000000004,1.709249999999999,7.333333333333333,9.666666666666666,0.4,1.2,0.905429,1.7226712,6.8,8.8,1.2,0.9,1.4853075,1.3385199,6.2,8.5,1.4588328000000002,1.3779052000000003
2025-09-13,Arsenal,Nott'm Forest,3,0,D England,1679.9184341016655,1514.7862180127684,1.38,5.0,8.0,3,0,2.8817,0.293681,1,0,8,8,13.0,0,2.0,0.3333333333333333,1.5178963333333337,0.6715649999999999,4.666666666666667,12.333333333333334,1.8,0.4,1.6240758,0.9718357999999998,6.4,10.8,1.9,0.9,1.7865648,1.2310441,6.3,8.9,1.7281778000000003,1.3829328,0,3,0.293681,2.8817,1,0,4,11,13.0,0,1.3333333333333333,1.6666666666666667,1.2671293333333333,1.5543466666666663,5.666666666666667,10.666666666666666,1.2,1.4,1.5058175999999999,1.3644474,6.2,9.8,1.1,1.4,1.1587256,1.5575397,4.5,10.6,1.1279284,1.8657194000000001
2025-09-13,Bournemouth,Brighton,2,1,P Bankes,1523.6188307614507,1553.384970605195,2.35,3.5,2.9,2,1,1.44187,0.624923,4,0,4,16,14.0,0,1.3333333333333333,1.3333333333333333,1.825916666666667,0.9580356666666661,7.666666666666667,12.0,1.4,1.4,1.8328508,0.9257198000000001,6.0,13.6,1.1,1.0,1.4736547,1.1127437,5.8,13.5,1.599896,0.9272498,1,2,0.624923,1.44187,4,0,4,10,13.0,0,1.0,1.3333333333333333,1.9111966666666664,1.6127409999999998,3.0,15.666666666666666,2.0,1.4,2.205544,1.9511746000000003,4.6,12.8,2.0,1.6,1.9361323000000001,1.8308532999999998,4.7,11.8,1.825396,1.557377
2025-09-13,Brentford,Chelsea,2,2,S Attwell,1513.796950917935,1608.9195486833248,4.5,3.9,1.73,2,2,1.17533,0.755999,3,0,5,13,14.0,0,1.0,1.6666666666666667,1.3002799999999997,1.434540666666667,3.6666666666666665,12.666666666666666,1.2,1.8,1.66065,1.4059844,3.8,11.8,1.8,1.5,1.8275673000000001,1.1560441000000001,4.6,10.7,2.29277,1.2895324000000001,2,2,0.755999,1.17533,2,0,6,9,14.0,0,2.3333333333333335,0.3333333333333333,2.5834333333333337,0.9163133333333332,7.333333333333333,10.333333333333334,1.8,0.2,2.07095,0.9333424000000001,6.6,10.4,1.7,0.7,1.8948228999999999,1.0589682,7.3,10.6,1.6270291999999997,1.1792728
2025-09-13,West Ham,Tottenham,0,3,J Gillett,1459.410410721479,1451.7354840517444,3.4,3.6,2.1,0,3,0.793248,1.51402,0,1,2,8,13.0,0,1.3333333333333333,2.6666666666666665,1.2578399999999996,1.7967853333333332,7.0,7.666666666666667,1.6,2.2,1.1182712,1.6862021999999999,5.8,9.2,1.5,1.8,1.2594416000000002,1.523713,4.1,10.8,0.9745502,1.9632238000000002,3,0,1.51402,0.793248,1,0,13,7,14.0,0,1.6666666666666667,0.3333333333333333,1.1431333333333333,1.3672459999999997,2.6666666666666665,14.333333333333334,1.2,1.4,1.1610132,1.7817175999999997,2.2,13.6,1.1,2.1,1.2002962,1.93442,3.1,13.0,0.9583739999999998,1.7661159999999998
2025-09-13,Newcastle,Wolves,1,0,C Kavanagh,1569.706017047902,1434.4566969417392,1.42,4.75,7.0,1,0,1.19186,0.375942,1,0,10,10,14.0,0,0.6666666666666666,1.0,1.2226783333333333,0.547486666666667,6.0,14.333333333333334,0.4,1.0,1.4146949999999998,0.7749659999999999,7.4,12.8,1.4,1.0,1.8098165000000002,1.0765512000000002,6.6,11.3,2.2475359999999993,0.9736915999999999,0,1,0.375942,1.19186,4,0,4,17,14.0,0,0.6666666666666666,2.6666666666666665,0.6120199999999997,2.0405200000000008,3.0,14.666666666666666,1.0,2.6,0.8747619999999998,1.9556060000000002,5.4,11.8,1.3,1.8,1.0724459,1.5868343,4.6,11.5,1.0844192,1.2681217999999999
2025-09-13,Fulham,Leeds,1,0,C Pawson,1499.637807770656,1413.9102216103497,1.91,3.5,4.0,1,0,1.13979,0.830398,1,0,3,20,14.0,0,0.6666666666666666,1.3333333333333333,1.0974803333333334,1.8061699999999998,5.333333333333333,14.666666666666666,1.0,1.6,1.4255642,2.061638,4.0,12.6,0.9,1.6,1.241305,1.6469361,5.6,13.0,1.4227504000000002,1.4978799999999999,0,1,0.830398,1.13979,2,0,3,15,14.0,0,0.3333333333333333,1.6666666666666667,1.0717536666666667,1.2385276666666665,4.666666666666667,9.0,0.6,2.4,1.0105198,1.6457486,6.2,9.0,0.9,2.3,1.1717373,1.9455443000000003,4.9,12.0,0.6710486,2.40144
2025-09-14,Burnley,Liverpool,0,1,M Oliver,1376.1653382554034,1704.137212980391,8.0,5.5,1.33,0,1,0.168041,2.79492,0,0,1,9,15.0,0,1.3333333333333333,2.0,1.021376,2.3740733333333335,3.3333333333333335,8.666666666666666,1.2,2.0,1.0193358,2.3408439999999997,3.4,10.2,1.0,1.8,1.1603909,2.1582119,4.2,11.1,1.270072,1.771395,1,0,2.79492,0.168041,2,0,13,9,14.0,0,2.6666666666666665,1.3333333333333333,1.152677666666667,1.3407096666666662,3.3333333333333335,9.666666666666666,2.2,1.6,1.6888505999999999,1.5228838,4.8,8.8,2.2,1.5,2.1084892999999996,1.5532806000000001,6.4,10.6,2.2143398,1.924119
2025-09-14,Man City,Man United,3,0,A Taylor,1653.5580364337852,1482.6639416275193,1.75,4.0,4.2,3,0,1.99725,1.51915,0,0,2,8,14.0,0,1.6666666666666667,1.3333333333333333,1.8935700000000004,1.3360753333333335,5.0,9.333333333333334,2.0,1.0,1.9475459999999998,1.4376419999999999,4.8,8.0,2.0,0.8,2.0021273,1.1961629999999999,5.9,8.0,1.9328626000000004,1.2123518,0,3,1.51915,1.99725,0,0,4,8,15.0,0,1.3333333333333333,1.3333333333333333,2.3149766666666665,1.4366366666666666,5.333333333333333,9.666666666666666,1.2,1.0,2.0490304,1.1881684,4.4,10.6,1.1,1.7,1.752868,1.5124126,5.5,9.8,1.142932,1.9569320000000001
2025-09-20,Burnley,Nott'm Forest,1,1,T Bramall,1372.6420989165952,1510.48932104635,3.4,3.3,2.2,1,1,1.14159,0.830779,1,0,4,12,6.0,0,1.3333333333333333,1.3333333333333333,0.8326770000000002,2.646186666666667,2.0,9.0,1.0,1.8,0.8628778,2.299352,3.0,9.2,0.9,1.8,1.0646140000000002,2.3366829,3.6,11.0,1.0785182000000002,2.1283369999999997,1,1,0.830779,1.14159,1,0,5,11,7.0,0,0.3333333333333333,2.3333333333333335,0.7798563333333334,2.0731933333333328,5.333333333333333,12.0,0.8,1.8,1.1350417999999998,1.7706960000000003,5.6,10.6,1.1,1.6,1.1456988,1.7196737,4.8,10.8,0.9931265999999999,1.9153614
2025-09-20,Liverpool,Everton,2,1,D England,1707.6604523191993,1521.568016914513,1.45,4.75,6.5,2,1,1.06166,0.721371,2,0,5,11,6.0,0,1.6666666666666667,0.6666666666666666,1.3076276666666669,0.8723799999999994,5.666666666666667,10.333333333333334,2.0,1.0,1.6348346,1.120914,6.8,9.0,2.1,1.4,2.2450793,1.4234867,6.7,10.0,1.9981107999999999,1.2347742,1,2,0.721371,1.06166,3,0,4,10,7.0,0,1.6666666666666667,0.6666666666666666,1.9105899999999998,1.1274846666666665,4.666666666666667,11.333333333333334,1.2,0.6,1.4957796,1.3845508,3.8,10.2,1.3,0.9,1.4025017000000002,1.2973407,3.5,9.6,1.2055832,1.2921120000000001
2025-09-20,Brighton,Tottenham,2,2,C Kavanagh,1544.2529811568522,1463.6590589778202,2.25,3.7,3.0,2,2,1.40466,1.19181,1,0,2,10,7.0,0,1.0,1.6666666666666667,1.6394776666666668,1.792403333333333,3.0,13.666666666666666,1.6,1.4,1.8949506,1.6265486000000002,4.8,13.0,1.9,1.6,1.6288446,1.7765963,4.8,11.9,1.5617606000000002,1.7962346,2,2,1.19181,1.40466,2,0,10,13,7.0,0,1.6666666666666667,0.3333333333333333,0.9882799999999999,1.3869493333333331,5.0,12.0,1.8,1.0,1.3592140000000001,1.6022451999999998,4.6,12.6,1.2,1.7,1.1888112,1.7907677999999998,4.0,12.2,0.9354039999999999,1.4788115999999998
2025-09-20,West Ham,Crystal Palace,1,2,T Harrington,1447.486835795403,1551.122728320578,2.88,3.5,2.38,1,2,0.466365,2.33565,3,0,8,15,7.0,0,1.3333333333333333,2.6666666666666665,1.3359399999999992,2.060002666666666,5.333333333333333,7.0,1.4,2.4,1.1068293999999999,1.5594942,4.6,8.0,1.4,1.9,1.1921684000000001,1.532213,4.0,10.8,0.9516334000000001,1.8762898,2,1,2.33565,0.466365,3,0,8,5,7.0,0,1.3333333333333333,0.3333333333333333,1.81902,0.9632863333333334,2.3333333333333335,11.666666666666666,1.0,0.4,1.5811199999999999,1.2358018000000002,1.8,11.4,1.4,0.7,1.8758907999999999,1.1637084,3.5,10.9,2.3072559999999998,1.4446584000000002
2025-09-20,Man United,Chelsea,2,1,P Bankes,1478.4778861944642,1607.91206866322,2.6,3.8,2.45,2,1,1.34458,0.469843,0,1,5,13,6.0,0,1.3333333333333333,2.0,2.3625166666666666,1.65892,5.666666666666667,9.0,1.2,1.4,2.2853339999999998,1.3284764,4.8,9.4,1.0,1.6,1.8261262000000003,1.4483076000000001,5.7,9.7,2.3628039999999997,1.0678931999999999,1,2,0.469843,1.34458,5,1,5,14,7.0,0,3.0,1.0,2.3794563333333336,0.9633766666666667,5.666666666666667,10.0,2.0,0.6,1.9630077999999997,1.100882,6.4,10.2,1.7,0.7,1.6796647999999998,1.0162001999999999,6.4,10.4,1.482571,1.1420928
2025-09-20,Fulham,Brentford,3,1,M Oliver,1505.6732415034537,1514.8044309380398,2.0,3.4,3.8,3,1,1.52431,0.826556,4,0,2,11,7.0,0,0.6666666666666666,1.0,1.1764493333333335,1.6029426666666664,5.333333333333333,16.333333333333332,0.6,1.2,1.3300402000000002,1.7416276,4.0,15.0,1.0,1.5,1.248081,1.5442059000000001,5.0,14.0,1.3051804,1.3826836,1,3,0.826556,1.52431,1,0,10,13,7.0,0,1.3333333333333333,1.3333333333333333,1.2503366666666664,1.1013736666666667,3.6666666666666665,12.0,1.2,1.6,1.4096259999999998,1.2337021999999997,3.8,12.0,1.9,1.6,1.886242,1.1549071,4.6,11.1,1.5168940000000002,1.16474
2025-09-20,Wolves,Leeds,1,3,A Taylor,1429.5510933516457,1407.874787877552,2.7,3.2,2.75,1,3,1.5661,0.456988,1,0,4,11,7.0,0,0.6666666666666666,1.6666666666666667,0.5641886666666663,1.6714633333333342,3.0,16.0,0.6,2.0,0.6641784,1.8570760000000004,4.2,13.6,0.9,1.7,0.8870631,1.5431333,4.9,12.0,1.1764386,1.754244,3,1,0.456988,1.5661,1,0,0,9,7.0,0,0.0,2.0,0.5548196666666666,1.3936783333333331,3.3333333333333335,12.0,0.4,2.0,1.0474338,1.3777046,5.8,9.8,0.8,2.2,1.1472951,1.9157602999999999,4.6,12.0,0.6221642000000001,2.341872
2025-09-21,Bournemouth,Newcastle,0,0,R Jones,1532.7508202097933,1574.6116206379954,2.5,3.5,2.7,0,0,0.55066,0.153629,2,0,5,7,8.0,0,1.3333333333333333,0.3333333333333333,1.7821966666666669,0.38965333333333274,6.666666666666667,14.0,1.6,1.0,1.9288219999999998,0.7311464000000001,6.6,14.2,1.2,1.1,1.4320716999999998,1.068033,5.6,14.0,1.51673,0.8378284,0,0,0.153629,0.55066,1,0,2,10,8.0,0,1.0,1.0,1.1529716666666667,0.5666003333333337,7.333333333333333,14.0,0.6,0.8,1.2037989999999996,0.6182384000000001,8.0,13.0,1.0,1.0,1.6960555,0.8765974,7.1,11.4,1.372097,1.1794107999999999
2025-09-21,Sunderland,Aston Villa,1,1,S Barrott,1507.1612356027692,1573.3780492942828,3.4,3.5,2.1,1,1,0.938312,0.939354,2,1,6,14,8.0,0,0.6666666666666666,1.0,1.0155563333333333,1.4026333333333334,3.0,8.0,1.25,0.75,0.94275925,1.1917119999999999,3.5,8.0,1.25,0.75,0.94275925,1.1917119999999999,3.5,8.0,1.147819,1.002494,1,1,0.939354,0.938312,1,0,5,8,8.0,0,0.0,1.3333333333333333,0.8456796666666669,1.873156666666666,7.333333333333333,10.333333333333334,0.0,1.2,0.6381724,1.9966079999999997,5.6,10.8,0.9,0.9,1.2208132,1.4865643,5.1,9.6,0.9298442000000001,1.673994
2025-09-21,Arsenal,Man City,1,1,S Attwell,1684.215331068084,1657.7440918668403,1.85,3.9,3.8,1,1,0.718575,1.1227,1,0,11,11,8.0,0,2.6666666666666665,0.3333333333333333,2.034996333333334,0.3106153333333332,6.0,8.666666666666666,2.2,0.4,1.9684998,0.581304,6.0,10.6,2.1,0.8,1.9979979,1.2015539,5.8,9.0,2.1510439999999997,1.3239524,1,1,1.1227,0.718575,2,0,2,10,7.0,0,1.3333333333333333,1.3333333333333333,1.792976666666667,1.6693133333333334,3.6666666666666665,9.666666666666666,2.0,0.8,2.027438,1.5490692,4.6,8.2,1.8,0.6,1.7421282999999999,1.2142700000000002,6.0,7.8,2.0713920000000003,1.1799742
2025-09-27,Chelsea,Brighton,1,3,S Hooper,1595.9397797321008,1540.4136738670811,1.85,3.8,3.8,1,3,2.02653,2.4751,3,1,5,9,7.0,0,1.6666666666666667,1.3333333333333333,1.2194140000000007,1.0853793333333333,5.666666666666667,11.333333333333334,2.0,1.0,1.7952283999999998,1.05377,6.6,10.8,1.6,0.8,1.6514771,1.1200459999999999,6.5,10.9,1.8767586,0.8903076000000001,3,1,2.4751,2.02653,5,0,7,16,7.0,0,1.6666666666666667,1.6666666666666667,1.4127409999999998,1.5892866666666663,3.0,12.0,1.2,1.6,1.5526346,1.4943806000000002,3.0,13.4,1.9,1.4,1.6452035999999999,1.6002613,4.2,11.8,1.6959285999999998,1.7569579999999998
2025-09-27,Crystal Palace,Liverpool,2,1,C Kavanagh,1559.8733486744597,1711.5642864030135,3.8,3.8,1.9,2,1,3.53323,3.10176,1,0,2,10,7.0,0,1.6666666666666667,0.3333333333333333,2.2302766666666662,0.6754513333333333,4.666666666666667,9.666666666666666,1.2,0.4,1.7653699999999997,0.9448308000000001,3.4,10.4,1.6,0.8,2.0756740000000002,1.1439356,3.8,10.1,1.4445256,0.8827583999999999,1,2,3.10176,3.53323,3,0,6,8,7.0,0,1.3333333333333333,0.3333333333333333,1.4459946666666668,0.4583636666666662,7.0,9.0,2.2,1.0,1.4629226000000002,0.9823082,5.6,9.8,2.2,1.5,1.8985393,1.4724033,5.9,10.4,2.4920477999999995,1.6121991999999998
2025-09-27,Nott'm Forest,Sunderland,0,1,T Harrington,1508.2854559215268,1507.3401507901171,1.75,3.75,4.5,0,1,1.4203,1.94154,4,0,7,11,7.0,0,0.3333333333333333,2.3333333333333335,0.6134926666666667,2.0864299999999996,6.0,12.0,1.0,1.8,0.9851695999999996,1.737266,5.2,10.8,1.0,1.6,1.1730085,1.5935926999999999,5.2,10.7,1.2982710000000002,1.523986,1,0,1.94154,1.4203,2,0,4,6,6.0,0,1.0,0.6666666666666666,0.9545703333333333,1.3811479999999998,4.0,11.0,1.2,0.8,0.9418698000000001,1.1412404,4.0,9.2,1.2,0.8,0.9418698000000001,1.1412404,4.0,9.2,0.7376995,1.38093
2025-09-27,Brentford,Man United,3,1,C Pawson,1506.2581800336372,1490.4501751255834,3.4,3.8,2.0,3,1,2.78726,2.23609,2,0,4,14,7.0,0,1.3333333333333333,2.3333333333333335,1.1493086666666663,1.2838596666666666,6.333333333333333,12.666666666666666,1.2,2.0,1.1805451999999999,1.3167862,5.2,12.8,1.6,1.7,1.6733816000000001,1.1832311,5.2,11.7,2.25559,1.1450742,1,3,2.23609,2.78726,2,0,2,10,7.0,0,1.6666666666666667,2.0,2.2953666666666668,1.2644243333333332,5.333333333333333,10.0,1.2,1.6,1.961732,1.3554006,5.0,10.0,1.2,1.6,1.8466182,1.4765104999999998,5.3,9.9,1.2894484,1.8287219999999997
2025-09-27,Tottenham,Wolves,1,1,M Salisbury,1467.4983662675913,1417.242629558615,1.5,4.5,6.0,1,1,0.818711,1.15951,3,0,10,9,7.0,0,1.6666666666666667,1.0,0.9588333333333333,1.4393359999999997,7.666666666666667,12.333333333333334,2.0,0.6,1.227046,1.2599291999999997,6.2,12.6,1.3,1.7,1.0677522,1.8754655999999996,4.3,12.4,1.4422184,2.102724,1,1,1.15951,0.818711,2,0,9,11,7.0,0,1.0,2.3333333333333335,0.961766333333333,1.228919333333334,3.3333333333333335,14.333333333333334,0.6,2.4,0.7556204,1.5540816000000004,3.4,14.4,0.9,2.0,1.0248917,1.4748661,5.1,11.3,0.5976876000000001,1.3320225999999997
2025-09-27,Man City,Burnley,5,1,R Jones,1660.1827872522902,1374.8459640414183,1.17,7.5,15.0,5,1,3.22133,0.509491,1,0,10,5,6.0,0,1.6666666666666667,1.0,1.7513766666666672,1.482121666666667,2.0,10.666666666666666,1.8,1.0,1.760132,1.2491902,3.8,9.2,1.7,0.7,1.6664093000000002,1.2044445,5.7,8.2,1.4128646,1.2485657999999997,1,5,0.509491,3.22133,3,0,2,7,7.0,0,1.0,1.6666666666666667,0.8786036666666668,2.5493563333333333,2.0,10.0,1.0,1.6,0.8747518000000001,2.1495837999999994,3.0,9.4,1.0,1.8,1.1440740000000003,2.3537764,3.5,10.9,1.0507098,2.5450288
2025-09-27,Leeds,Bournemouth,2,2,M Oliver,1420.1832516705829,1532.2292059238484,3.1,3.25,2.38,2,2,2.04728,1.06033,2,0,7,12,7.0,0,1.0,0.6666666666666666,0.6548953333333334,1.003175,2.6666666666666665,11.333333333333334,0.8,1.4,0.9005294000000001,1.2842946000000002,3.4,10.2,1.0,2.2,0.9833489,1.8637763000000003,4.3,11.5,1.6724260000000002,1.4896486,2,2,1.06033,2.04728,2,0,4,13,6.0,0,1.0,0.3333333333333333,1.370876666666667,0.31640733333333276,5.666666666666667,12.0,1.2,1.0,1.494056,0.7305318,6.4,11.8,1.2,1.1,1.4207284,1.0496140999999999,5.7,13.7,1.3474134,1.2982376
2025-09-28,Aston Villa,Fulham,3,1,A Madley,1573.199134106935,1514.2194924078563,2.3,3.1,3.4,3,1,1.36575,0.952612,1,0,2,10,7.0,0,0.3333333333333333,1.3333333333333333,0.8331803333333335,1.8093806666666659,6.0,10.0,0.2,1.0,0.7589988,1.5917523999999998,6.0,10.4,0.6,0.9,1.0093776,1.4532194999999999,4.9,9.5,1.5117822,1.2991346,1,3,0.952612,1.36575,4,0,8,13,8.0,0,1.3333333333333333,1.0,1.1334426666666666,1.3631179999999998,3.0,16.0,1.2,1.0,1.1913082000000002,1.4150928,4.2,15.0,1.2,1.4,1.3698998,1.5516895,4.6,13.8,1.1909816000000002,1.7057282
2025-09-28,Newcastle,Arsenal,1,2,J Gillett,1575.1332349239403,1681.7766356826342,3.6,3.4,2.1,1,2,0.739851,2.07048,2,0,7,8,7.0,0,0.3333333333333333,0.0,0.549708,0.5346340000000004,5.666666666666667,11.666666666666666,0.6,0.6,1.0027047999999996,0.5138124,6.0,12.6,0.9,0.6,1.5842424,0.6262924,6.6,11.2,2.0200139999999998,0.573784,2,1,2.07048,0.739851,1,0,12,9,7.0,0,1.3333333333333333,0.6666666666666666,1.361984666666667,0.6325949999999998,9.0,9.666666666666666,2.0,0.4,1.6307928,0.6862152,6.6,11.2,1.8,0.9,1.7884934000000001,1.2945360000000001,5.7,9.4,1.8449518,1.0791553999999999
2025-09-29,Everton,West Ham,1,1,S Barrott,1517.6641828306988,1438.7362154415214,1.7,3.75,5.0,1,1,0.909703,0.775766,3,0,3,7,9.0,0,1.3333333333333333,1.3333333333333333,1.550660333333333,0.7864146666666665,5.333333333333333,12.333333333333334,1.2,1.0,1.4254958000000002,1.3650627999999998,4.0,10.4,1.4,0.9,1.3929558,1.2155177,3.7,9.9,1.5994202000000002,1.3025693999999999,1,1,0.775766,0.909703,4,0,5,16,9.0,0,1.3333333333333333,1.6666666666666667,1.1652043333333328,1.521896,5.666666666666667,9.666666666666666,1.0,2.6,1.0066266,1.8480052,6.2,9.2,1.4,2.0,1.1403819,1.6734902999999999,4.6,10.9,1.4327034,1.1881362000000002
2025-10-03,Bournemouth,Fulham,3,1,S Hooper,1530.7423083980282,1507.516129710993,1.95,3.5,3.9,3,1,1.33458,0.84335,0,0,4,8,6.0,0,1.3333333333333333,1.0,1.0176200000000004,0.9419439999999994,4.333333333333333,12.0,1.2,0.6,1.391516,0.6739738,5.8,12.4,1.3,1.2,1.4657664000000001,1.0633031000000002,5.6,13.9,1.504872,0.48647619999999997,1,3,0.84335,1.33458,1,0,3,10,5.0,0,1.6666666666666667,1.3333333333333333,1.2055706666666668,1.0075679999999998,4.333333333333333,14.666666666666666,1.2,1.4,1.201254,1.4002268,5.2,14.6,1.1,1.6,1.265601,1.5947064000000002,4.1,13.9,0.982384,1.7917619999999999
2025-10-04,Leeds,Tottenham,1,2,T Bramall,1421.6701491964031,1464.4273549181742,2.7,3.5,2.5,1,2,1.48051,0.688198,2,0,4,10,7.0,0,1.6666666666666667,1.3333333333333333,1.1115553333333335,1.2554066666666666,3.3333333333333335,12.0,1.0,1.8,0.8337454000000001,1.361493,3.4,11.4,1.1,2.0,1.0543859000000002,1.7180863000000002,4.4,11.3,1.662592,1.2845266000000002,2,1,0.688198,1.48051,3,0,1,12,7.0,0,2.0,1.0,1.174847,1.1191393333333333,11.0,9.666666666666666,1.6,0.8,0.9950722000000001,1.3450035999999999,7.0,11.6,1.3,1.3,1.0983421,1.7403126,5.1,12.4,1.0712036,1.2575356000000002
2025-10-04,Arsenal,West Ham,2,0,J Brooks,1690.4421383774493,1442.5345655812428,1.18,6.5,17.0,2,0,3.0585,0.864549,0,0,8,14,6.0,0,2.0,0.6666666666666666,1.8902516666666669,0.7187439999999997,10.333333333333334,9.333333333333334,2.2,0.6,1.7788087999999997,0.5588794,8.2,9.2,1.8,0.8,1.8033924,1.1180061000000001,6.6,9.9,1.9104610000000002,1.0474624,0,2,0.864549,3.0585,2,0,3,14,5.0,0,0.6666666666666666,2.0,0.6784596666666659,1.5864576666666663,5.0,13.0,1.2,2.2,1.0499901999999999,1.8850721999999998,5.8,10.4,1.3,1.8,1.0938245000000002,1.6350276000000001,5.0,11.6,1.3395886000000001,1.1112108
2025-10-04,Man United,Sunderland,2,0,S Attwell,1482.5981259268494,1519.0765245179653,1.5,4.75,5.75,2,0,1.9298,0.807119,1,0,2,10,7.0,0,1.0,2.3333333333333335,1.6999400000000005,1.751451,3.6666666666666665,10.333333333333334,1.4,2.0,2.1336439999999994,1.6467725999999998,4.8,10.0,1.2,1.8,1.8791882000000002,1.6942415,4.5,9.7,2.403788,1.1242989999999997,0,2,0.807119,1.9298,4,0,3,12,7.0,0,0.6666666666666666,0.3333333333333333,1.0779936666666667,1.372568,4.333333333333333,9.333333333333334,0.8,0.8,1.1853042,1.3135108,3.8,8.8,1.1666666666666667,0.6666666666666666,1.1084815000000001,1.1877503333333335,4.0,8.666666666666666,1.1389796666666667,1.3940533333333331
2025-10-04,Chelsea,Liverpool,2,1,A Taylor,1582.732028831113,1698.9848172005566,2.8,3.75,2.3,2,1,1.23721,2.05981,0,0,7,9,7.0,0,1.3333333333333333,2.3333333333333335,1.0841240000000008,1.6650033333333336,5.333333333333333,10.666666666666666,2.2,1.6,1.9269484,1.341962,5.4,10.6,1.6,1.1,1.7772987999999998,1.2758722,6.0,10.7,2.1284020000000003,1.2019600000000001,1,2,2.05981,1.23721,2,0,2,8,7.0,0,1.3333333333333333,1.0,2.3194466666666673,1.4742139999999997,8.0,9.333333333333334,1.6,1.0,1.6172606000000003,1.3743481999999998,5.6,10.0,1.8,1.6,1.9576113,1.7744450999999999,5.7,9.6,2.2069877999999994,2.2724041999999995
2025-10-05,Aston Villa,Burnley,2,1,A Kitchen,1579.9024968037982,1372.4364191698048,1.6,4.0,5.75,2,1,1.73572,0.502292,3,0,6,9,7.0,0,1.3333333333333333,0.6666666666666666,0.8864770000000003,1.2612079999999992,3.3333333333333335,11.0,0.8,1.2,0.9684286,1.5020788,5.8,9.8,0.8,0.8,0.9600466000000001,1.4122487,4.9,9.5,1.1741902,1.2353049999999999,1,2,0.502292,1.73572,1,0,4,15,8.0,0,0.6666666666666666,2.3333333333333335,0.6063740000000002,2.2823430000000005,2.3333333333333335,9.333333333333334,1.2,2.0,0.8298224000000001,2.3981338,2.4,9.2,1.0,2.2,1.0098031,2.5869649000000003,3.3,9.8,1.0832099999999998,3.0573259999999998
2025-10-05,Everton,Crystal Palace,2,1,M Salisbury,1513.8658326909774,1572.4528178769167,2.45,3.25,3.0,2,1,2.13876,2.17789,2,0,2,13,6.0,0,0.6666666666666666,1.0,1.174591333333333,0.7305843333333332,5.666666666666667,11.333333333333334,1.4,1.0,1.4725688000000001,1.0439759999999998,4.2,10.2,1.5,0.9,1.3922423,1.216263,3.8,9.5,1.6179948,1.0817446,1,2,2.17789,2.13876,3,0,4,16,8.0,0,1.3333333333333333,0.6666666666666666,2.54231,1.307418,5.0,8.333333333333334,1.6,0.6,2.2651879999999998,1.2915968,3.4,10.0,1.6,0.7,2.178482,1.2619626,3.4,10.5,2.273356,1.1536334000000001
2025-10-05,Newcastle,Nott'm Forest,2,0,P Bankes,1566.4677322291252,1496.5490821936787,1.57,4.2,5.5,2,0,3.81662,0.337689,0,0,8,16,7.0,0,0.6666666666666666,0.6666666666666666,0.6951133333333335,0.9990273333333336,6.333333333333333,9.333333333333334,0.8,1.0,0.8704789999999998,0.8641881999999999,6.2,12.0,0.7,0.8,1.2466884999999999,0.8206201,6.2,11.1,1.3449062,0.9624393999999998,0,2,0.337689,3.81662,4,0,1,15,8.0,0,0.3333333333333333,1.6666666666666667,0.8482533333333334,1.9882766666666665,5.333333333333333,11.0,0.4,1.8,0.9181295999999998,1.860542,5.6,11.6,1.0,1.5,1.2479778,1.6356926999999999,5.5,10.8,1.047746,1.6631993999999999
2025-10-05,Wolves,Brighton,1,1,J Gillett,1420.313640908032,1553.621424768069,3.6,3.7,2.0,1,1,0.369404,1.39158,2,0,2,13,8.0,0,0.6666666666666666,1.6666666666666667,1.0338506666666663,0.8225196666666671,5.666666666666667,13.0,0.8,1.8,0.8836352,1.2580178000000002,4.4,14.0,0.7,2.1,0.8831766999999999,1.4517592000000001,5.6,11.7,0.9743266,1.6356856,1,1,1.39158,0.369404,4,0,8,9,8.0,0,2.0,1.6666666666666667,1.501561,1.553403333333333,4.333333333333333,12.0,1.6,1.6,1.7596386,1.7191100000000001,3.6,13.4,1.9,1.3,1.7632805999999999,1.6787803000000001,4.1,12.7,1.9427346,1.571232
2025-10-05,Brentford,Man City,0,1,D England,1514.1102292323712,1662.5923321239036,4.75,4.5,1.62,0,1,0.693758,1.09647,3,0,3,10,8.0,0,2.0,2.0,1.5963819999999995,1.5054663333333334,6.333333333333333,13.333333333333334,1.6,1.6,1.4729652,1.4129041999999998,5.0,12.6,1.7,1.8,1.8000535999999996,1.3397794,5.1,11.9,2.22201,1.3440782,1,0,1.09647,0.693758,2,0,2,6,8.0,0,3.0,0.6666666666666666,2.1137600000000005,0.9157386666666669,4.666666666666667,7.666666666666667,2.0,1.2,1.944592,1.2472012,4.6,8.8,2.0,0.7,1.8523102999999999,1.0694876,5.7,7.8,1.9199540000000002,1.1603231999999999
2025-10-18,Sunderland,Wolves,2,0,R Jones,1509.7524981965446,1422.392844598623,2.5,3.0,3.1,2,0,1.02481,0.676323,0,0,3,5,14.0,0,0.6666666666666666,1.0,1.2289903333333334,1.429818,4.333333333333333,10.666666666666666,0.8,0.8,1.122474,1.4987088,3.8,10.2,1.0,0.8571428571428571,1.0654297142857143,1.2937574285714286,3.857142857142857,9.142857142857142,1.0779833333333333,0.9814473333333332,0,2,0.676323,1.02481,0,0,2,12,13.0,0,1.0,1.6666666666666667,1.031671333333333,0.8890930000000005,5.0,11.666666666666666,1.0,1.8,0.8828425999999998,1.1794098000000002,4.2,13.4,0.8,2.1,0.8578716,1.5049709,5.3,11.9,0.7920268,1.2678328
2025-10-18,Fulham,Arsenal,0,1,A Taylor,1499.8667815042095,1693.3468755936926,5.75,4.1,1.55,0,1,0.502332,2.07823,0,0,6,11,15.0,0,1.6666666666666667,2.3333333333333335,1.1067573333333334,1.1756286666666664,4.333333333333333,11.333333333333334,1.2,1.8,1.0392579999999998,1.3579368,4.0,14.2,1.2,1.8,1.2796573000000002,1.5991513999999998,4.1,13.2,1.5488180000000003,1.3976507999999999,1,0,2.07823,0.502332,0,0,10,4,14.0,0,1.6666666666666667,0.6666666666666666,1.9491850000000002,0.909033333333333,10.333333333333334,11.333333333333334,1.6,0.6,1.8429867999999998,0.700437,9.4,10.4,1.9,0.6,1.9037584000000003,1.062678,7.2,10.6,1.6963238,1.1885497999999999
2025-10-18,Nott'm Forest,Chelsea,0,3,C Kavanagh,1490.1233784532087,1594.337113252037,3.7,3.8,1.95,0,3,2.0555,2.5583,2,0,5,13,13.0,0,0.3333333333333333,1.3333333333333333,0.8629226666666666,2.2999166666666664,4.333333333333333,12.333333333333334,0.2,2.0,0.7196933999999997,2.40349,5.2,12.4,0.9,1.6,1.2180627,1.7833177,5.2,10.8,1.4482096,1.608186,3,0,2.5583,2.0555,2,1,2,16,14.0,0,1.3333333333333333,2.0,1.2445276666666674,1.9598300000000002,5.666666666666667,10.666666666666666,1.6,1.6,1.3843963999999997,1.5582096000000003,5.8,10.4,1.5,1.1,1.5490758,1.3391832000000001,6.4,10.6,1.4261956,1.3497844
2025-10-18,Brighton,Newcastle,2,1,C Pawson,1551.542221077478,1572.8934359695952,2.63,3.4,2.6,2,1,0.857104,1.28313,0,0,8,9,13.0,0,2.0,1.3333333333333333,1.7571133333333335,1.1959146666666662,5.666666666666667,11.666666666666666,1.8,1.4,1.6209806,1.4327588000000004,4.8,12.2,1.9,1.3,1.8336523,1.5519437,4.8,12.1,1.5838266,1.7863285999999998,1,2,1.28313,0.857104,1,0,4,9,13.0,0,1.0,0.6666666666666666,1.5700333333333332,0.9862763333333335,5.666666666666667,11.333333333333334,0.8,0.4,1.2411189999999999,0.8024142,6.4,11.8,0.8,0.7,1.4645735,0.7856027,6.6,11.7,1.1484708000000001,0.6788008000000001
2025-10-18,Burnley,Leeds,2,0,T Robinson,1368.9047207071067,1411.1742687362366,3.25,3.25,2.25,2,0,0.509647,2.33152,2,0,1,10,13.0,0,1.0,2.6666666666666665,0.7177910000000002,1.9292763333333338,3.3333333333333335,11.333333333333334,1.0,2.4,0.7295188,2.5210237999999996,2.4,10.4,1.0,2.3,0.8704413000000001,2.4543399,3.2,10.2,0.9363962000000001,2.1166037999999996,0,2,2.33152,0.509647,1,0,5,7,14.0,0,2.0,1.6666666666666667,1.3282593333333335,1.1048759999999997,3.6666666666666665,10.333333333333334,1.2,1.2,1.0984952,0.9516106000000001,3.8,11.2,1.1,2.0,1.1883445,1.5034341,4.7,10.7,0.4461798,2.151646
2025-10-18,Crystal Palace,Bournemouth,3,3,J Gillett,1562.493487488275,1538.3916566048117,2.2,3.4,3.25,3,3,4.56284,2.0471,1,0,6,8,13.0,0,1.6666666666666667,1.3333333333333333,2.682256666666666,1.9022949999999998,4.666666666666667,10.333333333333334,1.6,0.8,2.48039,1.4533748,4.0,11.0,1.6,0.8,2.162234,1.4121546,3.1,11.2,2.083608,1.3702918,3,3,2.0471,4.56284,4,0,5,16,15.0,0,1.6666666666666667,1.0,0.9818566666666672,1.0147529999999996,4.333333333333333,9.333333333333334,1.6,0.8,1.3015079999999999,0.7679704,5.0,11.4,1.4,1.2,1.4574414,0.9421541,5.7,13.1,1.4266607999999998,1.6401299999999999
2025-10-18,Man City,Everton,2,0,T Harrington,1670.0992788591527,1523.8251630796192,1.4,5.0,7.0,2,0,2.4799,0.794622,0,0,11,8,13.0,0,2.3333333333333335,0.6666666666666666,1.8135000000000003,0.6406080000000003,4.666666666666667,7.0,2.2,0.8,1.914386,1.1299228,3.6,8.6,2.0,0.7,1.8760109999999997,1.0766179,5.5,7.7,1.7846666,0.978652,0,2,0.794622,2.4799,2,0,3,14,13.0,0,1.3333333333333333,1.3333333333333333,1.256611333333333,1.3384386666666668,3.0,10.0,1.4,1.2,1.5400888000000001,1.0625799999999999,4.2,11.4,1.5,0.8,1.5252702,1.319701,3.7,9.6,1.1664898000000001,1.3507814000000002
2025-10-19,Tottenham,Aston Villa,1,2,S Hooper,1474.9232353783407,1583.4341952664963,2.05,3.5,3.5,1,2,1.51461,0.352231,2,0,6,11,15.0,0,1.6666666666666667,1.3333333333333333,0.8995730000000001,1.3482266666666665,7.0,11.333333333333334,1.6,1.0,0.8766818000000001,1.3916055999999997,6.8,11.6,1.4,1.3,1.0824597,1.7731976,4.9,12.1,1.1254806,2.2230896,2,1,0.352231,1.51461,0,0,6,7,14.0,0,2.0,1.0,1.3469413333333335,0.797738666666666,4.333333333333333,9.0,1.2,1.2,1.1202022,1.3766091999999999,5.2,9.8,0.9,0.9,1.0046056,1.3921991999999999,5.0,9.8,0.7459030000000001,1.5891924000000004
2025-10-19,Liverpool,Man United,1,2,M Oliver,1687.3797327796326,1491.92215224827,1.6,4.5,5.0,1,2,2.60972,2.53117,0,0,9,8,15.0,0,1.3333333333333333,1.6666666666666667,2.0744100000000008,1.8306036666666665,4.333333333333333,9.0,1.2,1.0,1.8999108,1.2291062,5.8,8.6,1.8,1.5,2.0209223,1.5462221,5.3,9.3,1.7082348,1.2764859999999998,2,1,2.53117,2.60972,2,0,4,14,15.0,0,1.6666666666666667,1.3333333333333333,1.836823333333334,1.3547406666666664,3.0,11.0,1.6,1.8,2.2103979999999996,1.4775304,4.0,10.0,1.1,1.4,1.9587641999999998,1.4162164,4.3,9.7,1.3545884,2.2641839999999998
2025-10-20,West Ham,Brentford,0,2,A Madley,1439.6298283649994,1506.603282497122,2.5,3.25,2.88,0,2,0.260251,3.46635,1,0,6,10,16.0,0,0.6666666666666666,1.6666666666666667,0.7022266666666659,2.101284333333333,5.333333333333333,15.0,1.0,1.6,1.0271856,1.7067782,5.0,11.8,1.2,1.9,1.0651134,1.8561754000000001,5.2,11.2,0.8480603999999999,2.1588444000000004,2,0,3.46635,0.260251,1,0,10,10,15.0,0,1.3333333333333333,1.6666666666666667,1.4358579999999996,1.6189566666666666,5.666666666666667,12.333333333333334,1.4,1.8,1.3857887999999998,1.4368277999999997,5.2,12.4,1.3,1.6,1.5106924,1.3360224,4.7,12.1,1.3780972000000002,1.3354806
2025-10-24,Leeds,West Ham,2,1,S Attwell,1401.684149615472,1429.8305135609432,1.8,3.5,4.75,2,1,2.2214,0.498653,3,0,3,12,6.0,0,1.0,2.0,1.9531033333333332,0.7527249999999999,5.333333333333333,9.666666666666666,1.2,1.6,1.4293391999999998,0.992813,3.8,10.6,0.9,2.0,1.2199294999999999,1.3192808,5.0,9.8,1.55556,0.9519302000000002,1,2,0.498653,2.2214,3,0,4,11,4.0,0,0.3333333333333333,1.6666666666666667,0.6335219999999993,2.478184333333333,4.666666666666667,13.333333333333334,0.4,2.0,0.6320357999999998,2.2568446,4.8,12.6,1.0,2.1,0.8751535,1.9715234,5.3,10.9,1.0805284,1.2603368
2025-10-25,Chelsea,Sunderland,1,2,A Madley,1603.0713649961779,1515.7484145170881,1.36,4.75,9.0,1,2,1.21332,1.5506,1,0,9,15,7.0,0,2.0,1.3333333333333333,1.9406800000000006,2.1968033333333334,4.666666666666667,11.333333333333334,1.8,1.6,1.4095763999999997,1.8220640000000003,5.0,11.4,1.8,0.9,1.7402632,1.3777031999999998,5.8,10.9,1.6719559999999998,1.328582,2,1,1.5506,1.21332,1,0,1,13,7.0,0,1.0,0.6666666666666666,1.257823,1.342141,3.3333333333333335,7.666666666666667,0.8,0.6,1.013182,1.3447654,3.8,9.0,1.125,0.75,1.06035225,1.216578125,3.75,8.625,1.0560145,1.52799
2025-10-25,Newcastle,Fulham,2,1,P Bankes,1564.0012716011947,1493.5301590328163,1.62,3.9,5.5,2,1,2.76806,1.52001,0,0,4,11,7.0,0,1.3333333333333333,1.3333333333333333,1.9465336666666666,1.0884243333333334,6.333333333333333,11.0,1.0,0.8,1.437018,0.8383749999999999,6.2,10.6,0.7,0.9,1.4258565,0.8066705000000001,6.8,11.7,1.7741702,0.9006919999999999,1,2,1.52001,2.76806,2,0,3,18,7.0,0,0.6666666666666666,2.3333333333333335,0.7660980000000001,1.5928533333333335,5.666666666666667,11.333333333333334,1.2,1.6,0.9924788,1.2871028,4.4,13.0,1.1,1.6,1.2090215,1.6743704000000001,4.2,12.8,1.0104966000000002,1.8006520000000001
2025-10-25,Man United,Brighton,4,2,A Taylor,1508.184917054964,1560.4343854458784,1.95,3.8,3.5,4,2,1.96231,0.947154,2,0,1,4,6.0,0,1.6666666666666667,1.3333333333333333,2.2323533333333336,2.068033,2.6666666666666665,11.333333333333334,1.4,1.6,1.9121579999999998,1.7342384,3.4,11.0,1.3,1.3,1.9805942,1.4612034,3.9,10.8,2.3271740000000003,0.8537527999999999,2,4,0.947154,1.96231,2,0,6,13,7.0,0,2.0,1.0,1.5745946666666668,1.2263546666666663,7.666666666666667,11.333333333333334,1.8,1.4,1.3506734000000002,1.2625488000000002,5.8,10.8,1.9,1.4,1.7781087,1.6068617,5.2,11.8,1.9385426,1.4983228
2025-10-25,Brentford,Liverpool,3,2,S Hooper,1516.4025973011783,1671.1169679729387,4.1,4.2,1.75,3,2,3.27126,2.11838,3,0,5,7,5.0,0,1.6666666666666667,0.6666666666666666,2.315789333333333,1.1976036666666667,5.666666666666667,11.333333333333334,1.6,1.4,1.7898508,1.1746239999999997,6.4,12.0,1.4,1.6,1.7252503999999997,1.2903042,5.1,11.9,1.6432876,1.3365642000000002,2,3,2.11838,3.27126,2,0,4,10,6.0,0,1.0,2.0,2.59043,2.4338699999999993,5.666666666666667,8.0,1.2,1.4,2.325574,1.6382044,7.0,8.8,1.7,1.5,2.0072123,1.5805440999999998,5.9,8.8,2.3336097999999996,1.8159582
2025-10-26,Arsenal,Crystal Palace,1,0,T Bramall,1699.6834980650858,1560.1190391715443,1.4,4.75,7.5,1,0,0.856175,0.350534,0,0,4,6,8.0,0,1.6666666666666667,0.3333333333333333,2.4024033333333334,0.7022439999999998,10.0,9.0,1.8,0.4,2.161497,0.7046226,9.8,9.2,1.8,0.4,1.8927863999999999,0.8382292,8.1,10.0,2.111193,0.9368062,0,1,0.350534,0.856175,0,0,3,11,8.0,0,2.0,2.0,3.424653333333333,2.429206666666667,4.0,11.333333333333334,1.6,1.4,2.873532,1.6216228000000001,5.0,9.8,1.7,1.1,2.219972,1.5361854000000001,2.9,11.0,1.911842,1.4200270000000004
2025-10-26,Aston Villa,Man City,1,0,M Oliver,1592.0469409131213,1674.7737310130594,4.33,3.8,1.8,1,0,0.843906,1.36914,1,0,5,8,7.0,0,2.3333333333333335,1.0,1.151233666666667,0.9898379999999992,4.666666666666667,8.666666666666666,1.6,0.8,0.9494764,1.1601052,4.4,9.8,1.0,1.0,0.9274527000000001,1.4413882,5.6,9.3,1.2633082,1.195206,0,1,1.36914,0.843906,4,0,6,16,8.0,0,2.6666666666666665,0.3333333333333333,2.2659000000000002,0.6659570000000002,7.666666666666667,6.333333333333333,2.4,0.4,1.98353,0.8471192000000001,5.4,7.4,2.2,0.7,1.965538,1.1423806,5.1,7.7,1.8223220000000002,1.2716758000000001
2025-10-26,Bournemouth,Nott'm Forest,2,0,S Barrott,1540.7661049215424,1481.3891267090678,1.8,3.8,4.33,2,0,0.656601,0.305493,3,0,6,17,8.0,0,2.6666666666666665,2.0,1.4806700000000006,2.484489999999999,4.333333333333333,12.333333333333334,2.0,1.4,1.286908,1.6464044000000002,4.4,12.0,1.7,1.4,1.5598794,1.2860621,5.2,12.8,1.5672439999999999,0.4303942,0,2,0.305493,0.656601,1,0,4,7,8.0,0,0.0,2.0,1.2711629999999998,2.7721533333333332,4.333333333333333,13.0,0.2,2.0,0.9875897999999996,2.4679499999999996,4.4,12.2,0.7,1.7,1.2467036999999999,1.9161987,5.3,11.0,0.9879157999999999,1.9584494
2025-10-26,Wolves,Burnley,2,3,T Harrington,1416.3969282780795,1378.3948398278712,1.95,3.3,4.2,2,3,2.58132,1.54544,1,0,5,12,8.0,0,0.6666666666666666,1.3333333333333333,0.7350789999999998,1.0783670000000007,4.333333333333333,12.0,0.6,1.6,0.8294557999999999,0.9767898000000003,4.2,12.8,0.8,2.1,0.8521089,1.4661979,4.8,12.3,0.9014173999999999,1.6314936,3,2,1.54544,2.58132,0,0,3,7,8.0,0,1.3333333333333333,2.3333333333333335,0.5071433333333335,2.4295233333333335,2.3333333333333335,10.666666666666666,1.0,1.8,0.5662122000000002,2.1828538,2.4,10.6,1.1,1.9,0.792774,2.2618489,2.9,10.4,0.8044863999999998,2.7920760000000002
2025-10-26,Everton,Tottenham,0,3,C Pawson,1519.1507109257125,1466.3104897317157,2.35,3.4,3.0,0,3,1.4032,2.09327,2,0,9,9,8.0,0,1.0,1.3333333333333333,1.2810283333333332,1.8111853333333334,2.6666666666666665,11.333333333333334,0.8,1.2,1.2914312000000003,1.3699086,4.4,12.2,1.2,0.9,1.4721284000000001,1.446822,3.5,10.1,1.8840506000000001,1.2886206,3,0,2.09327,1.4032,0,0,8,8,7.0,0,1.3333333333333333,1.3333333333333333,1.0071729999999999,0.9974169999999999,5.666666666666667,10.666666666666666,1.8,1.2,1.1454698,1.0380318,8.0,10.4,1.5,1.3,1.1532414999999998,1.4098747,5.1,12.0,1.0394387999999999,1.3233055999999999
2025-11-01,Fulham,Wolves,3,0,J Brooks,1487.11831708585,1403.6487051726476,1.83,3.5,4.5,3,0,1.91207,0.209934,1,0,10,13,7.0,0,0.6666666666666666,2.0,0.9552306666666667,2.06029,4.0,13.0,1.2,2.0,1.0685228,1.6746352000000002,4.4,12.6,0.9,1.6,1.1992815000000001,1.7081313999999999,4.2,13.8,1.4075464000000002,1.5480888,0,3,0.209934,1.91207,3,1,1,14,6.0,0,1.0,2.0,1.2090156666666665,1.3206100000000005,3.0,12.333333333333334,1.0,2.0,1.2705313999999999,1.0475058000000002,4.4,11.8,0.8,2.0,0.9673548999999999,1.4522909,4.3,12.7,0.8028004000000001,1.3009022
2025-11-01,Burnley,Arsenal,0,2,C Kavanagh,1391.143062933303,1704.4977182659534,10.0,6.0,1.27,0,2,0.679177,2.51649,2,0,1,10,6.0,0,2.0,1.3333333333333333,0.8524596666666668,2.2161866666666667,2.6666666666666665,10.666666666666666,1.6,2.0,0.8416920000000001,2.1401338,2.8,10.2,1.3,1.9,0.8522849000000001,2.2197429,2.9,9.7,0.7810616000000001,1.7316217999999999,2,0,2.51649,0.679177,1,0,6,13,6.0,0,1.3333333333333333,0.0,1.997635,0.5724716666666665,7.333333333333333,8.0,1.4,0.4,1.756392,0.7159932,9.0,8.8,1.8,0.4,1.8624459000000002,0.6486486,7.5,9.7,1.6743797999999999,0.7396522
2025-11-01,Crystal Palace,Brentford,2,0,P Bankes,1555.3048189706767,1529.0631138180609,1.91,3.6,3.9,2,0,0.734558,0.820498,0,0,6,7,6.0,0,1.3333333333333333,2.0,2.3637546666666664,1.6806783333333335,4.333333333333333,11.666666666666666,1.6,1.6,2.5920288,1.722032,4.6,10.0,1.3,1.0,2.0865744,1.4789169000000002,3.2,10.7,2.5281019999999996,1.6523438,0,2,0.820498,0.734558,3,0,5,11,7.0,0,1.6666666666666667,1.0,2.4771226666666664,1.1583670000000001,6.0,9.0,1.8,1.4,2.2090368,1.4471002,6.4,10.8,1.5,1.5,1.8093314,1.3404011999999998,5.1,11.4,1.8072132000000003,1.2440442
2025-11-01,Liverpool,Aston Villa,2,0,S Attwell,1658.4564514560561,1602.7001391330687,1.65,4.33,4.5,2,0,1.47021,0.43502,2,0,1,13,7.0,0,1.3333333333333333,2.3333333333333335,2.2626366666666673,2.3465466666666663,5.0,8.666666666666666,1.4,2.0,2.1902660000000003,2.2588482,5.2,9.0,1.7,1.5,1.9125503,1.6898810999999998,6.0,9.0,1.6808148000000003,1.34513,0,2,0.43502,1.47021,3,0,4,11,6.0,0,1.6666666666666667,0.6666666666666666,0.9772856666666669,1.1286806666666658,5.666666666666667,8.0,1.8,0.8,1.0473922,1.0553932,4.8,8.4,0.9,1.0,0.8427823,1.5260006,5.2,9.6,0.5915972,1.6875704000000002
2025-11-01,Nott'm Forest,Man United,2,2,D England,1474.6959535580195,1517.9618758199172,3.3,3.75,2.05,2,2,1.55066,0.91622,1,0,8,10,6.0,0,0.0,2.3333333333333335,0.8995606666666666,2.343840333333333,3.3333333333333335,11.666666666666666,0.2,1.8,0.9899521999999996,2.0229302000000002,4.4,11.4,0.5,1.8,1.062497,1.8968131,5.0,11.0,1.5054916,1.873948,2,2,0.91622,1.55066,1,0,5,7,7.0,0,2.6666666666666665,1.0,2.1410933333333335,1.4546643333333333,2.3333333333333335,9.333333333333334,2.2,1.4,2.00079,1.5242191999999999,2.8,10.2,1.7,1.4,2.143062,1.4263477999999998,3.8,9.8,1.6340143999999999,2.068654
2025-11-01,Tottenham,Chelsea,0,1,J Gillett,1479.4487181684501,1589.0681683855141,2.7,3.5,2.5,0,1,0.146954,3.34251,4,0,6,14,6.0,0,2.0,1.0,1.4320259999999998,1.078647,5.0,10.333333333333334,1.8,1.2,1.2613197999999999,1.1600221999999998,7.0,10.6,1.8,1.1,1.3102668999999998,1.3811337,5.8,11.6,1.2670442000000002,1.4964438,1,0,3.34251,0.146954,2,0,5,12,7.0,0,2.0,1.0,1.6696100000000005,1.8886366666666667,6.0,13.333333333333334,1.6,1.6,1.5010406,1.897118,5.6,12.6,1.8,1.1,1.7320242000000001,1.499,6.0,11.4,1.8085704,1.4268243999999999
2025-11-01,Brighton,Leeds,3,0,M Oliver,1550.6574266809253,1410.769888478932,1.85,3.75,4.0,3,0,2.64127,0.35919,0,0,4,10,7.0,0,1.6666666666666667,2.0,1.0652793333333335,1.2049479999999997,7.333333333333333,10.333333333333334,2.0,1.8,1.4151196,1.3666368000000002,6.2,11.4,1.8,1.6,1.6550350999999999,1.4965927,5.5,12.2,1.6176748,1.7154006000000002,0,3,0.35919,2.64127,1,0,7,7,8.0,0,1.0,1.6666666666666667,2.011143333333333,0.5654993333333332,4.0,9.666666666666666,1.6,1.6,1.7075395999999998,0.8645856000000001,3.8,10.0,1.0,1.8,1.3774867,1.1211451000000001,4.8,9.9,0.8842990000000001,1.6866314
2025-11-02,West Ham,Newcastle,3,1,R Jones,1420.7447746974833,1570.413113548161,5.25,4.0,1.62,3,1,1.41383,0.523615,1,0,7,5,9.0,0,0.3333333333333333,2.0,0.5411509999999993,2.9154166666666668,4.333333333333333,11.666666666666666,0.6,1.8,0.5731167999999999,2.3983206,5.2,13.2,1.0,2.1,0.8399731000000001,1.9789074,4.9,10.6,0.6697786,2.68271,1,3,0.523615,1.41383,2,0,6,10,8.0,0,1.6666666666666667,1.0,2.622603333333333,0.9049343333333336,5.333333333333333,12.0,1.2,1.0,1.7522579999999999,1.0671886,5.0,10.8,0.9,0.9,1.4780285000000002,0.8427135,6.5,11.9,1.0775428,0.7126490000000001
2025-11-02,Man City,Bournemouth,3,1,A Taylor,1664.120532793112,1547.4592780725907,1.5,4.75,5.75,3,1,2.48999,0.899846,2,0,10,8,7.0,0,1.0,0.3333333333333333,1.6485033333333339,0.7774286666666669,6.333333333333333,10.0,1.8,0.6,1.8579080000000001,0.7120704000000001,6.2,9.0,1.9,0.7,1.9426730000000003,1.1305698000000002,5.4,8.6,2.1087540000000002,1.0130853999999998,1,3,0.899846,2.48999,2,0,4,11,7.0,0,2.6666666666666665,1.3333333333333333,1.3460936666666672,1.9038943333333325,5.0,13.666666666666666,2.0,1.2,1.1298542,1.5825184,4.8,12.2,1.8,1.1,1.5293381,1.1568323999999999,5.7,13.2,1.5525148,2.14173
2025-11-03,Sunderland,Everton,1,1,T Bramall,1529.7516111277519,1506.012482488978,2.7,3.2,2.7,1,1,1.18068,1.00741,3,0,4,10,9.0,0,1.3333333333333333,1.0,1.1275096666666666,1.2731476666666666,2.3333333333333335,10.0,1.2,0.8,1.2524762,1.2358194,3.4,10.0,1.2222222222222223,0.7777777777777778,1.1148242222222224,1.2162161111111112,3.4444444444444446,9.11111111111111,1.0646900000000001,0.90516625,1,1,1.00741,1.18068,2,0,1,12,8.0,0,0.6666666666666666,2.0,1.4455273333333334,2.2503533333333334,4.666666666666667,12.0,0.8,1.8,1.1935312,1.7176972,4.2,10.6,1.0,1.2,1.3446554,1.5511240000000002,4.0,10.4,1.0602062,1.6050234000000003
2025-11-08,Tottenham,Man United,2,2,S Barrott,1470.8672494867565,1518.4431491953203,2.63,3.6,2.5,2,2,1.35532,0.820256,5,0,5,10,7.0,0,1.3333333333333333,1.0,1.2516113333333334,1.6993136666666666,6.666666666666667,11.0,1.4,1.0,1.0523486,1.5475921999999998,6.2,10.8,1.7,0.8,1.1396973,1.4037606999999999,6.2,11.7,0.9259049999999999,1.5416978000000001,2,2,0.820256,1.35532,1,0,3,8,7.0,0,2.6666666666666665,1.6666666666666667,1.8032333333333337,1.702511333333333,3.3333333333333335,8.333333333333334,2.2,1.6,1.9151179999999997,1.7403825999999998,2.8,9.0,1.7,1.6,1.9384249999999998,1.5478916,3.9,9.5,1.7497319999999998,2.119644
2025-11-08,Sunderland,Arsenal,2,2,C Pawson,1527.3870160852032,1708.2718799815577,7.5,5.0,1.38,2,2,1.20495,2.32943,2,0,2,13,5.0,0,1.6666666666666667,0.6666666666666666,1.25203,0.9656843333333333,2.6666666666666665,9.333333333333334,1.2,0.8,1.3009498000000002,1.2494305999999997,3.0,9.2,1.2,0.8,1.1214098,1.1953355,3.5,9.2,1.087888,0.925615,2,2,2.32943,1.20495,1,0,2,13,7.0,0,1.3333333333333333,0.0,1.8169650000000004,0.5106809999999998,6.666666666666667,7.666666666666667,1.6,0.2,2.115975,0.6272886,8.0,9.2,1.8,0.3,1.8733838999999999,0.6567518999999999,7.3,10.2,1.6962558,0.7558588
2025-11-08,Everton,Fulham,2,0,A Madley,1508.3770775315268,1493.2086663162493,2.2,3.3,3.4,2,0,2.30607,0.424478,2,0,7,11,5.0,0,0.3333333333333333,2.0,1.0684106666666666,1.91795,4.333333333333333,11.666666666666666,0.8,1.6,1.250739,1.7415011999999996,3.6,11.0,1.0,1.3,1.3381174,1.5532819999999998,3.8,10.7,1.6291046000000002,1.4972246000000002,0,2,0.424478,2.30607,2,0,5,14,7.0,0,1.3333333333333333,1.0,1.3114706666666667,1.685408,6.333333333333333,14.0,1.2,1.8,1.1460748,1.5513108,6.0,13.0,1.2,1.4,1.1686915,1.4832018,5.1,14.0,0.9910166,1.8681739999999998
2025-11-08,West Ham,Burnley,3,2,M Salisbury,1433.2698211500183,1387.3689012176987,1.91,3.5,4.0,3,2,2.96728,1.87478,2,0,7,15,6.0,0,1.3333333333333333,1.6666666666666667,0.7242446666666659,2.070455,5.666666666666667,8.666666666666666,1.0,1.6,0.7626097999999998,2.0359135999999998,5.0,11.2,1.0,2.1,0.8846182,1.9419594,5.6,10.2,0.7824532,2.357921,2,3,1.87478,2.96728,2,0,4,13,7.0,0,1.6666666666666667,1.3333333333333333,0.9114213333333336,2.4764433333333336,1.6666666666666667,9.0,1.4,2.2,0.7492094,2.4772760000000003,2.2,9.8,1.2,1.9,0.8119806,2.3134299,2.6,9.6,0.9235081999999999,2.707864
2025-11-08,Chelsea,Wolves,3,0,A Kitchen,1597.6496370672078,1397.5583559422485,1.36,4.75,8.5,3,0,3.98342,0.111462,1,0,10,12,7.0,0,1.6666666666666667,0.6666666666666666,2.371376666666667,1.251018,5.333333333333333,14.333333333333334,1.6,1.2,2.075574,1.6575928000000002,5.6,12.2,1.8,1.1,1.9354012,1.3556814,6.1,11.5,1.655478,1.5711756,0,3,0.111462,3.98342,2,0,1,14,7.0,0,0.6666666666666666,2.6666666666666665,1.1558589999999997,1.4941066666666671,2.6666666666666665,12.666666666666666,0.8,2.0,0.9992981999999999,1.3385222,3.8,12.4,0.7,2.2,0.8774593000000002,1.4463019000000001,3.6,13.4,0.5590151999999999,1.3464142
2025-11-09,Aston Villa,Bournemouth,4,0,J Brooks,1595.9138328642255,1542.1468158042615,2.2,3.4,3.25,4,0,1.88282,2.00992,2,0,6,8,8.0,0,1.0,1.0,0.5437190000000003,1.4513199999999993,5.0,8.666666666666666,1.6,1.0,0.9465254,1.1617728,4.6,9.0,0.9,1.0,0.8527621,1.3767626,5.3,9.7,1.0939674,1.3644307999999998,0,4,2.00992,1.88282,2,0,9,20,7.0,0,2.0,2.0,1.2011823333333338,2.4527743333333327,5.0,14.666666666666666,2.2,1.8,1.1996914,2.0497906,4.6,13.0,1.7,1.4,1.3468737000000002,1.3901612,5.5,12.4,1.5400812,2.32017
2025-11-09,Brentford,Newcastle,3,1,S Attwell,1521.4955945875163,1557.888067095626,2.8,3.5,2.45,3,1,2.73729,0.432277,2,0,6,10,8.0,0,1.6666666666666667,1.3333333333333333,2.519369333333333,1.0377296666666667,6.666666666666667,9.333333333333334,1.6,1.2,2.2078252,1.2891498,5.4,10.4,1.4,1.6,1.6941851999999997,1.3029680000000001,5.3,11.6,1.8114496000000002,1.4367582,1,3,0.432277,2.73729,1,0,2,13,7.0,0,1.3333333333333333,2.0,1.5249350000000002,1.263648,4.666666666666667,10.0,1.4,1.6,1.8262551999999999,1.2398225999999999,5.8,10.8,1.0,1.1,1.41448,0.8768174999999999,5.9,11.7,0.7329977999999999,0.763499
2025-11-09,Crystal Palace,Brighton,0,0,T Robinson,1562.8723382012213,1555.4648518984975,2.25,3.5,3.1,0,0,0.839547,0.637037,1,0,4,10,8.0,0,1.6666666666666667,1.3333333333333333,1.882644,1.2412576666666666,5.0,8.666666666666666,1.6,1.4,2.2718103999999997,1.7928586,4.2,10.4,1.4,0.9,2.0185902,1.3688447,3.8,10.4,2.3381116,1.5306714,0,0,0.637037,0.839547,4,0,8,12,8.0,0,2.3333333333333335,1.6666666666666667,1.4818426666666669,1.201543333333333,6.0,10.666666666666666,2.2,1.4,1.6624416,1.2001128000000003,6.6,11.4,1.7,1.5,1.6075381,1.3472467,4.8,12.4,1.5047253999999999,1.5202548
2025-11-09,Nott'm Forest,Leeds,3,1,J Gillett,1474.2146801826163,1405.9624632613597,2.25,3.25,3.3,3,1,2.49097,0.419461,2,0,6,10,8.0,0,0.6666666666666666,2.3333333333333335,1.3038843333333332,1.3770403333333328,5.666666666666667,10.0,0.4,2.0,1.1339283999999996,1.9778562000000002,5.0,11.2,0.7,1.9,1.059549,1.8575610999999999,5.1,11.0,1.4995955999999997,1.7954439999999998,1,3,0.419461,2.49097,1,0,4,11,8.0,0,0.6666666666666666,2.0,1.63737,1.2165233333333332,5.0,8.666666666666666,1.0,2.0,1.68798,1.0796196,5.2,9.6,0.9,1.7,1.2942547,1.1819571000000002,4.3,9.9,0.8269714,1.7188834
2025-11-09,Man City,Liverpool,3,0,C Kavanagh,1669.4329950614413,1665.2427577248993,1.9,3.9,3.7,3,0,1.59542,1.0281,2,0,7,14,7.0,0,1.6666666666666667,0.6666666666666666,2.1130100000000005,0.846124666666667,9.0,10.666666666666666,2.2,0.6,2.131366,0.7483246000000001,7.8,8.6,2.0,0.8,1.945749,0.9987574,5.8,8.9,2.2871940000000004,1.0006517999999998,0,3,1.0281,1.59542,4,0,7,15,8.0,0,1.6666666666666667,1.6666666666666667,2.066103333333334,2.0791499999999994,4.666666666666667,10.333333333333334,1.4,1.8,2.271976,2.201578,4.4,9.4,1.8,1.4,1.8674493,1.5919431,5.0,9.6,2.1442857999999996,2.0346322
2025-11-22,Brighton,Brentford,2,1,C Kavanagh,1557.3810129960145,1530.8171590994991,1.91,3.6,4.0,2,1,0.977488,2.19979,4,0,7,10,13.0,0,1.6666666666666667,1.3333333333333333,1.408487,1.053682333333333,6.0,11.666666666666666,1.6,1.2,1.2948290000000002,0.9627162000000002,6.8,10.6,1.6,1.4,1.5272337999999999,1.3409131000000003,5.2,12.0,1.7103508,1.1742386000000002,1,2,2.19979,0.977488,2,0,4,9,13.0,0,2.0,1.6666666666666667,2.2763493333333327,1.0950716666666667,5.333333333333333,9.333333333333334,1.6,1.2,2.1978312,0.9283871999999997,5.8,9.6,1.6,1.4,1.8353981999999998,1.1706457000000001,5.4,11.1,1.5769208000000001,1.1691778
2025-11-22,Burnley,Chelsea,0,2,P Bankes,1380.3259593114508,1601.3064899400001,6.25,4.5,1.48,0,2,0.660943,1.72093,2,0,1,13,14.0,0,1.6666666666666667,2.3333333333333335,1.3664656666666668,2.6883633333333337,2.6666666666666665,10.0,1.6,1.8,1.0222672,2.4264660000000005,2.6,11.0,1.4,1.9,0.9260448,2.4122999,2.5,10.1,0.7004530000000002,1.9189957999999998,2,0,1.72093,0.660943,3,0,9,8,14.0,0,1.6666666666666667,0.6666666666666666,2.8464166666666677,0.6030053333333335,8.0,13.0,2.0,0.6,2.466952,1.1848652000000002,6.6,12.8,2.1,1.1,2.1969502,1.2634136,6.0,11.7,2.2153244,1.1401872
2025-11-22,Liverpool,Nott'm Forest,0,3,A Madley,1657.0695629224742,1480.6822915871726,1.44,5.0,6.25,0,3,1.79273,1.19459,2,0,8,11,13.0,0,1.3333333333333333,2.0,1.5388966666666672,1.7672333333333328,4.0,12.666666666666666,1.2,2.0,1.8572440000000001,1.8140159999999999,4.6,10.8,1.4,1.5,1.7372522999999997,1.5941820999999998,5.1,10.4,1.5906128000000002,1.1492539999999998,3,0,1.19459,1.79273,0,0,6,8,13.0,0,1.6666666666666667,1.6666666666666667,1.449041,0.6640939999999995,6.0,9.0,1.0,2.0,1.3480623999999994,1.6734404,4.8,11.0,0.7,1.9,1.1330959999999999,1.7669912,5.2,11.3,0.6195024,1.9196782
2025-11-22,Bournemouth,West Ham,2,2,T Bramall,1535.3090722847912,1440.3127630562662,1.62,4.2,4.75,2,2,3.48299,0.390782,3,0,9,9,13.0,0,1.0,2.3333333333333335,1.1887890000000003,1.5594343333333327,6.333333333333333,16.0,1.8,2.2,1.3896093999999999,2.0168985999999998,5.6,14.4,1.5,1.4,1.3905626999999998,1.3454362,5.7,13.4,1.1536662,0.46015239999999996,2,2,0.390782,3.48299,2,0,2,10,14.0,0,2.3333333333333335,1.6666666666666667,1.6265876666666659,1.5399316666666667,6.0,10.333333333333334,1.4,1.8,1.2009125999999999,2.228929,5.4,11.0,1.3,2.0,1.1254514,2.0570006,5.6,10.7,0.9867832000000002,1.5259978
2025-11-22,Wolves,Crystal Palace,0,2,A Taylor,1393.901503069456,1560.9561771037042,3.8,3.6,1.95,0,2,1.66409,1.44933,2,0,1,13,14.0,0,0.6666666666666666,3.0,0.9675719999999998,2.4803100000000007,2.3333333333333335,13.333333333333334,0.6,2.4,0.7896886,1.9714640000000003,2.2,13.0,0.7,2.1,0.8366619,1.6147409,3.3,13.5,1.1959034,1.5461896,2,0,1.44933,1.66409,3,0,4,9,13.0,0,0.6666666666666666,0.3333333333333333,0.6415463333333333,0.7712366666666667,4.333333333333333,9.333333333333334,1.2,1.2,1.7330738,1.2999139999999998,4.6,10.4,1.4,0.9,1.9991308999999997,1.2957553999999998,4.0,10.2,1.6990687999999998,1.2070180000000001
2025-11-22,Newcastle,Man City,2,1,S Barrott,1548.5665025836431,1677.6061898638663,3.6,3.8,1.95,2,1,2.40555,2.45648,1,0,5,13,13.0,0,1.3333333333333333,2.3333333333333335,1.2413173333333334,1.8903766666666668,4.0,11.333333333333334,1.4,1.8,1.7647403999999998,1.3731845999999999,4.8,11.8,1.1,1.4,1.3176097,1.1186864,5.5,11.9,2.0959621999999998,0.990136,1,2,2.45648,2.40555,3,0,9,8,13.0,0,2.0,0.6666666666666666,1.8181833333333337,0.9239506666666669,7.666666666666667,12.666666666666666,1.8,0.4,1.806184,0.8520464000000001,7.2,10.4,1.9,0.8,1.8753879999999998,1.0496238000000002,5.9,9.6,1.6043040000000002,0.9968629999999999
2025-11-22,Fulham,Sunderland,1,0,D England,1485.3390505390175,1530.7324418512067,2.1,3.25,3.75,1,0,2.83729,0.222768,3,0,7,5,14.0,0,1.3333333333333333,1.3333333333333333,1.2855193333333335,1.7613546666666666,6.0,15.0,1.0,1.6,1.040448,1.7393747999999998,5.4,13.2,1.1,1.5,1.120851,1.5698007999999999,5.3,13.9,1.3463664000000002,1.0982296,0,1,0.222768,2.83729,3,0,4,13,14.0,0,1.6666666666666667,1.3333333333333333,1.3120766666666668,1.51672,2.3333333333333335,12.0,1.4,1.2,1.1536317999999999,1.4312566,2.6,10.6,1.1,1.0,1.169468,1.3723836999999999,3.2,9.7,1.1549316,1.465056
2025-11-23,Leeds,Aston Villa,1,2,R Jones,1399.4948518568035,1602.7515763836957,3.0,3.3,2.4,1,2,1.84668,1.35978,5,0,3,18,14.0,0,1.0,2.3333333333333335,1.000017,1.8769643333333332,4.666666666666667,10.0,0.8,2.2,1.3624162,1.3657476000000002,4.6,9.4,0.9,2.0,1.0980808,1.3636203,4.0,10.4,1.7615380000000003,0.6450308,2,1,1.35978,1.84668,1,0,3,16,14.0,0,1.6666666666666667,0.6666666666666666,1.0539153333333335,1.6164233333333327,5.0,9.0,1.8,0.8,1.0499394,1.3732344,5.4,8.6,1.3,1.0,1.009184,1.4376566,5.6,9.2,0.6115568,1.3890944
2025-11-23,Arsenal,Tottenham,4,1,M Oliver,1704.9264542155543,1470.5098074803386,1.42,4.75,7.5,4,1,2.27827,0.0300672,1,0,4,11,15.0,0,1.6666666666666667,0.6666666666666666,1.9006983333333336,0.7448869999999997,4.0,10.666666666666666,1.6,0.4,2.167765,0.7203084000000001,6.0,10.0,1.9,0.5,1.9732869000000002,0.6395939,7.1,9.6,2.0505120000000003,0.5576450000000001,1,4,0.0300672,2.27827,3,0,1,15,15.0,0,1.6666666666666667,1.0,1.1985146666666668,1.855322,6.333333333333333,10.666666666666666,1.6,1.2,1.1596704,1.4797413999999998,5.2,11.0,1.6,1.0,1.0773712999999998,1.4123725,6.1,11.3,1.3534896,1.2658236
2025-11-24,Man United,Everton,0,1,T Harrington,1518.8005912017381,1516.2466933087585,1.75,4.0,4.33,0,1,2.2737,0.155063,2,0,9,12,16.0,0,2.6666666666666665,2.0,1.232928666666667,1.284378,3.0,6.333333333333333,2.4,1.4,1.6319511999999996,1.4539946000000001,3.0,8.6,1.9,1.7,1.8827976,1.5503836,3.9,9.3,2.127118,0.9761391999999999,1,0,0.155063,2.2737,0,1,1,9,16.0,0,1.0,1.3333333333333333,1.5722266666666667,1.2328093333333332,5.666666666666667,10.666666666666666,1.0,1.4,1.5300124,1.6712436,4.4,11.8,1.2,1.2,1.5012906000000001,1.3576098,4.3,11.0,1.0471302000000002,1.6093394
2025-11-29,Brentford,Burnley,3,1,S Barrott,1523.2583614537477,1374.6539777987389,1.45,4.5,7.0,3,1,3.72106,0.874025,0,0,5,7,7.0,0,1.3333333333333333,1.6666666666666667,1.9191926666666663,0.7147743333333333,5.0,10.0,1.8,1.4,2.4990376,0.9045907999999999,6.0,9.4,1.6,1.6,1.9424132,1.1707093,5.6,10.9,2.1329796,1.3278432,1,3,0.874025,3.72106,2,0,6,7,7.0,0,0.6666666666666666,2.3333333333333335,1.0716333333333337,2.401566666666667,2.0,12.0,1.4,1.8,1.0539974,2.423508,2.0,10.6,1.2,2.1,0.8917581,2.4722659,2.2,10.5,1.1516365999999998,2.9056039999999994
2025-11-29,Man City,Leeds,3,2,P Bankes,1665.64481617594,1393.3993105861373,1.22,6.5,12.0,3,2,2.85292,1.75142,4,0,8,17,7.0,0,2.3333333333333335,1.0,2.1806300000000003,1.4444986666666668,8.666666666666666,10.0,1.8,0.8,2.078186,1.1944048,8.6,10.8,2.0,0.8,1.996286,1.1621638,6.1,9.7,2.356778,0.9502417999999999,2,3,1.75142,2.85292,1,0,1,11,6.0,0,0.6666666666666666,2.6666666666666665,0.8751103333333332,2.1640066666666664,4.666666666666667,12.0,0.8,2.2,1.4356502,1.5000639999999998,4.4,11.0,1.0,1.7,1.2670727,1.2258373,4.1,11.1,0.8795113999999999,1.6695554000000001
2025-11-29,Sunderland,Bournemouth,3,2,T Robinson,1521.1526063315212,1531.122067278361,3.2,3.3,2.3,3,2,1.16955,1.79274,5,0,6,14,7.0,0,1.0,1.3333333333333333,0.869466,2.0580433333333334,3.3333333333333335,12.0,1.4,1.0,1.0367616,1.6127546,2.8,10.8,1.1,0.9,1.0796177999999998,1.5557317,3.3,10.5,1.1840043999999998,1.2797114,2,3,1.79274,1.16955,5,1,3,13,7.0,0,1.0,3.0,2.130918666666667,1.5878639999999995,7.333333333333333,13.333333333333334,1.6,2.4,1.8192913999999998,1.9263849999999998,6.6,14.6,1.6,1.6,1.5603997,1.3471776999999998,5.8,13.0,1.6274591999999999,2.23072
2025-11-29,Everton,Newcastle,1,4,C Pawson,1528.0279337554146,1560.5278762715695,2.8,3.25,2.63,1,4,1.01125,2.45882,0,0,8,4,5.0,0,1.3333333333333333,0.3333333333333333,1.156181,1.2929526666666664,3.0,10.666666666666666,0.8,1.2,1.1332730000000002,1.6904055999999996,4.2,11.0,1.1,1.2,1.3366809,1.3764927999999998,4.2,11.2,1.7300866000000004,1.1651462000000001,4,1,2.45882,1.01125,0,0,7,6,7.0,0,1.3333333333333333,2.3333333333333335,1.1204806666666667,2.2025333333333337,4.333333333333333,12.0,1.4,2.0,1.4825264,1.7969428,4.2,11.2,1.1,1.2,1.3618227,1.2996785,5.3,11.5,0.5392572,1.2472368
2025-11-29,Tottenham,Fulham,1,2,S Attwell,1467.4068907112255,1494.918886058703,2.2,3.3,3.3,1,2,1.04396,0.494736,3,0,8,11,6.0,0,1.0,2.3333333333333335,0.5107804,2.147012,4.0,13.0,1.4,1.8,1.02804424,1.6392933999999997,5.2,11.6,1.5,1.4,0.95236302,1.5154495000000001,6.0,11.6,0.801253,1.5589214,2,1,0.494736,1.04396,2,0,2,7,7.0,0,1.3333333333333333,0.6666666666666666,1.7246126666666666,0.9129239999999998,7.333333333333333,10.666666666666666,1.0,1.0,1.439236,1.5170124,6.2,12.2,1.1,1.4,1.2392470000000002,1.4374746,5.1,13.2,0.8953355999999999,2.041372
2025-11-30,Nott'm Forest,Brighton,0,2,M Oliver,1496.59993757267,1564.939810641766,2.75,3.3,2.63,0,2,0.960325,2.0572,0,0,9,11,8.0,0,2.6666666666666665,1.0,1.7454066666666666,1.0428036666666662,6.666666666666667,9.333333333333334,1.6,1.6,1.5194425999999996,1.2686624,5.8,9.6,0.9,1.8,1.119568,1.8360762000000002,5.5,11.0,1.6466895999999998,1.6143041999999999,2,0,2.0572,0.960325,1,0,2,10,8.0,0,1.6666666666666667,0.3333333333333333,1.4185983333333334,1.1328423333333328,6.333333333333333,10.666666666666666,1.8,1.2,1.2120106,1.3287934000000001,6.6,10.8,1.8,1.3,1.4164956,1.3807760999999998,5.7,11.5,1.2151587999999998,1.3279322
2025-11-30,Aston Villa,Wolves,1,0,C Kavanagh,1608.847117654362,1386.8888352897268,1.5,4.33,6.5,1,0,1.15486,0.692588,0,0,7,13,7.0,0,2.0,1.0,1.2258733333333336,1.7756033333333328,4.333333333333333,11.666666666666666,1.8,0.8,0.9747513999999999,1.6421120000000002,4.8,10.0,1.5,1.0,1.0474767999999999,1.5093606000000002,5.0,9.9,1.4068112000000002,1.4862188,0,1,0.692588,1.15486,4,0,3,21,8.0,0,0.0,2.6666666666666665,0.6618286666666665,2.448273333333334,1.0,13.666666666666666,0.4,2.6,1.0486258,1.983014,2.0,13.0,0.7,2.2,0.9657342,1.5812119,3.1,13.2,0.5066342,1.7861742
2025-11-30,Chelsea,Arsenal,1,1,A Taylor,1606.978471452712,1708.0293709846674,3.4,3.3,2.2,1,1,0.791914,1.22828,1,1,3,12,8.0,0,2.0,0.0,3.0156200000000006,0.30645300000000014,8.0,10.666666666666666,2.0,0.4,2.5636959999999998,0.9050918000000001,7.0,12.6,1.8,1.0,1.9740461999999996,1.2316506999999999,6.4,11.5,2.1785760000000005,1.3866399999999999,1,1,1.22828,0.791914,6,0,3,13,7.0,0,2.6666666666666665,1.0,2.37473,0.638064733333333,4.0,12.333333333333334,2.0,0.6,2.0117190000000003,0.55341204,5.2,9.4,1.8,0.6,1.9273529,0.62692452,7.3,9.9,1.8960618,0.7215428
2025-11-30,West Ham,Liverpool,0,2,D England,1444.4997680626964,1641.151916936977,4.33,4.33,1.67,0,2,0.364152,1.56793,1,1,7,12,8.0,0,2.6666666666666665,1.6666666666666667,1.5906306666666659,1.9604616666666665,5.333333333333333,10.0,1.8,1.8,1.1061591999999998,2.313827,5.2,10.2,1.4,1.7,1.0666724,2.0103026,5.1,11.0,1.1801948,1.9428830000000001,2,0,1.56793,0.364152,0,0,2,14,8.0,0,0.6666666666666666,2.0,1.430346666666667,1.0750099999999996,5.333333333333333,13.0,1.0,2.2,1.803828,1.8054919999999997,5.8,11.4,1.1,1.6,1.8518694,1.5172991,5.8,10.0,2.2205939999999997,1.9610322
2025-11-30,Crystal Palace,Man United,1,2,R Jones,1567.9688448834336,1507.019350755082,2.3,3.4,3.1,1,2,2.13561,1.47768,3,0,4,14,8.0,0,1.3333333333333333,0.0,1.0078116666666668,1.0405416666666667,4.666666666666667,8.666666666666666,1.4,0.8,1.5873618,1.20498,4.6,9.0,1.5,0.8,2.0338758999999995,1.3291774,4.3,10.0,2.2856449999999997,1.3921048,2,1,1.47768,2.13561,2,0,4,14,6.0,0,1.3333333333333333,1.6666666666666667,1.3367253333333338,1.0203476666666664,5.666666666666667,9.0,2.0,1.6,1.7007311999999999,1.3235834,4.4,9.0,1.8,1.7,1.9555646000000002,1.4005569,4.2,9.5,1.6045772,2.060042
2025-12-02,Bournemouth,Everton,0,1,M Salisbury,1522.5521906444994,1517.238067281765,2.2,3.25,3.3,0,1,0.635415,1.19573,3,0,1,14,3.0,1,1.3333333333333333,3.0,2.4285500000000004,1.1477173333333328,7.0,14.0,1.4,2.4,1.7684194000000002,1.247727,6.2,14.0,1.7,1.9,1.5276637000000002,1.4470657,5.3,13.0,1.4933402,0.4636354,1,0,1.19573,0.635415,3,0,6,14,3.0,1,1.3333333333333333,1.3333333333333333,1.1574609999999999,1.7189993333333333,5.333333333333333,8.0,1.0,1.6,1.1765986,1.6861895999999998,5.2,9.0,0.9,1.4,1.2340149,1.5280491,4.8,10.6,0.9432752000000001,1.5878394
2025-12-02,Fulham,Man City,4,5,C Pawson,1505.851250130394,1668.2186891588337,4.33,4.1,1.73,4,5,0.972635,1.96225,0,0,7,9,3.0,1,1.0,1.0,1.252168,1.1909326666666666,4.666666666666667,8.666666666666666,1.4,1.0,1.4377168,1.3101584000000002,5.4,11.4,1.3,1.3,1.2150978000000001,1.2986306,4.9,12.2,1.5831583999999999,0.8335772,5,4,1.96225,0.972635,1,0,2,7,3.0,1,2.3333333333333335,1.3333333333333333,2.301606666666667,1.7283566666666668,8.0,13.0,2.0,1.2,2.15279,1.3857644,8.0,12.6,2.2,0.8,2.0681599999999998,1.1164418,6.7,10.0,1.635794,1.3740858
2025-12-02,Newcastle,Tottenham,2,2,T Bramall,1571.317742745219,1456.4745266395346,1.83,3.8,4.1,2,2,1.88558,1.05205,0,0,11,5,3.0,1,2.3333333333333335,1.6666666666666667,1.765549,2.0683400000000005,4.666666666666667,10.666666666666666,2.0,1.8,1.7176643999999999,1.827772,4.8,10.6,1.5,1.3,1.5773412,1.3330734999999998,5.5,10.6,2.1843882,1.3521202,2,2,1.05205,1.88558,3,0,8,12,3.0,1,1.3333333333333333,2.6666666666666665,0.8097824,1.197754,4.666666666666667,12.0,1.4,1.8,0.93391424,1.6677943999999996,5.6,11.6,1.6,1.5,1.03969202,1.3529130999999999,6.8,11.0,1.1034730400000001,1.4719776
2025-12-03,Arsenal,Brentford,2,0,T Harrington,1706.8532988301674,1527.8849370069101,1.36,5.0,8.5,2,0,2.63126,0.588716,0,0,4,7,3.0,1,2.3333333333333335,1.3333333333333333,1.945326666666667,0.675643733333333,3.0,12.333333333333334,2.0,0.8,1.8417290000000002,0.61132844,3.8,11.2,1.9,0.6,2.001613,0.65797552,6.8,10.2,1.958644,0.53230624,0,2,0.588716,2.63126,1,0,8,9,4.0,0,2.3333333333333335,1.3333333333333333,2.8860466666666666,0.7612633333333334,5.0,8.666666666666666,2.0,1.6,2.5499796,1.0273455999999999,5.0,8.8,1.8,1.5,2.1699152,1.1009848,5.7,10.4,1.7518467999999998,1.0135754000000001
2025-12-03,Brighton,Aston Villa,3,4,A Madley,1574.6998158920924,1612.1427219697225,2.15,3.5,3.4,3,4,1.96298,3.15745,2,0,5,10,3.0,1,1.3333333333333333,0.3333333333333333,1.2239083333333334,1.3332206666666664,5.666666666666667,10.666666666666666,1.8,1.0,1.4520298,1.2642324000000003,5.4,11.0,1.8,1.2,1.4013516000000001,1.2633906,5.6,10.9,1.6178324,1.4336200000000001,4,3,3.15745,1.96298,2,0,6,9,3.0,1,2.3333333333333335,0.3333333333333333,1.4658200000000001,1.5163959999999994,5.333333333333333,12.333333333333334,1.6,0.6,1.1352772,1.4777076,5.0,11.2,1.6,0.7,1.0423768,1.3189064,4.7,10.5,0.6881424,1.5325024000000003
2025-12-03,Burnley,Crystal Palace,0,1,T Kirk,1370.0274022455765,1554.6217672047248,4.5,3.8,1.75,0,1,1.16852,0.987797,0,0,3,9,4.0,0,1.0,2.6666666666666665,1.136582666666667,2.8030900000000005,3.6666666666666665,11.0,1.2,2.4,1.126873,2.7014160000000005,3.0,10.0,1.1,2.1,0.8465426,2.4421349,2.7,10.3,0.6318796000000002,2.0389277999999997,1,0,0.987797,1.16852,0,0,4,8,3.0,1,1.0,0.6666666666666666,1.474829,1.2596023333333333,4.0,11.0,1.0,0.6,1.1019158,1.0910959999999998,4.2,10.2,1.3,1.0,1.9877238999999995,1.3563594,4.6,10.0,1.7821068,1.26625
2025-12-03,Wolves,Nott'm Forest,0,1,T Robinson,1383.5932309743662,1486.8399323223434,3.25,3.4,2.25,0,1,1.02461,1.12389,2,0,3,19,3.0,1,0.0,2.0,0.8227133333333332,2.1958700000000007,1.6666666666666667,16.0,0.4,2.4,1.0518788,2.009024,2.2,14.8,0.5,2.0,0.9406673000000001,1.4929069,3.2,13.8,1.4248342,1.3762496,1,0,1.12389,1.02461,2,0,9,11,3.0,1,2.0,1.0,1.5486283333333333,1.423130333333333,7.0,9.666666666666666,1.6,1.4,1.3004075999999998,1.1684424,6.6,9.2,0.9,1.7,1.1439987,1.8181961999999998,5.5,10.7,0.5924464,2.0578482
2025-12-03,Leeds,Chelsea,3,1,D England,1390.8254376032435,1608.154543607212,4.1,4.1,1.8,3,1,2.2047,0.964018,1,0,4,10,4.0,0,1.3333333333333333,2.6666666666666665,1.339187,2.2345566666666663,2.6666666666666665,13.333333333333334,1.2,2.4,1.3196302,1.9687186,3.6,11.8,1.2,2.0,1.3744847,1.4807658,3.7,11.2,1.6546340000000002,0.7821192000000001,1,3,0.964018,2.2047,1,0,2,13,3.0,1,2.0,0.3333333333333333,2.165421333333334,0.6668950000000001,7.333333333333333,10.666666666666666,1.6,0.6,2.2104188,0.7396478000000002,7.2,11.8,1.7,1.1,1.8099976000000002,1.2808559000000002,6.1,11.6,1.7695163999999999,1.0766614
2025-12-03,Liverpool,Sunderland,1,1,S Attwell,1647.409758655716,1529.7224829653828,1.36,5.25,7.0,1,1,1.37633,0.712662,1,0,7,10,3.0,1,0.6666666666666666,2.0,1.4629200000000004,1.0513873333333328,5.666666666666667,13.333333333333334,1.2,1.8,1.5954700000000002,1.3720883999999998,4.4,12.6,1.2,1.6,1.9605219999999999,1.5051463999999999,5.7,10.7,1.4831448000000003,1.073566,1,1,0.712662,1.37633,1,0,3,5,4.0,0,1.6666666666666667,1.6666666666666667,0.8657560000000001,2.31982,4.0,13.333333333333334,1.6,1.4,1.0657096000000001,1.8360379999999998,3.4,12.6,1.2,1.0,1.0394458,1.5904017,3.6,10.8,0.9752312,1.8317520000000003
2025-12-04,Man United,West Ham,1,1,A Kitchen,1520.3664284337908,1438.2419263439574,1.45,5.0,6.0,1,1,2.27674,1.36584,2,0,6,13,4.0,0,1.3333333333333333,1.3333333333333333,1.5238786666666668,1.2153309999999997,5.333333333333333,11.333333333333334,2.0,1.6,1.4900331999999998,1.2287614000000002,4.4,9.0,1.7,1.6,1.7010956,1.4814999,3.9,10.0,2.306552,0.7410717999999998,1,1,1.36584,2.27674,2,0,6,9,4.0,0,1.6666666666666667,2.0,1.2407379999999992,2.308566666666666,5.333333333333333,12.333333333333334,1.8,1.8,1.1269394,1.9341430000000002,5.4,10.6,1.1,1.9,0.8794876,2.0954938,5.1,11.6,0.9531500000000002,2.0777222
2025-12-06,Aston Villa,Arsenal,2,1,P Bankes,1622.791056625802,1710.8875904484453,4.2,3.5,1.9,2,1,2.71986,1.85965,0,0,3,10,3.0,1,2.3333333333333335,1.3333333333333333,1.890696666666667,1.5007493333333326,5.333333333333333,12.666666666666666,2.2,1.2,1.597986,1.5964756000000002,5.2,11.4,2.0,1.0,1.3226891,1.3259344,5.0,9.9,1.3966112,1.1053104,1,2,1.85965,2.71986,2,0,3,8,3.0,1,2.3333333333333335,0.6666666666666666,2.045936666666667,0.4702323999999998,3.6666666666666665,10.333333333333334,2.2,0.8,2.196746,0.65896484,3.8,11.4,1.8,0.6,1.9765690000000002,0.6874790199999999,6.4,10.1,2.044582,0.7836447999999999
2025-12-06,Bournemouth,Chelsea,0,0,M Oliver,1510.6941355068702,1593.9123222685578,3.1,3.75,2.15,0,0,1.41931,0.672602,0,0,5,15,4.0,0,1.3333333333333333,2.0,1.9703816666666671,0.9186873333333327,4.333333333333333,12.0,1.0,2.6,1.7641822,1.4257743999999999,5.2,13.4,1.5,1.9,1.4470182,1.5041464,5.0,12.8,1.3320492,0.5777968,0,0,0.672602,1.41931,2,0,0,13,3.0,1,1.3333333333333333,1.3333333333333333,1.1589540000000007,1.364641,4.666666666666667,11.0,1.6,0.8,2.1605583999999998,0.8704678000000001,5.8,11.4,1.6,1.2,1.8307995000000001,1.3837929,5.7,12.0,1.8111202000000002,1.2825354
2025-12-06,Everton,Nott'm Forest,3,0,C Kavanagh,1529.0961224193943,1495.6015811828318,2.2,3.2,3.5,3,0,1.25348,0.31234,4,0,6,17,4.0,0,1.0,1.3333333333333333,0.7873476666666667,1.7893116666666662,5.0,9.0,1.2,1.0,1.1351046,1.3946185999999998,4.6,10.0,1.0,1.4,1.1643179,1.5561579,4.4,10.3,1.5537966000000003,1.5860448000000003,0,3,0.31234,1.25348,3,0,3,15,3.0,1,1.3333333333333333,0.6666666666666666,1.092935,1.6248466666666663,8.0,10.0,1.8,1.0,1.4640869999999997,1.2420442,7.6,10.0,1.0,1.4,1.2270196,1.6324872,6.0,10.7,0.7584882000000001,1.6864301999999998
2025-12-06,Man City,Sunderland,3,0,A Madley,1675.3547165575285,1534.4330311283245,1.25,6.5,10.0,3,0,2.41605,0.626486,1,0,6,9,4.0,0,3.0,2.6666666666666665,2.423883333333334,1.7098683333333335,6.333333333333333,10.666666666666666,3.0,1.8,2.271412,1.4115102,7.2,10.8,2.4,1.2,2.0646600000000004,1.0617903,6.7,9.9,2.5279119999999997,0.9966958,0,3,0.626486,2.41605,0,1,5,10,3.0,1,1.3333333333333333,1.3333333333333333,0.7016600000000001,2.00212,4.333333333333333,10.666666666666666,1.4,1.4,0.8981220000000001,1.8686399999999999,3.8,11.0,1.3,1.1,1.0752991,1.5522297,3.6,10.5,1.0469377999999998,1.7554079999999999
2025-12-06,Newcastle,Burnley,2,1,S Attwell,1566.671134496598,1363.4673056431657,1.27,6.0,9.5,2,1,1.80708,1.58375,2,0,9,9,4.0,0,2.6666666666666665,1.3333333333333333,2.2499833333333332,1.5065933333333337,7.666666666666667,8.0,2.0,2.0,1.5411683999999999,1.7341799999999998,6.2,9.4,1.6,1.5,1.6467132,1.4006843,5.6,10.1,2.3231322000000003,1.4873418,1,2,1.58375,1.80708,2,1,9,11,3.0,1,0.3333333333333333,2.0,0.901162666666667,2.143262333333334,3.3333333333333335,9.666666666666666,0.6,2.2,1.0514890000000001,2.3827114,3.0,10.4,1.1,2.1,0.9465904999999999,2.2614226,2.9,10.3,1.0612055999999999,2.845342
2025-12-06,Tottenham,Brentford,2,0,R Jones,1461.1211348881557,1523.8506453886323,2.3,3.5,3.0,2,0,2.42388,0.470563,3,0,7,8,4.0,0,1.3333333333333333,2.6666666666666665,0.7086924,1.552862,5.666666666666667,12.666666666666666,1.2,2.2,0.72567024,1.7642703999999998,5.6,12.4,1.5,1.7,0.9934950199999999,1.4621463000000001,6.3,11.5,0.975911,1.2338486,0,2,0.470563,2.42388,4,0,6,9,3.0,1,1.3333333333333333,1.6666666666666667,2.169855333333333,1.4942576666666667,5.666666666666667,8.333333333333334,1.4,1.6,2.0134708,1.1299215999999999,5.6,9.2,1.6,1.5,2.1112537999999996,1.2885109,6.0,10.0,1.580382,1.2255734
2025-12-06,Leeds,Liverpool,3,3,A Taylor,1405.0676589418977,1642.6992104927742,3.8,4.0,1.85,3,3,1.79333,2.04805,3,0,5,14,3.0,1,2.0,2.0,1.9342666666666666,1.7255726666666664,2.6666666666666665,13.0,1.4,2.4,1.3162901999999999,2.0617916,3.8,11.4,1.5,2.0,1.5119148999999998,1.4631886,3.8,10.7,1.9601140000000001,0.9141958000000001,3,3,2.04805,1.79333,3,0,4,14,3.0,1,1.0,1.3333333333333333,1.578996666666667,0.7571346666666662,5.666666666666667,11.666666666666666,1.0,1.4,1.44706,0.8603687999999998,5.0,12.6,1.2,1.7,1.8186630000000001,1.5596085,5.1,10.8,1.9751959999999997,2.0002544
2025-12-07,Brighton,West Ham,1,1,S Hooper,1564.051481236013,1442.1187299738692,1.55,4.33,5.75,1,1,2.10077,1.7064,2,0,10,12,4.0,0,2.3333333333333335,1.6666666666666667,1.6658893333333333,2.1058549999999996,4.666666666666667,10.0,2.0,1.0,1.6551950000000002,1.5032604,5.2,10.4,2.0,1.4,1.5351573,1.4349485999999998,5.7,10.9,1.5687003999999998,1.6382739999999998,1,1,1.7064,2.10077,2,0,6,8,3.0,1,1.0,1.6666666666666667,0.7069246666666659,2.442553333333333,5.0,10.333333333333334,1.8,1.6,1.3003768,1.9452109999999998,5.8,10.2,1.2,1.7,0.9367468000000001,2.1717658,5.5,11.7,0.779118,2.3898666000000004
2025-12-07,Fulham,Crystal Palace,1,2,S Barrott,1498.7152227316992,1561.1818638071356,2.55,3.3,2.8,1,2,0.766771,1.71109,0,0,6,5,5.0,0,2.3333333333333335,2.0,1.4348869999999998,1.076326,5.333333333333333,7.0,2.0,1.6,1.3282418,1.1489964000000001,6.2,9.6,1.6,1.8,1.1983823,1.4118158,5.3,11.1,1.5497274,1.0599475999999999,2,1,1.71109,0.766771,0,0,4,8,4.0,0,1.3333333333333333,0.6666666666666666,1.5242456666666666,1.4367633333333334,4.0,10.333333333333334,1.2,0.4,1.2293684,1.153565,4.4,9.6,1.4,1.0,1.9106986,1.4377985,4.5,9.8,1.4602401999999999,1.2587820000000005
2025-12-08,Wolves,Man United,1,4,M Salisbury,1374.8315821138779,1516.489624803879,4.2,4.0,1.75,1,4,0.262147,4.04708,3,0,1,17,5.0,0,0.0,1.3333333333333333,1.1270959999999999,1.242693333333334,2.3333333333333335,17.666666666666668,0.0,2.0,0.7405367999999999,1.9247140000000003,1.8,16.2,0.5,2.0,1.0055341,1.4861099,3.1,14.0,1.4411048000000002,1.1934456,4,1,4.04708,0.262147,2,0,9,12,4.0,0,1.0,1.0,2.009373333333334,1.2188376666666663,6.333333333333333,13.0,1.4,1.4,1.5529191999999998,1.3124986,5.4,10.8,1.8,1.4,1.7768546,1.4183588999999999,4.1,10.5,1.5962831999999998,2.087714
2025-12-13,Chelsea,Everton,2,0,T Bramall,1593.2450421720241,1536.468260610746,1.67,3.8,5.25,2,0,2.64457,1.34,1,0,4,13,7.0,0,0.6666666666666666,1.3333333333333333,0.8095113333333339,1.61743,1.6666666666666667,12.666666666666666,1.4,0.8,1.6265768,1.1249390000000001,4.8,11.6,1.5,1.0,1.8510754000000003,1.3912659,5.2,11.9,1.8504787999999999,1.4850504,0,2,1.34,2.64457,0,0,7,11,7.0,0,1.6666666666666667,1.3333333333333333,1.1534866666666665,1.1355249999999997,6.666666666666667,11.666666666666666,1.6,0.8,1.1843185999999999,1.2209505999999999,5.6,11.0,1.2,1.2,1.2175288,1.4812258999999999,4.6,11.0,0.7748392,1.526271
2025-12-13,Liverpool,Brighton,2,0,C Pawson,1637.9899104069027,1559.2464013807971,1.67,4.0,4.75,2,0,2.4127,1.69004,1,0,2,8,7.0,0,2.0,1.3333333333333333,1.664103333333334,0.9567146666666663,4.333333333333333,12.666666666666666,1.2,2.0,1.5626280000000001,1.1320307999999997,5.6,12.8,1.3,1.9,1.917302,1.6668043999999997,5.0,11.1,1.66213,1.1189626000000001,0,2,1.69004,2.4127,2,0,2,15,6.0,0,2.0,1.6666666666666667,2.0403166666666666,1.9413916666666662,5.666666666666667,10.666666666666666,1.6,1.2,1.5470949999999999,1.7727024,6.4,10.8,1.9,1.3,1.6047683,1.4864076,6.5,11.1,1.5016142,1.2316232
2025-12-13,Burnley,Fulham,2,3,M Oliver,1359.8636896281507,1488.7862171760323,4.0,3.5,1.91,2,3,2.05486,1.65053,1,0,10,8,7.0,0,0.6666666666666666,2.0,1.2087650000000003,2.1719790000000003,6.0,9.0,0.8,2.2,1.2324036,2.2408294,4.6,10.6,1.1,2.2,0.9908065,2.3590527000000003,3.4,10.2,0.8319754000000001,1.6775031999999999,3,2,1.65053,2.05486,2,0,4,8,6.0,0,2.3333333333333335,2.6666666666666665,0.744714,1.5724333333333333,5.0,7.0,1.6,2.0,1.099182,1.4492276,5.4,8.0,1.4,1.9,1.1226284000000002,1.5002692,5.7,10.5,0.8470372000000002,1.763684
2025-12-13,Arsenal,Wolves,2,1,R Jones,1700.0806654447636,1367.139548267349,1.13,8.5,21.0,2,1,1.61796,0.61997,0,0,8,7,7.0,0,1.3333333333333333,1.0,1.906396666666667,1.36683,3.3333333333333335,9.333333333333334,2.0,1.2,2.065378,1.06710144,3.2,10.4,1.8,0.7,2.0906765,0.84719502,5.6,9.8,1.9085560000000001,0.5913132400000001,1,2,0.61997,1.61796,4,0,0,15,5.0,0,0.3333333333333333,2.0,0.6597816666666665,2.108610000000001,2.3333333333333335,19.0,0.2,2.2,0.7509794,2.3517160000000006,1.8,16.8,0.5,2.1,0.8751388,1.8451191000000002,2.8,14.6,0.5699634,1.7787741999999997
2025-12-14,Crystal Palace,Man City,0,3,D England,1571.1108693628025,1680.140435765273,3.9,3.9,1.85,0,3,1.30092,1.35317,2,0,2,9,7.0,0,1.3333333333333333,1.0,1.611499,1.1376570000000001,4.0,10.0,1.2,0.6,1.4246748,1.1428196,4.0,9.8,1.4,1.0,1.8482426,1.4678391,4.1,10.1,2.361157,1.6168150000000001,3,0,1.35317,1.30092,0,0,2,6,8.0,0,3.6666666666666665,2.0,2.410406666666667,1.1168470000000001,5.333333333333333,11.0,3.0,1.6,2.256624,1.3568381999999999,6.4,11.0,2.6,1.1,2.193995,1.0525814,7.1,9.8,1.601408,1.1268848
2025-12-14,Nott'm Forest,Tottenham,3,0,S Barrott,1488.22944299148,1471.1996948993092,2.55,3.3,2.8,3,0,2.32658,0.380246,1,0,3,9,8.0,0,0.3333333333333333,1.6666666666666667,0.7988516666666667,1.4450966666666663,7.0,12.333333333333334,1.4,1.2,1.2164229999999998,1.3094961999999999,6.6,11.0,0.9,1.6,1.1751757,1.6436762000000003,5.8,11.1,1.6955509999999996,1.5785442,0,3,0.380246,2.32658,3,0,3,13,8.0,0,1.6666666666666667,1.3333333333333333,1.5066300000000001,0.9502929999999999,7.666666666666667,10.333333333333334,1.6,2.0,1.1810554400000002,1.189881,5.8,11.2,1.5,1.5,1.11670202,1.3687365999999999,6.0,11.0,1.0110790399999998,1.690444
2025-12-14,Sunderland,Newcastle,1,0,P Bankes,1529.64731192058,1570.2747505116129,3.3,3.3,2.25,1,0,0.630045,0.169329,5,0,3,10,8.0,0,1.3333333333333333,2.0,0.8362326666666666,1.8617066666666666,4.666666666666667,9.666666666666666,1.2,1.8,0.7872832000000001,2.150368,4.0,11.0,1.2,1.3,1.0441165000000001,1.6998992999999998,3.5,10.1,1.1036604,1.3490514,0,1,0.169329,0.630045,4,0,6,10,8.0,0,2.6666666666666665,1.3333333333333333,2.0504933333333333,1.2156833333333337,9.0,6.666666666666667,2.2,1.6,1.7978614,1.7681639999999998,6.8,9.2,1.8,1.6,1.8120583000000003,1.5039932999999999,6.3,10.0,0.9702942,1.3140268
2025-12-14,West Ham,Aston Villa,2,3,A Taylor,1446.923809829085,1633.5979816294837,3.75,3.5,2.0,2,3,1.27701,0.595093,1,0,5,18,7.0,0,0.6666666666666666,1.3333333333333333,1.1454639999999994,1.9818133333333332,6.333333333333333,9.666666666666666,1.4,1.6,1.3588908,2.260642,5.6,10.8,1.2,1.6,1.0607503,2.1482778,5.3,11.0,1.0943756,1.9536650000000002,3,2,0.595093,1.27701,2,0,3,13,8.0,0,2.3333333333333335,1.3333333333333333,2.344056666666667,1.505072666666666,5.333333333333333,10.666666666666666,2.6,1.0,2.054954,1.6743636000000002,5.0,11.2,2.1,1.0,1.5007397,1.4180682,4.8,10.1,1.2487670000000002,1.5465584000000003
2025-12-14,Brentford,Leeds,1,1,J Brooks,1513.7720853774788,1409.7769590277692,1.91,3.6,4.0,1,1,0.697006,1.63409,0,0,0,8,8.0,0,1.0,1.6666666666666667,1.5934463333333333,1.9763883333333334,6.333333333333333,8.333333333333334,1.4,1.6,1.9434837999999999,1.4677859999999998,5.8,8.8,1.5,1.4,2.0756544999999997,1.3784679,5.6,9.6,2.6421256000000004,1.3514484,1,1,1.63409,0.697006,0,0,3,9,8.0,0,2.6666666666666665,2.3333333333333335,1.916483333333333,1.9549959999999997,3.3333333333333335,11.666666666666666,2.0,2.4,1.6031182000000002,1.9431476,3.4,12.8,1.5,2.2,1.6455490999999998,1.5113836,4.3,11.2,1.0637158,2.0121814000000002
2025-12-15,Man United,Bournemouth,4,4,S Hooper,1524.1816586504078,1511.3614156034039,1.83,4.0,3.8,4,4,3.21204,2.35196,2,0,5,15,7.0,0,2.3333333333333335,1.0,2.6005000000000003,1.2545323333333331,6.333333333333333,13.0,1.8,1.2,2.1790912,1.0547959999999998,6.2,11.8,2.0,1.4,2.0471046,1.3975893000000001,4.5,10.4,1.9574260000000003,0.7490037999999999,4,4,2.35196,3.21204,3,0,4,12,9.0,0,0.6666666666666666,1.3333333333333333,1.2824883333333337,1.0126273333333327,3.0,14.0,0.8,2.0,1.868075,1.0622968,5.4,14.2,1.5,1.9,1.5338832,1.5560436999999998,5.0,13.6,1.5619872000000001,2.4304959999999998
2025-12-20,Man City,West Ham,3,0,P Tierney,1688.7385450186487,1440.416382404239,1.22,8.0,10.0,3,0,3.58188,1.02143,1,0,6,16,6.0,0,3.6666666666666665,1.3333333333333333,1.9104900000000002,0.9666803333333336,3.3333333333333335,7.333333333333333,3.0,1.6,2.208174,1.4114022,5.4,9.4,2.4,1.0,2.007179,1.1317243,6.3,9.9,2.366856,1.0200947999999999,0,3,1.02143,3.58188,1,0,0,10,6.0,0,1.3333333333333333,1.6666666666666667,1.4497499999999992,1.6575343333333332,5.666666666666667,11.666666666666666,1.2,1.8,1.0208367999999999,2.0047046,5.2,11.4,1.3,1.8,1.1108746999999999,2.1168167999999996,5.3,11.2,0.9652448,2.6280799999999997
2025-12-20,Newcastle,Chelsea,2,2,A Madley,1560.8317605157622,1600.005035322304,2.75,3.6,2.45,2,2,2.87863,1.0261,3,0,6,13,6.0,0,1.3333333333333333,1.3333333333333333,1.2873296666666667,1.088615,8.666666666666666,8.0,2.0,1.2,1.7452718,1.346715,7.6,8.6,1.7,1.5,1.7550061,1.3599497999999999,6.2,10.2,2.536578,1.3899958,2,2,1.0261,2.87863,6,0,4,14,7.0,0,1.0,1.0,1.4270633333333338,1.65467,2.0,13.0,1.2,0.8,1.3588067999999998,1.3706466000000002,3.6,11.8,1.6,0.7,1.9128794,1.2777559,5.1,12.3,1.851672,1.2974814000000001
2025-12-20,Brighton,Sunderland,0,0,D England,1553.0402074401534,1539.0903019164307,1.67,4.0,5.25,0,0,0.919272,1.31044,2,0,3,11,7.0,0,1.3333333333333333,2.3333333333333335,1.91793,2.4255166666666663,5.666666666666667,12.333333333333334,1.6,1.6,1.7576956,2.087333,5.2,11.4,1.6,1.4,1.5262623,1.5250246,6.0,11.0,1.7079224,1.7411919999999999,0,0,1.31044,0.919272,2,0,4,15,6.0,0,0.6666666666666666,1.3333333333333333,0.6563976666666667,1.3205696666666666,3.6666666666666665,8.333333333333334,1.0,1.4,0.6723022000000001,1.7183477999999996,4.2,10.4,1.2,1.3,0.9129670000000001,1.5748022,3.4,10.5,0.783927,1.954558
2025-12-20,Bournemouth,Burnley,1,1,C Kavanagh,1513.4271894714448,1351.8218206988918,1.48,4.33,6.5,1,1,1.81847,0.480528,1,0,5,11,5.0,0,1.3333333333333333,1.6666666666666667,1.4688950000000005,1.6934573333333327,3.3333333333333335,13.666666666666666,1.6,2.0,1.9364830000000002,1.3281408000000001,4.4,12.6,1.7,2.1,1.6630462000000001,1.6725196999999998,5.0,13.5,1.5057791999999999,0.6815914000000001,1,1,0.480528,1.81847,1,0,3,11,7.0,0,1.0,2.0,1.602376666666667,1.4818023333333337,7.333333333333333,9.333333333333334,0.8,2.2,1.2684196,1.9774794,5.8,9.6,1.2,2.0,1.1453434000000002,2.2019727,4.2,10.3,1.2760574,2.5624919999999998
2025-12-20,Everton,Arsenal,0,1,S Barrott,1529.7082674604662,1701.9671370130438,5.75,4.1,1.57,0,1,0.213273,1.84723,2,0,2,4,7.0,0,1.3333333333333333,0.6666666666666666,1.2630700000000001,1.1974416666666665,6.333333333333333,14.0,1.2,1.2,0.9911045999999999,1.6649689999999997,5.6,11.0,1.1,1.3,1.2605585,1.6681062999999998,5.0,11.4,1.6225520000000002,1.4933596,1,0,1.84723,0.213273,2,0,3,5,7.0,0,1.6666666666666667,1.0,2.0362900000000006,1.309515333333333,5.0,7.333333333333333,2.0,1.0,1.923084,0.95010544,4.4,9.2,1.8,0.7,2.0454245,0.8352069200000001,5.2,9.6,2.002416,1.1796466
2025-12-20,Tottenham,Liverpool,1,2,J Brooks,1463.3811624557916,1644.1961043475465,3.5,3.75,2.0,1,2,1.34905,1.23164,3,2,2,9,6.0,0,1.3333333333333333,1.6666666666666667,1.2853919999999999,1.5609076666666664,6.0,11.0,1.2,2.2,0.98604064,1.4911457999999997,5.4,11.8,1.4,1.7,1.0728555199999998,1.4854436,5.3,11.4,1.2969448,1.0960592,2,1,1.23164,1.34905,3,0,6,7,7.0,0,2.0,1.3333333333333333,1.9456933333333337,1.3986773333333329,4.333333333333333,10.666666666666666,1.6,1.4,1.839548,1.1509547999999998,4.6,11.4,1.4,1.7,1.848396,1.4824854,4.6,11.1,1.764454,1.6522744
2025-12-20,Leeds,Crystal Palace,4,1,T Bramall,1414.1752260083172,1562.5127601094268,2.6,3.3,2.75,4,1,2.90786,1.53058,1,0,9,5,6.0,0,2.3333333333333335,1.6666666666666667,1.8773733333333331,1.2363579999999998,4.0,11.0,2.0,2.0,1.8460439999999998,1.5843548,3.2,12.4,1.4,2.1,1.6042300999999999,1.4750512,3.9,10.9,1.9093240000000002,1.1117398,1,4,1.53058,2.90786,3,0,5,10,6.0,0,1.0,1.3333333333333333,1.333269,1.0961536666666667,3.3333333333333335,8.333333333333334,1.2,1.2,1.5169494000000001,1.2860462000000001,3.6,9.6,1.2,1.2,1.6250116,1.2929800999999999,4.1,10.0,1.3353282,1.3188632000000002
2025-12-20,Wolves,Brentford,0,2,M Donohue,1365.2530766990687,1509.3738183969308,3.5,3.6,2.05,0,2,1.26823,1.56309,2,0,3,12,7.0,0,0.6666666666666666,2.3333333333333335,0.6355756666666665,2.2629766666666673,1.3333333333333333,17.0,0.4,2.0,0.8526809999999999,1.8786240000000003,1.6,17.0,0.5,2.2,0.8211847999999999,1.9250440000000002,1.9,15.0,1.1803142,1.911464,2,0,1.56309,1.26823,4,0,4,15,6.0,0,0.3333333333333333,1.6666666666666667,0.5854283333333332,2.2297433333333334,4.666666666666667,8.666666666666666,1.0,1.6,1.5354269999999999,1.7081486,4.6,8.4,1.3,1.4,1.8666290999999997,1.3182679,5.2,9.0,1.5091834,1.4054874000000002
2025-12-21,Aston Villa,Man United,2,1,M Oliver,1640.1054090543298,1522.115884782367,2.1,3.6,3.3,2,1,1.86917,1.30455,1,0,5,11,7.0,0,3.0,2.0,2.157467666666667,1.6998799999999994,4.0,10.666666666666666,2.4,1.4,1.7974086,1.5277816,4.4,12.2,2.1,1.1,1.423674,1.4505080000000001,4.9,10.4,1.6674332,1.286718,1,2,1.30455,1.86917,2,0,5,14,6.0,0,3.0,2.0,3.17862,1.326649,6.666666666666667,13.333333333333334,2.2,1.6,2.657448,1.2541239999999998,6.6,13.2,2.3,1.5,2.1446996,1.3540592999999999,4.8,10.9,1.9584812,1.5826914
2025-12-22,Fulham,Nott'm Forest,1,0,A Taylor,1496.8280861052913,1496.0479754349976,2.4,3.25,3.0,1,0,1.70568,0.486296,5,0,1,5,9.0,0,2.6666666666666665,3.0,1.1299786666666667,1.9093999999999998,5.666666666666667,7.333333333333333,2.2,2.0,1.3443924,1.3989856,5.2,6.8,1.6,1.8,1.1924202000000002,1.5691802,5.3,10.0,1.3982195999999998,1.2368544,0,1,0.486296,1.70568,4,0,5,9,8.0,0,1.3333333333333333,1.0,1.25427,0.8861119999999997,5.0,11.666666666666666,1.4,1.0,1.1835449999999998,1.3016532,6.0,10.8,1.2,1.5,1.2658037,1.4875468,5.4,10.9,0.6548004000000001,1.7088082
2025-12-26,Man United,Newcastle,1,0,A Taylor,1516.8331992484952,1560.2330361388852,2.55,3.6,2.6,1,0,0.940811,1.12998,2,0,2,9,5.0,0,3.0,2.3333333333333335,2.854556666666667,1.4944256666666664,6.333333333333333,13.666666666666666,2.4,1.8,2.463618,1.5969453999999998,5.8,13.6,2.2,1.7,2.0821746,1.4602644000000002,5.1,11.3,2.3309179999999996,1.1254271999999998,0,1,1.12998,0.940811,1,0,11,5,6.0,0,1.3333333333333333,1.3333333333333333,1.6183463333333332,1.0799650000000003,7.0,10.666666666666666,2.0,1.4,1.8398878,1.0606389999999999,7.8,8.6,1.7,1.7,1.6612071,1.4287908999999999,6.0,9.9,0.9734342,1.3299037999999999
2025-12-27,Arsenal,Brighton,2,1,J Brooks,1708.8440012219503,1550.9433277971386,1.42,4.75,7.0,2,1,2.54318,0.710064,2,0,7,7,7.0,0,1.3333333333333333,1.0,1.774946666666667,1.1843676666666665,4.666666666666667,6.666666666666667,1.4,0.8,1.8368760000000002,0.9867466,4.2,8.0,1.7,0.7,1.9242974999999998,0.77007932,4.7,8.7,2.0884329999999998,0.49076724,1,2,0.710064,2.54318,3,0,2,13,7.0,0,0.3333333333333333,1.0,1.5700273333333332,1.8098466666666662,5.0,12.666666666666666,1.2,1.4,1.7460524,1.9094630000000001,4.4,11.6,1.5,1.3,1.4790315,1.6191282,5.5,11.2,1.3446022,1.3088571999999998
2025-12-27,Burnley,Everton,0,0,C Pawson,1357.4560332336048,1522.8314032515598,4.1,3.4,1.95,0,0,1.24948,1.25204,0,0,6,8,7.0,0,1.3333333333333333,2.0,1.3730460000000004,1.7586933333333337,7.333333333333333,10.0,1.0,2.0,1.2323366000000002,1.9969874,6.2,9.2,1.2,1.9,1.143167,2.2102477,4.1,9.9,1.0146294,1.8414534,0,0,1.25204,1.24948,2,0,5,8,7.0,0,1.0,1.0,0.9355843333333334,1.6013799999999998,5.0,10.666666666666666,1.0,1.4,1.0027465999999998,1.5796749999999997,5.8,10.0,0.9,1.3,1.0680098,1.6350402999999996,5.0,10.5,0.898565,1.8428529999999999
2025-12-27,Brentford,Bournemouth,4,1,P Bankes,1516.9988564773375,1507.7929769367317,2.25,3.6,3.0,4,1,2.8513,2.56183,2,0,2,9,7.0,0,1.0,1.0,0.9102196666666665,1.7754,3.3333333333333335,10.666666666666666,1.2,1.2,1.408087,1.7662969999999998,4.6,9.6,1.5,1.3,1.9535622999999998,1.3354439,5.3,9.5,2.2240748,1.2310484000000002,1,4,2.56183,2.8513,2,0,15,8,7.0,0,1.6666666666666667,1.6666666666666667,1.863246666666667,1.4550566666666658,4.666666666666667,12.666666666666666,1.4,1.8,1.6035789999999999,1.3460899999999998,3.6,13.0,1.5,2.1,1.7114352,1.6362375,5.1,13.8,1.8203132,2.6634480000000003
2025-12-27,West Ham,Fulham,0,1,C Kavanagh,1437.5175656992446,1505.0963240833614,2.63,3.4,2.6,0,1,1.13719,1.11436,1,0,5,8,7.0,0,1.0,2.3333333333333335,1.334946666666666,2.0925809999999996,3.6666666666666665,12.0,0.8,2.0,1.1469663999999997,2.0244826,4.8,11.4,1.3,1.9,1.1265627999999999,2.1691548000000003,5.0,10.8,1.2565046,1.6055536,1,0,1.11436,1.13719,3,0,4,8,5.0,0,1.6666666666666667,1.3333333333333333,1.374327,1.4174153333333332,3.6666666666666665,6.0,2.2,2.0,1.1180704000000001,1.4516912000000002,4.0,6.8,1.6,1.5,1.2786532,1.4843518000000002,5.1,9.5,0.9866208000000001,1.901506
2025-12-27,Liverpool,Wolves,2,1,S Hooper,1650.8524659805623,1357.628038618662,1.25,6.5,10.0,2,1,1.56502,0.780664,0,0,6,5,7.0,0,2.3333333333333335,1.3333333333333333,1.8974633333333337,1.6108066666666663,4.0,9.666666666666666,2.0,1.0,1.7273299999999998,1.1818468,4.2,10.6,1.5,1.6,1.765579,1.4936694000000001,5.0,11.0,1.9323380000000001,1.3126964,1,2,0.780664,1.56502,1,0,4,13,7.0,0,0.6666666666666666,2.6666666666666665,0.7167823333333332,2.409376666666667,1.3333333333333333,14.666666666666666,0.4,2.0,0.773509,1.9013760000000004,2.0,16.8,0.4,2.3,0.9110674,1.942195,2.0,14.9,0.4620554,1.9386240000000001
2025-12-27,Chelsea,Aston Villa,1,2,S Attwell,1600.603759699181,1645.3880945882015,1.83,3.9,4.0,1,2,1.97155,2.05918,5,0,6,16,7.0,0,1.3333333333333333,0.6666666666666666,1.4477573333333336,1.8793133333333334,2.6666666666666665,13.333333333333334,1.2,1.2,1.2198407999999996,1.8141840000000002,2.6,13.0,1.6,0.8,1.8917683999999997,1.3596378999999998,4.8,12.8,1.9740867999999998,1.2580304000000002,2,1,2.05918,1.97155,3,0,7,8,6.0,0,2.3333333333333335,1.3333333333333333,1.7280410000000004,1.4804033333333326,3.6666666666666665,11.333333333333334,2.4,1.4,1.8992866,1.4193555999999998,4.8,11.2,2.1,1.1,1.4370189999999998,1.5307338,4.8,10.6,1.1799148000000002,1.6142980000000002
2025-12-27,Nott'm Forest,Man City,1,2,R Jones,1487.7797374569275,1691.637361723643,5.0,4.33,1.6,1,2,0.600141,1.46468,1,0,5,5,5.0,0,1.0,1.3333333333333333,1.0417386666666666,1.113135333333333,3.6666666666666665,11.0,0.8,1.2,1.0418861999999998,1.2842432,5.8,11.0,1.2,1.4,1.2806644,1.2764528,5.8,10.3,1.876807,1.2662854,2,1,1.46468,0.600141,2,0,5,13,7.0,0,3.0,0.0,2.450366666666667,0.9829453333333337,4.666666666666667,10.333333333333334,3.4,1.2,2.433254,1.1345782,4.8,11.0,2.6,1.0,2.2557199999999997,1.1644915,6.7,10.9,1.647502,1.2433538
2025-12-28,Sunderland,Leeds,1,1,T Harrington,1541.1871815594454,1426.664376464906,2.5,3.1,2.88,1,1,0.805957,2.60653,1,0,3,7,8.0,0,0.3333333333333333,1.0,0.8556569999999999,1.168217,4.0,11.666666666666666,1.0,1.2,0.8898366,1.3347441999999998,4.2,10.8,1.2,1.1,0.9632991000000001,1.4737493999999998,3.5,10.8,1.042007,1.1950464,1,1,2.60653,0.805957,0,0,9,9,8.0,0,2.6666666666666665,1.6666666666666667,2.11176,1.4252119999999995,5.666666666666667,9.333333333333334,2.6,1.8,2.05828,1.6185148000000003,4.4,9.8,1.7,2.0,1.7469651,1.5592894000000002,4.4,10.4,1.2991362,1.8383626
2025-12-28,Crystal Palace,Tottenham,0,1,J Gillett,1550.023609652838,1456.7248008227757,2.25,3.25,3.2,0,1,0.929681,0.870768,3,0,3,7,8.0,0,1.0,2.6666666666666665,1.5141966666666669,1.6759336666666667,3.6666666666666665,9.0,1.0,2.0,1.5331994000000002,1.5348001999999998,3.8,9.8,1.2,1.4,1.5602806,1.3698900999999999,4.2,9.4,1.914695,1.267097,1,0,0.870768,0.929681,2,0,2,5,8.0,0,1.0,1.6666666666666667,1.384392,1.3429276666666665,4.0,10.0,1.2,1.8,1.2498372,1.2818197999999998,5.6,10.6,1.3,1.8,1.1389407200000001,1.4605565999999999,5.4,11.1,0.84876624,1.8748280000000002
2025-12-30,Nott'm Forest,Everton,0,2,M Oliver,1481.6988449331097,1519.8881551729803,2.1,3.25,3.7,0,2,1.75445,1.69525,1,0,9,11,3.0,1,1.3333333333333333,1.0,1.1376723333333334,1.183535333333333,4.333333333333333,7.666666666666667,1.0,1.2,0.9698493999999996,1.1657392,5.0,9.8,1.3,1.3,1.1351285,1.1670908,5.8,9.5,1.5857351999999998,1.0475614,2,0,1.69525,1.75445,0,0,2,9,3.0,1,0.0,1.0,0.9351043333333333,1.91376,4.666666666666667,7.666666666666667,0.8,0.6,1.0509046000000002,1.3378069999999997,5.2,10.8,0.9,1.1,1.1137516,1.5119982999999997,5.2,9.9,0.9900486000000001,1.5967689999999999
2025-12-30,Chelsea,Bournemouth,2,2,S Barrott,1590.16609741982,1499.7589495739212,1.5,4.75,5.75,2,2,2.33294,3.49142,1,0,12,5,3.0,1,1.6666666666666667,1.3333333333333333,1.8807400000000003,2.0926033333333334,4.666666666666667,14.333333333333334,1.2,1.4,1.4557679999999997,1.9803640000000002,3.2,13.8,1.4,1.0,1.8330933999999999,1.3600059000000002,5.2,12.8,2.1209548000000003,1.2579044,2,2,3.49142,2.33294,1,0,3,12,3.0,1,2.0,3.0,2.244086666666667,2.1812893333333325,8.0,10.333333333333334,1.2,2.0,1.7573970000000003,1.6824400000000002,6.0,12.0,1.3,2.2,1.7629082,1.4650835,6.1,13.0,1.9232592,2.3211399999999998
2025-12-30,Burnley,Newcastle,1,3,R Jones,1360.3992813121843,1550.7104639979577,5.25,4.2,1.6,1,3,1.32551,2.49248,2,0,3,9,3.0,1,1.0,1.3333333333333333,1.261622666666667,1.5736800000000004,6.333333333333333,9.0,0.8,1.4,1.3074276,1.5031834,6.2,9.4,1.0,1.9,1.2171503000000001,2.1022997,4.6,9.7,1.1625960000000002,1.6255574,3,1,2.49248,1.32551,1,0,4,3,4.0,0,0.6666666666666666,1.3333333333333333,1.3926463333333332,0.8656520000000003,7.666666666666667,9.333333333333334,1.2,1.4,1.5741197999999998,1.0465512000000001,8.6,8.4,1.6,1.6,1.6458921,1.4371616,6.7,9.5,0.9428042,1.3466451999999998
2025-12-30,West Ham,Brighton,2,2,M Salisbury,1427.7356653088882,1546.504322436093,3.4,3.75,2.0,2,2,2.27644,3.08914,3,0,5,11,3.0,1,0.6666666666666666,2.3333333333333335,1.1452099999999994,1.7637776666666667,3.3333333333333335,12.0,0.8,1.8,1.3015739999999998,1.9337686,4.4,10.6,1.3,1.8,1.2142567,1.9339558000000001,4.9,10.6,1.4318924,1.1351556,2,2,3.08914,2.27644,5,0,5,18,3.0,1,0.3333333333333333,1.3333333333333333,1.1064586666666667,2.0887733333333327,2.3333333333333335,13.0,1.0,1.8,1.4766252,2.2260340000000003,4.4,12.2,1.4,1.4,1.4643275,1.7451332000000002,4.9,11.6,1.2082989999999998,1.7436124
2025-12-30,Man United,Wolves,1,1,T Bramall,1526.3557713894227,1355.313071610976,1.36,5.25,8.0,1,1,1.13306,1.21784,0,0,8,9,4.0,0,2.0,2.0,1.8191336666666666,1.7837033333333334,4.0,12.666666666666666,2.2,1.6,2.3562442,1.3958194,5.4,12.6,2.1,1.6,1.9231387000000002,1.3122904,4.9,10.8,2.1331201999999996,1.1899993999999998,1,1,1.21784,1.13306,2,0,4,12,3.0,1,0.6666666666666666,2.0,0.889621333333333,1.582023333333334,2.3333333333333335,13.333333333333334,0.6,2.2,0.7911241999999999,1.9834080000000003,2.2,15.2,0.5,2.3,0.9215015,1.996216,2.2,15.0,0.4829236,2.046666
2025-12-30,Arsenal,Aston Villa,4,1,D England,1713.283006582996,1655.8257568675624,1.42,4.75,7.0,4,1,4.41335,2.94195,2,0,3,18,3.0,1,1.6666666666666667,0.6666666666666666,2.0027900000000005,0.5144356666666664,6.0,6.333333333333333,1.6,0.8,2.099856,0.9703766,5.0,6.8,1.8,0.8,1.9707925,0.79085252,4.4,9.0,1.985369,0.45987024000000004,1,4,2.94195,4.41335,3,0,3,9,3.0,1,2.3333333333333335,1.3333333333333333,1.5078143333333334,1.5177033333333327,5.0,10.666666666666666,2.6,1.6,2.0801505999999996,1.675148,4.8,10.2,2.1,1.1,1.6077138999999998,1.5764278,4.9,10.7,1.5213046000000001,1.705686
2026-01-01,Crystal Palace,Fulham,1,1,T Harrington,1535.876979609196,1514.8782244737179,2.15,3.3,3.4,1,1,2.35346,1.75434,0,0,6,7,4.0,0,0.3333333333333333,2.6666666666666665,1.253727,1.7105993333333334,3.3333333333333335,8.666666666666666,0.8,1.8,1.2920136000000002,1.4134178,3.6,8.4,0.9,1.2,1.1969647,1.2522569,3.9,9.3,1.1880632,1.0318306,1,1,1.75434,2.35346,5,0,3,10,5.0,0,1.6666666666666667,0.6666666666666666,1.4901900000000001,1.2261153333333332,3.0,7.0,2.0,1.8,1.2419952000000003,1.4703372,4.4,7.0,1.7,1.4,1.339856,1.3902478000000003,4.9,9.2,1.0408228000000002,1.862028
2026-01-01,Liverpool,Leeds,0,0,C Kavanagh,1653.1674329882483,1431.3037506012479,1.55,4.5,5.5,0,0,1.67833,0.15936,0,0,8,10,5.0,0,2.0,0.6666666666666666,1.736453333333334,1.2732513333333328,4.666666666666667,6.666666666666667,2.0,1.2,1.726748,1.2651492,5.0,8.8,1.6,1.5,1.6611090000000002,1.3186187999999999,4.7,10.7,1.723398,0.9625952,0,0,0.15936,1.67833,2,0,3,8,4.0,0,2.0,1.0,2.3828266666666664,1.0111809999999997,7.0,7.666666666666667,2.4,1.4,2.2293019999999997,1.2091222,6.0,9.4,1.8,1.9,1.7744661000000002,1.5889204000000001,4.8,10.6,1.3541382,1.8976245999999999
2026-01-01,Brentford,Tottenham,0,0,A Madley,1525.032883840148,1470.8714308664178,2.1,3.6,3.2,0,0,0.556304,0.608309,1,0,3,8,5.0,0,2.3333333333333335,0.6666666666666666,1.7037986666666667,1.8213833333333334,2.0,10.666666666666666,1.4,1.2,1.2341350000000002,2.103858,4.0,10.0,1.7,1.4,1.8920573,1.5656018,4.5,9.4,2.6555832,1.5241204,0,0,0.608309,0.556304,2,0,1,10,4.0,0,0.6666666666666666,1.6666666666666667,0.8666879999999999,1.495967,2.3333333333333335,9.0,1.2,1.4,1.2151988,1.3688087999999998,4.4,9.4,1.3,1.6,1.0745565200000002,1.5183015999999998,5.0,10.5,0.8852802399999999,1.7646622
2026-01-01,Sunderland,Man City,0,0,J Gillett,1536.5478074231034,1697.7182542474607,7.5,4.75,1.38,0,0,0.962141,2.44247,1,0,3,9,4.0,0,0.6666666666666666,0.3333333333333333,0.9154806666666667,1.2317103333333335,3.3333333333333335,10.666666666666666,0.6,1.0,0.817118,1.4975022,3.6,9.4,1.1,1.2,0.9414138000000001,1.6667700999999997,3.5,11.0,0.9982364,1.5810878,0,0,2.44247,0.962141,1,0,5,6,5.0,0,2.6666666666666665,0.3333333333333333,2.133243333333333,0.974163666666667,4.333333333333333,11.666666666666666,3.2,1.0,2.1556059999999997,0.9043224000000001,4.2,10.2,2.6,1.1,2.154198,1.1450434,6.1,11.4,1.721144,1.2246304
2026-01-03,Brighton,Burnley,2,0,T Robinson,1544.8287741828572,1353.9834282011586,1.48,4.33,7.0,2,0,1.4717,0.254551,0,0,4,7,4.0,0,1.0,1.3333333333333333,1.5728253333333333,2.0433533333333327,3.3333333333333335,14.0,0.8,1.4,1.7018571999999998,2.049832,4.4,13.8,1.4,1.2,1.6785260999999998,1.7765461999999999,4.8,12.1,1.720356,1.746654,0,2,0.254551,1.4717,4,0,4,17,4.0,0,0.6666666666666666,1.3333333333333333,1.0185060000000004,1.8543300000000003,4.0,9.333333333333334,1.0,1.8,1.3388256000000003,1.80412,6.2,9.4,0.8,2.0,1.1951573000000002,2.0934157,4.6,9.9,1.2717045999999999,2.579042
2026-01-03,Wolves,West Ham,3,0,P Bankes,1361.129846893395,1429.411213562124,2.5,3.3,2.88,3,0,2.23925,0.235678,1,0,6,11,4.0,0,0.6666666666666666,1.6666666666666667,1.0889113333333331,1.4203900000000005,3.6666666666666665,12.333333333333334,0.8,2.2,0.8297701999999999,1.9852420000000002,2.4,13.8,0.4,2.1,0.7851535000000001,1.954978,2.1,15.0,1.3600794,1.945766,0,3,0.235678,2.23925,0,0,7,10,4.0,0,0.6666666666666666,2.0,1.4783533333333327,2.5951266666666664,3.3333333333333335,9.666666666666666,1.0,2.0,1.4836939999999998,2.0962486,4.2,11.0,1.4,1.8,1.3920354,2.0207298,5.0,10.6,0.996621,2.732756
2026-01-03,Aston Villa,Nott'm Forest,3,1,S Hooper,1649.0832820154826,1471.071906160741,1.75,3.9,4.5,3,1,1.42988,0.8982,1,0,4,10,4.0,0,1.6666666666666667,2.0,2.2901000000000002,2.56315,5.0,9.333333333333334,2.0,1.8,2.0370505999999997,2.165222,4.2,10.2,2.1,1.5,1.8175183000000001,1.8808488,4.7,10.8,1.6941232,1.4471696,1,3,0.8982,1.42988,2,0,4,20,4.0,0,0.3333333333333333,1.6666666666666667,0.9469623333333335,1.6218699999999997,6.333333333333333,8.333333333333334,0.8,1.6,1.0959613999999998,1.2998672,5.0,9.8,1.3,1.3,1.2800242,1.2709556999999998,6.3,9.9,0.6845218,1.2866202
2026-01-03,Bournemouth,Arsenal,2,3,C Kavanagh,1503.8364246458107,1720.0254814350758,6.5,4.75,1.44,2,3,0.947846,1.28,3,0,7,13,4.0,0,1.3333333333333333,2.3333333333333335,2.623906666666667,1.8882559999999993,7.666666666666667,10.333333333333334,1.6,2.2,2.3285980000000004,1.909882,6.4,11.6,1.3,2.4,2.0463901000000004,1.6678282,5.8,12.5,1.6025571999999997,0.609027,3,2,1.28,0.947846,1,0,5,8,4.0,0,2.3333333333333335,0.6666666666666666,2.9345866666666667,1.2884289999999996,4.333333333333333,10.0,2.0,1.0,2.4562739999999996,1.4410234,4.8,9.0,2.1,0.9,2.32651,1.04999412,4.3,10.2,1.956216,1.1218348
2026-01-04,Everton,Brentford,2,4,A Taylor,1530.515093945349,1521.8604135152389,2.35,3.25,3.1,2,4,1.00566,3.05179,0,0,4,9,5.0,0,0.6666666666666666,0.3333333333333333,1.053521,1.617053333333333,3.0,7.0,1.0,0.6,1.1508086,1.5616139999999998,4.4,9.8,1.1,0.8,1.1429566,1.4781162999999997,4.5,9.9,1.2374546000000002,1.4272276,4,2,3.05179,1.00566,2,0,5,8,3.0,1,2.0,0.3333333333333333,1.656898,1.4794563333333333,3.0,10.666666666666666,1.4,0.8,1.2276526000000003,1.6992677999999999,3.0,9.8,1.4,1.2,1.6205617,1.4145947,4.3,9.5,1.1285314000000002,1.6070832
2026-01-04,Newcastle,Crystal Palace,2,0,J Brooks,1557.1263171089834,1533.586986340124,1.7,3.9,4.75,2,0,2.72764,1.27825,1,0,8,5,5.0,0,1.6666666666666667,1.3333333333333333,2.16703,1.097473666666667,7.0,7.0,1.4,1.2,1.6954998,1.1012432,7.2,8.0,1.7,1.6,1.6183340999999998,1.4177115999999998,6.7,8.7,2.34898,1.527678,0,2,1.27825,2.72764,3,0,6,12,3.0,1,0.6666666666666666,2.0,1.6045736666666668,1.8443226666666668,4.666666666666667,8.0,0.8,2.0,1.5651462,1.5305818,4.0,8.2,1.0,1.2,1.3972573000000001,1.3420733999999999,4.2,8.9,1.2058662,1.4726832
2026-01-04,Leeds,Man United,1,1,J Gillett,1438.006647078053,1520.5389961070036,2.7,3.3,2.63,1,1,0.970138,1.94781,0,0,6,9,3.0,1,1.6666666666666667,0.6666666666666666,1.8912499999999997,1.3382889999999996,7.0,7.333333333333333,1.8,1.2,1.820234,1.3519846000000002,5.8,9.0,1.6,1.8,1.5682620999999999,1.7068881,4.8,10.2,2.194794,1.2802162000000001,1,1,1.94781,0.970138,1,0,4,9,5.0,0,1.0,1.0,1.1261403333333333,1.405663333333333,5.0,10.666666666666666,2.2,1.6,2.1275082,1.3662193999999999,5.8,11.8,1.8,1.5,1.8402137,1.339359,5.6,11.3,1.7131572000000002,1.4345814000000001
2026-01-04,Fulham,Liverpool,2,2,C Pawson,1517.16821774279,1646.4645365114432,3.8,3.75,1.91,2,2,0.609182,1.7188,1,0,3,11,3.0,1,1.0,0.3333333333333333,1.5247933333333332,1.3256486666666665,2.6666666666666665,7.666666666666667,1.4,1.0,1.3983362,1.5485792,3.6,7.2,1.7,1.3,1.363289,1.3487877999999998,4.9,8.4,1.6388892,0.9184676000000002,2,2,1.7188,0.609182,1,0,8,4,3.0,1,1.3333333333333333,0.6666666666666666,1.491663333333334,0.7630246666666664,6.666666666666667,7.333333333333333,1.8,1.0,1.7871480000000002,1.1544887999999998,5.2,8.8,1.4,1.2,1.617104,1.0074288,5.1,10.7,1.5988199999999995,1.6746424000000002
2026-01-04,Man City,Chelsea,1,1,M Oliver,1694.885939075738,1586.0886223479306,1.6,4.75,4.5,1,1,1.03049,2.03726,3,0,8,12,3.0,1,1.6666666666666667,0.3333333333333333,2.496343333333334,0.8612373333333335,5.333333333333333,11.666666666666666,2.2,0.2,2.25165,0.9022236000000001,4.8,10.0,2.6,1.0,2.261531,1.1568669,6.0,10.4,2.587252,1.0654564,1,1,2.03726,1.03049,3,0,2,14,5.0,0,1.6666666666666667,2.0,1.7768633333333337,2.8097433333333335,7.333333333333333,11.666666666666666,1.4,1.2,1.7295524,2.2377080000000005,5.2,12.2,1.5,1.0,1.9450554,1.5540879,5.5,11.8,1.545232,1.4621074
2026-01-04,Tottenham,Sunderland,1,1,S Attwell,1474.043901191327,1539.3801225948262,1.8,3.6,4.5,1,1,1.4175,0.467481,2,0,3,10,3.0,1,0.6666666666666666,0.6666666666666666,0.9427089999999998,0.905875,1.6666666666666667,8.0,0.8,1.0,1.1264506,1.1029535999999998,3.0,9.0,1.0,1.6,0.92606042,1.4336119999999999,4.3,10.7,1.2638328,1.271941,1,1,0.467481,1.4175,3,0,5,6,3.0,1,0.3333333333333333,0.3333333333333333,1.0261793333333333,1.9894240000000003,3.3333333333333335,10.333333333333334,0.4,0.8,0.8670138,1.7107301999999998,3.6,10.2,0.9,1.1,0.8825679000000001,1.7896850999999998,3.7,10.6,0.8845911999999998,1.7524524
2026-01-06,West Ham,Nott'm Forest,1,2,T Harrington,1419.1729017988903,1467.0198440330926,2.88,3.25,2.2,1,2,1.73697,1.26683,3,0,6,15,3.0,1,0.6666666666666666,2.0,1.2164359999999992,2.1475833333333334,5.666666666666667,9.666666666666666,0.8,2.4,1.1895495999999999,2.1239445999999997,4.4,11.4,1.1,2.0,1.2742201999999998,2.1922933000000002,5.0,11.1,1.6044144,1.6482606,2,1,1.26683,1.73697,0,0,5,9,3.0,1,0.6666666666666666,2.3333333333333335,1.0842636666666667,1.5299366666666663,6.0,12.0,1.0,1.6,1.2131333999999998,1.3351472000000002,5.2,10.8,1.2,1.4,1.2147782,1.3223217,5.9,10.9,0.8030632000000001,1.4412759999999998
2026-01-07,Bournemouth,Tottenham,3,2,D England,1498.0517005369318,1474.1974779137213,2.1,3.6,3.3,3,2,1.19014,1.6261,3,0,3,19,4.0,0,1.6666666666666667,3.0,2.3336986666666673,2.154746666666666,8.333333333333334,11.0,2.0,2.8,2.2343052000000005,2.0313616000000003,6.8,11.2,1.4,2.4,2.0511901000000003,1.5468292000000001,6.1,12.7,1.6608062000000001,0.8039283999999999,2,3,1.6261,1.19014,3,0,7,10,3.0,1,0.6666666666666666,0.3333333333333333,0.9655256666666666,0.6511553333333333,2.0,8.333333333333334,0.6,1.2,0.9251746000000001,1.1023371999999998,2.2,9.4,1.1,1.6,1.0531150200000001,1.1461090999999999,4.0,10.3,0.5882880399999999,1.595283
2026-01-07,Brentford,Sunderland,3,0,M Donohue,1533.8111298027713,1539.2265458724319,1.85,3.5,4.33,3,0,3.86096,1.50644,2,0,7,13,3.0,1,2.6666666666666665,1.0,2.153131333333333,1.3919329999999999,3.3333333333333335,8.333333333333334,2.2,0.8,1.7438980000000002,1.4156237999999999,2.8,9.6,1.8,1.2,1.8436909,1.4417049,4.3,9.2,2.1125920000000002,1.2221062,0,3,1.50644,3.86096,1,0,4,13,3.0,1,0.6666666666666666,0.6666666666666666,0.745193,2.1555,3.6666666666666665,7.333333333333333,0.6,0.4,0.8352128000000001,1.5110201999999997,3.6,9.4,0.9,1.1,0.811248,1.8306940999999999,3.8,10.2,0.6679674,1.7932884000000002
2026-01-07,Crystal Palace,Aston Villa,0,0,A Madley,1525.946151536333,1653.135344143131,3.1,3.3,2.3,0,0,1.32505,2.07015,2,0,3,8,3.0,1,0.3333333333333333,1.3333333333333333,1.5204636666666669,1.7842493333333334,5.0,8.666666666666666,0.4,2.2,1.4785782,1.9227556,4.4,9.0,0.8,1.4,1.4516265000000002,1.5327876,4.2,9.4,1.5118436000000002,1.218599,0,0,2.07015,1.32505,0,0,5,3,4.0,0,2.0,2.0,2.14367,2.4276999999999993,4.666666666666667,9.0,2.2,1.8,1.7790545999999998,1.9729319999999997,4.4,10.2,2.4,1.4,1.9170042999999997,1.8236477999999998,4.7,10.7,2.0226906,2.2943140000000004
2026-01-07,Everton,Wolves,1,1,T Kirk,1518.5643776578165,1371.3681586566288,1.75,3.5,5.0,1,1,1.63321,0.71329,1,2,2,13,3.0,1,1.3333333333333333,1.3333333333333333,1.31765,2.0185733333333333,3.6666666666666665,8.666666666666666,0.8,1.4,1.1012446,2.109504,4.0,8.2,1.2,1.1,1.1427816,1.6652272999999997,4.8,9.6,1.1579466000000003,1.6189316000000002,1,1,0.71329,1.63321,3,0,7,15,4.0,0,1.6666666666666667,1.0,1.4125846666666666,0.9779193333333339,4.666666666666667,12.0,1.2,1.4,1.2251908,1.2229616,3.4,12.6,0.7,1.8,0.9880850999999999,1.7873388000000001,2.6,14.7,0.6845048,1.890864
2026-01-07,Fulham,Chelsea,2,1,P Bankes,1519.1366926929438,1590.5976888905482,3.4,3.6,2.05,2,1,1.06013,2.45107,3,0,2,11,3.0,1,1.3333333333333333,1.0,1.159294,1.7364833333333332,3.3333333333333335,9.666666666666666,1.6,1.0,1.3668184,1.5501212,3.0,8.4,1.6,1.5,1.2330002,1.4996744000000002,4.2,8.2,1.3783116,1.2202408,1,2,2.45107,1.06013,3,1,11,6,3.0,1,1.3333333333333333,1.6666666666666667,2.113916666666667,2.1936966666666673,6.666666666666667,11.666666666666666,1.6,1.4,2.002484,2.1599440000000003,5.6,12.4,1.5,1.1,1.8145304,1.6424414999999999,5.2,12.0,1.284182,1.6388146
2026-01-07,Man City,Brighton,1,1,T Bramall,1690.3768725331204,1548.6473639423775,1.4,5.25,6.5,1,1,2.95904,1.33162,1,0,6,6,3.0,1,1.0,0.6666666666666666,1.6458800000000002,1.1998473333333335,6.0,10.333333333333334,1.8,0.4,1.9745380000000001,1.1843784,5.2,10.6,2.4,1.0,2.115581,1.2706083,5.8,10.8,2.295352,1.2929392,1,1,1.33162,2.95904,6,0,2,16,4.0,0,1.6666666666666667,1.3333333333333333,1.7569680000000003,1.6913903333333329,3.6666666666666665,12.666666666666666,1.0,1.2,1.5760432000000002,1.7594622000000002,3.2,12.8,1.3,1.2,1.5615691,1.7660822999999997,4.8,11.8,1.6366962,1.8064384
2026-01-07,Burnley,Man United,2,2,S Attwell,1350.1648384416383,1519.8913706757714,4.75,4.0,1.7,2,2,0.31971,2.52488,2,0,2,9,4.0,0,0.3333333333333333,1.6666666666666667,0.9431803333333337,1.7387400000000002,4.333333333333333,11.333333333333334,0.8,1.8,1.0729858,1.7370440000000003,5.2,10.6,0.8,2.0,1.1526947,1.9889367,4.9,10.6,1.2918626,1.6207553999999997,2,2,2.52488,0.31971,0,0,6,8,3.0,1,1.0,0.6666666666666666,1.3405603333333331,1.105986,4.666666666666667,9.0,1.6,1.6,1.7076541999999997,1.5078176,4.8,11.2,1.7,1.4,1.9433727,1.2813067999999999,5.5,11.5,1.9194752000000002,1.3184770000000001
2026-01-07,Newcastle,Leeds,4,3,M Salisbury,1564.7671519127744,1438.6542725092852,1.67,3.8,5.0,4,3,2.43495,2.35318,3,0,8,11,3.0,1,1.6666666666666667,0.6666666666666666,2.1167000000000002,1.181523666666667,7.666666666666667,4.333333333333333,1.4,1.0,1.8796118,1.0401432,7.0,7.2,1.8,1.3,1.8387366,1.4041536,6.9,8.2,2.340896,1.479326,3,4,2.35318,2.43495,2,0,4,10,3.0,1,0.6666666666666666,0.6666666666666666,1.2453426666666665,1.4773656666666664,6.0,8.666666666666666,1.4,0.8,1.6555956000000003,1.3319366000000001,6.0,8.0,1.7,1.6,1.6293568999999999,1.6375421,4.7,10.4,1.3141722,1.7050366000000001
2026-01-08,Arsenal,Liverpool,0,0,A Taylor,1725.8102055439547,1644.4960615612893,1.6,4.1,5.0,0,0,0.701832,0.318642,2,0,3,10,5.0,0,3.0,1.3333333333333333,2.74551,1.5332866666666662,5.0,11.0,2.4,1.0,2.340344,1.0866205999999998,5.2,9.0,2.2,1.1,2.202861,1.07686102,4.2,9.7,2.6968039999999998,0.9781534399999998,0,0,0.318642,0.701832,2,0,0,9,4.0,0,1.3333333333333333,1.0,1.6540500000000005,0.5164019999999996,7.333333333333333,6.333333333333333,1.6,0.8,1.7212980000000002,0.9176591999999999,6.0,6.8,1.4,1.4,1.6419629999999998,1.024845,5.8,9.8,1.5189039999999996,1.1422268
2026-01-17,Man United,Man City,2,0,A Taylor,1516.8341609795984,1685.1456829071303,3.7,3.8,1.91,2,0,3.07278,0.387015,2,0,1,13,10.0,0,1.3333333333333333,1.3333333333333333,1.8685833333333335,0.8358959999999999,6.0,8.666666666666666,1.2,1.2,1.5702222,1.1013676,5.0,9.8,1.7,1.4,2.1138351,1.1777458,5.8,11.5,1.9672702000000002,1.2441365999999998,0,2,0.387015,3.07278,3,0,6,8,10.0,0,0.6666666666666666,0.6666666666666666,2.144,1.443673666666667,6.333333333333333,8.0,1.4,0.6,2.295712,1.1905183999999998,6.0,10.6,2.2,1.1,2.251943,1.3009603,5.7,10.0,1.93581,1.2482773999999999
2026-01-17,Chelsea,Brentford,2,0,J Brooks,1580.2679345038716,1542.2528588806988,1.73,4.0,4.75,2,0,1.62263,1.47521,3,0,3,7,10.0,0,1.3333333333333333,1.6666666666666667,2.273756666666667,1.8606800000000003,8.333333333333334,8.333333333333334,1.4,1.8,1.9637839999999998,2.1039700000000003,7.0,11.0,1.3,1.3,1.6612953999999998,1.7373083,5.3,11.4,2.3448788,1.6460684,0,2,1.47521,1.62263,2,0,9,10,10.0,0,2.3333333333333335,0.6666666666666666,2.4896846666666668,1.0401363333333333,5.0,9.666666666666666,2.6,0.6,2.3766888,1.3900937999999996,4.2,10.6,1.8,1.1,1.9560579,1.5491212,4.4,9.5,1.5747898000000002,1.6613036
2026-01-17,Leeds,Fulham,1,0,C Kavanagh,1433.5513508316917,1529.4664470796204,2.15,3.3,3.5,1,0,2.16898,0.258796,1,0,7,6,10.0,0,1.3333333333333333,1.6666666666666667,1.1608926666666666,2.020363333333333,4.333333333333333,9.0,1.8,1.4,1.7994135999999998,1.6795254,6.2,8.2,1.9,1.7,1.8227288000000001,1.6319401000000002,4.7,10.3,1.9445416000000002,1.5700476,0,1,0.258796,2.16898,5,0,3,11,10.0,0,1.6666666666666667,1.3333333333333333,1.1412173333333333,2.174443333333333,2.6666666666666665,10.666666666666666,1.4,0.8,1.2487384000000001,1.6293632000000002,2.6,9.0,1.8,1.4,1.2965654,1.5141744000000001,3.9,7.9,1.0876888,1.7791080000000001
2026-01-17,Liverpool,Burnley,1,1,A Madley,1648.353028811974,1353.2220481378113,1.22,6.5,11.0,1,1,3.49045,0.546971,1,0,9,8,9.0,0,0.6666666666666666,0.6666666666666666,1.2385906666666673,0.49012466666666626,5.333333333333333,7.666666666666667,1.2,0.8,1.3024863999999998,0.7200175999999999,5.6,7.0,1.4,1.1,1.5710172000000002,0.9354862,5.1,9.2,1.765022,0.9074632000000001,1,1,0.546971,3.49045,2,0,1,10,10.0,0,1.0,2.3333333333333335,0.6332570000000004,2.16302,3.0,11.666666666666666,0.8,1.6,0.7259558000000002,1.9119140000000001,3.6,10.8,0.8,1.9,0.9971877000000001,1.9446967000000002,4.7,10.2,1.0135267999999997,2.3571180000000003
2026-01-17,Sunderland,Crystal Palace,2,1,R Jones,1530.7848167945044,1527.8562595994304,2.75,3.1,2.75,2,1,1.84601,1.15169,3,0,3,8,10.0,0,0.3333333333333333,1.3333333333333333,0.9786873333333332,2.5736433333333335,4.0,9.333333333333334,0.4,1.0,1.0104918,2.2493464,3.8,10.0,0.7,1.2,0.8413970000000001,1.9838470999999998,4.0,10.2,0.9545286000000001,1.8680998,1,2,1.15169,1.84601,3,0,4,15,10.0,0,0.3333333333333333,1.0,1.6522533333333334,2.1840433333333333,5.0,9.0,0.4,1.6,1.4834042,2.0661516,4.6,8.8,0.8,1.4,1.5001768,1.6760989000000002,4.1,9.2,1.3914094000000001,1.8469762000000003
2026-01-17,Tottenham,West Ham,1,2,J Gillett,1466.5652001606538,1408.8232512719187,1.73,4.0,4.5,1,2,1.65292,2.76761,5,0,11,12,10.0,0,1.0,1.3333333333333333,1.217303,0.7379749999999999,3.6666666666666665,10.0,1.0,1.2,1.1743454000000002,0.8750491999999997,3.0,8.8,1.1,1.7,1.08019302,1.1830975000000001,4.2,10.3,1.5179420000000001,0.6969352,2,1,2.76761,1.65292,3,0,5,17,11.0,0,1.0,2.3333333333333335,1.416362666666666,2.1984066666666666,6.0,12.0,0.6,2.2,1.2815416,2.258292,4.6,10.8,0.9,2.0,1.1511892000000001,2.1314983,4.9,11.1,0.9440259999999998,2.736326
2026-01-17,Nott'm Forest,Arsenal,0,0,M Oliver,1477.3694945600641,1721.95323829327,6.0,4.33,1.53,0,0,0.318481,2.86323,1,0,4,8,11.0,0,1.0,2.0,1.3064933333333333,1.6206999999999996,6.0,13.333333333333334,0.8,1.8,1.0011833999999997,1.606492,5.6,10.8,1.1,1.4,1.0923642,1.4540726,5.8,10.8,1.6264932,1.2033673999999999,0,0,2.86323,0.318481,1,0,9,14,9.0,0,2.3333333333333335,1.0,2.1317273333333335,1.4028126666666665,3.6666666666666665,12.0,2.0,0.8,2.1571184,1.0263550000000001,4.2,9.6,2.0,0.9,2.0401012,0.9882302200000002,4.3,9.4,1.708918,1.1755686
2026-01-18,Wolves,Newcastle,0,0,S Barrott,1376.7126926805945,1569.8700735903678,4.75,4.0,1.7,0,0,0.390216,0.813313,2,0,4,14,11.0,0,1.6666666666666667,0.6666666666666666,1.3901266666666665,1.000649333333334,5.666666666666667,12.666666666666666,1.2,1.2,1.2438547999999998,1.2260116,4.8,12.6,0.8,1.6,1.0482679000000001,1.5523178,3.2,14.8,1.2916654,1.6838136,0,0,0.813313,0.390216,2,0,7,8,11.0,0,3.0,1.3333333333333333,2.5516900000000002,1.6523133333333337,6.666666666666667,6.333333333333333,2.2,1.4,2.332736,1.3847702,7.4,7.4,2.1,1.3,2.0390039,1.3657426000000001,7.5,8.0,1.3365772,1.3289811999999999
2026-01-18,Aston Villa,Everton,0,1,T Harrington,1651.2252360800337,1513.2198436338508,1.67,3.9,5.25,0,1,0.905393,0.745859,1,0,6,15,11.0,0,1.3333333333333333,1.6666666666666667,2.147326666666667,2.2121999999999997,4.0,7.333333333333333,1.6,1.4,2.0740659999999997,1.9825400000000002,4.8,8.2,2.0,1.4,1.9357373,1.7551607999999999,4.6,10.2,1.811318,1.3529816000000001,1,0,0.745859,0.905393,2,0,4,13,11.0,0,1.6666666666666667,1.6666666666666667,1.4447066666666668,1.8398433333333333,2.6666666666666665,10.333333333333334,1.0,1.2,1.1598866,1.723248,3.0,8.6,1.1,1.2,1.0754956,1.6941084999999998,4.3,9.8,1.1276166,1.7115230000000001
2026-01-19,Brighton,Bournemouth,1,1,P Tierney,1553.8785535683676,1505.6839782899992,1.85,3.9,3.8,1,1,0.995777,1.69737,2,0,11,7,12.0,0,1.6666666666666667,1.0,1.9641533333333336,1.8300103333333329,3.6666666666666665,13.666666666666666,1.2,1.0,1.5043592000000001,1.8687302000000003,3.2,13.0,1.4,1.3,1.6310274,1.9780316,4.2,12.2,1.4864419999999998,1.7257262,1,1,1.69737,0.995777,3,0,6,6,12.0,0,2.3333333333333335,2.3333333333333335,1.876468666666667,1.7463466666666658,4.333333333333333,14.666666666666666,1.8,2.4,2.0019412,1.7141736,6.6,12.6,1.7,2.2,1.9692121,1.5211572,5.5,12.6,2.441574,2.28973
2026-01-24,Fulham,Brighton,2,1,M Oliver,1518.4363938707454,1550.8613696433054,2.6,3.4,2.7,2,1,1.13243,1.94652,1,0,6,10,7.0,0,1.3333333333333333,1.3333333333333333,0.6427026666666668,2.1129499999999997,2.6666666666666665,11.0,1.2,1.0,0.9593616,1.9659,3.0,10.2,1.7,1.5,1.038716,1.7087956000000002,3.5,8.5,1.0228796,1.6659012,1,2,1.94652,1.13243,1,0,6,6,5.0,0,1.3333333333333333,0.6666666666666666,1.266365666666667,1.6369869999999995,5.666666666666667,10.0,1.4,1.2,1.5196602000000001,1.9461162,4.8,12.2,1.3,1.3,1.6328562999999998,1.9277895999999999,4.6,11.9,1.7756128,2.230337
2026-01-24,Burnley,Tottenham,2,2,P Bankes,1360.929452540027,1453.3003522039444,3.7,3.5,2.05,2,2,1.54884,2.59093,1,0,1,8,7.0,0,1.0,1.6666666666666667,0.37374400000000046,2.4956766666666668,2.3333333333333335,12.0,0.8,1.6,0.7392444000000001,2.2463100000000003,3.2,10.6,0.9,1.8,0.9857905,2.1216487,4.7,9.9,1.2236160000000003,1.7815454,2,2,2.59093,1.54884,0,0,3,9,7.0,0,1.3333333333333333,2.0,1.5655066666666666,1.475077,7.0,10.666666666666666,1.0,1.2,1.2351193999999999,1.1822431999999998,4.8,9.4,1.1,1.5,1.2424783000000001,1.2320315,5.2,10.0,0.9074946,1.377657
2026-01-24,Bournemouth,Liverpool,3,2,M Salisbury,1508.7011622150615,1640.6456244097583,3.75,3.8,1.9,3,2,3.31474,0.937335,1,0,3,7,5.0,0,2.0,2.0,1.2784520000000004,1.300625666666666,5.333333333333333,12.666666666666666,1.8,2.4,1.9777212,1.8172234,6.8,11.6,1.6,2.1,1.7906501,1.5816567000000001,5.2,12.3,1.2022362,1.0509920000000001,2,3,0.937335,3.31474,1,0,11,7,7.0,0,1.0,1.0,1.8426306666666672,0.6193283333333329,5.666666666666667,7.0,1.0,0.8,1.7542484000000003,0.5596017999999999,6.2,7.2,1.5,0.9,1.7407892,0.8707243,5.2,8.9,1.3770123999999997,0.9635092000000001
2026-01-24,Man City,Wolves,2,0,F Hallam,1672.1254397177015,1380.3680255808829,1.2,7.0,11.0,2,0,1.0654,0.542683,1,0,4,16,7.0,0,0.6666666666666666,1.3333333333333333,1.4588483333333337,2.1472200000000004,6.666666666666667,8.666666666666666,0.8,1.0,1.656739,1.6007884000000001,6.0,9.0,2.1,1.1,2.0449965000000003,1.3676833,5.4,10.0,2.568076,1.3536431999999998,0,2,0.542683,1.0654,3,0,6,14,6.0,0,1.3333333333333333,0.3333333333333333,1.1142519999999998,0.8940670000000006,5.666666666666667,13.333333333333334,1.2,0.8,1.0682519999999998,1.0760562000000002,5.0,13.0,0.8,1.4,0.9208805,1.4887161,3.5,14.9,0.8048704000000001,1.420822
2026-01-24,West Ham,Sunderland,3,1,T Bramall,1422.0880992286282,1538.9931369382905,2.5,3.2,2.88,3,1,2.18675,0.713838,2,0,3,9,7.0,0,1.0,2.0,1.580085999999999,1.7196666666666667,6.0,14.0,1.0,1.8,1.6307775999999996,1.8725,5.6,12.2,0.9,1.9,1.3888719999999999,1.9484913,5.2,11.8,1.3583523999999998,1.5266706000000003,1,3,0.713838,2.18675,4,0,3,16,7.0,0,1.0,1.6666666666666667,1.2733103333333333,2.143383333333334,4.0,9.0,0.8,1.2,1.1176058,2.29583,3.6,8.6,0.9,1.2,1.0037212,1.8152871000000002,3.9,9.7,0.9247018,1.9980224
2026-01-25,Brentford,Nott'm Forest,0,2,S Barrott,1535.001427551294,1482.2330434685862,1.91,3.5,4.1,0,2,2.00413,1.38958,1,0,6,11,8.0,0,2.3333333333333335,1.3333333333333333,2.7959866666666664,1.3782433333333335,7.0,10.333333333333334,2.2,1.0,2.3591127999999997,1.4609737999999999,5.2,9.6,1.7,1.1,1.8835999,1.6136354000000002,4.9,9.6,2.337326,1.4369388,2,0,1.38958,2.00413,0,0,5,10,8.0,0,1.0,1.3333333333333333,0.827837,2.0100266666666666,4.333333333333333,12.333333333333334,0.8,1.6,0.9676203999999997,1.8380020000000001,5.4,10.6,0.8,1.4,1.0047533,1.5611225999999998,5.6,10.8,0.8175112,1.430124
2026-01-25,Crystal Palace,Chelsea,1,3,D England,1519.6479394556443,1587.5193658332764,3.5,3.8,2.0,1,3,2.41793,3.08817,2,1,4,11,8.0,0,0.3333333333333333,1.3333333333333333,1.2516633333333333,2.2146,4.333333333333333,11.666666666666666,0.4,1.2,1.4076262,1.8537816,4.4,9.8,0.7,1.6,1.4704128,1.6942909,4.1,9.8,1.6089441999999998,1.5052216,3,1,3.08817,2.41793,2,0,5,10,8.0,0,1.3333333333333333,1.0,2.036986666666667,1.18861,5.333333333333333,9.0,1.4,1.4,2.08309,1.8232860000000002,6.8,9.6,1.3,1.3,1.6514654,1.8187350000000002,4.7,11.3,1.43021,1.7186519999999998
2026-01-25,Newcastle,Aston Villa,0,2,J Gillett,1566.2147406900795,1636.07233858593,1.95,3.7,3.7,0,2,1.95484,1.32143,1,0,6,7,7.0,0,2.0,1.0,1.9919676666666668,1.340548666666667,7.666666666666667,8.0,1.8,1.0,1.9196726000000002,1.2575934,7.6,6.4,1.9,1.2,1.8797802000000001,1.1591162000000002,7.7,7.5,2.346776,1.458666,2,0,1.32143,1.95484,2,0,5,12,7.0,0,1.0,0.6666666666666666,1.4684743333333337,0.9897029999999996,5.0,9.333333333333334,1.2,1.4,1.8813106000000002,1.8708018,5.0,9.0,1.8,1.4,1.8902986,1.6450786999999998,4.9,10.1,2.1647646,2.1899880000000005
2026-01-25,Arsenal,Man United,2,3,C Pawson,1717.089689384748,1529.8544041690272,1.55,4.2,6.0,2,3,1.42411,0.640902,2,0,9,11,8.0,0,1.0,0.6666666666666666,1.6150206666666669,0.5283229999999998,5.666666666666667,10.666666666666666,1.8,0.8,2.3603183999999997,1.0473966,5.4,11.4,1.6,0.8,2.0985972000000004,1.0170716,4.8,9.7,2.3815163999999998,1.0358684,3,2,0.640902,1.42411,0,0,2,9,8.0,0,1.6666666666666667,1.0,2.5151566666666665,0.5589543333333332,3.6666666666666665,10.0,1.4,0.8,1.9238681999999998,0.8049365999999999,4.2,9.6,1.9,1.3,2.1937431000000003,1.200941,5.0,11.6,2.2604,1.1113549999999999
2026-01-26,Everton,Leeds,1,1,S Hooper,1528.3727411279544,1444.5814040405667,2.5,3.25,2.9,1,1,0.889916,1.6766,0,0,4,9,8.0,0,1.3333333333333333,1.6666666666666667,1.128243,1.5568243333333331,3.3333333333333335,11.666666666666666,1.2,1.0,1.2664038000000002,1.5348806,3.4,10.4,1.1,1.2,1.1345752,1.5572778,4.6,10.2,1.0233746000000001,1.676694,1,1,1.6766,0.889916,3,0,4,13,9.0,0,1.6666666666666667,1.6666666666666667,1.830766,1.5471853333333332,5.666666666666667,8.333333333333334,1.2,1.2,1.6516376000000002,1.4251686,5.8,8.4,1.9,1.5,1.8549588,1.5218417,5.1,9.1,1.700916,1.6938326
2026-01-31,Leeds,Arsenal,0,4,S Attwell,1448.498896539435,1700.972895470232,5.75,4.2,1.55,0,4,0.17871,3.54427,1,0,4,10,5.0,0,1.6666666666666667,1.6666666666666667,2.066253333333333,1.194554,5.0,9.666666666666666,1.2,1.2,1.4656516,1.4419604000000001,4.8,9.2,1.8,1.3,1.8474768000000001,1.3255413,5.4,9.3,2.0090016,1.3498508,4,0,3.54427,0.17871,1,0,12,7,6.0,0,0.6666666666666666,1.0,1.6630573333333334,0.42600833333333304,7.0,11.666666666666666,1.8,1.2,2.1365044,1.0335642,5.8,12.2,1.7,1.0,2.1181802000000003,1.0019703999999998,5.4,9.5,1.8156779999999997,0.9982748000000001
2026-01-31,Chelsea,West Ham,3,2,A Taylor,1597.292846725239,1433.7114677093361,1.5,4.5,6.0,3,2,2.66133,1.72585,3,0,9,11,6.0,0,2.0,1.0,2.38729,1.65109,6.333333333333333,7.666666666666667,1.8,1.2,2.3064139999999997,1.8950360000000004,6.6,8.4,1.5,1.3,1.881091,1.9377,4.9,11.1,1.8727207999999997,1.918818,2,3,1.72585,2.66133,2,1,3,13,7.0,0,2.0,1.3333333333333333,2.2304433333333322,1.211196,4.666666666666667,13.666666666666666,1.6,1.8,1.8406895999999997,1.7923955999999996,5.2,12.4,1.2,1.8,1.5711318,1.8630821000000002,4.8,11.5,1.4193916,2.370312
2026-01-31,Brighton,Everton,1,1,C Kavanagh,1541.65338033495,1524.455248629086,1.85,3.6,4.1,1,1,1.42825,1.28126,1,0,5,13,7.0,0,1.0,1.3333333333333333,1.4246390000000002,1.929613333333333,6.333333333333333,9.666666666666666,1.4,1.2,1.7669514,1.6639662000000002,5.6,10.8,1.2,1.5,1.6217883,1.9450001000000001,5.0,11.5,1.4900998,1.6252422,1,1,1.28126,1.42825,2,0,2,14,5.0,0,1.0,0.6666666666666666,1.0896616666666668,1.0984276666666666,3.3333333333333335,11.666666666666666,1.4,1.2,1.193979,1.6203046,3.2,10.6,1.1,0.9,1.1224418,1.4790557999999998,4.2,10.7,1.2457758,1.4378616
2026-01-31,Liverpool,Newcastle,4,1,S Hooper,1628.6039943729913,1556.498389056848,1.8,3.9,4.1,4,1,3.09973,0.284319,1,0,7,11,7.0,0,1.0,1.3333333333333333,1.5821423333333338,1.5211809999999997,6.666666666666667,8.0,1.0,1.2,1.6287113999999998,1.066417,7.2,7.6,1.5,1.2,1.6777297,1.1657831,6.1,8.2,2.1045659999999997,0.7779394,1,4,0.284319,3.09973,3,0,11,7,6.0,0,1.3333333333333333,1.6666666666666667,1.7343676666666668,1.3549420000000005,7.0,8.666666666666666,1.8,1.2,2.0846446,1.3337172000000002,6.6,6.8,1.5,1.3,1.8293822,1.1901342,7.6,7.6,1.4127844,0.8595664
2026-01-31,Wolves,Bournemouth,0,2,M Oliver,1378.0357157670894,1520.7427922518284,2.9,3.5,2.3,0,2,2.10353,1.59116,3,0,5,11,7.0,0,0.3333333333333333,1.0,0.5487296666666666,1.1706410000000005,5.666666666666667,14.333333333333334,1.0,0.8,1.0206558,0.9761322000000001,5.4,13.2,0.8,1.5,0.9058900000000001,1.4797701,3.8,14.2,1.0368906,1.5566102,2,0,1.59116,2.10353,3,0,6,15,7.0,0,2.3333333333333335,1.6666666666666667,2.067416666666667,1.1864039999999993,4.0,10.666666666666666,2.2,2.0,2.1283032,1.4344304,4.4,11.4,1.7,2.0,1.9428501,1.5584352,5.2,11.7,2.379064,2.1123214
2026-02-01,Aston Villa,Brentford,0,1,T Robinson,1645.7886902191615,1521.8650632428664,2.1,3.5,3.4,0,1,2.15316,0.314916,0,0,12,8,7.0,0,0.6666666666666666,0.3333333333333333,1.4323243333333338,1.3419163333333328,5.333333333333333,10.0,1.2,1.2,1.7337606,1.8674598,4.6,9.8,1.9,1.4,1.9069555999999999,1.7713039000000002,4.7,10.0,1.6158325999999998,1.1001694,1,0,0.314916,2.15316,3,0,1,8,7.0,0,1.0,1.3333333333333333,2.4467666666666665,1.5062166666666668,7.333333333333333,11.333333333333334,1.4,1.2,2.1896788000000003,1.2265237999999996,6.0,10.0,1.4,1.2,1.7119069,1.6651909,5.0,10.0,1.4298738000000002,1.790332
2026-02-01,Man United,Fulham,3,2,J Brooks,1545.9711980835432,1527.6443831791007,1.57,4.5,5.0,3,2,1.84362,1.71998,2,0,3,6,7.0,0,2.3333333333333335,1.3333333333333333,2.079520666666667,0.7102783333333331,3.0,10.0,1.8,1.2,1.8638863999999997,0.8637626,4.2,9.6,2.0,1.4,2.1100652999999996,1.129791,4.8,11.1,2.1270862,1.290527,2,3,1.71998,1.84362,1,0,7,9,8.0,0,1.3333333333333333,1.0,0.8171186666666669,2.1888566666666667,3.6666666666666665,10.666666666666666,1.4,1.2,0.9629756,2.127766,3.4,10.6,1.7,1.5,1.1024854000000002,1.7990515999999999,3.9,8.8,1.0545524,1.75169
2026-02-01,Nott'm Forest,Crystal Palace,1,1,M Salisbury,1495.3694077770137,1509.8744585636816,1.95,3.5,3.9,1,1,0.987254,1.648,1,0,5,4,7.0,0,1.3333333333333333,0.3333333333333333,0.9916303333333335,2.201443333333333,4.666666666666667,9.0,1.0,1.2,1.1255081999999998,1.945892,5.4,11.6,1.0,1.2,1.0476788,1.5558156,5.2,10.7,1.1919954000000001,1.6921212,1,1,1.648,0.987254,3,0,7,12,7.0,0,0.6666666666666666,1.6666666666666667,1.6315566666666668,2.3347766666666665,3.6666666666666665,11.333333333333334,0.6,1.6,1.705276,2.297262,4.6,10.6,0.7,1.7,1.4986447999999999,1.8553399,4.1,9.5,1.3318813999999999,1.8833602000000003
2026-02-01,Tottenham,Man City,2,2,R Jones,1452.3713294893391,1674.457749531495,4.5,4.1,1.73,2,2,1.49738,2.03614,3,0,3,15,8.0,0,1.6666666666666667,2.3333333333333335,1.95665,1.83553,7.0,10.333333333333334,1.2,1.6,1.5791518,1.3060749999999997,5.0,10.2,1.2,1.5,1.3971753,1.3374419,4.7,9.8,1.577462,1.0864059999999998,2,2,2.03614,1.49738,3,0,4,12,8.0,0,1.0,1.0,1.470485,1.6490276666666668,5.333333333333333,10.0,0.8,0.8,1.576883,1.5892967999999998,5.8,9.6,2.0,0.9,1.8662444999999999,1.2468096,5.0,9.9,1.521917,1.3817233999999998
2026-02-02,Sunderland,Burnley,3,0,P Tierney,1527.3697684575825,1361.8584752546321,1.8,3.5,4.75,3,0,1.8865,0.126371,1,0,1,12,9.0,0,1.0,2.3333333333333335,1.3554293333333334,2.3998000000000004,3.3333333333333335,12.333333333333334,0.8,1.6,1.0991819999999999,2.2118740000000003,3.6,10.4,0.7,1.3,0.9581499999999998,1.8546881,3.6,9.9,1.0827406,1.6325517999999999,0,3,0.126371,1.8865,4,0,2,10,9.0,0,1.6666666666666667,1.6666666666666667,0.8051736666666671,2.8687533333333337,1.3333333333333333,9.0,1.2,2.0,0.7991164000000002,2.514088,2.2,10.6,1.0,1.7,1.0532720000000002,2.0086357,4.2,10.0,0.747965,2.4617519999999997
2026-02-06,Leeds,Nott'm Forest,3,1,P Bankes,1443.533903567144,1494.0673911014242,2.2,3.3,3.4,3,1,3.38179,1.6608,1,0,5,9,6.0,0,0.6666666666666666,1.6666666666666667,1.34143,1.564327333333333,5.0,9.666666666666666,1.2,2.0,1.4695215999999998,1.8151484000000004,5.0,9.6,1.5,1.6,1.6448777999999997,1.5835665,5.4,9.3,1.6038035999999998,1.8659012000000001,1,3,1.6608,3.38179,1,0,10,12,5.0,0,1.0,0.3333333333333333,0.8984383333333333,2.1717866666666663,4.666666666666667,7.333333333333333,1.2,1.0,0.9720689999999997,1.936442,4.6,10.2,1.0,1.3,1.0340152,1.6181546,4.8,10.0,0.8706491999999999,1.6260280000000003
2026-02-07,Burnley,West Ham,0,2,D England,1357.568935671137,1429.3843756488302,3.3,3.5,2.15,0,2,1.84644,1.1223,3,0,5,11,5.0,0,1.0,2.0,0.7407273333333336,2.6559600000000003,1.3333333333333333,9.333333333333334,1.0,2.0,0.5592886000000001,2.3928920000000002,2.0,10.8,1.0,1.9,0.9490571000000001,2.098506,4.1,10.1,1.29968,2.102172,2,0,1.1223,1.84644,1,0,2,10,7.0,0,2.3333333333333335,1.6666666666666667,2.226736666666666,1.6760293333333331,3.6666666666666665,13.0,1.6,2.0,1.7305715999999998,1.7068336000000002,4.8,12.8,1.3,2.0,1.6071328,1.9015411,4.5,11.9,1.4913936,2.44723
2026-02-07,Man United,Tottenham,2,0,M Oliver,1553.7542036245839,1456.7251800342378,1.57,4.5,5.0,2,0,2.16576,0.593404,1,0,7,12,6.0,0,2.6666666666666665,1.3333333333333333,1.852434,1.1770349999999998,2.0,9.333333333333334,2.2,1.4,2.0059983999999997,0.9641906,3.2,9.0,2.2,1.5,2.0667533,1.165205,4.5,10.4,2.0404622,1.3613549999999999,0,2,0.593404,2.16576,2,1,0,11,6.0,0,1.6666666666666667,2.0,1.9137433333333334,2.11753,5.666666666666667,12.0,1.6,2.0,1.7569660000000002,1.6020421999999996,5.4,11.2,1.2,1.5,1.4417083,1.3524979,4.2,10.1,1.2152706,1.310309
2026-02-07,Bournemouth,Aston Villa,1,1,A Taylor,1528.4062607973003,1630.939660190413,2.7,3.5,2.5,1,1,1.82646,0.646496,1,0,11,4,7.0,0,2.0,1.0,2.20109,1.3455473333333325,5.0,9.333333333333334,2.2,1.6,1.7482512,1.3885484,5.0,12.0,1.9,1.9,2.0384246,1.6492152,5.7,11.8,1.7381011999999998,0.9993130000000001,1,1,0.646496,1.82646,1,0,4,11,6.0,0,0.6666666666666666,0.6666666666666666,1.4599943333333336,1.0052049999999995,7.666666666666667,11.666666666666666,1.0,0.6,1.5760026,1.047773,6.4,9.6,1.5,1.2,1.8065266000000002,1.6064975000000001,5.3,9.9,1.7975606,2.1883600000000003
2026-02-07,Wolves,Chelsea,1,3,J Gillett,1370.3722472216175,1601.619938785745,5.0,4.0,1.67,1,3,1.11372,3.76278,1,0,3,9,7.0,0,0.0,1.3333333333333333,1.012143,1.156624333333334,5.0,13.0,0.8,1.0,1.1977938,1.0677522000000002,5.6,13.0,0.8,1.6,1.013782,1.5264971,4.0,13.4,1.2526746,1.6500641999999999,3,1,3.76278,1.11372,1,0,4,10,7.0,0,2.6666666666666665,1.0,2.457376666666667,1.8729966666666666,5.666666666666667,9.333333333333334,2.0,1.2,2.372092,1.5419220000000002,6.0,9.6,1.7,1.2,2.0508222,1.889815,5.6,10.9,1.8550404,1.761298
2026-02-07,Fulham,Everton,1,2,S Attwell,1519.86137763806,1526.6413315333907,2.1,3.25,3.75,1,2,2.20126,1.88778,1,0,6,11,6.0,0,1.3333333333333333,1.6666666666666667,1.0370686666666666,1.9863733333333329,5.333333333333333,10.0,1.6,1.6,0.9561036000000002,2.0257980000000004,4.2,10.4,1.5,1.3,1.1772199,1.7871886,3.9,8.8,1.0548385999999998,1.6627552,2,1,1.88778,2.20126,5,0,6,12,7.0,0,1.0,0.6666666666666666,0.9723450000000001,1.3367476666666667,3.3333333333333335,12.0,1.2,1.4,1.111181,1.5550646,3.2,11.6,1.1,1.0,1.1309947999999999,1.5583392999999999,3.8,10.7,1.2628818,1.5964285999999999
2026-02-07,Newcastle,Brentford,2,3,A Madley,1550.1274652999284,1536.714093271615,2.1,3.5,3.5,2,3,3.3215,1.65022,2,0,9,14,7.0,0,0.3333333333333333,2.0,1.0174906666666665,1.6037920000000003,8.0,7.333333333333333,1.4,1.8,1.6430124,1.6885612,8.0,7.6,1.4,1.5,1.6692560999999997,1.3949022,7.6,7.8,2.3606279999999997,1.512542,3,2,1.65022,3.3215,2,0,3,18,6.0,0,0.3333333333333333,1.3333333333333333,1.2647519999999999,1.7217900000000002,5.333333333333333,9.666666666666666,1.6,1.2,2.1414012,1.5354939999999997,5.6,10.0,1.5,1.0,1.6845268999999998,1.6173809000000001,4.3,9.9,1.3751138000000003,1.6947119999999998
2026-02-07,Arsenal,Sunderland,3,0,S Barrott,1705.937888442523,1531.6593080410776,1.22,6.25,12.0,3,0,1.19401,0.427225,1,0,5,11,7.0,0,2.0,1.0,2.610536666666667,0.379364333333333,10.0,10.666666666666666,1.8,1.0,1.9626883999999998,0.48091619999999996,7.6,10.0,1.9,1.0,2.2094812,0.9609698,6.2,9.5,2.1400864000000004,1.0463055999999997,0,3,0.427225,1.19401,2,0,2,8,5.0,0,2.0,1.3333333333333333,1.4821160000000002,1.1549370000000003,2.3333333333333335,12.0,1.4,1.6,1.2840538,1.7486542000000003,3.2,11.0,0.9,1.2,1.0755337999999999,1.7296922,3.4,10.6,0.9249370000000001,2.1601064
2026-02-08,Brighton,Crystal Palace,0,1,T Bramall,1539.4672974306454,1511.1764752392712,1.95,3.5,3.9,0,1,0.737798,0.928404,1,0,3,12,8.0,0,1.0,1.3333333333333333,1.456849,1.3703533333333329,7.333333333333333,8.666666666666666,1.2,1.0,1.4347734,1.4649302000000002,5.6,9.8,1.0,1.2,1.5683152999999999,1.7573811,5.0,11.8,1.3831538,1.2500042,1,0,0.928404,0.737798,3,0,4,9,7.0,0,1.0,2.0,1.7392066666666668,1.9738113333333331,5.0,12.666666666666666,0.6,1.6,1.564184,2.1438448,4.8,11.6,0.7,1.8,1.5646651,1.8372132999999997,4.4,9.9,1.463922,1.847107
2026-02-08,Liverpool,Man City,1,2,C Pawson,1634.974918129911,1670.1038989865963,2.38,3.7,2.75,1,2,1.26652,2.41476,2,1,5,13,8.0,0,2.3333333333333335,1.6666666666666667,2.5091716666666675,1.3820099999999995,9.0,8.666666666666666,1.8,1.4,1.9129914,1.0914087999999997,7.0,7.8,1.8,1.2,1.8500697000000002,1.1229488,6.1,8.3,2.449246,0.6922708,2,1,2.41476,1.26652,4,0,4,16,7.0,0,1.3333333333333333,1.3333333333333333,1.1628516666666668,1.704281,4.666666666666667,12.0,1.2,1.2,1.495617,1.6963445999999998,5.6,10.8,1.7,0.7,1.8736334999999997,1.2992841,5.2,10.4,1.536695,1.4866724
2026-02-10,Chelsea,Leeds,2,2,R Jones,1607.0548632481919,1453.2615028418152,1.55,4.33,5.5,2,2,3.21176,1.28948,4,0,4,9,3.0,1,3.0,1.3333333333333333,3.17076,1.7525000000000002,6.0,10.333333333333334,2.4,1.2,2.717196,1.5585680000000002,6.4,8.8,2.0,1.3,2.3598399999999997,1.8592560000000002,6.0,10.6,2.246604,2.018332,2,2,1.28948,3.21176,4,0,1,13,4.0,0,1.3333333333333333,2.0,1.7457,2.0316619999999994,4.333333333333333,10.666666666666666,1.6,2.0,1.9518520000000001,1.7577463999999998,4.8,9.6,1.5,1.4,1.8037237999999998,1.5448415,5.4,8.8,1.685952,1.3012318
2026-02-10,Everton,Bournemouth,1,2,A Madley,1538.1612582981434,1529.6243911814086,2.38,3.4,3.0,1,2,2.33114,1.4121,1,1,7,14,3.0,1,1.3333333333333333,1.0,1.3529853333333335,1.7687033333333335,4.0,11.666666666666666,1.2,0.8,1.287605,1.3849586,3.6,12.2,1.0,1.1,1.1944248,1.7472313,3.8,10.2,0.9991078000000003,1.52025,2,1,1.4121,2.33114,3,0,2,15,3.0,1,2.0,1.0,2.24412,1.2291203333333327,6.666666666666667,8.666666666666666,2.0,1.2,1.923974,1.2618476,5.8,10.2,2.0,2.0,2.0791396,1.6466046000000003,6.3,10.7,2.3387480000000003,2.2991174
2026-02-10,Tottenham,Newcastle,1,2,A Taylor,1450.9603160770143,1538.0453541031166,3.2,3.6,2.2,1,2,1.68925,2.46991,3,0,2,15,3.0,1,1.3333333333333333,2.0,1.5605713333333335,1.9169133333333335,2.0,11.666666666666666,1.4,2.2,1.5921468,1.941698,4.8,11.4,1.0,1.7,1.2586607,1.5220176,3.5,10.4,1.6681459999999997,1.3946868000000001,2,1,2.46991,1.68925,2,0,12,11,3.0,1,1.0,3.0,1.8535529999999998,2.0237933333333338,8.666666666666666,9.333333333333334,1.4,2.4,1.7617843999999998,1.7629552,8.2,9.4,1.4,1.7,1.8206981,1.4015492000000003,7.6,8.3,0.9778842000000001,1.2772624000000001
2026-02-10,West Ham,Man United,1,1,S Hooper,1439.0444309895745,1559.5190675818073,4.5,4.2,1.7,1,1,1.30746,0.735767,1,0,5,10,3.0,1,2.3333333333333335,1.3333333333333333,1.6782999999999992,1.7405359999999999,2.6666666666666665,10.666666666666666,2.0,1.4,1.9078959999999998,1.6282716000000002,3.8,12.8,1.4,1.9,1.5487228,1.8761080999999997,4.1,12.1,1.722872,1.3558522000000002,1,1,0.735767,1.30746,1,0,3,4,3.0,1,2.6666666666666665,1.3333333333333333,1.5500940000000003,1.2458313333333333,4.0,9.0,2.4,1.2,2.0495884,0.8888438000000001,3.8,9.6,2.0,1.4,1.8786212999999996,1.1983307,4.3,10.4,2.0930444,0.969055
2026-02-11,Aston Villa,Brighton,1,0,P Bankes,1629.7215298063047,1526.979408191058,1.91,3.7,3.8,1,0,0.576138,0.481306,2,0,7,9,4.0,0,1.0,0.6666666666666666,1.373695333333334,1.3654053333333327,7.0,10.333333333333334,0.6,0.6,1.4193258,1.233425,6.4,9.8,1.4,1.2,1.5991902,1.6031784999999998,5.4,10.0,1.8154926000000002,1.0246350000000002,0,1,0.481306,0.576138,3,0,5,15,3.0,1,0.6666666666666666,1.3333333333333333,1.370856,1.114031333333333,4.666666666666667,10.333333333333334,0.8,1.2,1.287993,1.5997008000000001,5.4,10.8,0.9,1.2,1.4320181,1.6795815,4.3,11.8,1.7534768,2.2647579999999996
2026-02-11,Crystal Palace,Burnley,2,3,F Hallam,1523.6643644788587,1347.9088803303928,1.57,4.0,6.25,2,3,2.1276,0.691273,2,0,8,11,3.0,1,1.0,1.3333333333333333,1.664778,1.6044073333333333,5.0,10.666666666666666,0.8,1.2,1.4942148000000002,1.7458763999999998,4.4,11.0,0.6,1.7,1.4863965000000001,1.834316,4.4,10.0,1.6654082000000003,1.8273195999999998,3,2,0.691273,2.1276,1,0,2,8,4.0,0,0.6666666666666666,2.3333333333333335,1.173883666666667,1.866576666666667,2.6666666666666665,9.666666666666666,1.0,2.0,0.8776664000000002,2.3230120000000003,2.2,9.6,0.9,1.9,0.9753261,2.030028,3.7,10.1,0.5984341999999999,2.09484
2026-02-11,Man City,Fulham,3,0,P Tierney,1680.8185242148365,1508.3414508733074,1.36,5.5,7.0,3,0,1.67722,1.05283,3,0,4,8,3.0,1,2.0,1.0,1.838766666666667,1.1021943333333335,4.0,14.666666666666666,1.4,1.2,1.772471,1.5421966,4.8,11.6,1.6,0.8,1.8735045,1.3632874999999998,5.0,11.1,2.210572,1.1118957999999999,0,3,1.05283,1.67722,1,0,4,10,4.0,0,1.6666666666666667,2.0,1.6845566666666667,1.8926399999999999,6.333333333333333,10.0,1.4,1.6,1.2745192,2.0595939999999997,4.8,10.4,1.5,1.3,1.3206688,1.8048576,3.9,9.4,1.2996012000000001,1.911622
2026-02-11,Nott'm Forest,Wolves,0,0,T Robinson,1484.339791826753,1364.9373227591707,1.7,3.8,5.0,0,0,3.69094,0.406959,0,0,8,12,5.0,0,1.3333333333333333,1.3333333333333333,1.345878,2.3446399999999996,6.666666666666667,8.666666666666666,1.2,1.0,1.1245889999999998,2.326824,5.8,8.6,1.1,1.3,1.1688611999999998,1.8309856,5.5,9.7,1.1973812000000001,1.6102812,0,0,0.406959,3.69094,2,0,2,13,4.0,0,0.3333333333333333,2.3333333333333335,1.253311,2.1397800000000005,4.666666666666667,11.333333333333334,0.4,1.6,0.9726877999999999,1.7731726,5.0,12.6,0.8,1.5,1.0989393,1.4980671,4.2,12.6,0.7748894000000001,1.40293
2026-02-11,Sunderland,Liverpool,0,1,C Kavanagh,1527.537373150347,1624.2602929016707,4.75,3.8,1.73,0,1,0.693794,3.08172,1,0,3,8,4.0,0,1.3333333333333333,2.0,1.0091876666666668,1.169043666666667,2.0,12.0,1.2,2.0,1.2760026,1.7039562,2.6,11.4,0.9,1.2,1.0556077,1.6074882,3.1,10.4,1.2261305999999998,1.299278,1,0,3.08172,0.693794,0,0,11,10,3.0,1,2.3333333333333335,2.0,1.7678616666666673,2.004606333333333,7.666666666666667,10.333333333333334,1.6,1.4,1.8225354,1.4525243999999997,6.4,9.6,1.6,1.1,1.7719167000000002,1.1850918,6.2,8.2,1.2508933999999996,1.5536268000000002
2026-02-12,Brentford,Arsenal,1,1,J Brooks,1548.7962044684268,1710.0598233332535,4.75,3.9,1.7,1,1,1.81154,0.78418,3,0,6,12,5.0,0,1.3333333333333333,1.3333333333333333,1.3230886666666668,2.2880800000000003,3.3333333333333335,12.333333333333334,1.4,1.2,1.8610872,1.998662,5.2,12.0,1.8,1.0,1.8024926000000001,1.7071429000000002,4.0,10.8,1.9939400000000003,1.5400498,1,1,0.78418,1.81154,2,0,4,11,5.0,0,3.0,1.0,2.0541300000000002,0.41561233333333303,8.666666666666666,9.666666666666666,1.8,0.6,1.9454904,0.376792,7.6,10.6,2.1,0.8,2.1429172000000003,0.7317063,6.4,9.8,2.278876,0.8756340000000001
2026-02-18,Wolves,Arsenal,2,2,P Tierney,1369.6861944985033,1707.2250417688044,11.0,5.25,1.29,2,2,0.173119,2.01018,2,0,1,6,7.0,0,0.3333333333333333,1.6666666666666667,1.2080696666666666,3.0149600000000003,3.3333333333333335,11.0,0.2,1.4,0.9114216,2.1847186,4.0,12.2,0.7,1.3,1.0776382000000002,1.7053650999999999,4.4,12.4,1.4229892000000002,1.5932042,2,2,2.01018,0.173119,1,0,3,8,6.0,0,2.6666666666666665,0.3333333333333333,1.84082,0.8058249999999997,7.0,9.666666666666666,2.0,0.8,1.96196,0.6753716,7.8,10.8,2.0,0.8,2.0595392,0.8508633,6.0,10.2,2.063782,0.69397
2026-02-21,Aston Villa,Leeds,1,1,M Oliver,1635.3523967230267,1458.7403014813137,1.85,3.6,4.33,1,1,1.25439,1.27855,1,0,7,11,10.0,0,0.6666666666666666,0.6666666666666666,1.1252646666666672,0.8742273333333328,7.666666666666667,9.333333333333334,0.8,0.6,1.1205234000000002,1.0646761999999999,6.8,11.0,1.2,1.0,1.5972947,1.5236081000000001,5.8,9.6,1.3867482,0.7489662,1,1,1.27855,1.25439,4,0,2,16,11.0,0,1.6666666666666667,2.3333333333333335,1.6166599999999998,2.8056099999999997,3.3333333333333335,10.666666666666666,1.4,1.6,1.739112,1.9131084,4.2,10.2,1.6,1.5,1.7692628,1.7963169,5.2,9.2,1.6170299999999997,1.8041826
2026-02-21,Man City,Newcastle,2,1,T Bramall,1684.9744985266514,1547.2673594392295,1.45,5.0,5.5,2,1,2.22648,0.507954,2,0,5,12,10.0,0,2.3333333333333335,1.0,2.0427066666666667,1.2722433333333334,4.0,12.0,1.8,1.0,1.5161069999999999,1.4864386,4.4,12.0,1.6,0.8,1.9059095000000004,1.3384785,5.2,11.3,2.062806,1.1971645999999998,1,2,0.507954,2.22648,5,0,5,13,11.0,0,1.6666666666666667,2.6666666666666665,2.025243,2.1464000000000003,10.666666666666666,10.666666666666666,1.0,2.0,1.7687763999999997,1.6301691999999999,9.0,9.4,1.6,1.7,2.0507562,1.5074697000000001,8.2,8.4,1.4380004,1.4891034
2026-02-21,Brentford,Brighton,0,2,J Gillett,1551.6309860328759,1521.348541274336,2.0,3.7,3.5,0,2,1.69023,1.37203,1,0,6,9,9.0,0,1.6666666666666667,1.0,1.2588920000000001,2.08628,3.3333333333333335,12.666666666666666,1.0,1.4,1.4512032000000001,1.8542099999999997,5.0,11.8,1.8,1.0,1.913946,1.6221519,4.6,11.2,2.2168468000000003,1.3700678,2,0,1.37203,1.69023,2,0,4,14,10.0,0,0.3333333333333333,1.0,0.8824513333333335,0.9286006666666662,4.333333333333333,13.333333333333334,0.6,1.2,1.1179302,1.1231204000000001,6.0,10.6,0.9,1.1,1.3111447000000003,1.4959253000000001,4.6,11.8,1.51173,1.8974456
2026-02-21,West Ham,Bournemouth,0,0,S Barrott,1440.7676631437798,1541.571845348773,2.5,3.7,2.63,0,0,2.34412,0.522731,1,0,9,10,11.0,0,1.6666666666666667,1.3333333333333333,1.3852033333333325,1.7478456666666666,3.3333333333333335,11.0,2.0,1.2,1.8219940000000001,1.522059,3.6,11.8,1.3,1.7,1.5517678,1.8901755000000002,4.1,11.3,1.7289619999999999,1.383987,0,0,0.522731,2.34412,1,0,5,11,11.0,0,1.6666666666666667,0.6666666666666666,1.609906666666667,1.6937219999999993,6.333333333333333,11.333333333333334,1.8,1.0,1.968366,1.4028556,5.6,9.4,1.8,1.7,1.9851536000000003,1.5585146,6.1,11.0,2.1507759999999996,2.1229374
2026-02-21,Chelsea,Burnley,1,1,L Smith,1601.5760646086933,1363.814697177044,1.22,6.5,12.0,1,1,2.51534,1.01255,2,1,9,13,11.0,0,2.6666666666666665,1.6666666666666667,3.211956666666667,1.3763500000000002,5.666666666666667,10.0,2.6,1.2,2.8693339999999994,1.604438,5.0,9.4,2.0,1.5,2.416559,1.854204,6.0,10.2,2.360042,2.008228,1,1,1.01255,2.51534,2,0,5,11,10.0,0,1.0,2.3333333333333335,0.8880280000000006,1.7121333333333337,3.0,9.666666666666666,1.2,2.0,0.9519790000000002,2.243556,2.2,9.4,1.0,1.8,0.8389674000000001,2.0777349999999997,2.9,10.1,0.4199387999999999,2.158944
2026-02-22,Crystal Palace,Wolves,1,0,T Kirk,1507.7585476322074,1376.319965866625,1.65,4.0,5.0,1,0,2.03559,1.67749,5,0,7,19,11.0,0,1.3333333333333333,1.3333333333333333,1.5680013333333334,0.8054416666666667,6.333333333333333,10.666666666666666,1.2,1.8,1.6547248000000003,1.4701009999999999,5.4,11.6,0.8,1.7,1.5690645,1.7681262999999998,5.0,10.2,1.8307442000000003,1.6949402,0,1,1.67749,2.03559,1,1,3,13,4.0,0,1.0,1.6666666666666667,0.5645993333333333,3.1546333333333343,2.0,9.333333333333334,0.6,1.8,0.8680022,2.424092,3.4,10.6,0.9,1.3,0.9681271,1.7500740999999997,4.2,11.8,0.7322872,1.8175260000000002
2026-02-22,Nott'm Forest,Liverpool,0,1,A Taylor,1479.5909200874205,1633.2072409086018,4.1,3.9,1.8,0,1,0.934768,2.39634,2,0,7,13,11.0,0,0.6666666666666666,1.3333333333333333,2.1129979999999997,1.8122496666666663,7.666666666666667,9.333333333333334,0.8,0.8,1.6094109999999997,2.0608218000000003,6.4,9.2,0.8,1.3,1.3052971999999998,1.8336569,6.0,10.0,1.4702532,1.6156238000000003,1,0,2.39634,0.934768,0,0,2,9,11.0,0,2.0,1.0,2.4826566666666667,1.130957666666666,7.666666666666667,11.333333333333334,1.8,1.4,2.375151,1.4509168,8.6,9.8,1.5,1.1,1.8388187000000003,1.0854671999999999,7.1,8.4,1.4576273999999996,1.3337196000000002
2026-02-22,Sunderland,Fulham,1,3,C Pawson,1518.590425143416,1504.1854765614926,2.7,3.25,2.7,1,3,1.7609,2.16696,1,0,6,6,11.0,0,1.0,1.3333333333333333,1.0025063333333335,1.4673670000000003,2.0,9.333333333333334,1.2,1.6,1.1134734,1.5481082000000002,2.4,10.4,0.8,1.3,1.0619825999999999,1.8987273000000002,3.1,10.2,1.2388804,1.8817561999999999,3,1,2.16696,1.7609,1,0,4,13,11.0,0,1.0,2.6666666666666665,1.6580233333333334,1.802873333333333,5.666666666666667,10.0,1.0,2.0,1.2730592,1.904824,5.2,10.2,1.2,1.4,1.2608988,1.7670936000000002,3.9,9.6,1.1800612000000001,1.836094
2026-02-22,Tottenham,Arsenal,1,4,P Bankes,1441.7383107409014,1700.5912704006828,6.0,4.0,1.57,1,4,0.383264,3.31701,2,0,2,17,12.0,0,1.0,2.0,1.2600113333333332,2.2239366666666665,1.6666666666666667,13.666666666666666,1.2,2.0,1.6047768000000002,2.197652,3.8,12.4,1.1,1.6,1.3895611,1.5363506,3.4,10.6,1.52122,1.7945562,4,1,3.31701,0.383264,1,0,5,11,4.0,0,2.0,1.0,1.3294566666666667,0.803961333333333,4.0,10.0,2.4,1.2,1.79135,0.6462992,6.6,9.6,2.1,1.0,2.0758342,0.8468479,6.0,10.5,2.096372,0.6859392
2026-02-23,Everton,Man United,0,1,D England,1526.213804130779,1557.795835427602,3.7,3.75,1.91,0,1,0.560924,1.4547,2,0,10,12,13.0,0,1.3333333333333333,1.3333333333333333,1.8333933333333334,1.6805366666666666,5.0,13.333333333333334,1.2,1.0,1.427191,1.5247206,4.6,12.4,1.1,1.1,1.2935387999999999,1.6239843,3.8,10.5,1.2146398,1.740202,1,0,1.4547,0.560924,3,0,1,7,13.0,0,2.0,1.0,1.5817156666666667,1.206948,4.333333333333333,7.333333333333333,2.2,1.0,1.6917657999999995,1.0863938000000002,3.2,8.8,1.7,1.1,1.630994,1.0938807000000002,4.1,9.3,1.4307818,1.1781176
2026-02-27,Wolves,Aston Villa,2,0,C Pawson,1371.3326929447342,1629.4305474280825,4.1,3.7,1.85,2,0,1.50771,1.31328,3,0,0,13,5.0,0,0.6666666666666666,1.0,0.7525226666666667,2.578903333333334,2.0,10.666666666666666,0.6,1.6,1.0949636,2.6181300000000003,2.8,10.4,0.8,1.2,1.0578097,1.7971311,4.1,11.8,1.203967,1.6826222000000002,0,2,1.31328,1.50771,3,0,5,19,6.0,0,1.0,0.6666666666666666,0.825674666666667,1.195438666666666,6.0,10.333333333333334,1.0,0.6,1.1903228000000001,1.1712143999999998,7.0,10.2,1.1,1.0,1.5358167,1.5210081,6.0,9.6,1.8078412,2.2982500000000003
2026-02-28,Burnley,Brentford,3,4,S Barrott,1370.7619199115722,1539.089398549137,4.5,3.9,1.73,3,4,0.823824,2.44595,2,0,4,9,7.0,0,1.3333333333333333,1.6666666666666667,1.1834210000000007,1.9217466666666672,4.0,10.0,1.2,2.0,1.0450948000000002,2.048534,3.0,9.6,1.0,1.8,0.8921696000000001,2.147422,3.1,10.1,1.2579960000000001,1.9965259999999998,4,3,2.44595,0.823824,2,0,8,9,7.0,0,1.3333333333333333,1.6666666666666667,1.7173299999999998,1.8259033333333334,5.0,13.0,1.0,1.4,1.4942072000000002,1.8040899999999997,4.4,11.6,1.6,1.2,1.92666,1.6325319,4.8,10.6,1.6110452000000002,1.8742359999999998
2026-02-28,Newcastle,Everton,2,3,S Attwell,1542.4139490888306,1515.3976884162994,1.7,4.0,4.75,2,3,1.11889,2.40731,2,0,7,15,7.0,0,1.6666666666666667,2.0,2.0997879999999998,1.855316666666667,8.666666666666666,12.666666666666666,1.2,2.4,1.7077046,1.9974220000000003,8.6,10.4,1.5,1.7,1.8136886,1.6275077,8.1,8.4,2.663512,1.5258360000000002,3,2,2.40731,1.11889,3,0,2,7,5.0,0,1.0,1.3333333333333333,1.5932813333333335,1.689353333333333,7.666666666666667,12.666666666666666,1.0,1.2,1.390204,1.634582,5.8,12.2,1.1,1.1,1.3283039,1.5847313,4.6,11.3,1.3724378,1.5077666
2026-02-28,Bournemouth,Sunderland,1,1,J Gillett,1540.4027766549757,1506.4810276243331,1.8,3.75,4.33,1,1,1.82434,1.07887,4,0,7,15,7.0,0,1.0,0.6666666666666666,1.253763666666667,1.773918666666666,6.0,10.0,1.6,0.8,1.7334381999999997,1.6725242000000002,5.4,10.4,1.7,1.6,1.8555797000000003,1.7448738,6.1,11.0,1.8195312000000001,0.9940918,1,1,1.07887,1.82434,2,0,3,12,6.0,0,0.3333333333333333,2.3333333333333335,0.9606396666666667,2.1475633333333337,3.6666666666666665,7.333333333333333,1.0,2.0,1.0964514,1.7511622,3.0,10.0,0.9,1.6,1.1070286,2.0234961,3.3,9.3,0.8850847999999999,1.9156984000000001
2026-02-28,Leeds,Man City,0,1,P Bankes,1464.662150776258,1689.8279088770503,4.75,4.33,1.62,0,1,1.37824,2.46834,0,0,5,10,7.0,0,2.0,1.3333333333333333,1.9832733333333332,2.0423166666666663,2.6666666666666665,12.666666666666666,1.4,1.8,1.5610260000000002,2.1122272,3.2,12.2,1.3,1.5,1.6063318,1.7686979,4.5,10.3,1.9214956,1.7884512000000001,1,0,2.46834,1.37824,3,0,3,8,7.0,0,2.3333333333333335,0.6666666666666666,2.1061533333333338,0.9424346666666669,4.333333333333333,12.0,2.2,0.8,1.884,0.9734733999999999,4.2,12.8,1.5,0.9,1.7703695,1.2871308999999997,5.1,10.9,1.7490130000000002,1.4797924
2026-02-28,Liverpool,West Ham,5,2,T Robinson,1640.5761163524971,1441.936731837577,1.42,4.75,6.5,5,2,2.09939,1.3517,2,0,10,12,6.0,0,1.0,0.6666666666666666,2.2481933333333335,1.3477739999999994,6.0,10.666666666666666,1.8,1.2,2.1563290000000004,1.5284761999999998,7.2,10.0,1.4,1.0,1.9552887,1.044039,6.7,8.6,2.22001,0.8372147999999999,2,5,1.3517,2.09939,2,0,5,11,7.0,0,1.0,0.3333333333333333,1.5912933333333328,1.034979333333333,5.333333333333333,10.0,1.6,1.0,1.737296,1.2960211999999998,4.4,10.4,1.3,1.4,1.6840368000000001,1.5842606,5.0,11.3,1.3745736000000002,2.396364
2026-03-01,Brighton,Nott'm Forest,2,1,A Madley,1533.8901287580748,1472.2220446435251,2.0,3.6,3.5,2,1,1.20107,0.83055,3,0,4,12,8.0,0,0.6666666666666666,0.6666666666666666,0.8637113333333334,1.0649239999999995,4.0,13.666666666666666,0.8,1.0,1.1931808,1.1216924000000001,4.6,12.0,1.1,1.1,1.3564205,1.5339043,4.7,12.1,1.1105594,1.0944049999999999,1,2,0.83055,1.20107,1,0,4,13,7.0,0,0.3333333333333333,1.3333333333333333,2.0955026666666665,2.0616963333333334,8.333333333333334,12.333333333333334,0.8,1.0,1.7326683999999997,1.9674438000000003,7.0,10.2,0.8,1.3,1.3501444,1.9027228999999999,6.2,10.4,1.1403412,2.05169
2026-03-01,Fulham,Tottenham,2,1,T Bramall,1516.2948740805755,1436.9091032181586,2.1,3.6,3.3,2,1,2.3207,0.952091,3,0,5,11,7.0,0,1.3333333333333333,2.0,1.807016666666667,1.7752999999999997,4.666666666666667,11.333333333333334,1.6,2.0,1.654692,1.823208,5.4,10.6,1.4,1.5,1.3070268,1.894554,4.2,10.4,1.3417364,1.6980932,1,2,0.952091,2.3207,3,0,8,14,7.0,0,0.6666666666666666,2.6666666666666665,0.8886393333333333,2.6508933333333333,1.3333333333333333,14.333333333333334,1.2,2.4,1.3508456,2.3075319999999997,2.0,13.4,1.1,1.8,1.2929825000000001,1.7448875999999998,3.4,11.4,1.2579022000000002,1.2781449999999999
2026-03-01,Man United,Crystal Palace,2,1,C Kavanagh,1568.6119511420816,1512.7458205540981,1.53,4.5,5.5,2,1,2.34609,0.384699,2,0,7,13,6.0,0,1.3333333333333333,0.3333333333333333,1.4520756666666668,0.8205959999999998,3.6666666666666665,7.666666666666667,2.0,1.0,1.3681497999999999,1.1211756000000002,3.2,7.6,1.7,0.9,1.646009,0.9630561,3.7,8.6,1.8312062,1.0096437999999999,1,2,0.384699,2.34609,2,1,1,12,7.0,0,1.3333333333333333,1.0,1.6971980000000002,1.0355203333333332,6.333333333333333,13.0,1.2,1.4,1.8315048,1.436397,6.0,12.4,0.8,1.3,1.6195655000000002,1.6450893,5.2,11.1,1.3073848000000001,1.8413124
2026-03-01,Arsenal,Chelsea,2,1,D England,1705.4204779234256,1594.6288418741651,1.6,3.8,5.5,2,1,1.71598,1.35268,1,0,5,11,7.0,0,2.3333333333333335,1.3333333333333333,2.037123333333333,0.7893076666666663,4.0,10.0,2.8,0.8,2.16993,0.5947716,5.8,9.6,2.3,1.0,2.1532172000000003,0.8141678999999999,5.8,10.9,2.0552964,1.0077566,1,2,1.35268,1.71598,3,1,10,14,8.0,0,2.0,1.3333333333333333,3.1632933333333337,1.1385833333333333,5.666666666666667,10.666666666666666,2.4,1.4,3.0478759999999996,1.5119060000000002,6.2,10.6,1.9,1.4,2.5654829999999995,1.667596,6.5,10.1,2.473076,1.70018
2026-03-03,Bournemouth,Brentford,0,0,C Pawson,1537.7634716425773,1546.0687379885665,2.5,3.6,2.63,0,0,2.3177,0.673328,2,0,4,9,3.0,1,1.0,0.6666666666666666,1.2530570000000003,1.9180433333333327,4.666666666666667,13.666666666666666,1.2,0.6,1.4353582,1.7008312,6.2,12.0,1.7,1.3,1.7818307,1.5676308,5.3,11.7,1.8207052000000001,1.1137602,0,0,0.673328,2.3177,1,0,3,10,3.0,1,1.6666666666666667,2.0,1.982573333333333,0.9933446666666668,6.666666666666667,10.0,1.8,1.6,1.5825712,1.6909387999999996,4.8,11.2,1.6,1.4,1.8861250000000003,1.4587313,5.4,10.6,1.7876172000000004,1.7853548
2026-03-03,Everton,Burnley,2,0,T Robinson,1527.8511321849537,1363.7825804721429,1.57,4.0,6.0,2,0,1.15845,0.762229,0,0,6,10,3.0,1,1.3333333333333333,1.6666666666666667,1.766458,1.3285633333333333,6.333333333333333,11.0,1.4,1.4,1.6936828,1.52304,5.4,11.8,1.4,1.3,1.4438309,1.5716723,4.3,11.2,1.28417,1.6616959999999998,0,2,0.762229,1.15845,1,0,3,12,3.0,1,2.3333333333333335,2.3333333333333335,0.8425490000000004,2.3629633333333335,3.6666666666666665,9.333333333333334,1.4,2.4,0.9000916000000002,2.019538,3.6,9.8,1.3,2.2,0.849604,2.266813,2.9,10.2,0.5263431999999999,2.298318
2026-03-03,Leeds,Sunderland,0,1,S Attwell,1459.0875530095554,1509.1203326367315,1.85,3.4,4.33,0,1,0.888232,0.843856,1,0,9,15,3.0,1,1.0,1.3333333333333333,1.3154233333333332,2.3114966666666663,2.6666666666666665,13.0,1.2,1.8,1.501354,2.427912,3.4,11.6,1.2,1.5,1.4835028,1.9349361999999999,4.1,10.4,1.6155716000000002,1.9760031999999998,1,0,0.843856,0.888232,3,0,2,19,3.0,1,0.6666666666666666,1.6666666666666667,1.1778546666666667,2.3576733333333335,4.0,8.666666666666666,1.0,1.6,1.1694578,1.6786802,3.0,9.2,0.9,1.6,1.1343199,1.9452771000000002,3.3,9.8,0.8387708,2.096712
2026-03-03,Wolves,Liverpool,2,1,T Bramall,1386.4875448119856,1644.2580104037825,5.5,4.5,1.5,2,1,0.636033,2.17217,2,0,2,10,4.0,0,1.3333333333333333,1.0,1.1194396666666666,1.7863500000000005,1.3333333333333333,10.666666666666666,1.0,1.2,0.9757995999999999,2.562554,1.8,10.8,0.9,1.1,1.0867967000000003,1.8151530999999999,3.7,11.9,1.0576590000000001,1.8981426,1,2,2.17217,0.636033,1,0,11,13,3.0,1,2.3333333333333335,0.6666666666666666,2.525816666666667,0.9934206666666663,7.666666666666667,10.333333333333334,2.4,1.0,2.38874,1.1358681999999998,7.0,11.0,1.7,1.1,2.0087257000000003,1.1011426,7.1,9.3,1.6905673999999997,1.2508632000000002
2026-03-04,Brighton,Arsenal,0,1,C Kavanagh,1540.5246981944456,1710.865799426395,4.75,4.1,1.65,0,1,0.919228,0.514803,4,0,4,14,3.0,1,1.3333333333333333,0.6666666666666666,1.0181353333333336,1.0323059999999995,4.333333333333333,13.666666666666666,1.0,0.8,1.0440908,1.0613164000000004,4.2,13.2,1.2,1.0,1.4055211,1.3626413,4.9,12.0,1.166919,0.9984270000000001,1,0,0.514803,0.919228,1,0,3,12,3.0,1,2.6666666666666665,1.3333333333333333,2.347723333333333,0.6363543333333331,4.333333333333333,10.0,2.4,1.0,1.8042719999999999,0.8295656000000001,4.4,10.4,2.1,1.0,1.8834802,0.6552409,6.0,10.2,2.503774,0.5730227999999999
2026-03-04,Man City,Nott'm Forest,2,2,D England,1695.4025066437528,1465.5874752071543,1.38,5.0,7.5,2,2,2.72655,1.23642,0,0,6,10,4.0,0,2.0,0.3333333333333333,2.1240133333333335,0.9796746666666668,4.0,9.333333333333334,2.0,0.8,2.1645879999999997,1.1405848,4.0,11.2,1.4,0.8,1.8707354999999999,1.3649407999999998,4.9,10.4,1.791726,1.0944694,2,2,1.23642,2.72655,4,0,1,6,3.0,1,0.3333333333333333,1.0,1.8187526666666667,1.3347896666666663,6.333333333333333,12.666666666666666,0.6,1.4,1.6208623999999996,1.8068318,6.8,10.8,0.8,1.3,1.3731852999999998,1.8763618999999998,6.1,11.2,1.209192,1.950768
2026-03-04,Aston Villa,Chelsea,1,4,J Gillett,1614.275695560831,1589.1835203711958,2.7,3.4,2.55,1,4,1.06854,3.38883,3,0,3,10,5.0,0,0.6666666666666666,1.0,1.0479360000000004,1.0891886666666661,6.333333333333333,13.0,0.6,1.0,1.1886927999999999,1.0817884,7.0,11.6,0.9,1.1,1.4612267,1.4746241000000002,5.8,10.7,1.2637922000000001,0.7437661999999999,4,1,3.38883,1.06854,2,0,8,9,3.0,1,1.3333333333333333,1.6666666666666667,2.359926666666667,1.3393366666666668,7.666666666666667,12.0,2.0,1.6,2.700778,1.3715160000000002,7.2,11.4,1.9,1.4,2.5035960000000004,1.633276,6.9,9.9,2.5383919999999995,1.4676500000000001
2026-03-04,Newcastle,Man United,2,1,P Bankes,1529.9605053201763,1575.395423319576,2.63,3.5,2.6,2,1,1.96637,1.80571,2,1,2,15,4.0,0,1.6666666666666667,2.0,1.3655846666666667,2.10768,8.0,13.0,1.6,2.6,1.5405145999999998,2.214598,8.8,12.0,1.7,1.9,1.8125796,1.7741576000000001,7.7,9.4,2.3115639999999997,1.8020780000000003,1,2,1.80571,1.96637,3,0,4,16,3.0,1,1.3333333333333333,0.6666666666666666,1.5121856666666667,0.7510276666666665,3.6666666666666665,8.0,1.8,0.8,1.7091873999999998,0.9132934,4.2,8.4,1.8,1.0,1.7865368999999998,0.888528,4.2,9.0,1.4608118,0.9164684
2026-03-04,Fulham,West Ham,0,1,M Donohue,1522.4852540001837,1438.2548377862918,2.0,3.5,3.7,0,1,0.628123,1.49528,2,0,7,14,3.0,1,1.6666666666666667,1.6666666666666667,1.84683,1.4634036666666663,4.333333333333333,11.333333333333334,1.6,2.0,1.8923459999999999,1.6243222,5.2,10.8,1.5,1.6,1.4276608000000002,1.8760441,4.3,10.7,1.4647404000000002,1.7912522000000002,1,0,1.49528,0.628123,4,0,5,12,4.0,0,1.0,2.0,1.6677599999999992,1.1192959999999996,6.333333333333333,10.333333333333334,1.4,1.8,1.5702859999999998,1.5731316,4.8,10.8,1.5,1.8,1.7054877999999998,1.6827636,5.0,11.6,1.4406275999999998,2.099866
2026-03-05,Tottenham,Crystal Palace,1,3,A Madley,1430.7187232985505,1505.9623483766038,2.35,3.25,3.1,1,3,1.29615,1.91515,3,0,6,14,4.0,0,1.0,2.6666666666666665,1.0082016666666667,2.7025400000000004,4.0,15.333333333333334,1.0,2.4,1.0230778,2.461904,3.0,14.4,1.1,2.0,1.3011148,1.8839895000000002,4.0,12.3,1.3280628,2.2116301999999997,3,1,1.91515,1.29615,2,0,3,14,4.0,0,1.3333333333333333,1.6666666666666667,1.5159630000000002,1.5716176666666666,5.333333333333333,14.0,1.2,1.2,1.4248586,1.2879809999999998,5.4,12.6,0.9,1.4,1.5650673000000002,1.7926214999999999,5.0,11.6,1.0782086,1.7289584000000002
2026-03-14,Burnley,Bournemouth,0,0,P Bankes,1359.464990274373,1536.2864610459692,4.1,3.8,1.83,0,0,1.67695,2.36979,1,0,5,11,11.0,0,1.3333333333333333,2.3333333333333335,0.8662010000000006,2.0399133333333337,4.0,10.666666666666666,1.4,2.2,1.0272632000000004,1.873928,3.8,10.2,1.2,2.1,0.7932759,2.13341,2.9,10.5,1.1728648000000002,2.235308,0,0,2.36979,1.67695,0,0,8,5,11.0,0,0.3333333333333333,0.3333333333333333,1.5549236666666666,1.3654393333333328,5.333333333333333,11.666666666666666,0.8,0.6,1.5806662,1.4147908,5.8,10.8,1.5,1.1,1.6644587000000002,1.4016696000000002,5.4,11.4,1.7429562,2.0215014
2026-03-14,Sunderland,Brighton,0,1,T Kirk,1519.4071336251463,1533.597934643097,3.3,3.3,2.25,0,1,0.659083,1.12832,1,0,7,7,11.0,0,1.0,1.3333333333333333,1.2278753333333332,1.626510666666667,3.6666666666666665,12.333333333333334,0.6,1.6,0.9609289999999999,1.8310523999999997,3.2,10.6,1.0,1.6,1.1224914,1.7898533,3.2,10.8,1.429869,1.7938422000000003,1,0,1.12832,0.659083,2,0,3,12,10.0,0,1.3333333333333333,0.6666666666666666,1.1641093333333334,1.0118609999999995,4.0,13.333333333333334,0.8,0.8,0.9422864000000001,0.9080250000000001,4.0,13.4,1.0,0.9,1.1885299,1.1864776,4.8,11.6,1.6441232,1.7268556
2026-03-14,Arsenal,Everton,2,0,A Madley,1717.7925629777435,1532.1687223827237,1.38,4.75,8.5,2,0,1.90855,1.17847,0,0,8,11,10.0,0,2.3333333333333335,0.6666666666666666,1.8492643333333332,0.8850573333333331,4.333333333333333,11.333333333333334,2.0,1.0,1.6684305999999995,0.9279662,4.0,10.6,1.9,0.8,1.8069605,0.6523791,5.8,10.6,1.8898564,1.1362798,0,2,1.17847,1.90855,0,0,3,12,11.0,0,1.6666666666666667,1.0,1.375561333333333,1.1119396666666668,6.0,9.666666666666666,1.6,1.2,1.6691208,1.3898358000000002,6.2,11.0,1.4,1.3,1.3901508999999999,1.4724502,4.7,11.3,1.6034917999999998,1.4816486
2026-03-14,Chelsea,Newcastle,0,1,P Tierney,1601.5848477437714,1539.5415339699398,1.8,4.2,3.8,0,1,1.72508,1.03251,2,0,8,9,10.0,0,2.0,1.3333333333333333,2.4189500000000006,1.2656900000000002,9.0,12.0,2.2,1.4,2.8462779999999994,1.2400540000000002,7.0,11.0,2.1,1.3,2.609185,1.390988,6.5,10.3,2.4688,1.798902,1,0,1.03251,1.72508,2,0,1,10,10.0,0,1.6666666666666667,2.0,1.197738,2.1465000000000005,4.666666666666667,14.333333333333334,1.8,2.0,1.8769247999999998,1.9557939999999998,7.0,13.6,1.6,1.9,1.7599686,1.8221775999999998,7.5,10.6,1.3135952,1.7462372000000002
2026-03-14,West Ham,Man City,1,1,M Oliver,1452.1830232208122,1688.5755007674645,4.33,4.33,1.7,1,1,0.488982,1.9546,2,0,1,14,10.0,0,1.0,1.6666666666666667,1.730366666666666,1.0834146666666664,6.333333333333333,11.0,1.2,1.2,1.5241719999999996,1.1664902000000001,5.2,10.6,1.4,1.6,1.6273718,1.4366619,5.0,11.7,1.970348,1.2656612,1,1,1.9546,0.488982,2,0,15,5,10.0,0,1.6666666666666667,1.0,2.4737900000000006,1.0408713333333335,4.666666666666667,10.0,2.0,0.8,2.30267,1.0883927999999998,4.4,10.8,1.6,1.0,1.8991434999999999,1.3923687,5.0,10.8,1.949745,1.6354122
2026-03-15,Crystal Palace,Leeds,0,0,T Bramall,1515.523882889021,1448.8007520211406,2.55,3.3,2.88,0,0,0.525205,1.13558,2,0,8,12,10.0,0,1.6666666666666667,1.0,1.4451463333333334,1.7732433333333333,3.6666666666666665,15.0,1.6,1.2,1.4782886000000002,1.3497602,4.6,13.0,1.1,1.4,1.5212363,1.7468025,4.7,12.3,2.0519260000000004,1.8562846,0,0,1.13558,0.525205,1,1,3,11,12.0,0,0.3333333333333333,1.0,1.181674,1.5221953333333331,5.333333333333333,13.666666666666666,1.2,1.2,1.6432584000000001,1.8878291999999999,4.4,12.6,1.2,1.6,1.55639,1.8514888000000003,4.7,11.1,1.351434,1.8938692000000004
2026-03-15,Man United,Aston Villa,3,1,A Taylor,1565.8143946698124,1601.8743681882554,1.73,4.0,4.5,3,1,1.67823,1.21071,3,0,6,10,11.0,0,1.3333333333333333,1.0,1.8688333333333331,0.9706643333333332,4.0,12.0,1.4,0.8,1.7016053999999996,0.9625714000000001,4.4,10.4,1.8,1.1,1.8538019,0.963381,3.8,9.7,2.112262,0.8605875999999999,1,3,1.21071,1.67823,2,0,6,5,11.0,0,0.6666666666666666,2.3333333333333335,1.2120700000000004,2.058363333333333,5.0,13.333333333333334,0.8,1.6,0.9717687999999999,1.6965712,5.2,12.0,0.9,1.1,1.2738857000000001,1.3721720999999998,5.8,10.8,1.6586612000000003,2.2054820000000004
2026-03-15,Nott'm Forest,Fulham,0,0,S Barrott,1472.4144810834425,1508.5570685656633,2.2,3.4,3.3,0,0,0.821011,0.933988,2,0,5,8,11.0,0,1.0,1.6666666666666667,1.0005793333333333,2.1079866666666662,4.0,10.666666666666666,0.8,1.6,1.6706955999999997,2.0225418,6.0,11.2,1.0,1.3,1.3213823000000002,1.9794919,5.3,10.7,1.5371786,1.8019558,0,0,0.933988,0.821011,3,0,4,10,11.0,0,1.6666666666666667,1.0,1.7052610000000001,1.4027569999999996,5.333333333333333,12.666666666666666,1.2,1.6,1.6739746,1.5546542,5.2,11.8,1.4,1.6,1.3150391,1.7902261,4.7,11.1,1.3905812000000002,1.9608359999999998
2026-03-15,Liverpool,Tottenham,1,1,C Kavanagh,1629.11008097771,1421.1571887861332,1.3,6.25,8.0,1,1,1.30076,1.15636,0,0,3,8,12.0,0,2.3333333333333335,1.3333333333333333,2.222633333333334,0.9741669999999996,7.666666666666667,11.333333333333334,1.8,1.2,2.203228,1.2062109999999997,7.8,11.4,1.8,1.3,2.0581097,1.1488099,7.4,9.6,2.3268840000000006,0.951422,1,1,1.15636,1.30076,0,0,4,13,10.0,0,1.0,3.0,0.8771683333333332,2.51762,5.333333333333333,15.0,0.8,2.6,0.9828317999999999,2.4377059999999995,3.6,14.2,1.2,2.3,1.3698989000000001,2.0198741,4.5,12.7,1.2741668000000002,1.5563487999999999
2026-03-16,Brentford,Wolves,2,2,S Attwell,1547.5457485851746,1401.6354742380581,1.55,4.2,5.75,2,2,2.7966,1.80044,2,0,1,12,13.0,0,1.3333333333333333,1.6666666666666667,1.603169333333333,1.504518,5.666666666666667,9.333333333333334,1.6,1.6,1.6542536,1.7238467999999998,5.2,11.6,1.6,1.4,1.8978274,1.6296703999999997,5.4,10.8,1.9846328000000004,1.1321078,2,2,1.80044,2.7966,4,0,5,10,13.0,0,1.3333333333333333,0.6666666666666666,1.2737443333333334,1.8403466666666672,1.6666666666666667,12.0,1.2,0.8,0.8802622,2.2444320000000006,1.6,11.0,0.8,1.2,0.9264750000000002,2.0088023,3.3,11.8,0.9116524,1.9116399999999998
2026-03-20,Bournemouth,Man United,2,2,S Attwell,1533.045303012244,1575.1264337616512,3.2,3.8,2.1,2,2,1.76664,1.74574,2,0,6,10,6.0,0,0.3333333333333333,0.3333333333333333,2.1706100000000004,1.1430493333333327,6.333333333333333,9.666666666666666,0.6,0.4,1.6893322000000002,1.6208816,5.2,11.0,1.3,0.8,1.8066531000000001,1.4413646,5.5,10.6,2.0946759999999998,0.9924258,2,2,1.74574,1.76664,2,1,8,9,5.0,0,2.0,1.3333333333333333,1.9433433333333332,1.1872596666666666,5.666666666666667,13.0,1.6,1.0,1.6040993999999997,1.0860325999999998,4.2,10.0,2.0,1.1,1.8268439,0.9874382,4.0,9.8,1.4323918,1.1157148
2026-03-21,Brighton,Liverpool,2,1,D England,1544.9088417723478,1622.6336374990215,3.1,3.5,2.2,2,1,3.42956,0.956801,5,0,4,11,7.0,0,1.0,0.6666666666666666,1.0828726666666668,0.6681453333333329,3.6666666666666665,12.666666666666666,1.0,0.6,1.0203908,0.8541608000000002,4.0,13.4,0.9,0.9,1.1541919,1.2269308,4.7,12.1,1.0564246000000002,1.0504774,1,2,0.956801,3.42956,5,0,8,11,6.0,0,2.3333333333333335,1.6666666666666667,1.8574400000000002,1.0480309999999995,8.0,11.0,1.8,1.0,2.210076,0.9545309999999997,7.4,10.4,1.7,1.2,2.0163057,1.2035277,6.9,10.0,1.7812413999999996,1.2562334
2026-03-21,Fulham,Burnley,3,1,C Kavanagh,1509.2426628681308,1362.7061483080981,1.53,4.1,6.25,3,1,3.48438,1.92556,2,0,6,6,6.0,0,0.6666666666666666,0.6666666666666666,1.2942703333333336,1.0894606666666664,5.333333333333333,11.666666666666666,1.0,1.2,1.4205202,1.3413004000000002,4.8,11.6,1.2,1.4,1.3475196999999999,1.7004472,4.8,11.0,1.4685286,1.7465482,1,3,1.92556,3.48438,2,1,6,9,7.0,0,1.0,2.0,1.0876676666666671,1.991396666666667,4.0,10.666666666666666,1.4,1.8,0.9933652000000002,2.123426,3.8,10.2,1.2,1.9,0.9355158000000001,2.2232190000000003,3.0,9.9,0.6278788,2.235668
2026-03-21,Everton,Chelsea,3,0,S Barrott,1528.2564063836464,1588.2098439044241,3.5,3.4,2.1,3,0,1.44532,1.35143,0,0,3,6,7.0,0,1.6666666666666667,1.3333333333333333,1.5814099999999998,1.263223,3.6666666666666665,9.666666666666666,1.2,1.4,1.5272587999999998,1.3312937999999999,5.6,11.0,1.2,1.1,1.4074319,1.3581262,4.6,11.6,1.3147280000000001,1.2037837999999998,0,3,1.35143,1.44532,2,0,9,7,7.0,0,1.6666666666666667,1.3333333333333333,2.15553,1.2723433333333334,8.666666666666666,10.666666666666666,1.6,1.4,2.438738,1.2238120000000001,7.8,10.8,2.0,1.3,2.577967,1.3911900000000001,7.1,9.8,2.808706,1.47526
2026-03-21,Leeds,Brentford,0,0,J Gillett,1452.2945618009871,1542.227707052556,2.45,3.5,2.88,0,0,0.417296,0.302221,2,0,6,6,6.0,0,0.0,0.6666666666666666,1.1340173333333332,1.2791336666666664,5.666666666666667,12.0,0.6,1.0,1.1940164,1.6607102,4.0,13.0,1.1,1.5,1.5729342000000002,1.7092283000000001,4.4,11.3,1.5991904,1.7552124,0,0,0.302221,0.417296,0,0,2,9,5.0,0,2.0,1.6666666666666667,1.9719593333333334,1.6473213333333334,4.0,10.333333333333334,1.4,1.6,1.8835296,1.4196347999999996,4.8,10.4,1.4,1.4,1.8723084,1.7091484000000001,5.0,11.2,1.3119248000000001,2.0477628
2026-03-22,Newcastle,Sunderland,1,2,A Taylor,1552.916537809287,1508.0962264958955,1.67,4.0,5.0,1,2,1.26705,2.66657,1,0,9,8,8.0,0,1.6666666666666667,1.3333333333333333,1.37259,1.9793666666666672,3.3333333333333335,13.333333333333334,1.6,1.4,1.4191268000000001,1.970766,5.4,12.8,1.5,1.9,1.5904555999999999,1.8668606,6.8,11.1,2.15931,1.9075700000000002,2,1,2.66657,1.26705,6,0,5,19,8.0,0,0.6666666666666666,0.6666666666666666,0.8606029999999999,1.2802973333333336,4.0,12.666666666666666,0.6,1.2,1.0073006,1.8179144,4.2,10.4,0.9,1.6,1.1416515999999999,1.7609353000000003,3.4,10.9,0.9140458,1.9908584
2026-03-22,Aston Villa,West Ham,2,0,P Tierney,1592.5623290964165,1456.8645225734788,1.95,3.6,3.8,2,0,2.48528,0.760054,0,0,6,3,7.0,0,0.6666666666666666,3.0,1.1975100000000003,2.1915899999999993,4.666666666666667,11.333333333333334,0.8,2.0,1.0846116000000001,1.6669252,5.6,10.8,0.7,1.3,1.2519687,1.4501751,6.0,10.3,1.1915242,1.2418922000000001,0,2,0.760054,2.48528,1,0,6,7,8.0,0,1.3333333333333333,2.0,1.1119873333333326,1.560704333333333,3.6666666666666665,12.333333333333334,1.0,1.4,1.3975084,1.1881222,5.0,11.4,1.5,1.4,1.6527021999999998,1.4081969,4.4,12.1,1.692548,1.7776406000000002
2026-03-22,Tottenham,Nott'm Forest,0,3,M Oliver,1427.6336322648217,1471.728886780975,2.25,3.4,3.2,0,3,1.6189,1.54408,1,0,13,13,7.0,0,1.0,2.0,1.134867,1.8455366666666666,6.0,13.666666666666666,1.0,2.4,1.0954229999999998,2.264706,4.4,14.6,1.2,2.3,1.3437849,2.103202,4.6,13.0,1.3037927999999999,2.501164,3,0,1.54408,1.6189,2,0,3,13,7.0,0,1.0,1.3333333333333333,0.9626603333333333,1.6205359999999995,3.3333333333333335,9.0,0.6,1.0,1.5027377999999998,1.5329814000000002,5.0,10.4,0.9,1.0,1.3136633999999998,1.9299027,5.4,9.5,1.2768359999999999,2.210102
2026-04-10,West Ham,Wolves,4,0,J Gillett,1451.9684710524748,1406.9535157706766,1.8,3.8,4.33,4,0,2.54379,0.571967,2,0,5,11,19.0,0,0.6666666666666666,1.0,0.9147719999999993,1.689334333333333,4.0,11.0,0.8,1.6,1.2880271999999997,1.5380248,5.2,10.8,1.4,1.4,1.5550106,1.5300419,4.4,11.3,1.6128564,1.0387532,0,4,0.571967,2.54379,2,0,2,7,25.0,0,2.0,1.0,1.3147276666666667,2.094016666666667,2.3333333333333335,11.0,1.6,1.2,1.1589584,2.065564,2.2,10.4,0.9,1.3,1.03519,2.1251413,3.1,11.3,1.0281724,2.244348
2026-04-11,Brentford,Everton,2,2,F Hallam,1541.368287202399,1538.2550662077726,2.15,3.3,3.5,2,2,2.26302,1.57033,0,0,2,6,21.0,0,0.6666666666666666,0.6666666666666666,1.2573830000000001,1.511812,2.0,10.333333333333334,1.2,1.4,1.5816658000000001,1.3462579999999997,4.0,9.8,1.1,1.4,1.5164345,1.600234,4.5,10.8,2.4326920000000003,1.370534,2,2,1.57033,2.26302,2,0,3,7,21.0,0,1.6666666666666667,0.6666666666666666,1.2607466666666665,1.3407363333333333,4.0,9.333333333333334,1.6,1.0,1.3500948,1.3191598,4.8,9.4,1.4,1.0,1.3886429,1.4219401999999999,4.7,10.9,1.5001358,1.5124686
2026-04-11,Arsenal,Bournemouth,1,2,M Oliver,1721.7048789768207,1532.5300132967118,1.44,4.5,7.5,1,2,3.16346,1.39461,1,0,10,12,28.0,0,1.6666666666666667,0.3333333333333333,1.3797776666666668,1.1501259999999998,5.333333333333333,11.333333333333334,2.2,0.8,1.8933045999999998,0.8013522,4.8,10.6,2.1,0.8,1.9276322999999997,0.7383618999999999,6.3,10.7,1.3888964,0.7835837999999999,2,1,1.39461,3.16346,3,0,1,18,22.0,0,0.6666666666666666,0.6666666666666666,2.151376666666667,1.3653393333333324,6.0,8.0,0.6,0.6,1.7602401999999997,1.5038016000000003,6.0,10.0,1.2,0.8,1.8643031,1.4533286,5.8,9.7,1.5186302,1.8903034
2026-04-11,Liverpool,Fulham,2,0,A Taylor,1612.123918996471,1513.9117067376965,1.65,4.2,4.75,2,0,2.01499,1.42024,0,0,6,10,21.0,0,1.0,1.6666666666666667,1.476577,1.7406509999999995,7.333333333333333,10.666666666666666,1.8,1.4,1.7850922,1.5016841999999997,6.8,10.6,1.8,1.4,2.0801216,1.4763005,7.7,10.2,2.25137,1.150822,0,2,1.42024,2.01499,0,0,9,4,21.0,0,1.0,0.6666666666666666,1.682163666666667,1.413950333333333,5.666666666666667,10.0,1.6,0.8,1.9068302,1.3909683999999998,5.2,10.8,1.3,1.4,1.5899447,1.6478962,5.2,10.5,1.2265108,1.6543461999999998
2026-04-11,Burnley,Brighton,0,2,T Bramall,1358.0371044385324,1555.4185602748983,4.5,4.0,1.73,0,2,0.812029,1.07182,2,0,8,7,21.0,0,0.3333333333333333,1.6666666666666667,1.4549130000000003,2.33754,4.666666666666667,10.666666666666666,1.0,2.0,1.2402226000000003,2.394782,4.6,10.4,1.1,2.0,1.0961008,2.3191689999999996,3.4,9.9,1.2431528,2.2107699999999997,2,0,1.07182,0.812029,1,0,2,11,21.0,0,1.0,0.6666666666666666,1.8257026666666667,0.7102289999999996,3.6666666666666665,12.333333333333334,1.4,0.6,1.6100416,0.9302934,3.8,12.6,1.0,0.9,1.3639859,1.0267069,4.9,11.6,1.2519592,1.4033842
2026-04-12,Crystal Palace,Newcastle,2,1,A Madley,1512.0300731091745,1539.9878885130188,3.0,3.6,2.2,2,1,3.13933,1.27299,0,0,2,17,28.0,0,1.3333333333333333,1.0,0.9416846666666667,1.5926066666666667,4.0,12.666666666666666,1.4,1.2,1.3976488,1.4293166,5.4,13.6,1.1,1.2,1.4459318,1.5875965,4.9,12.3,1.6862750000000002,1.7325326,1,2,1.27299,3.13933,3,0,4,12,21.0,0,1.3333333333333333,1.0,1.4219766666666667,2.0657866666666673,4.0,11.0,1.4,1.6,1.1785548,2.1662299999999997,4.8,12.2,1.2,1.8,1.4736656,1.8981996000000003,6.9,10.8,1.0216011999999999,1.8261512
2026-04-12,Nott'm Forest,Aston Villa,1,1,M Salisbury,1482.186342653274,1597.4583806174205,2.63,3.3,2.7,1,1,0.85045,1.36297,2,0,7,15,21.0,0,1.6666666666666667,0.6666666666666666,1.2005036666666666,1.7598126666666662,3.0,9.0,1.2,1.0,1.0733658,1.7753696,4.0,10.6,1.0,0.9,1.3413884,1.9180956999999998,5.2,9.9,1.3504908,1.6497034,1,1,1.36297,0.85045,2,0,3,10,21.0,0,1.3333333333333333,2.3333333333333335,1.5881766666666672,1.9423713333333328,5.0,6.0,1.0,2.0,1.46644,1.7226748,5.4,9.6,0.9,1.3,1.2934816999999998,1.3936755,6.1,10.3,1.3124132,1.6584580000000002
2026-04-12,Sunderland,Tottenham,1,0,R Jones,1521.0248757921638,1417.1761763925226,2.7,3.2,2.7,1,0,1.77584,1.01598,3,0,2,14,21.0,0,1.0,0.6666666666666666,1.3898363333333332,1.0945340000000003,4.666666666666667,15.0,1.0,1.2,1.4018557999999999,1.4549804,4.6,12.6,1.1,1.4,1.2576646,1.5015443000000002,3.5,11.5,1.3692574,1.5310122,0,1,1.01598,1.77584,3,0,6,15,21.0,0,0.6666666666666666,2.3333333333333335,1.3571366666666667,1.5866633333333333,7.666666666666667,13.333333333333334,0.8,2.6,1.081353,2.07954,6.6,14.2,1.0,2.3,1.3430649,2.138596,5.2,13.3,1.383777,1.7052399999999999
2026-04-12,Chelsea,Man City,0,3,C Kavanagh,1578.211184080298,1683.894001414798,3.1,3.8,2.15,0,3,1.22108,2.40839,3,0,4,10,22.0,0,1.3333333333333333,1.6666666666666667,2.155113333333334,1.1821233333333334,8.333333333333334,8.333333333333334,1.2,1.6,2.0666719999999996,1.2549800000000002,8.8,10.4,1.9,1.4,2.468003,1.4297090000000001,6.9,9.9,2.3472280000000003,1.30712,3,0,2.40839,1.22108,1,0,12,14,29.0,0,1.3333333333333333,1.0,2.3831633333333335,1.0345473333333335,8.0,7.666666666666667,1.8,0.8,2.2106380000000003,0.9328852,6.6,8.6,1.6,1.0,1.9915545000000001,1.2375409,5.7,10.1,1.8521709999999998,1.5407804
2026-04-13,Man United,Leeds,1,2,P Tierney,1575.6417234771834,1453.1539816511442,1.62,4.1,5.0,1,2,1.36555,2.95118,3,1,11,12,24.0,0,2.0,1.6666666666666667,1.7432266666666667,1.6479066666666666,6.0,11.666666666666666,1.8,1.2,1.8060939999999999,1.1778686,5.2,11.0,2.0,1.1,1.7489298999999998,1.1321312,4.2,9.9,2.2212959999999997,0.8591615999999999,2,1,2.95118,1.36555,2,0,4,15,23.0,0,0.0,0.3333333333333333,0.8137026666666665,0.5570939999999998,6.0,10.666666666666666,0.2,0.6,1.0195796,1.0788024,5.0,11.6,0.8,1.1,1.3793458,1.4959554000000002,4.6,10.9,1.546678,1.6632442
2026-04-18,Leeds,Wolves,3,0,F Hallam,1467.9713378021283,1399.8872860211086,1.62,3.9,5.75,3,0,3.55804,0.568627,2,0,5,9,5.0,0,0.6666666666666666,0.3333333333333333,1.5013519999999998,0.7309919999999998,4.333333333333333,10.666666666666666,0.4,0.6,1.3541056,1.1010344,5.4,11.4,0.9,1.2,1.4575658,1.6066308,4.3,11.8,1.2488536,1.7638974,0,3,0.568627,3.55804,1,0,6,17,8.0,0,1.3333333333333333,2.3333333333333335,1.0028133333333333,2.5041866666666674,3.0,9.0,1.2,1.6,1.238728,2.172286,2.4,10.6,0.9,1.7,1.0533651000000002,2.298189,2.9,10.6,0.9999078000000001,2.426464
2026-04-18,Tottenham,Brighton,2,2,S Attwell,1411.5710435224826,1561.6583645938783,2.7,3.75,2.4,2,2,1.56052,1.1373,3,0,7,14,6.0,0,0.3333333333333333,1.6666666666666667,1.2637466666666668,1.5402266666666666,7.666666666666667,13.666666666666666,0.6,2.0,1.2078962,1.7713059999999998,7.4,13.8,0.9,2.2,1.2793709,2.0394189999999996,4.7,13.6,1.2969888,2.256458,2,2,1.1373,1.56052,1,0,5,14,7.0,0,1.6666666666666667,0.3333333333333333,1.8765666666666665,0.8093043333333328,3.0,11.333333333333334,1.4,0.6,1.5499996,0.7546532000000001,3.4,12.0,1.1,0.8,1.3715902,0.9381728,4.0,12.0,1.1999992000000002,0.973982
2026-04-18,Brentford,Fulham,0,0,P Tierney,1539.5714634044725,1508.174749114778,2.1,3.75,3.25,0,0,2.33552,0.790707,0,0,9,8,7.0,0,1.3333333333333333,1.3333333333333333,1.7872803333333334,1.2626886666666668,1.6666666666666667,9.0,1.6,1.4,1.6962238000000003,1.3859179999999998,3.2,9.2,1.3,1.4,1.5952155,1.595004,3.8,10.4,2.1131040000000008,1.3833119999999999,0,0,0.790707,2.33552,1,0,3,13,7.0,0,1.0,1.0,1.946202666666667,1.5871869999999995,6.333333333333333,6.666666666666667,1.0,1.0,1.7574862,1.4417864000000002,6.2,9.0,1.3,1.5,1.7060891000000002,1.6324972,5.8,9.8,1.4587996,1.6235482
2026-04-18,Chelsea,Man United,0,1,M Oliver,1569.5185159935866,1560.8243673261993,2.2,3.5,3.2,0,1,1.28109,0.436043,1,0,7,12,6.0,0,0.0,2.3333333333333335,1.4325300000000005,1.6287399999999999,7.0,8.666666666666666,1.0,2.0,1.80782,1.534148,7.8,9.8,1.7,1.7,2.427848,1.523027,7.0,10.2,2.266918,1.4937559999999999,1,0,0.436043,1.28109,3,0,1,13,5.0,0,2.0,1.6666666666666667,1.5965066666666667,1.9761766666666667,8.333333333333334,10.333333333333334,1.8,1.6,1.7882639999999999,1.6559198,7.2,12.0,1.9,1.3,1.5782069,1.3885477,5.2,9.8,1.2765638000000004,1.4051008
2026-04-18,Newcastle,Bournemouth,1,2,T Bramall,1530.9075308835947,1548.6816263178118,2.0,3.75,3.5,1,2,1.61167,3.36662,2,0,2,11,6.0,0,1.0,1.3333333333333333,1.1908500000000002,2.5103266666666673,4.666666666666667,10.0,1.4,1.6,1.331562,2.3487999999999998,4.6,12.0,1.3,2.0,1.5196333000000002,2.1731109999999996,6.6,11.2,1.9257299999999997,1.9702480000000002,2,1,3.36662,1.61167,4,0,3,12,7.0,0,1.3333333333333333,1.0,1.8436800000000002,2.1953833333333326,5.0,11.0,1.0,0.8,1.9346159999999997,1.6676696,5.2,11.4,1.3,0.8,1.8340271000000001,1.6700969,5.3,10.9,1.4580781999999999,2.3238399999999997
2026-04-19,Aston Villa,Sunderland,4,3,S Barrott,1595.88080961151,1526.6300086622039,1.67,3.75,5.5,4,3,3.90223,1.56008,1,0,4,11,7.0,0,1.3333333333333333,1.3333333333333333,1.6863200000000005,1.096244666666666,5.0,6.0,1.0,2.0,1.4881559999999998,1.6370548,4.6,9.4,1.0,1.3,1.3392393999999999,1.4041346000000001,5.8,9.8,1.5075015999999999,1.2447312,3,4,1.56008,3.90223,3,0,5,11,7.0,0,1.0,0.6666666666666666,1.7004976666666665,1.137116666666667,4.666666666666667,13.333333333333334,1.0,0.6,1.4048438,1.2247844,3.8,14.2,1.0,1.3,1.2506476,1.4879733,3.4,12.1,1.1460718,1.4720764
2026-04-19,Everton,Liverpool,1,2,C Kavanagh,1540.051890005699,1617.8608766193895,3.1,3.4,2.3,1,2,1.4784,1.38333,2,0,1,8,8.0,0,1.6666666666666667,1.3333333333333333,1.39804,1.841,3.0,8.333333333333334,2.0,1.2,1.551976,1.4808238,3.4,8.4,1.5,1.2,1.4710899999999998,1.5577029,4.6,10.3,1.2771500000000002,1.3314118000000001,2,1,1.38333,1.4784,0,0,6,12,8.0,0,1.3333333333333333,1.0,1.424183666666667,2.002053333333333,5.666666666666667,9.666666666666666,2.0,1.4,1.7088221999999997,1.5987785999999997,7.6,10.8,1.9,1.3,1.9325756000000003,1.5636274000000001,7.4,10.4,1.9088731999999993,1.8017790000000002
2026-04-19,Nott'm Forest,Burnley,4,1,T Kirk,1483.7639136591847,1351.7973001195523,1.5,4.2,7.0,4,1,1.4425,0.601418,0,0,4,8,7.0,0,1.3333333333333333,0.3333333333333333,1.071847,1.3052859999999995,5.0,12.0,1.4,1.0,1.0565021999999997,1.5686956,4.0,11.0,1.1,1.0,1.3945853000000001,1.7680696999999999,5.5,10.6,1.4568846,1.3496514,1,4,0.601418,1.4425,2,0,4,12,8.0,0,0.3333333333333333,1.6666666666666667,1.4715130000000005,2.3086633333333335,6.333333333333333,9.0,0.8,2.2,1.2001184000000003,2.106078,5.2,9.6,1.0,2.1,1.1226066000000001,2.077306,4.1,9.6,0.9035965999999999,2.2344540000000004
2026-04-19,Man City,Arsenal,2,1,A Taylor,1692.5866695015093,1705.5532659557207,1.83,3.7,4.2,2,1,2.61528,2.28964,2,0,8,5,7.0,0,2.0,1.0,2.3631800000000003,0.9821606666666668,11.0,9.666666666666666,1.8,0.8,2.356872,0.9665352,8.2,9.8,1.8,0.9,1.9364895,1.2264869,6.3,10.9,2.130938,0.9343014000000001,1,2,2.28964,2.61528,2,0,5,12,8.0,0,1.3333333333333333,0.6666666666666666,1.862271,1.1641026666666665,7.0,11.666666666666666,2.0,0.8,2.1239605999999998,1.0456504,6.2,11.4,2.2,1.0,1.9576552999999997,0.8459747999999999,6.4,10.5,2.0340885999999996,0.6931722
2026-04-20,Crystal Palace,West Ham,0,0,D England,1521.1104307385986,1459.0347008020428,2.38,3.2,3.1,0,0,0.733442,0.622445,2,0,4,13,8.0,0,1.6666666666666667,0.6666666666666666,1.859895,1.2349066666666666,4.333333333333333,14.333333333333334,1.4,0.8,1.5999948,1.54566,4.2,14.8,1.3,1.3,1.6273598,1.5078805,4.8,13.2,2.049131,1.5731006,0,0,0.622445,0.733442,1,0,6,12,10.0,0,1.6666666666666667,1.0,1.2642753333333328,1.6706156666666663,4.0,10.666666666666666,1.6,1.6,1.3279611999999998,1.5478720000000001,4.4,11.0,1.6,1.3,1.5326286,1.4219466,4.4,10.7,1.2910368,1.9441126
2026-04-21,Brighton,Chelsea,3,0,C Pawson,1559.1220311886361,1557.5667069707413,2.5,3.5,2.7,3,0,2.51784,0.297865,1,0,6,15,3.0,1,2.0,1.0,1.8795600000000003,1.109783333333333,3.6666666666666665,12.0,1.4,0.8,1.5372455999999999,0.9006472000000002,3.6,12.4,1.2,0.8,1.2906682,0.9809818,3.9,12.8,1.5431812,0.9023635999999999,0,3,0.297865,2.51784,1,0,5,6,3.0,1,0.0,2.3333333333333335,1.2845333333333337,1.4299176666666666,6.666666666666667,9.666666666666666,0.8,1.8,1.7935019999999997,1.2781606,7.2,9.4,1.4,1.7,2.24714,1.3248383,7.2,10.4,2.588778,1.552298
2026-04-22,Bournemouth,Leeds,2,2,M Salisbury,1559.8910366776313,1474.443186165862,2.0,3.5,3.6,2,2,1.91355,1.21601,3,0,12,6,4.0,0,2.0,1.3333333333333333,2.175956666666667,2.173623333333333,3.3333333333333335,13.333333333333334,1.2,0.8,2.243072,1.7742296,4.4,10.8,1.2,0.7,1.8392151,1.7375304,5.3,11.4,2.209976,1.0163537999999999,2,2,1.21601,1.91355,0,0,1,10,4.0,0,1.6666666666666667,0.3333333333333333,2.3088386666666665,0.7454659999999996,5.0,10.0,1.0,0.4,1.7900655999999997,0.7210918000000001,5.4,11.2,1.1,1.1,1.6457098000000001,1.5745019,4.4,11.4,1.6662779999999997,1.4493641999999998
2026-04-22,Burnley,Man City,0,1,A Madley,1346.8213976414352,1701.2411485771167,19.0,9.0,1.13,0,1,0.973776,3.40888,0,0,3,10,3.0,1,0.6666666666666666,3.0,1.1130023333333339,1.9995666666666667,6.0,9.333333333333334,0.4,2.2,1.1556372000000001,1.9053879999999999,5.2,10.2,0.9,2.3,1.0278644,1.962463,4.4,10.0,1.3416166,1.920158,1,0,3.40888,0.973776,0,0,11,12,3.0,1,2.0,0.6666666666666666,2.32609,1.333234,11.666666666666666,8.0,1.8,0.8,2.4346319999999997,1.3228724,8.8,8.4,2.0,0.8,2.1593159999999996,1.1481729,6.5,10.6,2.2564459999999995,1.1704404
2026-04-24,Sunderland,Nott'm Forest,0,5,D England,1520.187526928568,1488.739816137302,2.7,3.2,2.7,0,5,0.614323,1.54208,2,0,3,13,5.0,0,2.0,1.6666666666666667,2.00083,2.0617533333333338,4.0,14.666666666666666,1.4,1.2,1.5010857999999998,1.6403624,4.2,14.0,1.2,1.4,1.3352718000000001,1.6595213000000002,3.6,11.6,1.3552234,1.5038702000000002,5,0,1.54208,0.614323,5,0,6,15,5.0,0,2.6666666666666665,0.6666666666666666,1.27901,1.194429333333333,4.666666666666667,12.0,2.0,0.8,1.1788921999999997,1.4487652,4.0,10.0,1.3,1.1,1.3998773,1.6277985000000001,5.4,10.4,1.332286,2.1864879999999998
2026-04-25,West Ham,Everton,2,1,S Attwell,1462.41053135136,1530.564025391058,2.4,3.4,2.9,2,1,1.8356,1.1144,3,0,3,9,5.0,0,1.3333333333333333,0.6666666666666666,1.3087629999999992,1.2635629999999998,5.666666666666667,10.0,1.2,0.6,1.1821101999999999,1.2746824,4.6,11.2,1.3,1.2,1.3761981,1.4239070000000003,4.7,11.0,1.7742204000000001,0.8997806000000003,1,2,1.1144,1.8356,4,0,4,11,6.0,0,2.0,1.3333333333333333,1.4980166666666666,1.6659266666666668,2.3333333333333335,7.0,1.6,1.2,1.366194,1.5337118,3.2,8.6,1.5,1.3,1.5299384,1.5283759,4.3,10.2,1.6650299999999998,1.7839939999999999
2026-04-25,Liverpool,Crystal Palace,3,1,A Madley,1627.3487412340305,1517.7346001892813,1.44,5.0,6.25,3,1,1.45071,2.19912,1,0,5,10,6.0,0,1.6666666666666667,1.0,1.451707,2.1093999999999995,6.666666666666667,11.0,1.4,1.2,1.5656102,1.6241185999999999,6.8,10.8,1.9,1.1,1.9771750999999997,1.3799934,6.9,10.9,1.956278,1.3254758,1,3,2.19912,1.45071,3,0,8,10,5.0,0,0.6666666666666666,0.3333333333333333,1.4659923333333333,1.0103383333333333,4.666666666666667,14.0,1.2,0.8,1.3395652,1.334651,3.6,13.6,1.2,1.1,1.5855350000000001,1.385524,4.8,13.0,1.2055886,1.4426604
2026-04-25,Arsenal,Newcastle,1,0,S Barrott,1696.8987868801132,1519.6981205237753,1.45,4.75,6.25,1,0,0.639189,0.868897,2,0,7,13,6.0,0,1.3333333333333333,1.3333333333333333,2.4538833333333336,1.729453333333333,7.666666666666667,11.666666666666666,1.4,1.0,1.9184866,1.4920535999999998,6.2,11.6,2.1,0.9,2.0442083,1.0434126,6.0,10.6,1.881222,0.9987773999999998,0,1,0.868897,0.639189,2,0,2,10,7.0,0,1.0,2.0,1.3839033333333333,3.0575066666666673,5.0,10.333333333333334,1.2,1.4,1.430118,2.540662,3.6,11.2,1.4,2.0,1.4853162999999998,2.37763,6.2,11.6,1.1135366000000002,2.3759740000000003
2026-04-25,Wolves,Tottenham,0,1,A Taylor,1393.415437657375,1414.1073769277248,4.5,4.33,1.67,0,1,0.762656,1.06403,3,0,5,8,7.0,0,0.6666666666666666,3.0,0.9803446666666668,2.9661433333333336,4.333333333333333,11.333333333333334,1.2,2.0,1.0169553999999998,2.476776,3.0,11.4,0.9,1.8,1.0559595,2.547453,2.9,10.9,1.1068224,2.169914,1,0,1.06403,0.762656,4,0,5,14,7.0,0,0.6666666666666666,2.0,1.3984666666666667,1.4857399999999998,8.666666666666666,14.0,0.8,2.0,1.329582,1.5346259999999998,7.2,13.8,0.9,2.2,1.1763299,1.998265,5.1,14.1,1.2617530000000001,1.82238
2026-04-25,Fulham,Aston Villa,1,0,M Oliver,1510.7463116214199,1602.3232913451457,2.75,3.6,2.45,1,0,1.24069,0.906156,2,0,2,14,7.0,0,1.0,1.0,1.8984423333333336,2.092023333333333,6.0,7.666666666666667,0.6,0.8,1.4514875999999999,1.7184722000000001,5.8,9.4,1.1,1.4,1.6719168,1.6713972000000001,5.5,10.1,1.9533786,1.6414462,0,1,0.906156,1.24069,2,0,5,12,6.0,0,2.3333333333333335,1.3333333333333333,2.5834933333333336,1.0568613333333328,4.333333333333333,8.0,1.8,2.2,2.0059460000000002,1.6475288,4.4,7.8,1.2,1.6,1.5973194,1.3646586,5.7,9.7,1.1709772,1.563538
2026-04-27,Man United,Brentford,2,1,C Kavanagh,1572.7761763490446,1536.9999008978307,1.85,3.8,4.0,2,1,1.84852,1.30383,2,0,7,6,9.0,0,1.3333333333333333,1.3333333333333333,1.1824443333333334,1.9996366666666667,6.666666666666667,11.333333333333334,1.6,1.4,1.4062545999999998,1.8351979999999997,6.0,12.0,1.7,1.1,1.5577210000000001,1.3742457,5.1,10.2,1.87985,1.3719945999999998,1,2,1.30383,1.84852,4,0,8,9,9.0,0,0.6666666666666666,0.6666666666666666,1.6335869999999997,0.926111,4.333333333333333,7.666666666666667,0.8,0.8,1.6741378,1.3792946,3.4,9.0,1.3,1.2,1.6283545,1.5351167000000001,4.1,10.1,1.0773270000000001,1.806696
2026-05-01,Leeds,Burnley,3,1,T Bramall,1478.4009643365155,1343.7185277163956,1.33,5.0,9.5,3,1,2.09546,0.434597,4,0,5,12,9.0,0,2.3333333333333335,1.0,2.5750766666666665,1.2825756666666663,3.3333333333333335,11.333333333333334,1.4,0.6,1.8556211999999999,0.9350305999999999,3.8,10.2,1.3,0.9,1.7494398,1.4114299000000001,4.1,11.4,1.9247196000000002,1.1687688,1,3,0.434597,2.09546,3,0,0,11,9.0,0,0.3333333333333333,2.3333333333333335,0.7957410000000005,1.9744000000000002,5.0,9.666666666666666,0.4,2.0,1.1979466,2.355474,5.2,9.8,0.9,2.1,1.1126049000000002,2.114701,4.5,10.0,0.998606,2.145654
2026-05-02,Brentford,West Ham,3,0,C Pawson,1529.6887948955582,1472.64516470261,1.91,3.75,3.75,3,0,2.27374,0.753895,1,0,2,8,5.0,0,1.0,1.3333333333333333,1.9674566666666664,1.4031856666666667,6.333333333333333,7.666666666666667,1.0,1.2,1.8002382000000003,1.2854585999999997,4.4,8.8,1.3,1.4,1.7272459000000002,1.5046527,4.8,10.2,2.1793820000000004,1.2635374000000001,0,3,0.753895,2.27374,3,0,6,12,7.0,0,2.0,0.3333333333333333,1.6672783333333328,0.8066029999999996,4.666666666666667,10.666666666666666,1.4,0.8,1.2501741999999996,1.3719378,4.2,10.6,1.3,1.0,1.3871731,1.2692140000000003,4.7,10.6,1.0703558,1.5585350000000002
2026-05-02,Newcastle,Brighton,3,1,C Kavanagh,1515.6309584993235,1567.3686342728072,2.5,3.75,2.6,3,1,3.12933,1.87112,3,0,2,10,7.0,0,0.6666666666666666,1.6666666666666667,1.2511856666666665,2.381713000000001,2.6666666666666665,11.0,0.8,1.4,1.2106234,2.3073578,3.6,10.2,1.3,1.7,1.5437740999999998,2.1315759,5.3,11.9,1.8570959999999999,2.379286,1,3,1.87112,3.12933,3,0,10,12,11.0,0,2.3333333333333335,0.6666666666666666,1.5756533333333334,0.8901379999999995,4.333333333333333,13.333333333333334,2.0,0.6,1.8569679999999997,0.8572596000000002,4.0,12.6,1.4,0.7,1.3996272,0.8826423,4.0,13.0,1.0381551999999998,1.0596
2026-05-02,Wolves,Sunderland,1,1,P Tierney,1382.2888633957086,1507.6145937408319,3.1,3.2,2.1,1,1,1.96131,0.923954,0,0,6,11,7.0,0,0.0,2.6666666666666665,0.6344166666666666,2.388620000000001,4.333333333333333,10.666666666666666,0.8,2.2,0.8679445999999998,2.4269260000000004,4.0,10.4,0.9,1.7,0.9218721000000001,2.4947399999999997,2.9,10.6,0.8386476,2.064488,1,1,0.923954,1.96131,4,1,3,11,8.0,0,1.3333333333333333,3.0,1.3167476666666664,2.15343,3.3333333333333335,12.666666666666666,1.2,2.2,1.4551792,1.7711320000000002,4.4,12.8,0.9,1.9,1.2080541,1.8010922,3.8,11.7,1.3153202,1.8151723999999998
2026-05-02,Arsenal,Fulham,3,0,J Gillett,1700.965948904565,1521.6526759344504,1.44,4.33,7.0,3,0,4.09079,0.696714,0,0,3,7,7.0,0,1.0,1.3333333333333333,2.0307630000000003,1.626262333333333,7.333333333333333,12.333333333333334,1.2,0.8,1.7031284,1.395297,6.6,12.0,1.8,0.9,1.7537001999999997,1.1124313,5.5,11.2,1.7242378000000003,1.0443764,0,3,0.696714,4.09079,1,0,4,12,7.0,0,0.3333333333333333,0.6666666666666666,1.1505456666666671,1.7522219999999997,4.666666666666667,10.333333333333334,0.8,0.6,1.574001,1.6006474000000002,4.8,9.4,1.0,1.1,1.6239878,1.5776508,5.0,10.6,1.272945,1.7219282
2026-05-03,Bournemouth,Crystal Palace,3,0,R Jones,1555.9332585069778,1512.262376959405,1.57,4.33,5.25,3,0,2.29626,0.678329,0,0,7,10,11.0,0,2.0,1.3333333333333333,2.224926666666667,1.997046666666666,5.333333333333333,12.0,1.6,1.2,2.162242,1.8827660000000002,6.0,10.2,1.2,0.9,1.8714540999999998,1.6487784,5.9,10.5,1.929738,1.0720888,0,3,0.678329,2.29626,2,0,1,11,8.0,0,1.0,1.3333333333333333,2.023964,1.1153816666666667,4.666666666666667,13.333333333333334,1.2,1.0,1.7024494000000001,1.155575,5.0,13.2,1.2,1.1,1.563654,1.221778,5.2,12.9,1.4150746,1.3636004
2026-05-03,Man United,Liverpool,3,2,D England,1580.087282351317,1632.8209644639069,2.3,3.8,2.75,3,2,2.55612,1.02814,2,0,3,12,6.0,0,1.3333333333333333,1.0,1.2167043333333334,1.8453666666666664,6.333333333333333,10.333333333333334,1.8,1.2,1.4148165999999998,1.70269,6.6,10.0,1.6,1.0,1.558211,1.3326307,5.5,10.2,1.88083,1.2887645999999997,2,3,1.02814,2.55612,2,0,2,11,8.0,0,2.3333333333333335,0.6666666666666666,1.6163433333333337,1.699253333333333,5.666666666666667,10.666666666666666,1.8,1.0,1.4213182,1.9367359999999998,5.6,10.2,1.8,1.1,1.8122730999999999,1.5714735000000002,6.7,10.8,1.9980721999999997,1.434511
2026-05-03,Aston Villa,Tottenham,1,2,S Barrott,1591.4169270321152,1425.233951189391,2.15,3.6,3.2,1,2,0.609494,1.12225,2,0,5,12,8.0,0,1.6666666666666667,1.6666666666666667,2.057118666666667,1.2170733333333326,4.0,11.0,1.6,1.6,1.9734691999999998,1.2179008,4.8,8.2,1.2,1.6,1.4726190000000001,1.4572360000000002,5.0,10.1,1.8573156000000002,1.4937639999999999,2,1,1.12225,0.609494,5,0,5,12,8.0,0,1.0,1.0,1.21351,1.2252653333333334,6.0,14.333333333333334,0.8,1.4,1.283158,1.3041272,7.0,13.8,0.8,2.0,1.1329949,1.8709165999999997,5.3,14.0,0.9563729999999999,1.6651432
2026-05-04,Chelsea,Nott'm Forest,1,3,A Taylor,1549.3201038865702,1501.312749325038,1.7,4.0,4.75,1,3,2.17132,2.31019,3,0,10,12,13.0,0,0.0,2.3333333333333335,0.9333450000000004,1.7874243333333333,5.333333333333333,9.333333333333334,0.0,2.2,1.175309,1.5680206,6.6,8.8,1.1,1.8,2.0107935,1.4040373,6.8,9.9,1.99087,1.2357945999999997,3,1,2.31019,2.17132,1,0,1,10,10.0,0,3.3333333333333335,0.6666666666666666,1.2783433333333332,0.8595703333333328,5.666666666666667,12.666666666666666,2.6,0.4,1.2400242,1.0263198,5.0,11.8,1.7,1.0,1.4553599,1.5244308,5.5,11.5,1.362786,1.9085265999999996
2026-05-04,Everton,Man City,3,3,M Oliver,1520.3293920398082,1704.3440185021564,6.5,4.75,1.44,3,3,1.68558,1.41706,4,0,5,15,9.0,0,1.3333333333333333,2.0,1.38771,1.8273166666666667,2.6666666666666665,8.666666666666666,1.4,1.6,1.357384,1.748386,2.8,8.8,1.5,1.4,1.5132524,1.5691108999999999,4.5,9.9,1.3948468,1.2727578000000002,3,3,1.41706,1.68558,1,0,9,5,12.0,0,2.0,0.3333333333333333,2.8108500000000003,1.494832,10.333333333333334,10.333333333333334,1.8,0.8,2.62274,1.2419796,10.4,9.2,1.9,0.8,2.3936640000000002,1.1912822,7.2,10.2,2.5309939999999997,1.0657196
2026-05-09,Liverpool,Chelsea,1,1,C Pawson,1623.0300754169261,1536.3078188530355,1.83,4.0,3.9,1,1,0.623191,0.597184,2,0,5,17,6.0,0,2.3333333333333335,1.6666666666666667,1.2873933333333336,2.07788,4.333333333333333,11.0,2.0,1.4,1.3667942,2.216688,5.4,10.8,1.9,1.2,1.7884350999999998,1.5856095,6.4,10.6,1.626474,1.708436,1,1,0.597184,0.623191,4,0,2,17,5.0,0,0.3333333333333333,2.3333333333333335,1.250091666666667,1.7546910000000002,7.333333333333333,10.0,0.2,2.6,1.2645569999999997,1.8235566000000003,7.0,9.4,0.9,2.0,1.8516475,1.5236842999999998,7.4,10.1,2.030717,1.57228
2026-05-09,Brighton,Wolves,3,0,J Brooks,1557.6063982610528,1384.1472410736142,1.27,6.25,9.5,3,0,2.22427,0.515647,1,0,7,9,7.0,0,2.0,1.6666666666666667,1.8420866666666669,1.6625716666666663,7.0,13.666666666666666,2.0,1.2,2.0055280000000004,1.351309,5.4,12.6,1.5,0.9,1.5129594,1.1027349,4.7,13.0,1.7610991999999999,0.7056845999999999,0,3,0.515647,2.22427,2,0,1,11,7.0,0,0.3333333333333333,1.6666666666666667,1.097531,1.8486746666666674,5.666666666666667,12.0,0.6,2.2,1.1329999999999998,2.1772828000000004,4.8,10.6,0.9,1.5,1.0066311,2.2108574,3.2,10.8,1.0050966000000001,2.924992
2026-05-09,Fulham,Bournemouth,0,1,A Madley,1517.624774761754,1563.0348841356656,2.75,3.6,2.4,0,1,1.24334,0.998003,4,1,11,12,7.0,0,0.3333333333333333,1.0,0.909370333333334,2.4441553333333332,3.0,13.0,0.8,1.2,1.5265461999999999,2.2546031999999996,4.8,9.8,0.9,1.2,1.4735331999999999,1.7979517999999999,4.8,10.7,1.9750306000000002,1.4333734,1,0,0.998003,1.24334,2,1,2,21,6.0,0,2.3333333333333335,1.0,2.525476666666667,1.168669666666666,7.333333333333333,9.333333333333334,2.2,1.2,2.147536,1.6830418000000003,5.8,11.2,1.4,0.8,1.9184341000000003,1.6519617,5.5,11.1,1.8131702,2.2254680000000002
2026-05-09,Sunderland,Man United,0,0,S Attwell,1505.7562160629263,1589.8781713982978,3.9,3.75,1.85,0,0,1.2376,0.535981,0,0,7,12,7.0,0,1.3333333333333333,3.3333333333333335,1.0327856666666666,2.4685400000000004,3.6666666666666665,11.666666666666666,1.4,2.2,1.5081533999999999,1.9377299999999997,3.6,13.6,1.0,1.7,1.2577269999999998,1.8778222,3.9,12.0,1.100788,1.787012,0,0,0.535981,1.2376,3,0,8,12,6.0,0,2.0,1.0,1.613561,1.2043533333333334,3.6666666666666665,10.333333333333334,1.8,1.4,1.5903945999999998,1.666176,6.0,10.4,1.7,1.2,1.5972469999999999,1.3761043,5.1,10.2,1.2355920000000002,1.3764968
2026-05-09,Man City,Brentford,3,0,M Salisbury,1700.9188352863252,1536.441915510182,1.36,5.75,7.0,3,0,4.37429,0.670038,4,0,10,8,5.0,0,2.0,1.3333333333333333,2.4804066666666666,1.6496653333333338,9.333333333333334,7.333333333333333,2.0,1.0,2.360842,1.3318116,11.0,8.2,2.0,0.9,2.331756,1.2101022000000001,7.7,9.5,2.0621859999999996,1.1259054,0,3,0.670038,4.37429,2,0,2,14,7.0,0,1.3333333333333333,0.6666666666666666,1.97103,1.1310406666666666,6.333333333333333,8.333333333333334,1.2,0.8,1.6956662000000002,1.0761495999999997,4.6,8.0,1.3,1.2,1.7895979,1.2478922000000001,4.7,9.2,1.2751098000000003,1.745768
2026-05-10,Burnley,Aston Villa,2,2,A Taylor,1338.800832395631,1575.6934526489467,5.0,4.33,1.6,2,2,1.71234,1.75493,1,0,2,18,9.0,0,0.6666666666666666,2.6666666666666665,0.6699303333333338,2.3156133333333337,2.3333333333333335,11.0,0.6,2.6,0.9494760000000001,2.3006079999999995,4.2,9.8,1.0,2.2,0.9714206000000001,2.212017,4.0,10.0,1.2266038,2.083748,2,2,1.75493,1.71234,1,0,8,8,7.0,0,1.6666666666666667,2.0,1.8059600000000005,1.3076733333333326,4.666666666666667,11.666666666666666,1.6,1.4,1.853226,1.1067048,4.6,9.6,1.2,1.7,1.4689188,1.386815,5.1,10.2,1.0879224,1.420708
2026-05-10,Crystal Palace,Everton,2,2,T Bramall,1505.1607513307172,1523.7545752556393,2.7,3.3,2.63,2,2,3.28826,2.10265,0,0,5,5,7.0,0,0.3333333333333333,2.0,1.2036303333333336,1.4564716666666666,4.333333333333333,11.333333333333334,0.6,1.4,1.4550852,1.355597,4.6,12.6,1.1,1.3,1.4666869,1.3526786000000002,4.6,12.8,1.7122334000000001,1.0799556000000001,2,2,2.10265,3.28826,2,0,10,13,6.0,0,1.6666666666666667,2.3333333333333335,1.4261266666666665,1.54533,3.3333333333333335,11.333333333333334,2.0,1.8,1.4588059999999998,1.6500880000000002,3.2,9.4,1.6,1.6,1.4930324,1.4906909,4.4,10.2,1.6316580000000003,1.865464
2026-05-10,Nott'm Forest,Newcastle,1,1,P Tierney,1514.3250343585728,1525.3931945110778,2.6,3.6,2.6,1,1,1.46434,1.65067,2,0,2,16,6.0,0,4.0,0.6666666666666666,1.7649233333333332,1.129020333333333,3.6666666666666665,11.0,3.2,0.6,1.5378599999999998,1.2737862,4.2,12.2,1.9,0.8,1.5202988999999998,1.4033838,4.6,11.3,1.5479337999999998,1.1403349999999999,1,1,1.65067,1.46434,0,0,1,11,8.0,0,1.3333333333333333,1.3333333333333333,1.8699656666666666,1.958976333333334,2.0,10.333333333333334,1.2,1.6,1.6299873999999999,2.3365658,3.8,10.2,1.4,1.5,1.5245570999999998,2.1536659,4.6,11.5,1.2304522000000002,1.8838658
2026-05-10,West Ham,Arsenal,0,1,C Kavanagh,1465.892044087986,1704.9938500772614,5.5,4.2,1.57,0,1,1.32011,1.42953,3,0,4,14,8.0,0,0.6666666666666666,1.3333333333333333,1.0706466666666656,1.3738606666666664,5.0,11.0,1.2,1.2,1.3031567999999996,1.4357658,5.2,10.2,1.1,1.3,1.3503326,1.311944,5.1,10.8,1.7039904,0.9798930000000002,1,0,1.42953,1.32011,4,0,3,12,8.0,0,1.6666666666666667,0.6666666666666666,2.3398730000000003,1.393630333333333,5.0,10.666666666666666,1.6,0.8,2.4183258,1.3507942,6.6,11.0,1.8,0.9,2.0433782000000003,1.1393802,5.3,10.8,1.7831626,1.1804862
2026-05-11,Tottenham,Leeds,1,1,J Gillett,1440.9574255725595,1483.31865965728,1.83,4.1,3.75,1,1,1.49036,1.86976,3,0,14,12,8.0,0,1.6666666666666667,1.0,1.2489333333333335,0.8364833333333334,5.666666666666667,13.333333333333334,1.0,1.4,1.2763360000000001,1.165874,7.2,13.6,1.0,1.9,1.1858795,1.71529,5.8,14.1,1.3096168,2.07669,1,1,1.86976,1.49036,1,0,2,7,10.0,0,2.6666666666666665,1.0,2.2898366666666665,0.9722579999999997,3.6666666666666665,10.333333333333334,2.0,0.8,2.0475972,0.9169090000000001,4.2,10.4,1.3,0.9,1.6208067999999998,1.2888096,4.1,11.7,1.57416,1.654091
2026-05-13,Man City,Crystal Palace,3,0,S Attwell,1705.228472291083,1503.9745961474966,1.2,7.5,12.0,3,0,1.95679,0.428862,0,0,9,10,4.0,0,2.3333333333333335,1.0,3.0667433333333336,1.1097980000000003,10.0,8.333333333333334,2.4,0.8,2.84478,1.3680227999999999,10.0,8.8,2.1,0.8,2.527709,1.150454,8.3,8.7,2.723964,1.1513763999999997,0,3,0.428862,1.95679,2,0,4,7,3.0,1,1.0,2.6666666666666665,2.0552363333333337,1.9498733333333333,4.666666666666667,8.666666666666666,1.0,1.8,2.0076962000000003,1.5490110000000001,4.0,11.2,1.2,1.5,1.7026725000000003,1.4891637999999998,4.7,12.4,1.2211404,1.6254016
2026-05-15,Aston Villa,Liverpool,4,2,C Kavanagh,1571.0007205386005,1619.041407487298,2.75,3.5,2.4,4,2,2.5252,1.55027,3,0,4,12,5.0,0,1.0,1.6666666666666667,1.0901933333333336,1.3584266666666662,6.0,10.666666666666666,1.6,1.8,1.7071560000000001,1.297162,5.0,10.6,1.3,1.9,1.586798,1.5099183999999999,5.2,10.1,1.8639868,1.6219528,2,4,1.55027,2.5252,1,0,9,9,6.0,0,2.0,1.6666666666666667,1.0340136666666668,1.7841413333333327,4.0,12.666666666666666,2.0,1.2,1.3000722,1.6502127999999998,4.8,12.0,1.9,1.3,1.5425822,1.5759485,5.8,11.3,1.5873561999999997,1.8069762
2026-05-17,Man United,Nott'm Forest,3,2,M Salisbury,1589.184999128065,1512.9259012371529,1.6,4.2,5.25,3,2,4.28532,1.84418,2,0,7,11,8.0,0,1.6666666666666667,1.0,1.6468736666666668,1.1898566666666668,6.0,10.0,1.4,1.0,1.3484427999999997,1.560368,6.0,11.0,1.6,1.1,1.5772684,1.3691182999999998,5.6,11.0,1.9589019999999997,1.3757118,2,3,1.84418,4.28532,1,0,6,5,7.0,0,3.0,0.6666666666666666,1.7722033333333334,1.4787709999999998,3.0,13.666666666666666,2.8,0.8,1.5219119999999997,1.2801402,4.0,12.8,2.0,0.9,1.2976389000000002,1.5277549000000001,4.0,11.7,1.492664,1.6664326000000003
2026-05-17,Brentford,Crystal Palace,2,2,S Barrott,1532.1322785054242,1500.3376993384716,1.73,4.2,4.33,2,2,1.54564,1.82274,1,0,9,7,8.0,0,1.3333333333333333,1.6666666666666667,1.4158693333333334,2.3255683333333335,4.0,10.333333333333334,1.2,1.4,1.7692296000000003,1.8675483999999998,4.6,9.0,1.2,1.4,1.6754476999999999,1.6069032,4.3,9.4,2.2718220000000002,1.2574804,2,2,1.82274,1.54564,3,0,4,5,4.0,0,0.6666666666666666,2.6666666666666665,1.4651503333333336,2.1185666666666667,3.3333333333333335,7.666666666666667,0.6,2.2,1.4656026,1.6857710000000001,4.4,9.2,1.0,1.5,1.5327987,1.6157154999999999,4.3,12.0,1.121232,1.8692
2026-05-17,Everton,Sunderland,1,3,J Brooks,1524.9407304388599,1506.449388333159,1.8,3.75,4.33,1,3,1.32181,1.28383,3,0,3,14,7.0,0,2.0,2.3333333333333335,1.6342100000000002,2.180306666666667,6.333333333333333,13.0,1.8,2.2,1.5902720000000001,2.037454,4.6,10.8,1.7,1.6,1.4701834,1.6783068999999997,4.7,10.1,1.2657348000000002,1.2737497999999998,3,1,1.28383,1.32181,0,0,2,9,8.0,0,0.3333333333333333,2.0,0.9252923333333332,1.3464570000000002,4.333333333333333,12.0,1.0,2.0,1.2223594,1.7915162000000002,4.0,12.2,1.0,1.6,1.3121076,1.6232483000000002,4.3,12.4,1.414666,1.9686324
2026-05-17,Leeds,Brighton,1,0,M Oliver,1483.8259084250185,1561.743790477558,3.2,3.6,2.15,1,0,0.747756,2.23238,1,0,7,9,6.0,0,2.0,1.3333333333333333,1.7270766666666664,1.279502333333333,2.6666666666666665,9.666666666666666,2.2,1.0,2.3380900000000002,1.1545368,3.4,10.6,1.2,0.8,1.6788348,1.1166696,4.2,11.1,1.6674536,0.9235282,0,1,2.23238,0.747756,0,0,8,7,8.0,0,2.3333333333333335,1.0,2.2044100000000006,1.3142806666666662,7.666666666666667,12.0,2.2,1.0,1.76447,1.2630782000000003,6.0,12.2,1.8,0.8,1.6872558000000002,1.0966858,4.9,12.4,1.316118,1.5702383999999998
2026-05-17,Wolves,Fulham,1,1,T Kirk,1380.009848857109,1507.205090617432,3.8,3.8,1.9,1,1,1.49725,1.48412,1,0,3,20,8.0,0,0.3333333333333333,1.6666666666666667,1.079871,1.404084666666667,4.0,10.0,0.2,2.4,0.8760413999999999,2.0628168000000002,4.0,10.8,0.9,1.8,1.0174999,2.0641904,3.1,10.6,1.0081656,1.4967228000000001,1,1,1.48412,1.49725,0,0,6,8,8.0,0,0.3333333333333333,1.3333333333333333,1.0602480000000005,1.9983163333333331,5.666666666666667,12.666666666666666,0.2,1.2,1.0783382,2.0690918,5.8,11.0,0.9,1.0,1.4925842,1.7300301,5.5,10.9,1.2017218,2.2046422
2026-05-17,Newcastle,West Ham,3,1,J Gillett,1526.7923276324977,1460.6342108759698,2.1,3.8,3.2,3,1,2.1336,0.957771,1,0,9,8,7.0,0,1.3333333333333333,1.0,1.8829656666666665,1.3248830000000005,1.6666666666666667,10.333333333333334,1.2,1.4,1.7067114,2.0961198,2.2,10.8,1.3,1.5,1.4426331000000001,2.1311749,3.5,11.5,1.8186619999999998,2.423466,1,3,0.957771,2.1336,3,0,1,11,7.0,0,0.6666666666666666,1.6666666666666667,1.3032016666666657,1.6058899999999996,4.333333333333333,11.666666666666666,1.2,1.0,1.415168,1.2246158,4.8,11.6,1.0,1.3,1.3515975999999998,1.3813203,5.0,11.2,0.9966747999999999,1.6439950000000003
2026-05-18,Arsenal,Burnley,1,0,P Tierney,1710.2516832892777,1343.4935645059772,1.09,11.0,23.0,1,0,1.22695,0.194884,1,0,3,7,8.0,0,1.6666666666666667,0.0,2.053169666666667,0.9619069999999997,4.333333333333333,10.666666666666666,1.4,0.8,2.3225217999999996,1.3791221999999999,5.6,11.2,1.8,0.8,2.1079132,1.0902372,5.2,10.9,2.3035938000000002,1.0982742,0,1,0.194884,1.22695,3,0,3,16,8.0,0,1.0,2.0,1.040237666666667,2.4197566666666668,1.6666666666666667,13.0,0.8,2.4,0.9068320000000002,1.9547180000000002,3.4,11.6,0.9,2.2,1.0735273,2.1747500000000004,4.0,11.0,0.9472707999999999,2.139226
2026-05-19,Bournemouth,Man City,1,1,A Taylor,1573.4545682799876,1708.8653691001082,4.5,4.33,1.67,1,1,1.71486,1.26917,4,0,7,16,10.0,0,2.0,0.6666666666666666,1.7359376666666668,1.0458929999999993,7.0,12.333333333333334,2.0,0.8,1.9938086000000002,1.5825618000000001,5.0,13.4,1.3,0.7,1.8770243999999998,1.5431817,5.5,11.7,2.023698,1.0784554,1,1,1.26917,1.71486,2,0,6,7,6.0,0,3.0,1.0,2.582713333333334,0.9281600000000002,9.333333333333334,7.666666666666667,2.4,0.8,2.75446,1.2095791999999999,9.4,8.0,2.1,0.8,2.5556659999999995,1.0880572000000002,8.8,8.9,2.331454,1.1495316
2026-05-19,Chelsea,Tottenham,2,1,S Attwell,1540.2964867826636,1440.450176804821,1.91,3.7,3.9,2,1,1.09262,2.15227,4,0,3,11,10.0,0,0.6666666666666666,2.3333333333333335,1.0221230000000006,1.8170736666666671,5.666666666666667,11.666666666666666,0.4,2.2,1.1137077999999998,1.6591308000000002,5.6,11.4,0.8,1.9,1.5901899,1.4570554,7.2,10.9,1.7827819999999999,1.4399366,1,2,2.15227,1.09262,3,0,4,18,8.0,0,1.3333333333333333,0.6666666666666666,1.2255466666666666,1.0806366666666667,8.0,12.666666666666666,1.2,1.0,1.250628,1.23101,7.4,13.4,1.0,1.8,1.1659905,1.655275,7.0,13.8,1.0621422,1.35389
2026-05-24,Brighton,Man United,0,3,S Barrott,1551.2285291004287,1595.4525736472822,1.85,4.2,3.6,0,3,0.702398,2.32868,0,0,0,11,7.0,0,1.3333333333333333,1.3333333333333333,2.109256666666667,1.464244333333333,8.333333333333334,9.333333333333334,1.8,1.2,1.996582,1.2502236000000002,7.2,11.4,1.6,0.9,1.7732908000000003,1.0024384,5.3,11.7,2.0583936,0.6231332,3,0,2.32868,0.702398,1,0,3,8,7.0,0,2.0,1.3333333333333333,2.459140333333333,1.3699733333333333,6.0,11.666666666666666,1.8,1.0,1.9323967999999998,1.338968,5.2,10.8,1.8,1.3,1.8603304,1.4974439,6.2,11.4,1.1956348,1.3625247999999999
2026-05-24,Burnley,Wolves,1,1,A Kitchen,1341.9144446987916,1381.920124675907,2.35,3.5,2.9,1,1,1.28476,2.8433,2,0,7,10,6.0,0,1.0,2.0,0.7806070000000004,1.692446666666667,1.6666666666666667,15.0,0.8,2.2,0.7834030000000002,1.9857439999999997,2.4,13.4,0.8,2.2,0.9917607,2.045911,3.8,11.5,1.1997838,2.2102739999999996,1,1,2.8433,1.28476,2,0,7,11,7.0,0,0.6666666666666666,1.6666666666666667,1.3247356666666665,1.5441146666666674,3.3333333333333335,14.0,0.4,1.8,1.0610979999999999,1.8508828000000002,4.2,13.4,0.8,1.7,1.149913,2.0115844,3.3,12.0,1.0268342000000001,2.6316580000000003
2026-05-24,Crystal Palace,Arsenal,1,2,F Hallam,1502.9199528855827,1711.8308030964633,4.2,4.0,1.75,1,2,1.00492,3.90645,0,0,3,9,7.0,0,1.3333333333333333,2.3333333333333335,1.8466206666666671,1.86836,4.333333333333333,5.666666666666667,1.0,2.6,1.6834622000000004,1.8704100000000001,4.4,7.6,1.1,1.7,1.5115137,1.6025304999999999,4.0,10.6,1.9443654000000001,1.362231,2,1,3.90645,1.00492,1,0,4,12,6.0,0,1.6666666666666667,0.0,2.2490900000000003,0.7372359999999998,3.0,8.666666666666666,1.4,0.4,1.9352197999999998,1.1391769999999999,4.2,10.2,1.7,0.6,2.0295902,1.0924137,5.2,10.8,1.9122326,1.0822002
2026-05-24,Fulham,Newcastle,2,0,R Jones,1505.2948147986342,1533.3128032649727,2.88,3.8,2.25,2,0,1.72878,0.24232,2,0,6,13,7.0,0,0.3333333333333333,1.6666666666666667,1.1413913333333339,2.1953476666666663,7.0,10.666666666666666,0.4,1.0,1.0911142000000003,1.9655437999999996,5.2,11.8,0.7,1.0,1.4243002,1.7036650999999998,5.7,10.4,1.7834466,1.255418,0,2,0.24232,1.72878,2,0,6,6,7.0,0,2.3333333333333335,1.0,2.304533333333333,1.4310770000000004,4.0,9.666666666666666,1.6,1.2,1.8788334,1.659808,3.2,10.0,1.5,1.4,1.6051977000000002,2.0043040000000003,3.9,11.0,1.0666042,1.8388838
2026-05-24,Liverpool,Brentford,1,1,D England,1609.3854883025867,1529.550024958313,1.8,4.2,3.8,1,1,2.99412,1.46082,2,0,14,9,9.0,0,1.6666666666666667,2.6666666666666665,1.0672003333333338,1.8928346666666662,5.333333333333333,12.333333333333334,2.0,2.0,1.2071282,1.8712048,5.4,11.8,2.0,1.7,1.4579752,1.7349917000000001,6.5,11.3,1.4978082000000001,1.3449208000000001,1,1,1.46082,2.99412,3,0,2,9,7.0,0,1.6666666666666667,1.6666666666666667,1.4964726666666668,2.316975,4.333333333333333,9.666666666666666,1.2,1.4,1.6257536000000001,1.9180303999999997,6.0,9.2,1.4,1.4,1.6609887,1.6519742000000002,4.6,9.2,1.0790734000000002,1.956326
2026-05-24,Man City,Aston Villa,1,2,A Madley,1706.7283259670348,1580.6566397233119,1.29,6.0,9.0,1,2,1.38085,2.4397,1,0,9,8,5.0,0,2.3333333333333335,0.3333333333333333,2.533416666666667,0.9379200000000001,8.333333333333334,8.333333333333334,2.2,0.8,2.485238,1.0946232,9.0,8.4,2.0,0.8,2.459935,1.2087478,8.9,8.4,2.779878,1.0265828,2,1,2.4397,1.38085,0,0,4,4,9.0,0,2.3333333333333335,2.0,1.6298746666666668,1.4616199999999993,5.666666666666667,10.666666666666666,2.2,2.0,1.939602,1.437126,5.2,11.0,1.6,2.0,1.713879,1.5370904,4.9,10.2,1.3096092000000001,1.3978840000000001
2026-05-24,Nott'm Forest,Bournemouth,1,1,C Pawson,1506.6583267179358,1575.591611413061,3.3,3.75,2.05,1,1,2.05852,1.33684,1,0,6,11,7.0,0,2.0,1.6666666666666667,1.8729033333333334,2.702436666666666,3.0,10.333333333333334,3.0,1.2,1.7206579999999996,1.8646102,3.8,10.8,2.2,1.1,1.3885801,1.7166529000000001,3.9,10.9,1.1026137999999999,1.3890771999999998,1,1,1.33684,2.05852,1,0,3,7,5.0,0,1.6666666666666667,0.3333333333333333,1.6697076666666668,1.0636129999999993,5.333333333333333,15.666666666666666,1.8,0.8,2.0578586000000003,1.2037038,6.2,13.0,1.4,0.8,1.9962373,1.4356867,5.7,12.2,1.7303508,2.0079079999999996
2026-05-24,Sunderland,Chelsea,2,1,C Kavanagh,1518.670885041051,1545.995036162875,3.6,3.6,2.0,2,1,2.33109,0.920885,3,0,7,15,7.0,0,1.3333333333333333,0.6666666666666666,1.1484613333333333,1.2730336666666668,4.0,10.666666666666666,1.4,2.2,1.1239574,1.8526821999999998,4.0,11.2,1.2,1.4,1.2644005999999999,1.5387333,3.9,12.7,1.2095492,1.2778642000000002,1,2,0.920885,2.33109,2,0,7,18,5.0,0,1.3333333333333333,1.6666666666666667,1.287041333333334,1.6952170000000002,5.0,13.333333333333334,0.8,1.8,1.0880157999999998,1.6079068000000003,5.4,11.6,0.9,1.9,1.4479179,1.5710274000000002,6.6,10.7,1.3975978,1.4741742
2026-05-24,Tottenham,Everton,1,0,M Oliver,1434.7516274246095,1512.719233730968,1.91,3.75,3.8,1,0,1.40597,0.268476,5,0,6,15,5.0,0,1.3333333333333333,1.3333333333333333,1.5882933333333333,1.1906246666666667,7.666666666666667,14.0,1.4,1.2,1.4778859999999998,1.0943660000000002,7.0,14.0,1.0,1.6,1.3428911,1.432836,7.2,13.9,1.2698388,1.95666,0,1,0.268476,1.40597,3,1,2,12,7.0,0,2.0,2.6666666666666665,1.7033466666666666,1.9963833333333334,6.0,14.0,1.6,2.4,1.540568,1.8416159999999997,4.6,12.2,1.8,1.8,1.5462719999999999,1.6612199,4.0,10.3,1.6746320000000001,2.082864
2026-05-24,West Ham,Leeds,3,0,A Taylor,1454.1137352434948,1494.3411698021478,1.85,4.0,3.75,3,0,2.73135,1.94969,0,0,6,11,7.0,0,0.3333333333333333,2.3333333333333335,1.010591999999999,1.945623333333333,3.6666666666666665,12.333333333333334,0.6,1.6,1.0979641999999998,1.5369424,4.0,11.6,1.1,1.6,1.2129626999999998,1.5424072,4.2,11.3,1.7065204,1.1186456000000002,0,3,1.94969,2.73135,3,0,4,14,7.0,0,1.6666666666666667,0.6666666666666666,1.5709919999999997,1.3857789999999996,4.666666666666667,9.333333333333334,2.0,0.8,1.8974052000000001,1.3279028,4.0,9.4,1.2,0.7,1.6257553999999999,1.2144686,4.7,10.4,1.6902160000000002,1.309811
